instance,true_class,explainer,p_original,comprehensiveness_auc,sufficiency_auc,comp_k1,comp_k2,comp_k3,comp_k4,comp_k5,comp_k6,comp_k7,comp_k8,comp_k9,comp_k10,suff_k1,suff_k2,suff_k3,suff_k4,suff_k5,suff_k6,suff_k7,suff_k8,suff_k9,suff_k10
1571748,Analysis,LIME,0.9906990064863272,0.9906990064863272,0.0,0.0,0.0,0.0,0.0,0.0,0.0,0.0,0.0,0.0,0.0,0.0,0.0,0.0,0.0,0.0,0.0,0.0,0.0,0.0,0.0
1571748,Analysis,TreeSHAP,0.9906990064863272,0.9906990064863272,0.0,0.0,0.0,0.0,0.0,0.0,0.0,0.0,0.0,0.0,0.0,0.0,0.0,0.0,0.0,0.0,0.0,0.0,0.0,0.0,0.0
1571748,Analysis,Random,0.9906990064863272,0.7925592051890618,0.0,0.9906990064863272,0.9906990064863272,0.0,0.0,0.0,0.0,0.0,0.0,0.0,0.0,0.0,0.0,0.0,0.0,0.0,0.0,0.0,0.0,0.0,0.0
1124981,Analysis,LIME,0.8421531447541348,0.8421531447541348,0.0,0.0,0.0,0.0,0.0,0.0,0.0,0.0,0.0,0.0,0.0,0.0,0.0,0.0,0.0,0.0,0.0,0.0,0.0,0.0,0.0
1124981,Analysis,TreeSHAP,0.8421531447541348,0.8421531447541348,0.0,0.0,0.0,0.0,0.0,0.0,0.0,0.0,0.0,0.0,0.0,0.0,0.0,0.0,0.0,0.0,0.0,0.0,0.0,0.0,0.0
1124981,Analysis,Random,0.8421531447541348,0.4210765723770674,0.0,0.8421531447541348,0.8421531447541348,0.8421531447541348,0.8421531447541348,0.8421531447541348,0.0,0.0,0.0,0.0,0.0,0.0,0.0,0.0,0.0,0.0,0.0,0.0,0.0,0.0,0.0
1259370,Analysis,LIME,0.997990097969673,0.997990097969673,0.0,0.0,0.0,0.0,0.0,0.0,0.0,0.0,0.0,0.0,0.0,0.0,0.0,0.0,0.0,0.0,0.0,0.0,0.0,0.0,0.0
1259370,Analysis,TreeSHAP,0.997990097969673,0.997990097969673,0.0,0.0,0.0,0.0,0.0,0.0,0.0,0.0,0.0,0.0,0.0,0.0,0.0,0.0,0.0,0.0,0.0,0.0,0.0,0.0,0.0
1259370,Analysis,Random,0.997990097969673,0.8981910881727057,0.0,0.997990097969673,0.0,0.0,0.0,0.0,0.0,0.0,0.0,0.0,0.0,0.0,0.0,0.0,0.0,0.0,0.0,0.0,0.0,0.0,0.0
1016305,Analysis,LIME,0.999731545437569,0.9997315454375691,0.0,0.0,0.0,0.0,0.0,0.0,0.0,0.0,0.0,0.0,0.0,0.0,0.0,0.0,0.0,0.0,0.0,0.0,0.0,0.0,0.0
1016305,Analysis,TreeSHAP,0.999731545437569,0.9997315454375691,0.0,0.0,0.0,0.0,0.0,0.0,0.0,0.0,0.0,0.0,0.0,0.0,0.0,0.0,0.0,0.0,0.0,0.0,0.0,0.0,0.0
1016305,Analysis,Random,0.999731545437569,0.9997315454375691,0.0,0.0,0.0,0.0,0.0,0.0,0.0,0.0,0.0,0.0,0.0,0.0,0.0,0.0,0.0,0.0,0.0,0.0,0.0,0.0,0.0
1764370,Analysis,LIME,1.0,0.0,0.0,1.0,1.0,1.0,1.0,1.0,1.0,1.0,1.0,1.0,1.0,0.0,0.0,0.0,0.0,0.0,0.0,0.0,0.0,0.0,0.0
1764370,Analysis,TreeSHAP,1.0,0.4997419208284648,0.8007791240098117,0.0,0.0,0.0,0.002035589875487547,0.0005452018398642371,1.0,1.0,1.0,1.0,1.0,1.0,1.0,1.0,1.0,1.0,0.0038956200490583687,0.0038956200490583687,1.0,1.0,1.0
1764370,Analysis,Random,1.0,0.0,1.0,1.0,1.0,1.0,1.0,1.0,1.0,1.0,1.0,1.0,1.0,1.0,1.0,1.0,1.0,1.0,1.0,1.0,1.0,1.0,1.0
1046218,Analysis,LIME,0.6116679218789914,0.6116679218789914,0.0,0.0,0.0,0.0,0.0,0.0,0.0,0.0,0.0,0.0,0.0,0.0,0.0,0.0,0.0,0.0,0.0,0.0,0.0,0.0,0.0
1046218,Analysis,TreeSHAP,0.6116679218789914,0.44378334598454294,0.0,0.8394228794722426,0.8394228794722426,0.0,0.0,0.0,0.0,0.0,0.0,0.0,0.0,0.0,0.0,0.0,0.0,0.0,0.0,0.0,0.0,0.0,0.0
1046218,Analysis,Random,0.6116679218789914,0.3670007531273949,0.823410399120105,0.6116679218789914,0.6116679218789914,0.6116679218789914,0.6116679218789914,0.0,0.0,0.0,0.0,0.0,0.0,0.0,0.0,0.0,0.0,0.8394228794722426,0.8394228794722426,0.8394228794722426,0.8394228794722426,0.8394228794722426,0.8394228794722426
1781662,Analysis,LIME,0.6341011354416543,0.6341011354416544,1.1120344351287716,0.0,0.0,0.0,0.0,0.0,0.0,0.0,0.0,0.0,0.0,0.0,0.7933572182516709,0.7933572182516709,0.7933572182516709,0.7933572182516709,0.7933572182516709,0.7933572182516709,0.7933572182516709,0.7933572182516709,0.7045652336403586
1781662,Analysis,TreeSHAP,0.6341011354416543,0.6341011354416544,0.8000000000000002,0.0,0.0,0.0,0.0,0.0,0.0,0.0,0.0,0.0,0.0,0.0,0.0,0.6341011354416543,0.6341011354416543,0.6341011354416543,0.6341011354416543,0.6341011354416543,0.6341011354416543,0.6341011354416543,0.6341011354416543
1781662,Analysis,Random,0.6341011354416543,0.4438707948091579,0.0,0.6341011354416543,0.6341011354416543,0.6341011354416543,0.0,0.0,0.0,0.0,0.0,0.0,0.0,0.0,0.0,0.0,0.0,0.0,0.0,0.0,0.0,0.0,0.0
1045716,Analysis,LIME,0.8394228794722426,0.8394228794722427,0.0,0.0,0.0,0.0,0.0,0.0,0.0,0.0,0.0,0.0,0.0,0.0,0.0,0.0,0.0,0.0,0.0,0.0,0.0,0.0,0.0
1045716,Analysis,TreeSHAP,0.8394228794722426,0.8394228794722427,0.5000000000000001,0.0,0.0,0.0,0.0,0.0,0.0,0.0,0.0,0.0,0.0,0.0,0.0,0.0,0.0,0.0,0.8394228794722426,0.8394228794722426,0.8394228794722426,0.8394228794722426,0.8394228794722426
1045716,Analysis,Random,0.8394228794722426,0.6715383035777941,0.0,0.8394228794722426,0.8394228794722426,0.0,0.0,0.0,0.0,0.0,0.0,0.0,0.0,0.0,0.0,0.0,0.0,0.0,0.0,0.0,0.0,0.0,0.0
1046503,Analysis,LIME,0.7422158916115583,0.7422158916115584,0.0,0.0,0.0,0.0,0.0,0.0,0.0,0.0,0.0,0.0,0.0,0.0,0.0,0.0,0.0,0.0,0.0,0.0,0.0,0.0,0.0
1046503,Analysis,TreeSHAP,0.7422158916115583,0.5743313157171099,0.0,0.8394228794722426,0.8394228794722426,0.0,0.0,0.0,0.0,0.0,0.0,0.0,0.0,0.0,0.0,0.0,0.0,0.0,0.0,0.0,0.0,0.0,0.0
1046503,Analysis,Random,0.7422158916115583,0.0,0.0,0.7422158916115583,0.7422158916115583,0.7422158916115583,0.7422158916115583,0.7422158916115583,0.7422158916115583,0.7422158916115583,0.7422158916115583,0.7422158916115583,0.7422158916115583,0.0,0.0,0.0,0.0,0.0,0.0,0.0,0.0,0.0,0.0
1049376,Analysis,LIME,0.6751335363471701,0.6751335363471701,0.1,0.0,0.0,0.0,0.0,0.0,0.0,0.0,0.0,0.0,0.0,0.0,0.0,0.0,0.0,0.0,0.0,0.0,0.0,0.0,0.6751335363471701
1049376,Analysis,TreeSHAP,0.6751335363471701,0.5072489604527216,0.0,0.8394228794722426,0.8394228794722426,0.0,0.0,0.0,0.0,0.0,0.0,0.0,0.0,0.0,0.0,0.0,0.0,0.0,0.0,0.0,0.0,0.0,0.0
1049376,Analysis,Random,0.6751335363471701,0.6076201827124531,0.0,0.6751335363471701,0.0,0.0,0.0,0.0,0.0,0.0,0.0,0.0,0.0,0.0,0.0,0.0,0.0,0.0,0.0,0.0,0.0,0.0,0.0
1048013,Analysis,LIME,0.7092971837171957,0.7092971837171957,0.0,0.0,0.0,0.0,0.0,0.0,0.0,0.0,0.0,0.0,0.0,0.0,0.0,0.0,0.0,0.0,0.0,0.0,0.0,0.0,0.0
1048013,Analysis,TreeSHAP,0.7092971837171957,0.5414126078227472,0.0,0.8394228794722426,0.8394228794722426,0.0,0.0,0.0,0.0,0.0,0.0,0.0,0.0,0.0,0.0,0.0,0.0,0.0,0.0,0.0,0.0,0.0,0.0
1048013,Analysis,Random,0.7092971837171957,0.2837188734868783,0.0,0.7092971837171957,0.7092971837171957,0.7092971837171957,0.7092971837171957,0.7092971837171957,0.7092971837171957,0.0,0.0,0.0,0.0,0.0,0.0,0.0,0.0,0.0,0.0,0.0,0.0,0.0,0.0
1047359,Analysis,LIME,0.6751335363471701,0.6751335363471701,0.0,0.0,0.0,0.0,0.0,0.0,0.0,0.0,0.0,0.0,0.0,0.0,0.0,0.0,0.0,0.0,0.0,0.0,0.0,0.0,0.0
1047359,Analysis,TreeSHAP,0.6751335363471701,0.5072489604527216,0.0,0.8394228794722426,0.8394228794722426,0.0,0.0,0.0,0.0,0.0,0.0,0.0,0.0,0.0,0.0,0.0,0.0,0.0,0.0,0.0,0.0,0.0,0.0
1047359,Analysis,Random,0.6751335363471701,0.4050801218083021,0.0,0.6751335363471701,0.6751335363471701,0.6751335363471701,0.6751335363471701,0.0,0.0,0.0,0.0,0.0,0.0,0.0,0.0,0.0,0.0,0.0,0.0,0.0,0.0,0.0,0.0
1299541,Analysis,LIME,0.931098788934758,0.931098788934758,0.0,0.0,0.0,0.0,0.0,0.0,0.0,0.0,0.0,0.0,0.0,0.0,0.0,0.0,0.0,0.0,0.0,0.0,0.0,0.0,0.0
1299541,Analysis,TreeSHAP,0.931098788934758,0.931098788934758,0.1,0.0,0.0,0.0,0.0,0.0,0.0,0.0,0.0,0.0,0.0,0.0,0.0,0.0,0.0,0.0,0.0,0.0,0.0,0.0,0.931098788934758
1299541,Analysis,Random,0.931098788934758,0.0,0.0,0.931098788934758,0.931098788934758,0.931098788934758,0.931098788934758,0.931098788934758,0.931098788934758,0.931098788934758,0.931098788934758,0.931098788934758,0.931098788934758,0.0,0.0,0.0,0.0,0.0,0.0,0.0,0.0,0.0,0.0
1046184,Analysis,LIME,0.6116679218789914,0.6116679218789914,0.0,0.0,0.0,0.0,0.0,0.0,0.0,0.0,0.0,0.0,0.0,0.0,0.0,0.0,0.0,0.0,0.0,0.0,0.0,0.0,0.0
1046184,Analysis,TreeSHAP,0.6116679218789914,0.44378334598454294,0.0,0.8394228794722426,0.8394228794722426,0.0,0.0,0.0,0.0,0.0,0.0,0.0,0.0,0.0,0.0,0.0,0.0,0.0,0.0,0.0,0.0,0.0,0.0
1046184,Analysis,Random,0.6116679218789914,0.0,0.0,0.6116679218789914,0.6116679218789914,0.6116679218789914,0.6116679218789914,0.6116679218789914,0.6116679218789914,0.6116679218789914,0.6116679218789914,0.6116679218789914,0.6116679218789914,0.0,0.0,0.0,0.0,0.0,0.0,0.0,0.0,0.0,0.0
1631161,Analysis,LIME,0.8709197991392409,0.870919799139241,0.0,0.0,0.0,0.0,0.0,0.0,0.0,0.0,0.0,0.0,0.0,0.0,0.0,0.0,0.0,0.0,0.0,0.0,0.0,0.0,0.0
1631161,Analysis,TreeSHAP,0.8709197991392409,0.870919799139241,0.0,0.0,0.0,0.0,0.0,0.0,0.0,0.0,0.0,0.0,0.0,0.0,0.0,0.0,0.0,0.0,0.0,0.0,0.0,0.0,0.0
1631161,Analysis,Random,0.8709197991392409,0.3234208859398954,0.0,0.8709197991392409,0.8709197991392409,0.8709197991392409,0.8709197991392409,0.9956549677182459,0.9956549677182459,0.0,0.0,0.0,0.0,0.0,0.0,0.0,0.0,0.0,0.0,0.0,0.0,0.0,0.0
1046933,Analysis,LIME,0.6751335363471701,0.6751335363471701,0.0,0.0,0.0,0.0,0.0,0.0,0.0,0.0,0.0,0.0,0.0,0.0,0.0,0.0,0.0,0.0,0.0,0.0,0.0,0.0,0.0
1046933,Analysis,TreeSHAP,0.6751335363471701,0.5072489604527216,0.0,0.8394228794722426,0.8394228794722426,0.0,0.0,0.0,0.0,0.0,0.0,0.0,0.0,0.0,0.0,0.0,0.0,0.0,0.0,0.0,0.0,0.0,0.0
1046933,Analysis,Random,0.6751335363471701,-0.131431474500058,0.0,0.6751335363471701,0.6751335363471701,0.8394228794722426,0.8394228794722426,0.8394228794722426,0.8394228794722426,0.8394228794722426,0.8394228794722426,0.8394228794722426,0.8394228794722426,0.0,0.0,0.0,0.0,0.0,0.0,0.0,0.0,0.0,0.0
1713014,Analysis,LIME,0.5411558573311703,0.5411558573311703,0.6560696647868872,0.0,0.0,0.0,0.0,0.0,0.0,0.0,0.0,0.0,0.0,0.0,0.3944843799074683,0.3944843799074683,0.3944843799074683,0.3944843799074683,0.3944843799074683,0.3944843799074683,0.3944843799074683,0.3944843799074683,0.3944843799074683
1713014,Analysis,TreeSHAP,0.5411558573311703,0.5411558573311703,0.6728966294207652,0.0,0.0,0.0,0.0,0.0,0.0,0.0,0.0,0.0,0.0,0.0,0.0,0.0,0.3944843799074683,0.5411558573311703,0.5411558573311703,0.5411558573311703,0.5411558573311703,0.5411558573311703,0.5411558573311703
1713014,Analysis,Random,0.5411558573311703,0.05866859096948081,0.0,0.5411558573311703,0.5411558573311703,0.5411558573311703,0.5411558573311703,0.5411558573311703,0.5411558573311703,0.3944843799074683,0.3944843799074683,0.3944843799074683,0.3944843799074683,0.0,0.0,0.0,0.0,0.0,0.0,0.0,0.0,0.0,0.0
1048616,Analysis,LIME,0.7346264945321672,0.7346264945321671,0.0,0.0,0.0,0.0,0.0,0.0,0.0,0.0,0.0,0.0,0.0,0.0,0.0,0.0,0.0,0.0,0.0,0.0,0.0,0.0,0.0
1048616,Analysis,TreeSHAP,0.7346264945321672,0.5667419186377186,0.0,0.8394228794722426,0.8394228794722426,0.0,0.0,0.0,0.0,0.0,0.0,0.0,0.0,0.0,0.0,0.0,0.0,0.0,0.0,0.0,0.0,0.0,0.0
1048616,Analysis,Random,0.7346264945321672,0.14692529890643344,0.0,0.7346264945321672,0.7346264945321672,0.7346264945321672,0.7346264945321672,0.7346264945321672,0.7346264945321672,0.7346264945321672,0.7346264945321672,0.0,0.0,0.0,0.0,0.0,0.0,0.0,0.0,0.0,0.0,0.0,0.0
1455448,Analysis,LIME,0.9151632153191189,0.9151632153191189,0.0,0.0,0.0,0.0,0.0,0.0,0.0,0.0,0.0,0.0,0.0,0.0,0.0,0.0,0.0,0.0,0.0,0.0,0.0,0.0,0.0
1455448,Analysis,TreeSHAP,0.9151632153191189,0.9151632153191189,0.0,0.0,0.0,0.0,0.0,0.0,0.0,0.0,0.0,0.0,0.0,0.0,0.0,0.0,0.0,0.0,0.0,0.0,0.0,0.0,0.0
1455448,Analysis,Random,0.9151632153191189,0.0,0.0,0.9151632153191189,0.9151632153191189,0.9151632153191189,0.9151632153191189,0.9151632153191189,0.9151632153191189,0.9151632153191189,0.9151632153191189,0.9151632153191189,0.9151632153191189,0.0,0.0,0.0,0.0,0.0,0.0,0.0,0.0,0.0,0.0
1048024,Analysis,LIME,0.7092971837171957,0.7092971837171957,0.0,0.0,0.0,0.0,0.0,0.0,0.0,0.0,0.0,0.0,0.0,0.0,0.0,0.0,0.0,0.0,0.0,0.0,0.0,0.0,0.0
1048024,Analysis,TreeSHAP,0.7092971837171957,0.5414126078227472,0.0,0.8394228794722426,0.8394228794722426,0.0,0.0,0.0,0.0,0.0,0.0,0.0,0.0,0.0,0.0,0.0,0.0,0.0,0.0,0.0,0.0,0.0,0.0
1048024,Analysis,Random,0.7092971837171957,0.0,0.0,0.7092971837171957,0.7092971837171957,0.7092971837171957,0.7092971837171957,0.7092971837171957,0.7092971837171957,0.7092971837171957,0.7092971837171957,0.7092971837171957,0.7092971837171957,0.0,0.0,0.0,0.0,0.0,0.0,0.0,0.0,0.0,0.0
1712869,Analysis,LIME,0.7605360110174287,0.7605360110174287,0.4668233151008353,0.0,0.0,0.0,0.0,0.0,0.0,0.0,0.0,0.0,0.0,0.0,0.3944843799074683,0.3944843799074683,0.3944843799074683,0.3944843799074683,0.3944843799074683,0.3944843799074683,0.3944843799074683,0.3944843799074683,0.3944843799074683
1712869,Analysis,TreeSHAP,0.7605360110174287,0.7605360110174287,0.7000000000000001,0.0,0.0,0.0,0.0,0.0,0.0,0.0,0.0,0.0,0.0,0.0,0.0,0.0,0.7605360110174287,0.7605360110174287,0.7605360110174287,0.7605360110174287,0.7605360110174287,0.7605360110174287,0.7605360110174287
1712869,Analysis,Random,0.7605360110174287,0.5323752077122001,0.0,0.7605360110174287,0.7605360110174287,0.7605360110174287,0.0,0.0,0.0,0.0,0.0,0.0,0.0,0.0,0.0,0.0,0.0,0.0,0.0,0.0,0.0,0.0,0.0
1501463,Analysis,LIME,0.6751335363471701,0.6751335363471701,0.7134081287144004,0.0,0.0,0.0,0.0,0.0,0.0,0.0,0.0,0.0,0.0,0.0,0.0,0.0,0.6880653611396718,0.6880653611396718,0.6880653611396718,0.6880653611396718,0.6880653611396718,0.6880653611396718,0.6880653611396718
1501463,Analysis,TreeSHAP,0.6751335363471701,0.6751335363471701,0.6128117495879417,0.0,0.0,0.0,0.0,0.0,0.0,0.0,0.0,0.0,0.0,0.0,0.0,0.0,0.6880653611396718,0.6880653611396718,0.6880653611396718,0.0,0.6910338509083399,0.6910338509083399,0.6910338509083399
1501463,Analysis,Random,0.6751335363471701,0.6076201827124531,0.0,0.6751335363471701,0.0,0.0,0.0,0.0,0.0,0.0,0.0,0.0,0.0,0.0,0.0,0.0,0.0,0.0,0.0,0.0,0.0,0.0,0.0
996895,Analysis,LIME,0.529701625659436,0.5297016256594361,1.28547370108336,0.0,0.0,0.0,0.0,0.0,0.0,0.0,0.0,0.0,0.0,0.0,0.0,0.8511468865078846,0.8511468865078846,0.8511468865078846,0.8511468865078846,0.8511468865078846,0.8511468865078846,0.8511468865078846,0.8511468865078846
996895,Analysis,TreeSHAP,0.529701625659436,0.5297016256594361,0.6506047212797154,0.0,0.0,0.0,0.0,0.0,0.0,0.0,0.0,0.0,0.0,0.0,0.0,0.0,0.0,0.0,0.6880653611396718,0.6880653611396718,0.6880653611396718,0.6910338509083399,0.6910338509083399
996895,Analysis,Random,0.529701625659436,-0.11293255767423274,0.0,0.529701625659436,0.529701625659436,0.529701625659436,0.6910338509083399,0.6910338509083399,0.6910338509083399,0.6910338509083399,0.6910338509083399,0.6910338509083399,0.6910338509083399,0.0,0.0,0.0,0.0,0.0,0.0,0.0,0.0,0.0,0.0
1454900,Analysis,LIME,0.9148259934713279,0.9148259934713281,0.0,0.0,0.0,0.0,0.0,0.0,0.0,0.0,0.0,0.0,0.0,0.0,0.0,0.0,0.0,0.0,0.0,0.0,0.0,0.0,0.0
1454900,Analysis,TreeSHAP,0.9148259934713279,0.9148259934713281,0.0,0.0,0.0,0.0,0.0,0.0,0.0,0.0,0.0,0.0,0.0,0.0,0.0,0.0,0.0,0.0,0.0,0.0,0.0,0.0,0.0
1454900,Analysis,Random,0.9148259934713279,0.27444779804139835,0.0,0.9148259934713279,0.9148259934713279,0.9148259934713279,0.9148259934713279,0.9148259934713279,0.9148259934713279,0.9148259934713279,0.0,0.0,0.0,0.0,0.0,0.0,0.0,0.0,0.0,0.0,0.0,0.0,0.0
1455855,Analysis,LIME,0.9391462569138723,0.9391462569138722,0.0,0.0,0.0,0.0,0.0,0.0,0.0,0.0,0.0,0.0,0.0,0.0,0.0,0.0,0.0,0.0,0.0,0.0,0.0,0.0,0.0
1455855,Analysis,TreeSHAP,0.9391462569138723,0.9391462569138722,0.0,0.0,0.0,0.0,0.0,0.0,0.0,0.0,0.0,0.0,0.0,0.0,0.0,0.0,0.0,0.0,0.0,0.0,0.0,0.0,0.0
1455855,Analysis,Random,0.9391462569138723,0.845231631222485,0.0,0.9391462569138723,0.0,0.0,0.0,0.0,0.0,0.0,0.0,0.0,0.0,0.0,0.0,0.0,0.0,0.0,0.0,0.0,0.0,0.0,0.0
1131152,Analysis,LIME,0.6751335363471701,0.6751335363471701,0.8584305709418374,0.0,0.0,0.0,0.0,0.0,0.0,0.0,0.0,0.0,0.0,0.0,0.3944843799074683,0.6751335363471701,0.6751335363471701,0.6751335363471701,0.6751335363471701,0.6751335363471701,0.6751335363471701,0.6751335363471701,0.6751335363471701
1131152,Analysis,TreeSHAP,0.6751335363471701,0.6751335363471701,0.6000000000000001,0.0,0.0,0.0,0.0,0.0,0.0,0.0,0.0,0.0,0.0,0.0,0.0,0.0,0.0,0.6751335363471701,0.6751335363471701,0.6751335363471701,0.6751335363471701,0.6751335363471701,0.6751335363471701
1131152,Analysis,Random,0.6751335363471701,0.0,0.0,0.6751335363471701,0.6751335363471701,0.6751335363471701,0.6751335363471701,0.6751335363471701,0.6751335363471701,0.6751335363471701,0.6751335363471701,0.6751335363471701,0.6751335363471701,0.0,0.0,0.0,0.0,0.0,0.0,0.0,0.0,0.0,0.0
1896250,Analysis,LIME,0.8214763630615427,0.8214763630615426,0.0,0.0,0.0,0.0,0.0,0.0,0.0,0.0,0.0,0.0,0.0,0.0,0.0,0.0,0.0,0.0,0.0,0.0,0.0,0.0,0.0
1896250,Analysis,TreeSHAP,0.8214763630615427,0.8214763630615426,0.0,0.0,0.0,0.0,0.0,0.0,0.0,0.0,0.0,0.0,0.0,0.0,0.0,0.0,0.0,0.0,0.0,0.0,0.0,0.0,0.0
1896250,Analysis,Random,0.8214763630615427,0.8214763630615426,0.0,0.0,0.0,0.0,0.0,0.0,0.0,0.0,0.0,0.0,0.0,0.0,0.0,0.0,0.0,0.0,0.0,0.0,0.0,0.0,0.0
1877227,Analysis,LIME,0.5697062457237662,0.569706245723766,0.6231912403657727,0.0,0.0,0.0,0.0,0.0,0.0,0.0,0.0,0.0,0.0,0.0,0.3944843799074683,0.3944843799074683,0.3944843799074683,0.3944843799074683,0.3944843799074683,0.3944843799074683,0.3944843799074683,0.3944843799074683,0.3944843799074683
1877227,Analysis,TreeSHAP,0.5697062457237662,0.569706245723766,0.8164729018091392,0.0,0.0,0.0,0.0,0.0,0.0,0.0,0.0,0.0,0.0,0.0,0.0,0.3944843799074683,0.3944843799074683,0.3944843799074683,0.6936087953052668,0.6936087953052668,0.6936087953052668,0.6936087953052668,0.6936087953052668
1877227,Analysis,Random,0.5697062457237662,0.0,0.0,0.5697062457237662,0.5697062457237662,0.5697062457237662,0.5697062457237662,0.5697062457237662,0.5697062457237662,0.5697062457237662,0.5697062457237662,0.5697062457237662,0.5697062457237662,0.0,0.0,0.0,0.0,0.0,0.0,0.0,0.0,0.0,0.0
1049130,Analysis,LIME,0.6751335363471701,0.6751335363471701,0.0,0.0,0.0,0.0,0.0,0.0,0.0,0.0,0.0,0.0,0.0,0.0,0.0,0.0,0.0,0.0,0.0,0.0,0.0,0.0,0.0
1049130,Analysis,TreeSHAP,0.6751335363471701,0.5072489604527216,0.0,0.8394228794722426,0.8394228794722426,0.0,0.0,0.0,0.0,0.0,0.0,0.0,0.0,0.0,0.0,0.0,0.0,0.0,0.0,0.0,0.0,0.0,0.0
1049130,Analysis,Random,0.6751335363471701,0.0,0.0,0.6751335363471701,0.6751335363471701,0.6751335363471701,0.6751335363471701,0.6751335363471701,0.6751335363471701,0.6751335363471701,0.6751335363471701,0.6751335363471701,0.6751335363471701,0.0,0.0,0.0,0.0,0.0,0.0,0.0,0.0,0.0,0.0
1046275,Analysis,LIME,0.7802697896919208,0.780269789691921,0.0,0.0,0.0,0.0,0.0,0.0,0.0,0.0,0.0,0.0,0.0,0.0,0.0,0.0,0.0,0.0,0.0,0.0,0.0,0.0,0.0
1046275,Analysis,TreeSHAP,0.7802697896919208,0.6123852137974725,0.0,0.8394228794722426,0.8394228794722426,0.0,0.0,0.0,0.0,0.0,0.0,0.0,0.0,0.0,0.0,0.0,0.0,0.0,0.0,0.0,0.0,0.0,0.0
1046275,Analysis,Random,0.7802697896919208,0.0,0.0,0.7802697896919208,0.7802697896919208,0.7802697896919208,0.7802697896919208,0.7802697896919208,0.7802697896919208,0.7802697896919208,0.7802697896919208,0.7802697896919208,0.7802697896919208,0.0,0.0,0.0,0.0,0.0,0.0,0.0,0.0,0.0,0.0
1764718,Analysis,LIME,0.9896786930198517,0.9896786930198516,1.0104289473471986,0.0,0.0,0.0,0.0,0.0,0.0,0.0,0.0,0.0,0.0,1.0,1.0,1.0,1.0,1.0,1.0,1.0,1.0,1.0,1.0
1764718,Analysis,TreeSHAP,0.9896786930198517,0.9896786930198516,0.6385708976512179,0.0,0.0,0.0,0.0,0.0,0.0,0.0,0.0,0.0,0.0,1.0,1.0,1.0,1.0,1.0,1.0,0.06519488131288464,0.06519488131288464,0.0947051756269689,0.0947051756269689
1764718,Analysis,Random,0.9896786930198517,0.9896786930198516,1.0104289473471986,0.0,0.0,0.0,0.0,0.0,0.0,0.0,0.0,0.0,0.0,1.0,1.0,1.0,1.0,1.0,1.0,1.0,1.0,1.0,1.0
1565899,Analysis,LIME,0.9737510102323733,0.9737510102323734,0.0,0.0,0.0,0.0,0.0,0.0,0.0,0.0,0.0,0.0,0.0,0.0,0.0,0.0,0.0,0.0,0.0,0.0,0.0,0.0,0.0
1565899,Analysis,TreeSHAP,0.9737510102323733,0.9737510102323734,0.0,0.0,0.0,0.0,0.0,0.0,0.0,0.0,0.0,0.0,0.0,0.0,0.0,0.0,0.0,0.0,0.0,0.0,0.0,0.0,0.0
1565899,Analysis,Random,0.9737510102323733,0.8763759092091361,0.0,0.9737510102323733,0.0,0.0,0.0,0.0,0.0,0.0,0.0,0.0,0.0,0.0,0.0,0.0,0.0,0.0,0.0,0.0,0.0,0.0,0.0
1047324,Analysis,LIME,0.6751335363471701,0.6751335363471701,0.0,0.0,0.0,0.0,0.0,0.0,0.0,0.0,0.0,0.0,0.0,0.0,0.0,0.0,0.0,0.0,0.0,0.0,0.0,0.0,0.0
1047324,Analysis,TreeSHAP,0.6751335363471701,0.5072489604527216,0.0,0.8394228794722426,0.8394228794722426,0.0,0.0,0.0,0.0,0.0,0.0,0.0,0.0,0.0,0.0,0.0,0.0,0.0,0.0,0.0,0.0,0.0,0.0
1047324,Analysis,Random,0.6751335363471701,0.06751335363471701,0.0,0.6751335363471701,0.6751335363471701,0.6751335363471701,0.6751335363471701,0.6751335363471701,0.6751335363471701,0.6751335363471701,0.6751335363471701,0.6751335363471701,0.0,0.0,0.0,0.0,0.0,0.0,0.0,0.0,0.0,0.0,0.0
1048627,Analysis,LIME,0.7346264945321672,0.7346264945321671,0.19999999999999998,0.0,0.0,0.0,0.0,0.0,0.0,0.0,0.0,0.0,0.0,0.0,0.0,0.0,0.0,0.0,0.0,0.0,0.0,0.7346264945321672,0.7346264945321672
1048627,Analysis,TreeSHAP,0.7346264945321672,0.5667419186377186,0.0,0.8394228794722426,0.8394228794722426,0.0,0.0,0.0,0.0,0.0,0.0,0.0,0.0,0.0,0.0,0.0,0.0,0.0,0.0,0.0,0.0,0.0,0.0
1048627,Analysis,Random,0.7346264945321672,0.3673132472660836,0.0,0.7346264945321672,0.7346264945321672,0.7346264945321672,0.7346264945321672,0.7346264945321672,0.0,0.0,0.0,0.0,0.0,0.0,0.0,0.0,0.0,0.0,0.0,0.0,0.0,0.0,0.0
1877097,Analysis,LIME,0.6751335363471701,0.6751335363471701,0.525875138476536,0.0,0.0,0.0,0.0,0.0,0.0,0.0,0.0,0.0,0.0,0.0,0.3944843799074683,0.3944843799074683,0.3944843799074683,0.3944843799074683,0.3944843799074683,0.3944843799074683,0.3944843799074683,0.3944843799074683,0.3944843799074683
1877097,Analysis,TreeSHAP,0.6751335363471701,0.6751335363471701,0.6164192041693478,0.0,0.0,0.0,0.0,0.0,0.0,0.0,0.0,0.0,0.0,0.0,0.0,0.0,0.0,0.6936087953052668,0.6936087953052668,0.6936087953052668,0.6936087953052668,0.6936087953052668,0.6936087953052668
1877097,Analysis,Random,0.6751335363471701,0.6076201827124531,0.0,0.6751335363471701,0.0,0.0,0.0,0.0,0.0,0.0,0.0,0.0,0.0,0.0,0.0,0.0,0.0,0.0,0.0,0.0,0.0,0.0,0.0
1630576,Analysis,LIME,0.9936821584509031,0.9936821584509031,0.0,0.0,0.0,0.0,0.0,0.0,0.0,0.0,0.0,0.0,0.0,0.0,0.0,0.0,0.0,0.0,0.0,0.0,0.0,0.0,0.0
1630576,Analysis,TreeSHAP,0.9936821584509031,0.9936821584509031,0.0,0.0,0.0,0.0,0.0,0.0,0.0,0.0,0.0,0.0,0.0,0.0,0.0,0.0,0.0,0.0,0.0,0.0,0.0,0.0,0.0
1630576,Analysis,Random,0.9936821584509031,0.7949457267607224,0.0,0.9936821584509031,0.9936821584509031,0.0,0.0,0.0,0.0,0.0,0.0,0.0,0.0,0.0,0.0,0.0,0.0,0.0,0.0,0.0,0.0,0.0,0.0
1260439,Analysis,LIME,1.0,0.0,0.0,1.0,1.0,1.0,1.0,1.0,1.0,1.0,1.0,1.0,1.0,0.0,0.0,0.0,0.0,0.0,0.0,0.0,0.0,0.0,0.0
1260439,Analysis,TreeSHAP,1.0,0.7977874168468961,0.8075273276224983,0.015402473640872051,0.0015359339023858288,0.005187423987781236,0.0,0.0,0.0,0.0,0.0,1.0,1.0,1.0,1.0,1.0,1.0,1.0,1.0,1.0,1.0,0.03763663811249208,0.03763663811249208
1260439,Analysis,Random,1.0,0.2995392198292842,1.0,1.0,1.0,1.0,1.0,1.0,1.0,1.0,0.0015359339023858288,0.0015359339023858288,0.0015359339023858288,1.0,1.0,1.0,1.0,1.0,1.0,1.0,1.0,1.0,1.0
1254953,Analysis,LIME,0.9995973721999885,0.9995973721999883,0.0,0.0,0.0,0.0,0.0,0.0,0.0,0.0,0.0,0.0,0.0,0.0,0.0,0.0,0.0,0.0,0.0,0.0,0.0,0.0,0.0
1254953,Analysis,TreeSHAP,0.9995973721999885,0.9995973721999883,0.0,0.0,0.0,0.0,0.0,0.0,0.0,0.0,0.0,0.0,0.0,0.0,0.0,0.0,0.0,0.0,0.0,0.0,0.0,0.0,0.0
1254953,Analysis,Random,0.9995973721999885,0.9995973721999883,0.0,0.0,0.0,0.0,0.0,0.0,0.0,0.0,0.0,0.0,0.0,0.0,0.0,0.0,0.0,0.0,0.0,0.0,0.0,0.0,0.0
1454641,Analysis,LIME,0.9961043799509418,0.9961043799509419,1.0039108552551994,0.0,0.0,0.0,0.0,0.0,0.0,0.0,0.0,0.0,0.0,1.0,1.0,1.0,1.0,1.0,1.0,1.0,1.0,1.0,1.0
1454641,Analysis,TreeSHAP,0.9961043799509418,0.9961043799509419,0.9049557851010499,0.0,0.0,0.0,0.0,0.0,0.0,0.0,0.0,0.0,0.0,1.0,1.0,1.0,1.0,0.9884034910384443,0.9907012261679404,0.9907012261679404,1.0,0.06493000042107797,0.9795682682155863
1454641,Analysis,Random,0.9961043799509418,0.8964939419558476,0.9035197697296794,0.9961043799509418,0.0,0.0,0.0,0.0,0.0,0.0,0.0,0.0,0.0,0.0,1.0,1.0,1.0,1.0,1.0,1.0,1.0,1.0,1.0
1074211,Analysis,LIME,0.8511468865078846,0.8511468865078846,0.7000000000000001,0.0,0.0,0.0,0.0,0.0,0.0,0.0,0.0,0.0,0.0,0.0,0.0,0.0,0.8511468865078846,0.8511468865078846,0.8511468865078846,0.8511468865078846,0.8511468865078846,0.8511468865078846,0.8511468865078846
1074211,Analysis,TreeSHAP,0.8511468865078846,0.6146683577782273,0.6000000000000001,0.0,0.7882617624321913,0.7882617624321913,0.7882617624321913,0.0,0.0,0.0,0.0,0.0,0.0,0.0,0.0,0.0,0.0,0.8511468865078846,0.8511468865078846,0.8511468865078846,0.8511468865078846,0.8511468865078846,0.8511468865078846
1074211,Analysis,Random,0.8511468865078846,0.0,0.0,0.8511468865078846,0.8511468865078846,0.8511468865078846,0.8511468865078846,0.8511468865078846,0.8511468865078846,0.8511468865078846,0.8511468865078846,0.8511468865078846,0.8511468865078846,0.0,0.0,0.0,0.0,0.0,0.0,0.0,0.0,0.0,0.0
1630974,Analysis,LIME,0.9274569984711512,0.927456998471151,1.0782171051039897,0.0,0.0,0.0,0.0,0.0,0.0,0.0,0.0,0.0,0.0,1.0,1.0,1.0,1.0,1.0,1.0,1.0,1.0,1.0,1.0
1630974,Analysis,TreeSHAP,0.9274569984711512,0.927456998471151,1.072358327680954,0.0,0.0,0.0,0.0,0.0,0.0,0.0,0.0,0.0,0.0,1.0,0.9896786930198517,0.9896786930198517,0.9896786930198517,0.9961043799509418,0.9961043799509418,0.9961043799509418,0.9961043799509418,0.9961043799509418,0.9961043799509418
1630974,Analysis,Random,0.9274569984711512,0.14386518339687598,0.0,0.9274569984711512,0.9274569984711512,0.9274569984711512,0.9274569984711512,0.9274569984711512,0.9274569984711512,0.9274569984711512,0.9274569984711512,0.1217101144777942,0.29455204849574823,0.0,0.0,0.0,0.0,0.0,0.0,0.0,0.0,0.0,0.0
1630954,Analysis,LIME,0.9892077582537848,0.9892077582537849,0.0,0.0,0.0,0.0,0.0,0.0,0.0,0.0,0.0,0.0,0.0,0.0,0.0,0.0,0.0,0.0,0.0,0.0,0.0,0.0,0.0
1630954,Analysis,TreeSHAP,0.9892077582537848,0.9892077582537849,0.27728672569027946,0.0,0.0,0.0,0.0,0.0,0.0,0.0,0.0,0.0,0.0,0.0,0.0,0.0,0.0,0.0,0.0,0.0,0.9143139343787119,0.9143139343787119,0.9143139343787119
1630954,Analysis,Random,0.9892077582537848,0.19784155165075695,0.0,0.9892077582537848,0.9892077582537848,0.9892077582537848,0.9892077582537848,0.9892077582537848,0.9892077582537848,0.9892077582537848,0.9892077582537848,0.0,0.0,0.0,0.0,0.0,0.0,0.0,0.0,0.0,0.0,0.0,0.0
1455078,Analysis,LIME,0.8430223982214011,0.8430223982214011,0.0,0.0,0.0,0.0,0.0,0.0,0.0,0.0,0.0,0.0,0.0,0.0,0.0,0.0,0.0,0.0,0.0,0.0,0.0,0.0,0.0
1455078,Analysis,TreeSHAP,0.8430223982214011,0.8430223982214011,0.0,0.0,0.0,0.0,0.0,0.0,0.0,0.0,0.0,0.0,0.0,0.0,0.0,0.0,0.0,0.0,0.0,0.0,0.0,0.0,0.0
1455078,Analysis,Random,0.8430223982214011,0.8430223982214011,0.0,0.0,0.0,0.0,0.0,0.0,0.0,0.0,0.0,0.0,0.0,0.0,0.0,0.0,0.0,0.0,0.0,0.0,0.0,0.0,0.0
1127056,Analysis,LIME,1.0,0.0,0.0,1.0,1.0,1.0,1.0,1.0,1.0,1.0,1.0,1.0,1.0,0.0,0.0,0.0,0.0,0.0,0.0,0.0,0.0,0.0,0.0
1127056,Analysis,TreeSHAP,1.0,0.3916091338544934,0.4029401561725952,0.04140912888766872,0.04140912888766872,0.0005452018398642371,0.0005452018398642371,1.0,1.0,1.0,1.0,1.0,1.0,1.0,1.0,1.0,1.0,0.010321306980148395,0.010321306980148395,0.002035589875487547,0.0,0.005187423987781236,0.0015359339023858288
1127056,Analysis,Random,1.0,0.0,1.0,1.0,1.0,1.0,1.0,1.0,1.0,1.0,1.0,1.0,1.0,1.0,1.0,1.0,1.0,1.0,1.0,1.0,1.0,1.0,1.0
1536023,Analysis,LIME,0.529701625659436,0.5297016256594361,0.5207079401846818,0.0,0.0,0.0,0.0,0.0,0.0,0.0,0.0,0.0,0.0,0.0,0.0,0.0,0.0,0.6880653611396718,0.6880653611396718,0.0,0.0,0.6910338509083399,0.6910338509083399
1536023,Analysis,TreeSHAP,0.529701625659436,0.5297016256594361,0.6506047212797154,0.0,0.0,0.0,0.0,0.0,0.0,0.0,0.0,0.0,0.0,0.0,0.0,0.0,0.0,0.0,0.6880653611396718,0.6880653611396718,0.6880653611396718,0.6910338509083399,0.6910338509083399
1536023,Analysis,Random,0.529701625659436,0.0,0.0,0.529701625659436,0.529701625659436,0.529701625659436,0.529701625659436,0.529701625659436,0.529701625659436,0.529701625659436,0.529701625659436,0.529701625659436,0.529701625659436,0.0,0.0,0.0,0.0,0.0,0.0,0.0,0.0,0.0,0.0
1452854,Analysis,LIME,1.0,0.0,0.0,1.0,1.0,1.0,1.0,1.0,1.0,1.0,1.0,1.0,1.0,0.0,0.0,0.0,0.0,0.0,0.0,0.0,0.0,0.0,0.0
1452854,Analysis,TreeSHAP,1.0,0.3998364394480407,0.40232200047585254,0.0,0.0005452018398642371,0.0005452018398642371,0.0005452018398642371,1.0,1.0,1.0,1.0,1.0,1.0,1.0,1.0,1.0,1.0,0.010321306980148395,0.0038956200490583687,0.0038956200490583687,0.002035589875487547,0.0015359339023858288,0.0015359339023858288
1452854,Analysis,Random,1.0,0.0,1.0,1.0,1.0,1.0,1.0,1.0,1.0,1.0,1.0,1.0,1.0,1.0,1.0,1.0,1.0,1.0,1.0,1.0,1.0,1.0,1.0
1455677,Analysis,LIME,0.962363361887508,0.962363361887508,1.0391085525519947,0.0,0.0,0.0,0.0,0.0,0.0,0.0,0.0,0.0,0.0,1.0,1.0,1.0,1.0,1.0,1.0,1.0,1.0,1.0,1.0
1455677,Analysis,TreeSHAP,0.962363361887508,0.962363361887508,0.6064297474211485,0.0,0.0,0.0,0.0,0.0,0.0,0.0,0.0,0.0,0.0,1.0,1.0,1.0,1.0,1.0,0.41086951168460195,0.2300016792658361,0.06506217127255051,0.06506217127255051,0.06506217127255051
1455677,Analysis,Random,0.962363361887508,-0.02452532689777228,0.0,0.962363361887508,0.962363361887508,0.962363361887508,0.9973995431700399,0.9973995431700399,0.9973995431700399,0.9973995431700399,0.9973995431700399,0.9973995431700399,0.9973995431700399,0.0,0.0,0.0,0.0,0.0,0.0,0.0,0.0,0.0,0.0
1260013,Analysis,LIME,0.9913475306949392,0.9913475306949392,0.0,0.0,0.0,0.0,0.0,0.0,0.0,0.0,0.0,0.0,0.0,0.0,0.0,0.0,0.0,0.0,0.0,0.0,0.0,0.0,0.0
1260013,Analysis,TreeSHAP,0.9913475306949392,0.9913475306949392,0.0,0.0,0.0,0.0,0.0,0.0,0.0,0.0,0.0,0.0,0.0,0.0,0.0,0.0,0.0,0.0,0.0,0.0,0.0,0.0,0.0
1260013,Analysis,Random,0.9913475306949392,0.2675299782457621,0.0,0.9913475306949392,0.9913475306949392,0.8759134105169821,0.8759134105169821,0.8759134105169821,0.8759134105169821,0.8759134105169821,0.8759134105169821,0.0,0.0,0.0,0.0,0.0,0.0,0.0,0.0,0.0,0.0,0.0,0.0
1259962,Analysis,LIME,0.9995973721999885,0.9995973721999883,0.0,0.0,0.0,0.0,0.0,0.0,0.0,0.0,0.0,0.0,0.0,0.0,0.0,0.0,0.0,0.0,0.0,0.0,0.0,0.0,0.0
1259962,Analysis,TreeSHAP,0.9995973721999885,0.9995973721999883,0.0,0.0,0.0,0.0,0.0,0.0,0.0,0.0,0.0,0.0,0.0,0.0,0.0,0.0,0.0,0.0,0.0,0.0,0.0,0.0,0.0
1259962,Analysis,Random,0.9995973721999885,0.0,0.0,0.9995973721999885,0.9995973721999885,0.9995973721999885,0.9995973721999885,0.9995973721999885,0.9995973721999885,0.9995973721999885,0.9995973721999885,0.9995973721999885,0.9995973721999885,0.0,0.0,0.0,0.0,0.0,0.0,0.0,0.0,0.0,0.0
1047484,Analysis,LIME,0.7109004045277963,0.7109004045277965,0.0,0.0,0.0,0.0,0.0,0.0,0.0,0.0,0.0,0.0,0.0,0.0,0.0,0.0,0.0,0.0,0.0,0.0,0.0,0.0,0.0
1047484,Analysis,TreeSHAP,0.7109004045277963,0.543015828633348,0.0,0.8394228794722426,0.8394228794722426,0.0,0.0,0.0,0.0,0.0,0.0,0.0,0.0,0.0,0.0,0.0,0.0,0.0,0.0,0.0,0.0,0.0,0.0
1047484,Analysis,Random,0.7109004045277963,-0.102817979955557,0.0,0.7109004045277963,0.7109004045277963,0.8394228794722426,0.8394228794722426,0.8394228794722426,0.8394228794722426,0.8394228794722426,0.8394228794722426,0.8394228794722426,0.8394228794722426,0.0,0.0,0.0,0.0,0.0,0.0,0.0,0.0,0.0,0.0
1877151,Backdoor,LIME,0.5677051880934201,0.5677051880934201,0.6761498791902195,0.0,0.0,0.0,0.0,0.0,0.0,0.0,0.0,0.0,0.0,0.0,0.4265042159389187,0.4265042159389187,0.4265042159389187,0.4265042159389187,0.4265042159389187,0.4265042159389187,0.4265042159389187,0.4265042159389187,0.4265042159389187
1877151,Backdoor,TreeSHAP,0.5677051880934201,0.5677051880934201,0.7,0.0,0.0,0.0,0.0,0.0,0.0,0.0,0.0,0.0,0.0,0.0,0.0,0.0,0.5677051880934201,0.5677051880934201,0.5677051880934201,0.5677051880934201,0.5677051880934201,0.5677051880934201,0.5677051880934201
1877151,Backdoor,Random,0.5677051880934201,0.5677051880934201,0.1,0.0,0.0,0.0,0.0,0.0,0.0,0.0,0.0,0.0,0.0,0.0,0.0,0.0,0.0,0.0,0.0,0.0,0.0,0.0,0.5677051880934201
1473607,Backdoor,LIME,0.414765689379161,0.41476568937916103,0.0,0.0,0.0,0.0,0.0,0.0,0.0,0.0,0.0,0.0,0.0,0.0,0.0,0.0,0.0,0.0,0.0,0.0,0.0,0.0,0.0
1473607,Backdoor,TreeSHAP,0.414765689379161,0.3989387369924963,0.23823201375556802,0.0791347619333233,0.0791347619333233,0.0,0.0,0.0,0.0,0.0,0.0,0.0,0.0,0.0,0.0,0.0,0.0,0.0,0.05285775847227243,0.05285775847227243,0.05285775847227243,0.414765689379161,0.414765689379161
1473607,Backdoor,Random,0.414765689379161,0.12442970681374829,0.0,0.414765689379161,0.414765689379161,0.414765689379161,0.414765689379161,0.414765689379161,0.414765689379161,0.414765689379161,0.0,0.0,0.0,0.0,0.0,0.0,0.0,0.0,0.0,0.0,0.0,0.0,0.0
1800457,Backdoor,LIME,1.0,1.0,0.0,0.0,0.0,0.0,0.0,0.0,0.0,0.0,0.0,0.0,0.0,0.0,0.0,0.0,0.0,0.0,0.0,0.0,0.0,0.0,0.0
1800457,Backdoor,TreeSHAP,1.0,1.0,0.2,0.0,0.0,0.0,0.0,0.0,0.0,0.0,0.0,0.0,0.0,0.0,0.0,0.0,0.0,0.0,0.0,0.0,0.0,1.0,1.0
1800457,Backdoor,Random,1.0,0.9,0.0,1.0,0.0,0.0,0.0,0.0,0.0,0.0,0.0,0.0,0.0,0.0,0.0,0.0,0.0,0.0,0.0,0.0,0.0,0.0,0.0
1008491,Backdoor,LIME,0.4616008799001727,0.4616008799001727,0.7691405224216703,0.0,0.0,0.0,0.0,0.0,0.0,0.0,0.0,0.0,0.0,0.0,0.3944843799074683,0.3944843799074683,0.3944843799074683,0.3944843799074683,0.3944843799074683,0.3944843799074683,0.3944843799074683,0.3944843799074683,0.3944843799074683
1008491,Backdoor,TreeSHAP,0.4616008799001727,0.4616008799001727,0.6563801741405566,0.0,0.0,0.0,0.0,0.0,0.0,0.0,0.0,0.0,0.0,0.0,0.0,0.0,0.3944843799074683,0.3944843799074683,0.3944843799074683,0.4616008799001727,0.4616008799001727,0.4616008799001727,0.4616008799001727
1008491,Backdoor,Random,0.4616008799001727,0.13259007597565714,0.0,0.4616008799001727,0.4616008799001727,0.3944843799074683,0.3944843799074683,0.3944843799074683,0.3944843799074683,0.3944843799074683,0.3944843799074683,0.0,0.0,0.0,0.0,0.0,0.0,0.0,0.0,0.0,0.0,0.0,0.0
1008404,Backdoor,LIME,0.4143906585874994,0.4143906585874994,0.07599724845325881,0.0,0.0,0.0,0.0,0.0,0.0,0.0,0.0,0.0,0.0,0.0,0.0,0.0,0.0,0.0,0.0,0.07873137459345936,0.07873137459345936,0.07873137459345936,0.07873137459345936
1008404,Backdoor,TreeSHAP,0.4143906585874994,0.40021125498838106,0.0,0.14179403599118307,0.0,0.0,0.0,0.0,0.0,0.0,0.0,0.0,0.0,0.0,0.0,0.0,0.0,0.0,0.0,0.0,0.0,0.0,0.0
1008404,Backdoor,Random,0.4143906585874994,0.23335584661477635,0.0,0.4143906585874994,0.4143906585874994,0.4143906585874994,0.14179403599118307,0.14179403599118307,0.14179403599118307,0.14179403599118307,0.0,0.0,0.0,0.0,0.0,0.0,0.0,0.0,0.0,0.0,0.0,0.0,0.0
1045682,Backdoor,LIME,0.7595498706366879,0.7595498706366879,0.0,0.0,0.0,0.0,0.0,0.0,0.0,0.0,0.0,0.0,0.0,0.0,0.0,0.0,0.0,0.0,0.0,0.0,0.0,0.0,0.0
1045682,Backdoor,TreeSHAP,0.7595498706366879,0.7595498706366879,0.5,0.0,0.0,0.0,0.0,0.0,0.0,0.0,0.0,0.0,0.0,0.0,0.0,0.0,0.0,0.0,0.7595498706366879,0.7595498706366879,0.7595498706366879,0.7595498706366879,0.7595498706366879
1045682,Backdoor,Random,0.7595498706366879,0.22786496119100635,0.0,0.7595498706366879,0.7595498706366879,0.7595498706366879,0.7595498706366879,0.7595498706366879,0.7595498706366879,0.7595498706366879,0.0,0.0,0.0,0.0,0.0,0.0,0.0,0.0,0.0,0.0,0.0,0.0,0.0
1877022,Backdoor,LIME,0.7266722248157175,0.7266722248157176,0.5282351261497181,0.0,0.0,0.0,0.0,0.0,0.0,0.0,0.0,0.0,0.0,0.0,0.4265042159389187,0.4265042159389187,0.4265042159389187,0.4265042159389187,0.4265042159389187,0.4265042159389187,0.4265042159389187,0.4265042159389187,0.4265042159389187
1877022,Backdoor,TreeSHAP,0.7266722248157175,0.7266722248157176,0.6,0.0,0.0,0.0,0.0,0.0,0.0,0.0,0.0,0.0,0.0,0.0,0.0,0.0,0.0,0.7266722248157175,0.7266722248157175,0.7266722248157175,0.7266722248157175,0.7266722248157175,0.7266722248157175
1877022,Backdoor,Random,0.7266722248157175,0.6540050023341457,0.0,0.7266722248157175,0.0,0.0,0.0,0.0,0.0,0.0,0.0,0.0,0.0,0.0,0.0,0.0,0.0,0.0,0.0,0.0,0.0,0.0,0.0
1895916,Backdoor,LIME,0.8087726743871732,0.8087726743871733,0.0,0.0,0.0,0.0,0.0,0.0,0.0,0.0,0.0,0.0,0.0,0.0,0.0,0.0,0.0,0.0,0.0,0.0,0.0,0.0,0.0
1895916,Backdoor,TreeSHAP,0.8087726743871732,0.7278954069484558,0.0,0.8087726743871732,0.0,0.0,0.0,0.0,0.0,0.0,0.0,0.0,0.0,0.0,0.0,0.0,0.0,0.0,0.0,0.0,0.0,0.0,0.0
1895916,Backdoor,Random,0.8087726743871732,0.08087726743871732,0.0,0.8087726743871732,0.8087726743871732,0.8087726743871732,0.8087726743871732,0.8087726743871732,0.8087726743871732,0.8087726743871732,0.8087726743871732,0.8087726743871732,0.0,0.0,0.0,0.0,0.0,0.0,0.0,0.0,0.0,0.0,0.0
1434580,Backdoor,LIME,0.4121546392934364,0.4121546392934364,0.1719214837799397,0.0,0.0,0.0,0.0,0.0,0.0,0.0,0.0,0.0,0.0,0.0,0.07873137459345936,0.07873137459345936,0.07873137459345936,0.07873137459345936,0.07873137459345936,0.07873137459345936,0.07873137459345936,0.07873137459345936,0.07873137459345936
1434580,Backdoor,TreeSHAP,0.4121546392934364,0.4042815018340905,0.0,0.07873137459345936,0.0,0.0,0.0,0.0,0.0,0.0,0.0,0.0,0.0,0.0,0.0,0.0,0.0,0.0,0.0,0.0,0.0,0.0,0.0
1434580,Backdoor,Random,0.4121546392934364,0.23339628528998388,0.0,0.4121546392934364,0.4121546392934364,0.4121546392934364,0.07873137459345936,0.07873137459345936,0.07873137459345936,0.07873137459345936,0.07873137459345936,0.07873137459345936,0.07873137459345936,0.0,0.0,0.0,0.0,0.0,0.0,0.0,0.0,0.0,0.0
1008380,Backdoor,LIME,0.4886782333763104,0.48867823337631033,0.0,0.0,0.0,0.0,0.0,0.0,0.0,0.0,0.0,0.0,0.0,0.0,0.0,0.0,0.0,0.0,0.0,0.0,0.0,0.0,0.0
1008380,Backdoor,TreeSHAP,0.4886782333763104,0.474835157030092,0.2,0.1384307634621839,0.0,0.0,0.0,0.0,0.0,0.0,0.0,0.0,0.0,0.0,0.0,0.0,0.0,0.0,0.0,0.0,0.0,0.4886782333763104,0.4886782333763104
1008380,Backdoor,Random,0.4886782333763104,0.0,0.0,0.4886782333763104,0.4886782333763104,0.4886782333763104,0.4886782333763104,0.4886782333763104,0.4886782333763104,0.4886782333763104,0.4886782333763104,0.4886782333763104,0.4886782333763104,0.0,0.0,0.0,0.0,0.0,0.0,0.0,0.0,0.0,0.0
1047411,Backdoor,LIME,0.6920112578290677,0.6920112578290676,0.7512371359974124,0.0,0.0,0.0,0.0,0.0,0.0,0.0,0.0,0.0,0.0,0.0,0.0,0.7933572182516709,0.7933572182516709,0.4219430431375729,0.4219430431375729,0.6920112578290677,0.6920112578290677,0.6920112578290677,0.6920112578290677
1047411,Backdoor,TreeSHAP,0.6920112578290677,0.6920112578290676,1.0318061857353091,0.0,0.0,0.0,0.0,0.0,0.0,0.0,0.0,0.0,0.0,0.0,0.7933572182516709,0.7933572182516709,0.7933572182516709,0.7933572182516709,0.7933572182516709,0.7933572182516709,0.7933572182516709,0.7933572182516709,0.7933572182516709
1047411,Backdoor,Random,0.6920112578290677,0.0,0.0,0.6920112578290677,0.6920112578290677,0.6920112578290677,0.6920112578290677,0.6920112578290677,0.6920112578290677,0.6920112578290677,0.6920112578290677,0.6920112578290677,0.6920112578290677,0.0,0.0,0.0,0.0,0.0,0.0,0.0,0.0,0.0,0.0
1549928,Backdoor,LIME,1.0,1.0,0.0,0.0,0.0,0.0,0.0,0.0,0.0,0.0,0.0,0.0,0.0,0.0,0.0,0.0,0.0,0.0,0.0,0.0,0.0,0.0,0.0
1549928,Backdoor,TreeSHAP,1.0,0.9,0.3,1.0,0.0,0.0,0.0,0.0,0.0,0.0,0.0,0.0,0.0,0.0,0.0,0.0,0.0,0.0,0.0,0.0,1.0,1.0,1.0
1549928,Backdoor,Random,1.0,0.7,0.0,1.0,1.0,1.0,0.0,0.0,0.0,0.0,0.0,0.0,0.0,0.0,0.0,0.0,0.0,0.0,0.0,0.0,0.0,0.0,0.0
1048928,Backdoor,LIME,0.7341240332161308,0.7341240332161308,0.9726169749523667,0.0,0.0,0.0,0.0,0.0,0.0,0.0,0.0,0.0,0.0,0.0,0.7933572182516709,0.7933572182516709,0.7933572182516709,0.7933572182516709,0.7933572182516709,0.7933572182516709,0.7933572182516709,0.7933572182516709,0.7933572182516709
1048928,Backdoor,TreeSHAP,0.7341240332161308,0.7341240332161308,0.9726169749523667,0.0,0.0,0.0,0.0,0.0,0.0,0.0,0.0,0.0,0.0,0.0,0.7933572182516709,0.7933572182516709,0.7933572182516709,0.7933572182516709,0.7933572182516709,0.7933572182516709,0.7933572182516709,0.7933572182516709,0.7933572182516709
1048928,Backdoor,Random,0.7341240332161308,0.0,0.0,0.7341240332161308,0.7341240332161308,0.7341240332161308,0.7341240332161308,0.7341240332161308,0.7341240332161308,0.7341240332161308,0.7341240332161308,0.7341240332161308,0.7341240332161308,0.0,0.0,0.0,0.0,0.0,0.0,0.0,0.0,0.0,0.0
1712899,Backdoor,LIME,0.7595498706366879,0.7595498706366879,0.5053701003507035,0.0,0.0,0.0,0.0,0.0,0.0,0.0,0.0,0.0,0.0,0.0,0.4265042159389187,0.4265042159389187,0.4265042159389187,0.4265042159389187,0.4265042159389187,0.4265042159389187,0.4265042159389187,0.4265042159389187,0.4265042159389187
1712899,Backdoor,TreeSHAP,0.7595498706366879,0.7595498706366879,0.7,0.0,0.0,0.0,0.0,0.0,0.0,0.0,0.0,0.0,0.0,0.0,0.0,0.0,0.7595498706366879,0.7595498706366879,0.7595498706366879,0.7595498706366879,0.7595498706366879,0.7595498706366879,0.7595498706366879
1712899,Backdoor,Random,0.7595498706366879,0.1519099741273376,0.0,0.7595498706366879,0.7595498706366879,0.7595498706366879,0.7595498706366879,0.7595498706366879,0.7595498706366879,0.7595498706366879,0.7595498706366879,0.0,0.0,0.0,0.0,0.0,0.0,0.0,0.0,0.0,0.0,0.0,0.0
1010603,Backdoor,LIME,1.0,1.0,0.0,0.0,0.0,0.0,0.0,0.0,0.0,0.0,0.0,0.0,0.0,0.0,0.0,0.0,0.0,0.0,0.0,0.0,0.0,0.0,0.0
1010603,Backdoor,TreeSHAP,1.0,0.9,0.3,1.0,0.0,0.0,0.0,0.0,0.0,0.0,0.0,0.0,0.0,0.0,0.0,0.0,0.0,0.0,0.0,0.0,1.0,1.0,1.0
1010603,Backdoor,Random,1.0,0.0,0.0,1.0,1.0,1.0,1.0,1.0,1.0,1.0,1.0,1.0,1.0,0.0,0.0,0.0,0.0,0.0,0.0,0.0,0.0,0.0,0.0
1047750,Backdoor,LIME,0.7933572182516709,0.793357218251671,0.9000000000000001,0.0,0.0,0.0,0.0,0.0,0.0,0.0,0.0,0.0,0.0,0.0,0.7933572182516709,0.7933572182516709,0.7933572182516709,0.7933572182516709,0.7933572182516709,0.7933572182516709,0.7933572182516709,0.7933572182516709,0.7933572182516709
1047750,Backdoor,TreeSHAP,0.7933572182516709,0.793357218251671,0.9000000000000001,0.0,0.0,0.0,0.0,0.0,0.0,0.0,0.0,0.0,0.0,0.0,0.7933572182516709,0.7933572182516709,0.7933572182516709,0.7933572182516709,0.7933572182516709,0.7933572182516709,0.7933572182516709,0.7933572182516709,0.7933572182516709
1047750,Backdoor,Random,0.7933572182516709,0.793357218251671,0.0,0.0,0.0,0.0,0.0,0.0,0.0,0.0,0.0,0.0,0.0,0.0,0.0,0.0,0.0,0.0,0.0,0.0,0.0,0.0,0.0
1049729,Backdoor,LIME,0.7595498706366879,0.7595498706366879,0.8816083446364599,0.0,0.0,0.0,0.0,0.0,0.0,0.0,0.0,0.0,0.0,0.0,0.7933572182516709,0.7933572182516709,0.7933572182516709,0.7933572182516709,0.7045652336403586,0.7045652336403586,0.7045652336403586,0.7045652336403586,0.7045652336403586
1049729,Backdoor,TreeSHAP,0.7595498706366879,0.7595498706366879,0.9400587427234763,0.0,0.0,0.0,0.0,0.0,0.0,0.0,0.0,0.0,0.0,0.0,0.7933572182516709,0.7933572182516709,0.7933572182516709,0.7933572182516709,0.7933572182516709,0.7933572182516709,0.7933572182516709,0.7933572182516709,0.7933572182516709
1049729,Backdoor,Random,0.7595498706366879,0.0,0.0,0.7595498706366879,0.7595498706366879,0.7595498706366879,0.7595498706366879,0.7595498706366879,0.7595498706366879,0.7595498706366879,0.7595498706366879,0.7595498706366879,0.7595498706366879,0.0,0.0,0.0,0.0,0.0,0.0,0.0,0.0,0.0,0.0
1607651,Backdoor,LIME,0.7933572182516709,0.793357218251671,0.9000000000000001,0.0,0.0,0.0,0.0,0.0,0.0,0.0,0.0,0.0,0.0,0.0,0.7933572182516709,0.7933572182516709,0.7933572182516709,0.7933572182516709,0.7933572182516709,0.7933572182516709,0.7933572182516709,0.7933572182516709,0.7933572182516709
1607651,Backdoor,TreeSHAP,0.7933572182516709,0.793357218251671,0.8,0.0,0.0,0.0,0.0,0.0,0.0,0.0,0.0,0.0,0.0,0.0,0.0,0.7933572182516709,0.7933572182516709,0.7933572182516709,0.7933572182516709,0.7933572182516709,0.7933572182516709,0.7933572182516709,0.7933572182516709
1607651,Backdoor,Random,0.7933572182516709,0.0,0.0,0.7933572182516709,0.7933572182516709,0.7933572182516709,0.7933572182516709,0.7933572182516709,0.7933572182516709,0.7933572182516709,0.7933572182516709,0.7933572182516709,0.7933572182516709,0.0,0.0,0.0,0.0,0.0,0.0,0.0,0.0,0.0,0.0
996567,Backdoor,LIME,0.6566456178747329,0.6566456178747329,0.4806055128295682,0.0,0.0,0.0,0.0,0.0,0.0,0.0,0.0,0.0,0.0,0.0,0.0,0.3944843799074683,0.3944843799074683,0.3944843799074683,0.3944843799074683,0.3944843799074683,0.3944843799074683,0.3944843799074683,0.3944843799074683
996567,Backdoor,TreeSHAP,0.6566456178747329,0.6566456178747329,0.12004371018014873,0.0,0.0,0.0,0.0,0.0,0.0,0.0,0.0,0.0,0.0,0.0,0.0,0.0,0.0,0.7882617624321913,0.0,0.0,0.0,0.0,0.0
996567,Backdoor,Random,0.6566456178747329,0.6566456178747329,0.0,0.0,0.0,0.0,0.0,0.0,0.0,0.0,0.0,0.0,0.0,0.0,0.0,0.0,0.0,0.0,0.0,0.0,0.0,0.0,0.0
1048137,Backdoor,LIME,0.399686578086029,0.3996865780860289,1.786453525274039,0.0,0.0,0.0,0.0,0.0,0.0,0.0,0.0,0.0,0.0,0.0,0.7933572182516709,0.7933572182516709,0.7933572182516709,0.7933572182516709,0.7933572182516709,0.7933572182516709,0.7933572182516709,0.7933572182516709,0.7933572182516709
1048137,Backdoor,TreeSHAP,0.399686578086029,0.3996865780860289,1.786453525274039,0.0,0.0,0.0,0.0,0.0,0.0,0.0,0.0,0.0,0.0,0.0,0.7933572182516709,0.7933572182516709,0.7933572182516709,0.7933572182516709,0.7933572182516709,0.7933572182516709,0.7933572182516709,0.7933572182516709,0.7933572182516709
1048137,Backdoor,Random,0.399686578086029,-0.20393426663486078,0.0,0.399686578086029,0.7045652336403586,0.7045652336403586,0.7045652336403586,0.7045652336403586,0.7045652336403586,0.7045652336403586,0.7045652336403586,0.7045652336403586,0.0,0.0,0.0,0.0,0.0,0.0,0.0,0.0,0.0,0.0,0.0
1580263,Backdoor,LIME,0.9390847163528568,0.939084716352857,0.0,0.0,0.0,0.0,0.0,0.0,0.0,0.0,0.0,0.0,0.0,0.0,0.0,0.0,0.0,0.0,0.0,0.0,0.0,0.0,0.0
1580263,Backdoor,TreeSHAP,0.9390847163528568,0.939084716352857,0.39999999999999997,0.0,0.0,0.0,0.0,0.0,0.0,0.0,0.0,0.0,0.0,0.0,0.0,0.0,0.0,0.0,0.0,0.9390847163528568,0.9390847163528568,0.9390847163528568,0.9390847163528568
1580263,Backdoor,Random,0.9390847163528568,0.0,0.0,0.9390847163528568,0.9390847163528568,0.9390847163528568,0.9390847163528568,0.9390847163528568,0.9390847163528568,0.9390847163528568,0.9390847163528568,0.9390847163528568,0.9390847163528568,0.0,0.0,0.0,0.0,0.0,0.0,0.0,0.0,0.0,0.0
1962085,Backdoor,LIME,0.589130488315398,0.589130488315398,0.3241752303122634,0.0,0.0,0.0,0.0,0.0,0.0,0.0,0.0,0.0,0.0,0.0,0.0,0.0,0.0,0.0,0.0,0.0,0.0,0.9549075586681018,0.9549075586681018
1962085,Backdoor,TreeSHAP,0.589130488315398,0.589130488315398,0.5048189918992325,0.0,0.0,0.0,0.0,0.0,0.0,0.0,0.0,0.0,0.0,0.0,0.0,0.0,0.0,0.0,0.0,0.0,0.9913475306949395,0.9913475306949395,0.9913475306949395
1962085,Backdoor,Random,0.589130488315398,0.0,0.0,0.589130488315398,0.589130488315398,0.589130488315398,0.589130488315398,0.589130488315398,0.589130488315398,0.589130488315398,0.589130488315398,0.589130488315398,0.589130488315398,0.0,0.0,0.0,0.0,0.0,0.0,0.0,0.0,0.0,0.0
1048424,Backdoor,LIME,0.38581999911656023,0.38581999911656023,1.8506596290017372,0.0,0.0,0.0,0.0,0.0,0.0,0.0,0.0,0.0,0.0,0.0,0.7933572182516709,0.7933572182516709,0.7933572182516709,0.7933572182516709,0.7933572182516709,0.7933572182516709,0.7933572182516709,0.7933572182516709,0.7933572182516709
1048424,Backdoor,TreeSHAP,0.38581999911656023,0.38581999911656023,1.8506596290017372,0.0,0.0,0.0,0.0,0.0,0.0,0.0,0.0,0.0,0.0,0.0,0.7933572182516709,0.7933572182516709,0.7933572182516709,0.7933572182516709,0.7933572182516709,0.7933572182516709,0.7933572182516709,0.7933572182516709,0.7933572182516709
1048424,Backdoor,Random,0.38581999911656023,0.0,0.0,0.38581999911656023,0.38581999911656023,0.38581999911656023,0.38581999911656023,0.38581999911656023,0.38581999911656023,0.38581999911656023,0.38581999911656023,0.38581999911656023,0.38581999911656023,0.0,0.0,0.0,0.0,0.0,0.0,0.0,0.0,0.0,0.0
1139085,Backdoor,LIME,0.9997387778752966,0.9997387778752967,0.0,0.0,0.0,0.0,0.0,0.0,0.0,0.0,0.0,0.0,0.0,0.0,0.0,0.0,0.0,0.0,0.0,0.0,0.0,0.0,0.0
1139085,Backdoor,TreeSHAP,0.9997387778752966,0.899764900087767,0.0,0.9997387778752966,0.0,0.0,0.0,0.0,0.0,0.0,0.0,0.0,0.0,0.0,0.0,0.0,0.0,0.0,0.0,0.0,0.0,0.0,0.0
1139085,Backdoor,Random,0.9997387778752966,0.09997387778752967,0.0,0.9997387778752966,0.9997387778752966,0.9997387778752966,0.9997387778752966,0.9997387778752966,0.9997387778752966,0.9997387778752966,0.9997387778752966,0.9997387778752966,0.0,0.0,0.0,0.0,0.0,0.0,0.0,0.0,0.0,0.0,0.0
1712824,Backdoor,LIME,0.883099608147867,0.883099608147867,0.09659255015035731,0.0,0.0,0.0,0.0,0.0,0.0,0.0,0.0,0.0,0.0,0.0,0.0,0.4265042159389187,0.4265042159389187,0.0,0.0,0.0,0.0,0.0,0.0
1712824,Backdoor,TreeSHAP,0.883099608147867,0.883099608147867,0.6,0.0,0.0,0.0,0.0,0.0,0.0,0.0,0.0,0.0,0.0,0.0,0.0,0.0,0.0,0.883099608147867,0.883099608147867,0.883099608147867,0.883099608147867,0.883099608147867,0.883099608147867
1712824,Backdoor,Random,0.883099608147867,0.5298597648887202,0.0,0.883099608147867,0.883099608147867,0.883099608147867,0.883099608147867,0.0,0.0,0.0,0.0,0.0,0.0,0.0,0.0,0.0,0.0,0.0,0.0,0.0,0.0,0.0,0.0
1330003,Backdoor,LIME,1.0,1.0,0.0,0.0,0.0,0.0,0.0,0.0,0.0,0.0,0.0,0.0,0.0,0.0,0.0,0.0,0.0,0.0,0.0,0.0,0.0,0.0,0.0
1330003,Backdoor,TreeSHAP,1.0,0.9,0.6,1.0,0.0,0.0,0.0,0.0,0.0,0.0,0.0,0.0,0.0,0.0,0.0,0.0,0.0,1.0,1.0,1.0,1.0,1.0,1.0
1330003,Backdoor,Random,1.0,0.4,0.0,1.0,1.0,1.0,1.0,1.0,1.0,0.0,0.0,0.0,0.0,0.0,0.0,0.0,0.0,0.0,0.0,0.0,0.0,0.0,0.0
1324018,Backdoor,LIME,1.0,1.0,0.07882617624321912,0.0,0.0,0.0,0.0,0.0,0.0,0.0,0.0,0.0,0.0,0.0,0.0,0.0,0.0,0.0,0.0,0.7882617624321913,0.0,0.0,0.0
1324018,Backdoor,TreeSHAP,1.0,0.8,0.0,1.0,1.0,0.0,0.0,0.0,0.0,0.0,0.0,0.0,0.0,0.0,0.0,0.0,0.0,0.0,0.0,0.0,0.0,0.0,0.0
1324018,Backdoor,Random,1.0,0.3,0.0,1.0,1.0,1.0,1.0,1.0,1.0,1.0,0.0,0.0,0.0,0.0,0.0,0.0,0.0,0.0,0.0,0.0,0.0,0.0,0.0
1081413,Backdoor,LIME,1.0,1.0,0.0,0.0,0.0,0.0,0.0,0.0,0.0,0.0,0.0,0.0,0.0,0.0,0.0,0.0,0.0,0.0,0.0,0.0,0.0,0.0,0.0
1081413,Backdoor,TreeSHAP,1.0,1.0,0.0,0.0,0.0,0.0,0.0,0.0,0.0,0.0,0.0,0.0,0.0,0.0,0.0,0.0,0.0,0.0,0.0,0.0,0.0,0.0,0.0
1081413,Backdoor,Random,1.0,0.9,0.0,1.0,0.0,0.0,0.0,0.0,0.0,0.0,0.0,0.0,0.0,0.0,0.0,0.0,0.0,0.0,0.0,0.0,0.0,0.0,0.0
29559,Backdoor,LIME,0.6045828430419925,0.6045828430419925,1.0493077372647714,0.0,0.0,0.0,0.0,0.0,0.0,0.0,0.0,0.0,0.0,0.0,0.7933572182516709,0.7933572182516709,0.7933572182516709,0.7933572182516709,0.6341011354416543,0.6341011354416543,0.6341011354416543,0.6341011354416543,0.6341011354416543
29559,Backdoor,TreeSHAP,0.6045828430419925,0.6045828430419925,0.2624478108772818,0.0,0.0,0.0,0.0,0.0,0.0,0.0,0.0,0.0,0.0,0.0,0.0,0.7933572182516709,0.7933572182516709,0.0,0.0,0.0,0.0,0.0,0.0
29559,Backdoor,Random,0.6045828430419925,0.0427473088644022,0.0,0.6045828430419925,0.6045828430419925,0.6045828430419925,0.6341011354416543,0.6341011354416543,0.6341011354416543,0.6341011354416543,0.6341011354416543,0.6341011354416543,0.0,0.0,0.0,0.0,0.0,0.0,0.0,0.0,0.0,0.0,0.0
1769578,Backdoor,LIME,0.9930885618812395,0.9930885618812397,0.0,0.0,0.0,0.0,0.0,0.0,0.0,0.0,0.0,0.0,0.0,0.0,0.0,0.0,0.0,0.0,0.0,0.0,0.0,0.0,0.0
1769578,Backdoor,TreeSHAP,0.9930885618812395,0.9930885618812397,0.0,0.0,0.0,0.0,0.0,0.0,0.0,0.0,0.0,0.0,0.0,0.0,0.0,0.0,0.0,0.0,0.0,0.0,0.0,0.0,0.0
1769578,Backdoor,Random,0.9930885618812395,0.3972354247524958,0.0,0.9930885618812395,0.9930885618812395,0.9930885618812395,0.9930885618812395,0.9930885618812395,0.9930885618812395,0.0,0.0,0.0,0.0,0.0,0.0,0.0,0.0,0.0,0.0,0.0,0.0,0.0,0.0
1046682,Backdoor,LIME,0.7760855453665338,0.776085545366534,0.8178038856548784,0.0,0.0,0.0,0.0,0.0,0.0,0.0,0.0,0.0,0.0,0.0,0.0,0.7933572182516709,0.7933572182516709,0.7933572182516709,0.7933572182516709,0.7933572182516709,0.7933572182516709,0.7933572182516709,0.7933572182516709
1046682,Backdoor,TreeSHAP,0.7760855453665338,0.776085545366534,0.9200293713617382,0.0,0.0,0.0,0.0,0.0,0.0,0.0,0.0,0.0,0.0,0.0,0.7933572182516709,0.7933572182516709,0.7933572182516709,0.7933572182516709,0.7933572182516709,0.7933572182516709,0.7933572182516709,0.7933572182516709,0.7933572182516709
1046682,Backdoor,Random,0.7760855453665338,0.0,0.0,0.7760855453665338,0.7760855453665338,0.7760855453665338,0.7760855453665338,0.7760855453665338,0.7760855453665338,0.7760855453665338,0.7760855453665338,0.7760855453665338,0.7760855453665338,0.0,0.0,0.0,0.0,0.0,0.0,0.0,0.0,0.0,0.0
1877144,Backdoor,LIME,0.6920112578290677,0.6920112578290676,0.5546929909048413,0.0,0.0,0.0,0.0,0.0,0.0,0.0,0.0,0.0,0.0,0.0,0.4265042159389187,0.4265042159389187,0.4265042159389187,0.4265042159389187,0.4265042159389187,0.4265042159389187,0.4265042159389187,0.4265042159389187,0.4265042159389187
1877144,Backdoor,TreeSHAP,0.6920112578290677,0.6920112578290676,0.7,0.0,0.0,0.0,0.0,0.0,0.0,0.0,0.0,0.0,0.0,0.0,0.0,0.0,0.6920112578290677,0.6920112578290677,0.6920112578290677,0.6920112578290677,0.6920112578290677,0.6920112578290677,0.6920112578290677
1877144,Backdoor,Random,0.6920112578290677,0.553609006263254,0.0,0.6920112578290677,0.6920112578290677,0.0,0.0,0.0,0.0,0.0,0.0,0.0,0.0,0.0,0.0,0.0,0.0,0.0,0.0,0.0,0.0,0.0,0.0
1434528,Backdoor,LIME,0.4143906585874994,0.4143906585874994,0.0,0.0,0.0,0.0,0.0,0.0,0.0,0.0,0.0,0.0,0.0,0.0,0.0,0.0,0.0,0.0,0.0,0.0,0.0,0.0,0.0
1434528,Backdoor,TreeSHAP,0.4143906585874994,0.40054758224128095,0.5,0.1384307634621839,0.0,0.0,0.0,0.0,0.0,0.0,0.0,0.0,0.0,0.0,0.0,0.0,0.0,0.0,0.4143906585874994,0.4143906585874994,0.4143906585874994,0.4143906585874994,0.4143906585874994
1434528,Backdoor,Random,0.4143906585874994,0.12431719757624982,0.0,0.4143906585874994,0.4143906585874994,0.4143906585874994,0.4143906585874994,0.4143906585874994,0.4143906585874994,0.4143906585874994,0.0,0.0,0.0,0.0,0.0,0.0,0.0,0.0,0.0,0.0,0.0,0.0,0.0
1049280,Backdoor,LIME,0.7933572182516709,0.793357218251671,0.9000000000000001,0.0,0.0,0.0,0.0,0.0,0.0,0.0,0.0,0.0,0.0,0.0,0.7933572182516709,0.7933572182516709,0.7933572182516709,0.7933572182516709,0.7933572182516709,0.7933572182516709,0.7933572182516709,0.7933572182516709,0.7933572182516709
1049280,Backdoor,TreeSHAP,0.7933572182516709,0.793357218251671,0.9000000000000001,0.0,0.0,0.0,0.0,0.0,0.0,0.0,0.0,0.0,0.0,0.0,0.7933572182516709,0.7933572182516709,0.7933572182516709,0.7933572182516709,0.7933572182516709,0.7933572182516709,0.7933572182516709,0.7933572182516709,0.7933572182516709
1049280,Backdoor,Random,0.7933572182516709,0.5553500527761697,0.30000000000000004,0.7933572182516709,0.7933572182516709,0.7933572182516709,0.0,0.0,0.0,0.0,0.0,0.0,0.0,0.0,0.0,0.0,0.0,0.0,0.0,0.0,0.7933572182516709,0.7933572182516709,0.7933572182516709
1012830,Backdoor,LIME,0.414765689379161,0.41476568937916103,0.03796426590218099,0.0,0.0,0.0,0.0,0.0,0.0,0.0,0.0,0.0,0.0,0.0,0.0,0.07873137459345936,0.07873137459345936,0.0,0.0,0.0,0.0,0.0,0.0
1012830,Backdoor,TreeSHAP,0.414765689379161,0.2903359825654127,0.22758147602587225,0.414765689379161,0.414765689379161,0.414765689379161,0.0,0.0,0.0,0.0,0.0,0.0,0.0,0.0,0.0,0.0,0.0,0.1573216463229965,0.1573216463229965,0.1573216463229965,0.1573216463229965,0.1573216463229965,0.1573216463229965
1012830,Backdoor,Random,0.414765689379161,0.0,0.0,0.414765689379161,0.414765689379161,0.414765689379161,0.414765689379161,0.414765689379161,0.414765689379161,0.414765689379161,0.414765689379161,0.414765689379161,0.414765689379161,0.0,0.0,0.0,0.0,0.0,0.0,0.0,0.0,0.0,0.0
1396760,Backdoor,LIME,1.0,1.0,0.0,0.0,0.0,0.0,0.0,0.0,0.0,0.0,0.0,0.0,0.0,0.0,0.0,0.0,0.0,0.0,0.0,0.0,0.0,0.0,0.0
1396760,Backdoor,TreeSHAP,1.0,1.0,0.0,0.0,0.0,0.0,0.0,0.0,0.0,0.0,0.0,0.0,0.0,0.0,0.0,0.0,0.0,0.0,0.0,0.0,0.0,0.0,0.0
1396760,Backdoor,Random,1.0,0.9,0.0,1.0,0.0,0.0,0.0,0.0,0.0,0.0,0.0,0.0,0.0,0.0,0.0,0.0,0.0,0.0,0.0,0.0,0.0,0.0,0.0
1495286,Backdoor,LIME,1.0,1.0,0.0,0.0,0.0,0.0,0.0,0.0,0.0,0.0,0.0,0.0,0.0,0.0,0.0,0.0,0.0,0.0,0.0,0.0,0.0,0.0,0.0
1495286,Backdoor,TreeSHAP,1.0,0.9,0.0,1.0,0.0,0.0,0.0,0.0,0.0,0.0,0.0,0.0,0.0,0.0,0.0,0.0,0.0,0.0,0.0,0.0,0.0,0.0,0.0
1495286,Backdoor,Random,1.0,0.8,0.0,1.0,1.0,0.0,0.0,0.0,0.0,0.0,0.0,0.0,0.0,0.0,0.0,0.0,0.0,0.0,0.0,0.0,0.0,0.0,0.0
1162444,Backdoor,LIME,0.3758255246605908,0.3758255246605908,0.4221944312952955,0.0,0.0,0.0,0.0,0.0,0.0,0.0,0.0,0.0,0.0,0.0,0.7933572182516709,0.7933572182516709,0.0,0.0,0.0,0.0,0.0,0.0,0.0
1162444,Backdoor,TreeSHAP,0.3758255246605908,0.3758255246605908,0.9110972156476478,0.0,0.0,0.0,0.0,0.0,0.0,0.0,0.0,0.0,0.0,0.0,0.7933572182516709,0.0,0.3758255246605908,0.3758255246605908,0.3758255246605908,0.3758255246605908,0.3758255246605908,0.3758255246605908,0.3758255246605908
1162444,Backdoor,Random,0.3758255246605908,-0.03287397089797678,0.0,0.3758255246605908,0.3758255246605908,0.3758255246605908,0.3758255246605908,0.3758255246605908,0.3758255246605908,0.3758255246605908,0.3758255246605908,0.3758255246605908,0.7045652336403586,0.0,0.0,0.0,0.0,0.0,0.0,0.0,0.0,0.0,0.0
30780,Backdoor,LIME,0.7233675982563047,0.7233675982563047,1.1023527870591339,0.0,0.0,0.0,0.0,0.0,0.0,0.0,0.0,0.0,0.0,0.9948125760122186,0.9948125760122186,0.9948125760122186,0.9948125760122186,0.9948125760122186,1.0,1.0,1.0,0.0,0.0
30780,Backdoor,TreeSHAP,0.7233675982563047,0.3233675982563047,0.3460010068475318,0.0,0.0,1.0,1.0,1.0,1.0,0.0,0.0,0.0,0.0,0.0,0.0,0.0,0.0,0.0,0.0,0.5284517591406327,0.5276722175223814,0.7233675982563047,0.7233675982563047
30780,Backdoor,Random,0.7233675982563047,0.3991778306513443,0.0,0.7233675982563047,0.7233675982563047,0.7233675982563047,0.38370385635899945,0.1146818374869484,0.1146818374869484,0.1146818374869484,0.1146818374869484,0.1146818374869484,0.1146818374869484,0.0,0.0,0.0,0.0,0.0,0.0,0.0,0.0,0.0,0.0
1292187,Backdoor,LIME,0.999927424606589,0.9999274246065891,0.0,0.0,0.0,0.0,0.0,0.0,0.0,0.0,0.0,0.0,0.0,0.0,0.0,0.0,0.0,0.0,0.0,0.0,0.0,0.0,0.0
1292187,Backdoor,TreeSHAP,0.999927424606589,0.9999274246065891,0.39999999999999997,0.0,0.0,0.0,0.0,0.0,0.0,0.0,0.0,0.0,0.0,0.0,0.0,0.0,0.0,0.0,0.0,0.999927424606589,0.999927424606589,0.999927424606589,0.999927424606589
1292187,Backdoor,Random,0.999927424606589,0.6999491972246125,0.0,0.999927424606589,0.999927424606589,0.999927424606589,0.0,0.0,0.0,0.0,0.0,0.0,0.0,0.0,0.0,0.0,0.0,0.0,0.0,0.0,0.0,0.0,0.0
1238883,Backdoor,LIME,0.56770518809342,0.56770518809342,0.13974810075561936,0.0,0.0,0.0,0.0,0.0,0.0,0.0,0.0,0.0,0.0,0.0,0.7933572182516709,0.0,0.0,0.0,0.0,0.0,0.0,0.0,0.0
1238883,Backdoor,TreeSHAP,0.56770518809342,0.56770518809342,0.13974810075561936,0.0,0.0,0.0,0.0,0.0,0.0,0.0,0.0,0.0,0.0,0.0,0.0,0.7933572182516709,0.0,0.0,0.0,0.0,0.0,0.0,0.0
1238883,Backdoor,Random,0.56770518809342,0.45416415047473596,0.0,0.56770518809342,0.56770518809342,0.0,0.0,0.0,0.0,0.0,0.0,0.0,0.0,0.0,0.0,0.0,0.0,0.0,0.0,0.0,0.0,0.0,0.0
1061202,Backdoor,LIME,0.9997387778752966,0.9997387778752967,0.0,0.0,0.0,0.0,0.0,0.0,0.0,0.0,0.0,0.0,0.0,0.0,0.0,0.0,0.0,0.0,0.0,0.0,0.0,0.0,0.0
1061202,Backdoor,TreeSHAP,0.9997387778752966,0.899764900087767,0.0,0.9997387778752966,0.0,0.0,0.0,0.0,0.0,0.0,0.0,0.0,0.0,0.0,0.0,0.0,0.0,0.0,0.0,0.0,0.0,0.0,0.0
1061202,Backdoor,Random,0.9997387778752966,0.21904436592387172,0.0,0.9997387778752966,0.9997387778752966,0.9997387778752966,0.9997387778752966,0.9997387778752966,0.9997387778752966,0.9997387778752966,0.8087726743871732,0.0,0.0,0.0,0.0,0.0,0.0,0.0,0.0,0.0,0.0,0.0,0.0
1465307,Backdoor,LIME,0.7045652336403586,0.7045652336403585,0.9504095180243513,0.0,0.0,0.0,0.0,0.0,0.0,0.0,0.0,0.0,0.0,0.0,0.7933572182516709,0.7933572182516709,0.7933572182516709,0.7933572182516709,0.7045652336403586,0.7045652336403586,0.7045652336403586,0.7045652336403586,0.7045652336403586
1465307,Backdoor,TreeSHAP,0.7045652336403586,0.7045652336403585,0.8630118975304389,0.0,0.0,0.0,0.0,0.0,0.0,0.0,0.0,0.0,0.0,0.0,0.0,0.7933572182516709,0.7933572182516709,0.7933572182516709,0.7933572182516709,0.7933572182516709,0.7045652336403586,0.7045652336403586,0.7045652336403586
1465307,Backdoor,Random,0.7045652336403586,-0.04439599230565616,0.0,0.7045652336403586,0.7045652336403586,0.7045652336403586,0.7045652336403586,0.7045652336403586,0.7933572182516709,0.7933572182516709,0.7933572182516709,0.7933572182516709,0.7933572182516709,0.0,0.0,0.0,0.0,0.0,0.0,0.0,0.0,0.0,0.0
1343890,Backdoor,LIME,0.7595498706366879,0.7595498706366879,0.0,0.0,0.0,0.0,0.0,0.0,0.0,0.0,0.0,0.0,0.0,0.0,0.0,0.0,0.0,0.0,0.0,0.0,0.0,0.0,0.0
1343890,Backdoor,TreeSHAP,0.7595498706366879,0.7595498706366879,0.6,0.0,0.0,0.0,0.0,0.0,0.0,0.0,0.0,0.0,0.0,0.0,0.0,0.0,0.0,0.7595498706366879,0.7595498706366879,0.7595498706366879,0.7595498706366879,0.7595498706366879,0.7595498706366879
1343890,Backdoor,Random,0.7595498706366879,0.4557299223820127,0.0,0.7595498706366879,0.7595498706366879,0.7595498706366879,0.7595498706366879,0.0,0.0,0.0,0.0,0.0,0.0,0.0,0.0,0.0,0.0,0.0,0.0,0.0,0.0,0.0,0.0
1434509,Backdoor,LIME,0.4902464746370683,0.4902464746370683,0.0,0.0,0.0,0.0,0.0,0.0,0.0,0.0,0.0,0.0,0.0,0.0,0.0,0.0,0.0,0.0,0.0,0.0,0.0,0.0,0.0
1434509,Backdoor,TreeSHAP,0.4902464746370683,0.4764033982908499,0.2,0.1384307634621839,0.0,0.0,0.0,0.0,0.0,0.0,0.0,0.0,0.0,0.0,0.0,0.0,0.0,0.0,0.0,0.0,0.0,0.4902464746370683,0.4902464746370683
1434509,Backdoor,Random,0.4902464746370683,0.0,0.0,0.4902464746370683,0.4902464746370683,0.4902464746370683,0.4902464746370683,0.4902464746370683,0.4902464746370683,0.4902464746370683,0.4902464746370683,0.4902464746370683,0.4902464746370683,0.0,0.0,0.0,0.0,0.0,0.0,0.0,0.0,0.0,0.0
1547887,Backdoor,LIME,1.0,1.0,0.0,0.0,0.0,0.0,0.0,0.0,0.0,0.0,0.0,0.0,0.0,0.0,0.0,0.0,0.0,0.0,0.0,0.0,0.0,0.0,0.0
1547887,Backdoor,TreeSHAP,1.0,0.9,0.08087726743871732,1.0,0.0,0.0,0.0,0.0,0.0,0.0,0.0,0.0,0.0,0.0,0.0,0.0,0.0,0.0,0.0,0.0,0.0,0.0,0.8087726743871732
1547887,Backdoor,Random,1.0,0.0,0.0,1.0,1.0,1.0,1.0,1.0,1.0,1.0,1.0,1.0,1.0,0.0,0.0,0.0,0.0,0.0,0.0,0.0,0.0,0.0,0.0
1877212,Backdoor,LIME,0.903318148276598,0.9033181482765981,0.4249375428550451,0.0,0.0,0.0,0.0,0.0,0.0,0.0,0.0,0.0,0.0,0.0,0.4265042159389187,0.4265042159389187,0.4265042159389187,0.4265042159389187,0.4265042159389187,0.4265042159389187,0.4265042159389187,0.4265042159389187,0.4265042159389187
1877212,Backdoor,TreeSHAP,0.903318148276598,0.8606677266827061,0.7,0.4265042159389187,0.0,0.0,0.0,0.0,0.0,0.0,0.0,0.0,0.0,0.0,0.0,0.0,0.903318148276598,0.903318148276598,0.903318148276598,0.903318148276598,0.903318148276598,0.903318148276598,0.903318148276598
1877212,Backdoor,Random,0.903318148276598,0.7226545186212784,0.0,0.903318148276598,0.903318148276598,0.0,0.0,0.0,0.0,0.0,0.0,0.0,0.0,0.0,0.0,0.0,0.0,0.0,0.0,0.0,0.0,0.0,0.0
1008461,Backdoor,LIME,0.41289729303055633,0.41289729303055633,0.0,0.0,0.0,0.0,0.0,0.0,0.0,0.0,0.0,0.0,0.0,0.0,0.0,0.0,0.0,0.0,0.0,0.0,0.0,0.0,0.0
1008461,Backdoor,TreeSHAP,0.41289729303055633,0.391181079224992,0.4,0.1384307634621839,0.07873137459345936,0.0,0.0,0.0,0.0,0.0,0.0,0.0,0.0,0.0,0.0,0.0,0.0,0.0,0.0,0.41289729303055633,0.41289729303055633,0.41289729303055633,0.41289729303055633
1008461,Backdoor,Random,0.41289729303055633,0.14257706503150447,0.0,0.41289729303055633,0.41289729303055633,0.41289729303055633,0.41289729303055633,0.41289729303055633,0.1277431629675474,0.1277431629675474,0.1277431629675474,0.1277431629675474,0.1277431629675474,0.0,0.0,0.0,0.0,0.0,0.0,0.0,0.0,0.0,0.0
1232837,Backdoor,LIME,0.7458101119386884,0.7458101119386884,0.0,0.0,0.0,0.0,0.0,0.0,0.0,0.0,0.0,0.0,0.0,0.0,0.0,0.0,0.0,0.0,0.0,0.0,0.0,0.0,0.0
1232837,Backdoor,TreeSHAP,0.7458101119386884,0.6712291007448196,0.2,0.7458101119386884,0.0,0.0,0.0,0.0,0.0,0.0,0.0,0.0,0.0,0.0,0.0,0.0,0.0,0.0,0.0,0.0,0.0,0.7458101119386884,0.7458101119386884
1232837,Backdoor,Random,0.7458101119386884,0.22374303358160655,0.0,0.7458101119386884,0.7458101119386884,0.7458101119386884,0.7458101119386884,0.7458101119386884,0.7458101119386884,0.7458101119386884,0.0,0.0,0.0,0.0,0.0,0.0,0.0,0.0,0.0,0.0,0.0,0.0,0.0
1236366,Backdoor,LIME,0.996725354753235,0.996725354753235,0.0,0.0,0.0,0.0,0.0,0.0,0.0,0.0,0.0,0.0,0.0,0.0,0.0,0.0,0.0,0.0,0.0,0.0,0.0,0.0,0.0
1236366,Backdoor,TreeSHAP,0.996725354753235,0.996725354753235,0.0,0.0,0.0,0.0,0.0,0.0,0.0,0.0,0.0,0.0,0.0,0.0,0.0,0.0,0.0,0.0,0.0,0.0,0.0,0.0,0.0
1236366,Backdoor,Random,0.996725354753235,0.6977077483272646,0.0,0.996725354753235,0.996725354753235,0.996725354753235,0.0,0.0,0.0,0.0,0.0,0.0,0.0,0.0,0.0,0.0,0.0,0.0,0.0,0.0,0.0,0.0,0.0
538709,Benign,LIME,1.0,0.0,1.0,1.0,1.0,1.0,1.0,1.0,1.0,1.0,1.0,1.0,1.0,1.0,1.0,1.0,1.0,1.0,1.0,1.0,1.0,1.0,1.0
538709,Benign,TreeSHAP,1.0,0.0,1.0,1.0,1.0,1.0,1.0,1.0,1.0,1.0,1.0,1.0,1.0,1.0,1.0,1.0,1.0,1.0,1.0,1.0,1.0,1.0,1.0
538709,Benign,Random,1.0,0.0,1.0,1.0,1.0,1.0,1.0,1.0,1.0,1.0,1.0,1.0,1.0,1.0,1.0,1.0,1.0,1.0,1.0,1.0,1.0,1.0,1.0
1073604,Benign,LIME,1.0,0.0,1.0,1.0,1.0,1.0,1.0,1.0,1.0,1.0,1.0,1.0,1.0,1.0,1.0,1.0,1.0,1.0,1.0,1.0,1.0,1.0,1.0
1073604,Benign,TreeSHAP,1.0,0.0,1.0,1.0,1.0,1.0,1.0,1.0,1.0,1.0,1.0,1.0,1.0,1.0,1.0,1.0,1.0,1.0,1.0,1.0,1.0,1.0,1.0
1073604,Benign,Random,1.0,0.0,1.0,1.0,1.0,1.0,1.0,1.0,1.0,1.0,1.0,1.0,1.0,1.0,1.0,1.0,1.0,1.0,1.0,1.0,1.0,1.0,1.0
1495300,Benign,LIME,1.0,0.0,1.0,1.0,1.0,1.0,1.0,1.0,1.0,1.0,1.0,1.0,1.0,1.0,1.0,1.0,1.0,1.0,1.0,1.0,1.0,1.0,1.0
1495300,Benign,TreeSHAP,1.0,0.0,1.0,1.0,1.0,1.0,1.0,1.0,1.0,1.0,1.0,1.0,1.0,1.0,1.0,1.0,1.0,1.0,1.0,1.0,1.0,1.0,1.0
1495300,Benign,Random,1.0,0.0,1.0,1.0,1.0,1.0,1.0,1.0,1.0,1.0,1.0,1.0,1.0,1.0,1.0,1.0,1.0,1.0,1.0,1.0,1.0,1.0,1.0
148348,Benign,LIME,1.0,0.0,1.0,1.0,1.0,1.0,1.0,1.0,1.0,1.0,1.0,1.0,1.0,1.0,1.0,1.0,1.0,1.0,1.0,1.0,1.0,1.0,1.0
148348,Benign,TreeSHAP,1.0,0.0,1.0,1.0,1.0,1.0,1.0,1.0,1.0,1.0,1.0,1.0,1.0,1.0,1.0,1.0,1.0,1.0,1.0,1.0,1.0,1.0,1.0
148348,Benign,Random,1.0,0.0,1.0,1.0,1.0,1.0,1.0,1.0,1.0,1.0,1.0,1.0,1.0,1.0,1.0,1.0,1.0,1.0,1.0,1.0,1.0,1.0,1.0
1662917,Benign,LIME,1.0,0.0,1.0,1.0,1.0,1.0,1.0,1.0,1.0,1.0,1.0,1.0,1.0,1.0,1.0,1.0,1.0,1.0,1.0,1.0,1.0,1.0,1.0
1662917,Benign,TreeSHAP,1.0,0.0,1.0,1.0,1.0,1.0,1.0,1.0,1.0,1.0,1.0,1.0,1.0,1.0,1.0,1.0,1.0,1.0,1.0,1.0,1.0,1.0,1.0
1662917,Benign,Random,1.0,0.0,1.0,1.0,1.0,1.0,1.0,1.0,1.0,1.0,1.0,1.0,1.0,1.0,1.0,1.0,1.0,1.0,1.0,1.0,1.0,1.0,1.0
162798,Benign,LIME,1.0,0.0,1.0,1.0,1.0,1.0,1.0,1.0,1.0,1.0,1.0,1.0,1.0,1.0,1.0,1.0,1.0,1.0,1.0,1.0,1.0,1.0,1.0
162798,Benign,TreeSHAP,1.0,0.0,1.0,1.0,1.0,1.0,1.0,1.0,1.0,1.0,1.0,1.0,1.0,1.0,1.0,1.0,1.0,1.0,1.0,1.0,1.0,1.0,1.0
162798,Benign,Random,1.0,0.0,1.0,1.0,1.0,1.0,1.0,1.0,1.0,1.0,1.0,1.0,1.0,1.0,1.0,1.0,1.0,1.0,1.0,1.0,1.0,1.0,1.0
1696280,Benign,LIME,1.0,0.0,1.0,1.0,1.0,1.0,1.0,1.0,1.0,1.0,1.0,1.0,1.0,1.0,1.0,1.0,1.0,1.0,1.0,1.0,1.0,1.0,1.0
1696280,Benign,TreeSHAP,1.0,0.0,1.0,1.0,1.0,1.0,1.0,1.0,1.0,1.0,1.0,1.0,1.0,1.0,1.0,1.0,1.0,1.0,1.0,1.0,1.0,1.0,1.0
1696280,Benign,Random,1.0,0.0,1.0,1.0,1.0,1.0,1.0,1.0,1.0,1.0,1.0,1.0,1.0,1.0,1.0,1.0,1.0,1.0,1.0,1.0,1.0,1.0,1.0
1807777,Benign,LIME,1.0,0.0,1.0,1.0,1.0,1.0,1.0,1.0,1.0,1.0,1.0,1.0,1.0,1.0,1.0,1.0,1.0,1.0,1.0,1.0,1.0,1.0,1.0
1807777,Benign,TreeSHAP,1.0,0.0,1.0,1.0,1.0,1.0,1.0,1.0,1.0,1.0,1.0,1.0,1.0,1.0,1.0,1.0,1.0,1.0,1.0,1.0,1.0,1.0,1.0
1807777,Benign,Random,1.0,0.0,1.0,1.0,1.0,1.0,1.0,1.0,1.0,1.0,1.0,1.0,1.0,1.0,1.0,1.0,1.0,1.0,1.0,1.0,1.0,1.0,1.0
236417,Benign,LIME,1.0,0.0,1.0,1.0,1.0,1.0,1.0,1.0,1.0,1.0,1.0,1.0,1.0,1.0,1.0,1.0,1.0,1.0,1.0,1.0,1.0,1.0,1.0
236417,Benign,TreeSHAP,1.0,0.0,1.0,1.0,1.0,1.0,1.0,1.0,1.0,1.0,1.0,1.0,1.0,1.0,1.0,1.0,1.0,1.0,1.0,1.0,1.0,1.0,1.0
236417,Benign,Random,1.0,0.0,1.0,1.0,1.0,1.0,1.0,1.0,1.0,1.0,1.0,1.0,1.0,1.0,1.0,1.0,1.0,1.0,1.0,1.0,1.0,1.0,1.0
512132,Benign,LIME,1.0,0.0,1.0,1.0,1.0,1.0,1.0,1.0,1.0,1.0,1.0,1.0,1.0,1.0,1.0,1.0,1.0,1.0,1.0,1.0,1.0,1.0,1.0
512132,Benign,TreeSHAP,1.0,0.0,1.0,1.0,1.0,1.0,1.0,1.0,1.0,1.0,1.0,1.0,1.0,1.0,1.0,1.0,1.0,1.0,1.0,1.0,1.0,1.0,1.0
512132,Benign,Random,1.0,0.0,1.0,1.0,1.0,1.0,1.0,1.0,1.0,1.0,1.0,1.0,1.0,1.0,1.0,1.0,1.0,1.0,1.0,1.0,1.0,1.0,1.0
189264,Benign,LIME,1.0,0.0,1.0,1.0,1.0,1.0,1.0,1.0,1.0,1.0,1.0,1.0,1.0,1.0,1.0,1.0,1.0,1.0,1.0,1.0,1.0,1.0,1.0
189264,Benign,TreeSHAP,1.0,0.0,1.0,1.0,1.0,1.0,1.0,1.0,1.0,1.0,1.0,1.0,1.0,1.0,1.0,1.0,1.0,1.0,1.0,1.0,1.0,1.0,1.0
189264,Benign,Random,1.0,0.0,1.0,1.0,1.0,1.0,1.0,1.0,1.0,1.0,1.0,1.0,1.0,1.0,1.0,1.0,1.0,1.0,1.0,1.0,1.0,1.0,1.0
1012594,Benign,LIME,1.0,0.0,1.0,1.0,1.0,1.0,1.0,1.0,1.0,1.0,1.0,1.0,1.0,1.0,1.0,1.0,1.0,1.0,1.0,1.0,1.0,1.0,1.0
1012594,Benign,TreeSHAP,1.0,0.0,1.0,1.0,1.0,1.0,1.0,1.0,1.0,1.0,1.0,1.0,1.0,1.0,1.0,1.0,1.0,1.0,1.0,1.0,1.0,1.0,1.0
1012594,Benign,Random,1.0,0.0,1.0,1.0,1.0,1.0,1.0,1.0,1.0,1.0,1.0,1.0,1.0,1.0,1.0,1.0,1.0,1.0,1.0,1.0,1.0,1.0,1.0
784017,Benign,LIME,1.0,0.0,1.0,1.0,1.0,1.0,1.0,1.0,1.0,1.0,1.0,1.0,1.0,1.0,1.0,1.0,1.0,1.0,1.0,1.0,1.0,1.0,1.0
784017,Benign,TreeSHAP,1.0,0.0,1.0,1.0,1.0,1.0,1.0,1.0,1.0,1.0,1.0,1.0,1.0,1.0,1.0,1.0,1.0,1.0,1.0,1.0,1.0,1.0,1.0
784017,Benign,Random,1.0,0.0,1.0,1.0,1.0,1.0,1.0,1.0,1.0,1.0,1.0,1.0,1.0,1.0,1.0,1.0,1.0,1.0,1.0,1.0,1.0,1.0,1.0
1832736,Benign,LIME,1.0,0.0,1.0,1.0,1.0,1.0,1.0,1.0,1.0,1.0,1.0,1.0,1.0,1.0,1.0,1.0,1.0,1.0,1.0,1.0,1.0,1.0,1.0
1832736,Benign,TreeSHAP,1.0,0.0,1.0,1.0,1.0,1.0,1.0,1.0,1.0,1.0,1.0,1.0,1.0,1.0,1.0,1.0,1.0,1.0,1.0,1.0,1.0,1.0,1.0
1832736,Benign,Random,1.0,0.0,1.0,1.0,1.0,1.0,1.0,1.0,1.0,1.0,1.0,1.0,1.0,1.0,1.0,1.0,1.0,1.0,1.0,1.0,1.0,1.0,1.0
1344962,Benign,LIME,1.0,0.0,1.0,1.0,1.0,1.0,1.0,1.0,1.0,1.0,1.0,1.0,1.0,1.0,1.0,1.0,1.0,1.0,1.0,1.0,1.0,1.0,1.0
1344962,Benign,TreeSHAP,1.0,0.0,1.0,1.0,1.0,1.0,1.0,1.0,1.0,1.0,1.0,1.0,1.0,1.0,1.0,1.0,1.0,1.0,1.0,1.0,1.0,1.0,1.0
1344962,Benign,Random,1.0,0.0,1.0,1.0,1.0,1.0,1.0,1.0,1.0,1.0,1.0,1.0,1.0,1.0,1.0,1.0,1.0,1.0,1.0,1.0,1.0,1.0,1.0
655924,Benign,LIME,1.0,0.0,1.0,1.0,1.0,1.0,1.0,1.0,1.0,1.0,1.0,1.0,1.0,1.0,1.0,1.0,1.0,1.0,1.0,1.0,1.0,1.0,1.0
655924,Benign,TreeSHAP,1.0,0.0,1.0,1.0,1.0,1.0,1.0,1.0,1.0,1.0,1.0,1.0,1.0,1.0,1.0,1.0,1.0,1.0,1.0,1.0,1.0,1.0,1.0
655924,Benign,Random,1.0,0.0,1.0,1.0,1.0,1.0,1.0,1.0,1.0,1.0,1.0,1.0,1.0,1.0,1.0,1.0,1.0,1.0,1.0,1.0,1.0,1.0,1.0
1089862,Benign,LIME,1.0,0.0,1.0,1.0,1.0,1.0,1.0,1.0,1.0,1.0,1.0,1.0,1.0,1.0,1.0,1.0,1.0,1.0,1.0,1.0,1.0,1.0,1.0
1089862,Benign,TreeSHAP,1.0,0.0,1.0,1.0,1.0,1.0,1.0,1.0,1.0,1.0,1.0,1.0,1.0,1.0,1.0,1.0,1.0,1.0,1.0,1.0,1.0,1.0,1.0
1089862,Benign,Random,1.0,0.0,1.0,1.0,1.0,1.0,1.0,1.0,1.0,1.0,1.0,1.0,1.0,1.0,1.0,1.0,1.0,1.0,1.0,1.0,1.0,1.0,1.0
367103,Benign,LIME,1.0,0.0,1.0,1.0,1.0,1.0,1.0,1.0,1.0,1.0,1.0,1.0,1.0,1.0,1.0,1.0,1.0,1.0,1.0,1.0,1.0,1.0,1.0
367103,Benign,TreeSHAP,1.0,0.0,1.0,1.0,1.0,1.0,1.0,1.0,1.0,1.0,1.0,1.0,1.0,1.0,1.0,1.0,1.0,1.0,1.0,1.0,1.0,1.0,1.0
367103,Benign,Random,1.0,0.0,1.0,1.0,1.0,1.0,1.0,1.0,1.0,1.0,1.0,1.0,1.0,1.0,1.0,1.0,1.0,1.0,1.0,1.0,1.0,1.0,1.0
1490660,Benign,LIME,1.0,0.0,1.0,1.0,1.0,1.0,1.0,1.0,1.0,1.0,1.0,1.0,1.0,1.0,1.0,1.0,1.0,1.0,1.0,1.0,1.0,1.0,1.0
1490660,Benign,TreeSHAP,1.0,0.0,1.0,1.0,1.0,1.0,1.0,1.0,1.0,1.0,1.0,1.0,1.0,1.0,1.0,1.0,1.0,1.0,1.0,1.0,1.0,1.0,1.0
1490660,Benign,Random,1.0,0.0,1.0,1.0,1.0,1.0,1.0,1.0,1.0,1.0,1.0,1.0,1.0,1.0,1.0,1.0,1.0,1.0,1.0,1.0,1.0,1.0,1.0
886235,Benign,LIME,1.0,0.0,1.0,1.0,1.0,1.0,1.0,1.0,1.0,1.0,1.0,1.0,1.0,1.0,1.0,1.0,1.0,1.0,1.0,1.0,1.0,1.0,1.0
886235,Benign,TreeSHAP,1.0,0.0,1.0,1.0,1.0,1.0,1.0,1.0,1.0,1.0,1.0,1.0,1.0,1.0,1.0,1.0,1.0,1.0,1.0,1.0,1.0,1.0,1.0
886235,Benign,Random,1.0,0.0,1.0,1.0,1.0,1.0,1.0,1.0,1.0,1.0,1.0,1.0,1.0,1.0,1.0,1.0,1.0,1.0,1.0,1.0,1.0,1.0,1.0
762115,Benign,LIME,1.0,0.0,1.0,1.0,1.0,1.0,1.0,1.0,1.0,1.0,1.0,1.0,1.0,1.0,1.0,1.0,1.0,1.0,1.0,1.0,1.0,1.0,1.0
762115,Benign,TreeSHAP,1.0,0.0,1.0,1.0,1.0,1.0,1.0,1.0,1.0,1.0,1.0,1.0,1.0,1.0,1.0,1.0,1.0,1.0,1.0,1.0,1.0,1.0,1.0
762115,Benign,Random,1.0,0.0,1.0,1.0,1.0,1.0,1.0,1.0,1.0,1.0,1.0,1.0,1.0,1.0,1.0,1.0,1.0,1.0,1.0,1.0,1.0,1.0,1.0
1739598,Benign,LIME,1.0,0.0,1.0,1.0,1.0,1.0,1.0,1.0,1.0,1.0,1.0,1.0,1.0,1.0,1.0,1.0,1.0,1.0,1.0,1.0,1.0,1.0,1.0
1739598,Benign,TreeSHAP,1.0,0.0,1.0,1.0,1.0,1.0,1.0,1.0,1.0,1.0,1.0,1.0,1.0,1.0,1.0,1.0,1.0,1.0,1.0,1.0,1.0,1.0,1.0
1739598,Benign,Random,1.0,0.0,1.0,1.0,1.0,1.0,1.0,1.0,1.0,1.0,1.0,1.0,1.0,1.0,1.0,1.0,1.0,1.0,1.0,1.0,1.0,1.0,1.0
1685876,Benign,LIME,1.0,0.0,1.0,1.0,1.0,1.0,1.0,1.0,1.0,1.0,1.0,1.0,1.0,1.0,1.0,1.0,1.0,1.0,1.0,1.0,1.0,1.0,1.0
1685876,Benign,TreeSHAP,1.0,0.0,1.0,1.0,1.0,1.0,1.0,1.0,1.0,1.0,1.0,1.0,1.0,1.0,1.0,1.0,1.0,1.0,1.0,1.0,1.0,1.0,1.0
1685876,Benign,Random,1.0,0.0,1.0,1.0,1.0,1.0,1.0,1.0,1.0,1.0,1.0,1.0,1.0,1.0,1.0,1.0,1.0,1.0,1.0,1.0,1.0,1.0,1.0
1440305,Benign,LIME,1.0,0.0,1.0,1.0,1.0,1.0,1.0,1.0,1.0,1.0,1.0,1.0,1.0,1.0,1.0,1.0,1.0,1.0,1.0,1.0,1.0,1.0,1.0
1440305,Benign,TreeSHAP,1.0,0.0,1.0,1.0,1.0,1.0,1.0,1.0,1.0,1.0,1.0,1.0,1.0,1.0,1.0,1.0,1.0,1.0,1.0,1.0,1.0,1.0,1.0
1440305,Benign,Random,1.0,0.0,1.0,1.0,1.0,1.0,1.0,1.0,1.0,1.0,1.0,1.0,1.0,1.0,1.0,1.0,1.0,1.0,1.0,1.0,1.0,1.0,1.0
1152155,Benign,LIME,1.0,0.0,1.0,1.0,1.0,1.0,1.0,1.0,1.0,1.0,1.0,1.0,1.0,1.0,1.0,1.0,1.0,1.0,1.0,1.0,1.0,1.0,1.0
1152155,Benign,TreeSHAP,1.0,0.0,1.0,1.0,1.0,1.0,1.0,1.0,1.0,1.0,1.0,1.0,1.0,1.0,1.0,1.0,1.0,1.0,1.0,1.0,1.0,1.0,1.0
1152155,Benign,Random,1.0,0.0,1.0,1.0,1.0,1.0,1.0,1.0,1.0,1.0,1.0,1.0,1.0,1.0,1.0,1.0,1.0,1.0,1.0,1.0,1.0,1.0,1.0
346542,Benign,LIME,1.0,0.0,1.0,1.0,1.0,1.0,1.0,1.0,1.0,1.0,1.0,1.0,1.0,1.0,1.0,1.0,1.0,1.0,1.0,1.0,1.0,1.0,1.0
346542,Benign,TreeSHAP,1.0,0.0,1.0,1.0,1.0,1.0,1.0,1.0,1.0,1.0,1.0,1.0,1.0,1.0,1.0,1.0,1.0,1.0,1.0,1.0,1.0,1.0,1.0
346542,Benign,Random,1.0,0.0,1.0,1.0,1.0,1.0,1.0,1.0,1.0,1.0,1.0,1.0,1.0,1.0,1.0,1.0,1.0,1.0,1.0,1.0,1.0,1.0,1.0
1512639,Benign,LIME,1.0,0.0,1.0,1.0,1.0,1.0,1.0,1.0,1.0,1.0,1.0,1.0,1.0,1.0,1.0,1.0,1.0,1.0,1.0,1.0,1.0,1.0,1.0
1512639,Benign,TreeSHAP,1.0,0.0,1.0,1.0,1.0,1.0,1.0,1.0,1.0,1.0,1.0,1.0,1.0,1.0,1.0,1.0,1.0,1.0,1.0,1.0,1.0,1.0,1.0
1512639,Benign,Random,1.0,0.0,1.0,1.0,1.0,1.0,1.0,1.0,1.0,1.0,1.0,1.0,1.0,1.0,1.0,1.0,1.0,1.0,1.0,1.0,1.0,1.0,1.0
791805,Benign,LIME,1.0,0.0,1.0,1.0,1.0,1.0,1.0,1.0,1.0,1.0,1.0,1.0,1.0,1.0,1.0,1.0,1.0,1.0,1.0,1.0,1.0,1.0,1.0
791805,Benign,TreeSHAP,1.0,0.0,1.0,1.0,1.0,1.0,1.0,1.0,1.0,1.0,1.0,1.0,1.0,1.0,1.0,1.0,1.0,1.0,1.0,1.0,1.0,1.0,1.0
791805,Benign,Random,1.0,0.0,1.0,1.0,1.0,1.0,1.0,1.0,1.0,1.0,1.0,1.0,1.0,1.0,1.0,1.0,1.0,1.0,1.0,1.0,1.0,1.0,1.0
675546,Benign,LIME,1.0,0.0,1.0,1.0,1.0,1.0,1.0,1.0,1.0,1.0,1.0,1.0,1.0,1.0,1.0,1.0,1.0,1.0,1.0,1.0,1.0,1.0,1.0
675546,Benign,TreeSHAP,1.0,0.0,1.0,1.0,1.0,1.0,1.0,1.0,1.0,1.0,1.0,1.0,1.0,1.0,1.0,1.0,1.0,1.0,1.0,1.0,1.0,1.0,1.0
675546,Benign,Random,1.0,0.0,1.0,1.0,1.0,1.0,1.0,1.0,1.0,1.0,1.0,1.0,1.0,1.0,1.0,1.0,1.0,1.0,1.0,1.0,1.0,1.0,1.0
1775211,Benign,LIME,1.0,0.0,1.0,1.0,1.0,1.0,1.0,1.0,1.0,1.0,1.0,1.0,1.0,1.0,1.0,1.0,1.0,1.0,1.0,1.0,1.0,1.0,1.0
1775211,Benign,TreeSHAP,1.0,0.0,1.0,1.0,1.0,1.0,1.0,1.0,1.0,1.0,1.0,1.0,1.0,1.0,1.0,1.0,1.0,1.0,1.0,1.0,1.0,1.0,1.0
1775211,Benign,Random,1.0,0.0,1.0,1.0,1.0,1.0,1.0,1.0,1.0,1.0,1.0,1.0,1.0,1.0,1.0,1.0,1.0,1.0,1.0,1.0,1.0,1.0,1.0
1599583,Benign,LIME,1.0,0.0,0.005187423987781235,1.0,1.0,1.0,1.0,1.0,1.0,1.0,1.0,1.0,1.0,0.005187423987781235,0.005187423987781235,0.005187423987781235,0.005187423987781235,0.005187423987781235,0.005187423987781235,0.005187423987781235,0.005187423987781235,0.005187423987781235,0.005187423987781235
1599583,Benign,TreeSHAP,1.0,0.6,1.0,0.0,0.0,0.0,0.0,0.0,0.0,1.0,1.0,1.0,1.0,1.0,1.0,1.0,1.0,1.0,1.0,1.0,1.0,1.0,1.0
1599583,Benign,Random,1.0,0.0,0.30363119679144684,1.0,1.0,1.0,1.0,1.0,1.0,1.0,1.0,1.0,1.0,1.0,1.0,1.0,0.005187423987781235,0.005187423987781235,0.005187423987781235,0.005187423987781235,0.005187423987781235,0.005187423987781235,0.005187423987781235
1701819,Benign,LIME,1.0,0.0,1.0,1.0,1.0,1.0,1.0,1.0,1.0,1.0,1.0,1.0,1.0,1.0,1.0,1.0,1.0,1.0,1.0,1.0,1.0,1.0,1.0
1701819,Benign,TreeSHAP,1.0,0.0,1.0,1.0,1.0,1.0,1.0,1.0,1.0,1.0,1.0,1.0,1.0,1.0,1.0,1.0,1.0,1.0,1.0,1.0,1.0,1.0,1.0
1701819,Benign,Random,1.0,0.0,1.0,1.0,1.0,1.0,1.0,1.0,1.0,1.0,1.0,1.0,1.0,1.0,1.0,1.0,1.0,1.0,1.0,1.0,1.0,1.0,1.0
632209,Benign,LIME,1.0,0.0,1.0,1.0,1.0,1.0,1.0,1.0,1.0,1.0,1.0,1.0,1.0,1.0,1.0,1.0,1.0,1.0,1.0,1.0,1.0,1.0,1.0
632209,Benign,TreeSHAP,1.0,0.0,1.0,1.0,1.0,1.0,1.0,1.0,1.0,1.0,1.0,1.0,1.0,1.0,1.0,1.0,1.0,1.0,1.0,1.0,1.0,1.0,1.0
632209,Benign,Random,1.0,0.0,1.0,1.0,1.0,1.0,1.0,1.0,1.0,1.0,1.0,1.0,1.0,1.0,1.0,1.0,1.0,1.0,1.0,1.0,1.0,1.0,1.0
1973615,Benign,LIME,1.0,0.0,1.0,1.0,1.0,1.0,1.0,1.0,1.0,1.0,1.0,1.0,1.0,1.0,1.0,1.0,1.0,1.0,1.0,1.0,1.0,1.0,1.0
1973615,Benign,TreeSHAP,1.0,0.0,1.0,1.0,1.0,1.0,1.0,1.0,1.0,1.0,1.0,1.0,1.0,1.0,1.0,1.0,1.0,1.0,1.0,1.0,1.0,1.0,1.0
1973615,Benign,Random,1.0,0.0,1.0,1.0,1.0,1.0,1.0,1.0,1.0,1.0,1.0,1.0,1.0,1.0,1.0,1.0,1.0,1.0,1.0,1.0,1.0,1.0,1.0
989598,Benign,LIME,1.0,0.0,1.0,1.0,1.0,1.0,1.0,1.0,1.0,1.0,1.0,1.0,1.0,1.0,1.0,1.0,1.0,1.0,1.0,1.0,1.0,1.0,1.0
989598,Benign,TreeSHAP,1.0,0.0,1.0,1.0,1.0,1.0,1.0,1.0,1.0,1.0,1.0,1.0,1.0,1.0,1.0,1.0,1.0,1.0,1.0,1.0,1.0,1.0,1.0
989598,Benign,Random,1.0,0.0,1.0,1.0,1.0,1.0,1.0,1.0,1.0,1.0,1.0,1.0,1.0,1.0,1.0,1.0,1.0,1.0,1.0,1.0,1.0,1.0,1.0
193128,Benign,LIME,1.0,0.0,1.0,1.0,1.0,1.0,1.0,1.0,1.0,1.0,1.0,1.0,1.0,1.0,1.0,1.0,1.0,1.0,1.0,1.0,1.0,1.0,1.0
193128,Benign,TreeSHAP,1.0,0.0,1.0,1.0,1.0,1.0,1.0,1.0,1.0,1.0,1.0,1.0,1.0,1.0,1.0,1.0,1.0,1.0,1.0,1.0,1.0,1.0,1.0
193128,Benign,Random,1.0,0.0,1.0,1.0,1.0,1.0,1.0,1.0,1.0,1.0,1.0,1.0,1.0,1.0,1.0,1.0,1.0,1.0,1.0,1.0,1.0,1.0,1.0
1924369,Benign,LIME,1.0,0.0,1.0,1.0,1.0,1.0,1.0,1.0,1.0,1.0,1.0,1.0,1.0,1.0,1.0,1.0,1.0,1.0,1.0,1.0,1.0,1.0,1.0
1924369,Benign,TreeSHAP,1.0,0.0,1.0,1.0,1.0,1.0,1.0,1.0,1.0,1.0,1.0,1.0,1.0,1.0,1.0,1.0,1.0,1.0,1.0,1.0,1.0,1.0,1.0
1924369,Benign,Random,1.0,0.0,1.0,1.0,1.0,1.0,1.0,1.0,1.0,1.0,1.0,1.0,1.0,1.0,1.0,1.0,1.0,1.0,1.0,1.0,1.0,1.0,1.0
581627,Benign,LIME,1.0,0.0,1.0,1.0,1.0,1.0,1.0,1.0,1.0,1.0,1.0,1.0,1.0,1.0,1.0,1.0,1.0,1.0,1.0,1.0,1.0,1.0,1.0
581627,Benign,TreeSHAP,1.0,0.0,1.0,1.0,1.0,1.0,1.0,1.0,1.0,1.0,1.0,1.0,1.0,1.0,1.0,1.0,1.0,1.0,1.0,1.0,1.0,1.0,1.0
581627,Benign,Random,1.0,0.0,1.0,1.0,1.0,1.0,1.0,1.0,1.0,1.0,1.0,1.0,1.0,1.0,1.0,1.0,1.0,1.0,1.0,1.0,1.0,1.0,1.0
705606,Benign,LIME,1.0,0.0,1.0,1.0,1.0,1.0,1.0,1.0,1.0,1.0,1.0,1.0,1.0,1.0,1.0,1.0,1.0,1.0,1.0,1.0,1.0,1.0,1.0
705606,Benign,TreeSHAP,1.0,0.0,1.0,1.0,1.0,1.0,1.0,1.0,1.0,1.0,1.0,1.0,1.0,1.0,1.0,1.0,1.0,1.0,1.0,1.0,1.0,1.0,1.0
705606,Benign,Random,1.0,0.0,1.0,1.0,1.0,1.0,1.0,1.0,1.0,1.0,1.0,1.0,1.0,1.0,1.0,1.0,1.0,1.0,1.0,1.0,1.0,1.0,1.0
1887795,Benign,LIME,1.0,0.0,1.0,1.0,1.0,1.0,1.0,1.0,1.0,1.0,1.0,1.0,1.0,1.0,1.0,1.0,1.0,1.0,1.0,1.0,1.0,1.0,1.0
1887795,Benign,TreeSHAP,1.0,0.0,1.0,1.0,1.0,1.0,1.0,1.0,1.0,1.0,1.0,1.0,1.0,1.0,1.0,1.0,1.0,1.0,1.0,1.0,1.0,1.0,1.0
1887795,Benign,Random,1.0,0.0,1.0,1.0,1.0,1.0,1.0,1.0,1.0,1.0,1.0,1.0,1.0,1.0,1.0,1.0,1.0,1.0,1.0,1.0,1.0,1.0,1.0
170208,Benign,LIME,1.0,0.0,1.0,1.0,1.0,1.0,1.0,1.0,1.0,1.0,1.0,1.0,1.0,1.0,1.0,1.0,1.0,1.0,1.0,1.0,1.0,1.0,1.0
170208,Benign,TreeSHAP,1.0,0.0,1.0,1.0,1.0,1.0,1.0,1.0,1.0,1.0,1.0,1.0,1.0,1.0,1.0,1.0,1.0,1.0,1.0,1.0,1.0,1.0,1.0
170208,Benign,Random,1.0,0.0,1.0,1.0,1.0,1.0,1.0,1.0,1.0,1.0,1.0,1.0,1.0,1.0,1.0,1.0,1.0,1.0,1.0,1.0,1.0,1.0,1.0
662613,Benign,LIME,1.0,0.0,1.0,1.0,1.0,1.0,1.0,1.0,1.0,1.0,1.0,1.0,1.0,1.0,1.0,1.0,1.0,1.0,1.0,1.0,1.0,1.0,1.0
662613,Benign,TreeSHAP,1.0,0.0,1.0,1.0,1.0,1.0,1.0,1.0,1.0,1.0,1.0,1.0,1.0,1.0,1.0,1.0,1.0,1.0,1.0,1.0,1.0,1.0,1.0
662613,Benign,Random,1.0,0.0,1.0,1.0,1.0,1.0,1.0,1.0,1.0,1.0,1.0,1.0,1.0,1.0,1.0,1.0,1.0,1.0,1.0,1.0,1.0,1.0,1.0
186355,Benign,LIME,1.0,0.0,1.0,1.0,1.0,1.0,1.0,1.0,1.0,1.0,1.0,1.0,1.0,1.0,1.0,1.0,1.0,1.0,1.0,1.0,1.0,1.0,1.0
186355,Benign,TreeSHAP,1.0,0.0,1.0,1.0,1.0,1.0,1.0,1.0,1.0,1.0,1.0,1.0,1.0,1.0,1.0,1.0,1.0,1.0,1.0,1.0,1.0,1.0,1.0
186355,Benign,Random,1.0,0.0,1.0,1.0,1.0,1.0,1.0,1.0,1.0,1.0,1.0,1.0,1.0,1.0,1.0,1.0,1.0,1.0,1.0,1.0,1.0,1.0,1.0
1182413,Benign,LIME,1.0,0.0,1.0,1.0,1.0,1.0,1.0,1.0,1.0,1.0,1.0,1.0,1.0,1.0,1.0,1.0,1.0,1.0,1.0,1.0,1.0,1.0,1.0
1182413,Benign,TreeSHAP,1.0,0.0,1.0,1.0,1.0,1.0,1.0,1.0,1.0,1.0,1.0,1.0,1.0,1.0,1.0,1.0,1.0,1.0,1.0,1.0,1.0,1.0,1.0
1182413,Benign,Random,1.0,0.0,1.0,1.0,1.0,1.0,1.0,1.0,1.0,1.0,1.0,1.0,1.0,1.0,1.0,1.0,1.0,1.0,1.0,1.0,1.0,1.0,1.0
129345,Benign,LIME,1.0,0.0,1.0,1.0,1.0,1.0,1.0,1.0,1.0,1.0,1.0,1.0,1.0,1.0,1.0,1.0,1.0,1.0,1.0,1.0,1.0,1.0,1.0
129345,Benign,TreeSHAP,1.0,0.0,1.0,1.0,1.0,1.0,1.0,1.0,1.0,1.0,1.0,1.0,1.0,1.0,1.0,1.0,1.0,1.0,1.0,1.0,1.0,1.0,1.0
129345,Benign,Random,1.0,0.0,1.0,1.0,1.0,1.0,1.0,1.0,1.0,1.0,1.0,1.0,1.0,1.0,1.0,1.0,1.0,1.0,1.0,1.0,1.0,1.0,1.0
328082,Benign,LIME,1.0,0.0,1.0,1.0,1.0,1.0,1.0,1.0,1.0,1.0,1.0,1.0,1.0,1.0,1.0,1.0,1.0,1.0,1.0,1.0,1.0,1.0,1.0
328082,Benign,TreeSHAP,1.0,0.0,1.0,1.0,1.0,1.0,1.0,1.0,1.0,1.0,1.0,1.0,1.0,1.0,1.0,1.0,1.0,1.0,1.0,1.0,1.0,1.0,1.0
328082,Benign,Random,1.0,0.0,1.0,1.0,1.0,1.0,1.0,1.0,1.0,1.0,1.0,1.0,1.0,1.0,1.0,1.0,1.0,1.0,1.0,1.0,1.0,1.0,1.0
1102400,Benign,LIME,1.0,0.0,1.0,1.0,1.0,1.0,1.0,1.0,1.0,1.0,1.0,1.0,1.0,1.0,1.0,1.0,1.0,1.0,1.0,1.0,1.0,1.0,1.0
1102400,Benign,TreeSHAP,1.0,0.0,1.0,1.0,1.0,1.0,1.0,1.0,1.0,1.0,1.0,1.0,1.0,1.0,1.0,1.0,1.0,1.0,1.0,1.0,1.0,1.0,1.0
1102400,Benign,Random,1.0,0.0,1.0,1.0,1.0,1.0,1.0,1.0,1.0,1.0,1.0,1.0,1.0,1.0,1.0,1.0,1.0,1.0,1.0,1.0,1.0,1.0,1.0
524775,Benign,LIME,1.0,0.0,1.0,1.0,1.0,1.0,1.0,1.0,1.0,1.0,1.0,1.0,1.0,1.0,1.0,1.0,1.0,1.0,1.0,1.0,1.0,1.0,1.0
524775,Benign,TreeSHAP,1.0,0.0,1.0,1.0,1.0,1.0,1.0,1.0,1.0,1.0,1.0,1.0,1.0,1.0,1.0,1.0,1.0,1.0,1.0,1.0,1.0,1.0,1.0
524775,Benign,Random,1.0,0.0,1.0,1.0,1.0,1.0,1.0,1.0,1.0,1.0,1.0,1.0,1.0,1.0,1.0,1.0,1.0,1.0,1.0,1.0,1.0,1.0,1.0
1372841,Benign,LIME,1.0,0.0,1.0,1.0,1.0,1.0,1.0,1.0,1.0,1.0,1.0,1.0,1.0,1.0,1.0,1.0,1.0,1.0,1.0,1.0,1.0,1.0,1.0
1372841,Benign,TreeSHAP,1.0,0.0,1.0,1.0,1.0,1.0,1.0,1.0,1.0,1.0,1.0,1.0,1.0,1.0,1.0,1.0,1.0,1.0,1.0,1.0,1.0,1.0,1.0
1372841,Benign,Random,1.0,0.0,1.0,1.0,1.0,1.0,1.0,1.0,1.0,1.0,1.0,1.0,1.0,1.0,1.0,1.0,1.0,1.0,1.0,1.0,1.0,1.0,1.0
296427,Benign,LIME,1.0,0.0,1.0,1.0,1.0,1.0,1.0,1.0,1.0,1.0,1.0,1.0,1.0,1.0,1.0,1.0,1.0,1.0,1.0,1.0,1.0,1.0,1.0
296427,Benign,TreeSHAP,1.0,0.0,1.0,1.0,1.0,1.0,1.0,1.0,1.0,1.0,1.0,1.0,1.0,1.0,1.0,1.0,1.0,1.0,1.0,1.0,1.0,1.0,1.0
296427,Benign,Random,1.0,0.0,1.0,1.0,1.0,1.0,1.0,1.0,1.0,1.0,1.0,1.0,1.0,1.0,1.0,1.0,1.0,1.0,1.0,1.0,1.0,1.0,1.0
1158565,DoS,LIME,1.0,1.0,0.0,0.0,0.0,0.0,0.0,0.0,0.0,0.0,0.0,0.0,0.0,0.0,0.0,0.0,0.0,0.0,0.0,0.0,0.0,0.0,0.0
1158565,DoS,TreeSHAP,1.0,1.0,0.7,0.0,0.0,0.0,0.0,0.0,0.0,0.0,0.0,0.0,0.0,0.0,0.0,0.0,1.0,1.0,1.0,1.0,1.0,1.0,1.0
1158565,DoS,Random,1.0,0.05104657981286487,0.0,1.0,1.0,1.0,1.0,0.9149223669785586,0.9149223669785586,0.9149223669785586,0.9149223669785586,0.9149223669785586,0.9149223669785586,0.0,0.0,0.0,0.0,0.0,0.0,0.0,0.0,0.0,0.0
1201022,DoS,LIME,0.9467637175920921,0.946763717592092,0.0,0.0,0.0,0.0,0.0,0.0,0.0,0.0,0.0,0.0,0.0,0.0,0.0,0.0,0.0,0.0,0.0,0.0,0.0,0.0,0.0
1201022,DoS,TreeSHAP,0.9467637175920921,0.865625989656485,0.19980430310364405,0.8113772793560712,0.0,0.0,0.0,0.0,0.0,0.0,0.0,0.0,0.0,0.0,0.0,0.0,0.0,0.0,0.0,0.4729186619932581,0.4729186619932581,0.4729186619932581,0.4729186619932581
1201022,DoS,Random,0.9467637175920921,0.946763717592092,0.0,0.0,0.0,0.0,0.0,0.0,0.0,0.0,0.0,0.0,0.0,0.0,0.0,0.0,0.0,0.0,0.0,0.0,0.0,0.0,0.0
1750824,DoS,LIME,1.0,1.0,0.0,0.0,0.0,0.0,0.0,0.0,0.0,0.0,0.0,0.0,0.0,0.0,0.0,0.0,0.0,0.0,0.0,0.0,0.0,0.0,0.0
1750824,DoS,TreeSHAP,1.0,1.0,0.5739220474748461,0.0,0.0,0.0,0.0,0.0,0.0,0.0,0.0,0.0,0.0,0.0,1.0,1.0,0.0,0.0,0.0,0.9348051186871154,0.9348051186871154,0.9348051186871154,0.9348051186871154
1750824,DoS,Random,1.0,0.9,0.310849753995089,1.0,0.0,0.0,0.0,0.0,0.0,0.0,0.0,0.0,0.0,0.0,0.0,0.0,0.0,0.0,0.0,0.7028325133169633,0.7028325133169633,0.7028325133169633,1.0
1506711,DoS,LIME,1.0,1.0,0.0,0.0,0.0,0.0,0.0,0.0,0.0,0.0,0.0,0.0,0.0,0.0,0.0,0.0,0.0,0.0,0.0,0.0,0.0,0.0,0.0
1506711,DoS,TreeSHAP,1.0,0.5,0.1,1.0,1.0,1.0,1.0,1.0,0.0,0.0,0.0,0.0,0.0,0.0,0.0,0.0,0.0,0.0,1.0,0.0,0.0,0.0,0.0
1506711,DoS,Random,1.0,0.0,0.0,1.0,1.0,1.0,1.0,1.0,1.0,1.0,1.0,1.0,1.0,0.0,0.0,0.0,0.0,0.0,0.0,0.0,0.0,0.0,0.0
1834768,DoS,LIME,1.0,1.0,0.3727814804371113,0.0,0.0,0.0,0.0,0.0,0.0,0.0,0.0,0.0,0.0,0.0,0.0,0.0,0.0,0.0,0.0,0.9319537010927782,0.9319537010927782,0.9319537010927782,0.9319537010927782
1834768,DoS,TreeSHAP,1.0,0.9582348172676204,0.0,0.4176518273237967,0.0,0.0,0.0,0.0,0.0,0.0,0.0,0.0,0.0,0.0,0.0,0.0,0.0,0.0,0.0,0.0,0.0,0.0,0.0
1834768,DoS,Random,1.0,0.6,0.0,1.0,1.0,1.0,1.0,0.0,0.0,0.0,0.0,0.0,0.0,0.0,0.0,0.0,0.0,0.0,0.0,0.0,0.0,0.0,0.0
1860645,DoS,LIME,1.0,1.0,0.09948125760122187,0.0,0.0,0.0,0.0,0.0,0.0,0.0,0.0,0.0,0.0,0.9948125760122186,0.0,0.0,0.0,0.0,0.0,0.0,0.0,0.0,0.0
1860645,DoS,TreeSHAP,1.0,0.1,0.0,0.0,1.0,1.0,1.0,1.0,1.0,1.0,1.0,1.0,1.0,0.0,0.0,0.0,0.0,0.0,0.0,0.0,0.0,0.0,0.0
1860645,DoS,Random,1.0,0.19256278171281388,0.0,1.0,1.0,1.0,1.0,1.0,0.358124060957287,0.358124060957287,0.358124060957287,1.0,1.0,0.0,0.0,0.0,0.0,0.0,0.0,0.0,0.0,0.0,0.0
1974112,DoS,LIME,1.0,1.0,1.0,0.0,0.0,0.0,0.0,0.0,0.0,0.0,0.0,0.0,0.0,1.0,1.0,1.0,1.0,1.0,1.0,1.0,1.0,1.0,1.0
1974112,DoS,TreeSHAP,1.0,1.0,0.8009346698160051,0.0,0.0,0.0,0.0,0.0,0.0,0.0,0.0,0.0,0.0,1.0,1.0,1.0,1.0,1.0,1.0,0.29410032982846185,1.0,0.3576231841657952,0.3576231841657952
1974112,DoS,Random,1.0,0.07058996701715381,0.0,1.0,1.0,1.0,1.0,1.0,1.0,1.0,1.0,1.0,0.29410032982846185,0.0,0.0,0.0,0.0,0.0,0.0,0.0,0.0,0.0,0.0
1155705,DoS,LIME,0.49044931273110043,0.4904493127311004,0.0,0.0,0.0,0.0,0.0,0.0,0.0,0.0,0.0,0.0,0.0,0.0,0.0,0.0,0.0,0.0,0.0,0.0,0.0,0.0,0.0
1155705,DoS,TreeSHAP,0.49044931273110043,0.39235945018488033,0.3,0.49044931273110043,0.49044931273110043,0.0,0.0,0.0,0.0,0.0,0.0,0.0,0.0,0.0,0.0,0.0,0.0,0.0,0.0,0.0,0.49044931273110043,0.49044931273110043,0.49044931273110043
1155705,DoS,Random,0.49044931273110043,0.09808986254622008,0.0,0.49044931273110043,0.49044931273110043,0.49044931273110043,0.49044931273110043,0.49044931273110043,0.49044931273110043,0.49044931273110043,0.49044931273110043,0.0,0.0,0.0,0.0,0.0,0.0,0.0,0.0,0.0,0.0,0.0,0.0
1282649,DoS,LIME,0.9997273247485434,0.9997273247485433,0.0,0.0,0.0,0.0,0.0,0.0,0.0,0.0,0.0,0.0,0.0,0.0,0.0,0.0,0.0,0.0,0.0,0.0,0.0,0.0,0.0
1282649,DoS,TreeSHAP,0.9997273247485434,0.6998091273239805,0.0,0.9997273247485434,0.9997273247485434,0.9997273247485434,0.0,0.0,0.0,0.0,0.0,0.0,0.0,0.0,0.0,0.0,0.0,0.0,0.0,0.0,0.0,0.0,0.0
1282649,DoS,Random,0.9997273247485434,0.899754592273689,0.0,0.9997273247485434,0.0,0.0,0.0,0.0,0.0,0.0,0.0,0.0,0.0,0.0,0.0,0.0,0.0,0.0,0.0,0.0,0.0,0.0,0.0
1751148,DoS,LIME,1.0,1.0,1.0,0.0,0.0,0.0,0.0,0.0,0.0,0.0,0.0,0.0,0.0,1.0,1.0,1.0,1.0,1.0,1.0,1.0,1.0,1.0,1.0
1751148,DoS,TreeSHAP,1.0,1.0,1.0,0.0,0.0,0.0,0.0,0.0,0.0,0.0,0.0,0.0,0.0,1.0,1.0,1.0,1.0,1.0,1.0,1.0,1.0,1.0,1.0
1751148,DoS,Random,1.0,0.14117993403430762,0.0,1.0,1.0,1.0,1.0,0.29410032982846185,0.29410032982846185,1.0,1.0,1.0,1.0,0.0,0.0,0.0,0.0,0.0,0.0,0.0,0.0,0.0,0.0
1877091,DoS,LIME,0.4575839832269513,0.4575839832269513,0.8388706956874493,0.0,0.0,0.0,0.0,0.0,0.0,0.0,0.0,0.0,0.0,0.0,0.4265042159389187,0.4265042159389187,0.4265042159389187,0.4265042159389187,0.4265042159389187,0.4265042159389187,0.4265042159389187,0.4265042159389187,0.4265042159389187
1877091,DoS,TreeSHAP,0.4575839832269513,0.4575839832269513,0.7000000000000001,0.0,0.0,0.0,0.0,0.0,0.0,0.0,0.0,0.0,0.0,0.0,0.0,0.0,0.4575839832269513,0.4575839832269513,0.4575839832269513,0.4575839832269513,0.4575839832269513,0.4575839832269513,0.4575839832269513
1877091,DoS,Random,0.4575839832269513,0.0,0.0,0.4575839832269513,0.4575839832269513,0.4575839832269513,0.4575839832269513,0.4575839832269513,0.4575839832269513,0.4575839832269513,0.4575839832269513,0.4575839832269513,0.4575839832269513,0.0,0.0,0.0,0.0,0.0,0.0,0.0,0.0,0.0,0.0
1766857,DoS,LIME,0.703912017601866,0.7039120176018658,0.399386568629085,0.0,0.0,0.0,0.0,0.0,0.0,0.0,0.0,0.0,0.0,0.0,0.0,0.0,0.0,0.0,0.7028325133169633,0.7028325133169633,0.7028325133169633,0.7028325133169633,0.0
1766857,DoS,TreeSHAP,0.703912017601866,0.7039120176018658,0.29973193872292864,0.0,0.0,0.0,0.0,0.0,0.0,0.0,0.0,0.0,0.0,0.0,0.0,0.0,1.0,1.0,0.0,0.0,0.036616379087251766,0.036616379087251766,0.036616379087251766
1766857,DoS,Random,0.703912017601866,0.7039120176018658,0.0,0.0,0.0,0.0,0.0,0.0,0.0,0.0,0.0,0.0,0.0,0.0,0.0,0.0,0.0,0.0,0.0,0.0,0.0,0.0,0.0
1394195,DoS,LIME,0.966304161239183,0.966304161239183,0.0,0.0,0.0,0.0,0.0,0.0,0.0,0.0,0.0,0.0,0.0,0.0,0.0,0.0,0.0,0.0,0.0,0.0,0.0,0.0,0.0
1394195,DoS,TreeSHAP,0.966304161239183,0.966304161239183,0.5,0.0,0.0,0.0,0.0,0.0,0.0,0.0,0.0,0.0,0.0,0.0,0.0,0.0,0.0,0.0,0.966304161239183,0.966304161239183,0.966304161239183,0.966304161239183,0.966304161239183
1394195,DoS,Random,0.966304161239183,0.6764129128674281,0.0,0.966304161239183,0.966304161239183,0.966304161239183,0.0,0.0,0.0,0.0,0.0,0.0,0.0,0.0,0.0,0.0,0.0,0.0,0.0,0.0,0.0,0.0,0.0
1090425,DoS,LIME,0.9997273247485434,0.9997273247485433,0.0,0.0,0.0,0.0,0.0,0.0,0.0,0.0,0.0,0.0,0.0,0.0,0.0,0.0,0.0,0.0,0.0,0.0,0.0,0.0,0.0
1090425,DoS,TreeSHAP,0.9997273247485434,0.7997818597988348,0.0,0.9997273247485434,0.9997273247485434,0.0,0.0,0.0,0.0,0.0,0.0,0.0,0.0,0.0,0.0,0.0,0.0,0.0,0.0,0.0,0.0,0.0,0.0
1090425,DoS,Random,0.9997273247485434,0.0,0.0,0.9997273247485434,0.9997273247485434,0.9997273247485434,0.9997273247485434,0.9997273247485434,0.9997273247485434,0.9997273247485434,0.9997273247485434,0.9997273247485434,0.9997273247485434,0.0,0.0,0.0,0.0,0.0,0.0,0.0,0.0,0.0,0.0
1088595,DoS,LIME,0.8262304747314028,0.8262304747314028,0.0,0.0,0.0,0.0,0.0,0.0,0.0,0.0,0.0,0.0,0.0,0.0,0.0,0.0,0.0,0.0,0.0,0.0,0.0,0.0,0.0
1088595,DoS,TreeSHAP,0.8262304747314028,0.8262304747314028,0.0,0.0,0.0,0.0,0.0,0.0,0.0,0.0,0.0,0.0,0.0,0.0,0.0,0.0,0.0,0.0,0.0,0.0,0.0,0.0,0.0
1088595,DoS,Random,0.8262304747314028,0.7296000586074844,0.0,0.0,0.0,0.0,0.0,0.966304161239183,0.0,0.0,0.0,0.0,0.0,0.0,0.0,0.0,0.0,0.0,0.0,0.0,0.0,0.0,0.0
1724142,DoS,LIME,0.972860430882341,0.9728604308823409,0.382400456750031,0.0,0.0,0.0,0.0,0.0,0.0,0.0,0.0,0.0,0.0,0.0,0.0,0.0,0.0,0.0,0.9772809280982564,0.9143139343787119,0.9143139343787119,0.9143139343787119,0.0
1724142,DoS,TreeSHAP,0.972860430882341,0.7806090485969749,0.0,0.01269870551745669,0.0,0.0,0.9549075586681018,0.9549075586681018,0.0,0.0,0.0,0.0,0.0,0.0,0.0,0.0,0.0,0.0,0.0,0.0,0.0,0.0,0.0
1724142,DoS,Random,0.972860430882341,0.816661338962567,0.0,0.972860430882341,0.589130488315398,0.0,0.0,0.0,0.0,0.0,0.0,0.0,0.0,0.0,0.0,0.0,0.0,0.0,0.0,0.0,0.0,0.0,0.0
43503,DoS,LIME,1.0,1.0,0.07866082316149825,0.0,0.0,0.0,0.0,0.0,0.0,0.0,0.0,0.0,0.0,0.0,0.0,0.0,0.0,0.0,0.1573216463229965,0.1573216463229965,0.1573216463229965,0.1573216463229965,0.1573216463229965
43503,DoS,TreeSHAP,1.0,1.0,0.0,0.0,0.0,0.0,0.0,0.0,0.0,0.0,0.0,0.0,0.0,0.0,0.0,0.0,0.0,0.0,0.0,0.0,0.0,0.0,0.0
43503,DoS,Random,1.0,0.0,0.0,1.0,1.0,1.0,1.0,1.0,1.0,1.0,1.0,1.0,1.0,0.0,0.0,0.0,0.0,0.0,0.0,0.0,0.0,0.0,0.0
1455512,DoS,LIME,0.8775906973331865,0.8775906973331866,0.0,0.0,0.0,0.0,0.0,0.0,0.0,0.0,0.0,0.0,0.0,0.0,0.0,0.0,0.0,0.0,0.0,0.0,0.0,0.0,0.0
1455512,DoS,TreeSHAP,0.8775906973331865,0.8775906973331866,0.12225757915559876,0.0,0.0,0.0,0.0,0.0,0.0,0.0,0.0,0.0,0.0,0.0,0.0,0.0,0.0,0.0,0.0,0.0,0.036616379087251766,0.036616379087251766,0.999688383279788
1455512,DoS,Random,0.8775906973331865,0.1755181394666373,0.0,0.8775906973331865,0.8775906973331865,0.8775906973331865,0.8775906973331865,0.8775906973331865,0.8775906973331865,0.8775906973331865,0.8775906973331865,0.0,0.0,0.0,0.0,0.0,0.0,0.0,0.0,0.0,0.0,0.0,0.0
1271970,DoS,LIME,0.8256610664318618,0.8256610664318618,0.0,0.0,0.0,0.0,0.0,0.0,0.0,0.0,0.0,0.0,0.0,0.0,0.0,0.0,0.0,0.0,0.0,0.0,0.0,0.0,0.0
1271970,DoS,TreeSHAP,0.8256610664318618,0.8256610664318618,0.0,0.0,0.0,0.0,0.0,0.0,0.0,0.0,0.0,0.0,0.0,0.0,0.0,0.0,0.0,0.0,0.0,0.0,0.0,0.0,0.0
1271970,DoS,Random,0.8256610664318618,-0.12427287853727301,0.0,0.9499339449691347,0.9499339449691347,0.9499339449691347,0.9499339449691347,0.9499339449691347,0.9499339449691347,0.9499339449691347,0.9499339449691347,0.9499339449691347,0.9499339449691347,0.0,0.0,0.0,0.0,0.0,0.0,0.0,0.0,0.0,0.0
1574871,DoS,LIME,1.0,1.0,0.0,0.0,0.0,0.0,0.0,0.0,0.0,0.0,0.0,0.0,0.0,0.0,0.0,0.0,0.0,0.0,0.0,0.0,0.0,0.0,0.0
1574871,DoS,TreeSHAP,1.0,0.9,0.18517745302713987,1.0,0.0,0.0,0.0,0.0,0.0,0.0,0.0,0.0,0.0,0.0,0.0,0.0,0.0,0.0,0.0,0.0,0.0,0.8517745302713987,1.0
1574871,DoS,Random,1.0,0.5,0.0,1.0,1.0,1.0,1.0,1.0,0.0,0.0,0.0,0.0,0.0,0.0,0.0,0.0,0.0,0.0,0.0,0.0,0.0,0.0,0.0
1491512,DoS,LIME,0.9149223669785586,0.9149223669785587,0.0,0.0,0.0,0.0,0.0,0.0,0.0,0.0,0.0,0.0,0.0,0.0,0.0,0.0,0.0,0.0,0.0,0.0,0.0,0.0,0.0
1491512,DoS,TreeSHAP,0.9149223669785586,0.5117411843535651,0.3185183141475702,0.9149223669785586,0.0,0.0,0.7792223648178441,0.7792223648178441,0.7792223648178441,0.7792223648178441,0.0,0.0,0.0,0.0,0.0,0.0,0.0,0.0,0.0,0.0,0.9996364660402959,0.9996364660402959,0.9149223669785586
1491512,DoS,Random,0.9149223669785586,0.43817963358749673,0.0,0.9149223669785586,0.9149223669785586,0.9149223669785586,0.674220077658314,0.674220077658314,0.674220077658314,0.0,0.0,0.0,0.0,0.0,0.0,0.0,0.0,0.0,0.0,0.0,0.0,0.0,0.0
1208754,DoS,LIME,1.0,1.0,0.0,0.0,0.0,0.0,0.0,0.0,0.0,0.0,0.0,0.0,0.0,0.0,0.0,0.0,0.0,0.0,0.0,0.0,0.0,0.0,0.0
1208754,DoS,TreeSHAP,1.0,0.9,0.1659311084648838,1.0,0.0,0.0,0.0,0.0,0.0,0.0,0.0,0.0,0.0,0.0,0.0,0.0,0.0,0.0,0.0,0.0,0.0,0.829655542324419,0.829655542324419
1208754,DoS,Random,1.0,0.08517222883779052,0.0,1.0,1.0,1.0,1.0,1.0,0.829655542324419,0.829655542324419,0.829655542324419,0.829655542324419,0.829655542324419,0.0,0.0,0.0,0.0,0.0,0.0,0.0,0.0,0.0,0.0
1458722,DoS,LIME,1.0,1.0,0.0,0.0,0.0,0.0,0.0,0.0,0.0,0.0,0.0,0.0,0.0,0.0,0.0,0.0,0.0,0.0,0.0,0.0,0.0,0.0,0.0
1458722,DoS,TreeSHAP,1.0,0.98324733535775,0.0,0.05584221547416652,0.05584221547416652,0.05584221547416652,0.0,0.0,0.0,0.0,0.0,0.0,0.0,0.0,0.0,0.0,0.0,0.0,0.0,0.0,0.0,0.0,0.0
1458722,DoS,Random,1.0,0.7368907334675411,0.0,0.0,0.0,0.0,0.0,0.0,0.0,0.0,0.8770308884415297,0.8770308884415297,0.8770308884415297,0.0,0.0,0.0,0.0,0.0,0.0,0.0,0.0,0.0,0.0
1775172,DoS,LIME,0.9013036885291794,0.9013036885291793,1.1095039471455856,0.0,0.0,0.0,0.0,0.0,0.0,0.0,0.0,0.0,0.0,1.0,1.0,1.0,1.0,1.0,1.0,1.0,1.0,1.0,1.0
1775172,DoS,TreeSHAP,0.9013036885291794,0.9013036885291793,1.0974083993476091,0.0,0.0,0.0,0.0,0.0,0.0,0.0,0.0,0.0,0.0,1.0,1.0,1.0,1.0,1.0,1.0,1.0,1.0,0.9896786930198517,0.9013036885291794
1775172,DoS,Random,0.9013036885291794,0.1802607377058359,0.22190078942911712,0.9013036885291794,0.9013036885291794,0.9013036885291794,0.9013036885291794,0.9013036885291794,0.9013036885291794,0.9013036885291794,0.9013036885291794,0.0,0.0,0.0,0.0,0.0,0.0,0.0,0.0,0.0,0.0,1.0,1.0
1914309,DoS,LIME,1.0,1.0,0.9984437728036657,0.0,0.0,0.0,0.0,0.0,0.0,0.0,0.0,0.0,0.0,0.9948125760122186,0.9948125760122186,0.9948125760122186,1.0,1.0,1.0,1.0,1.0,1.0,1.0
1914309,DoS,TreeSHAP,1.0,0.4,0.1,1.0,0.0,0.0,0.0,1.0,1.0,1.0,1.0,1.0,0.0,0.0,0.0,0.0,0.0,0.0,0.0,0.0,0.0,0.0,1.0
1914309,DoS,Random,1.0,0.9,0.8967792669538411,1.0,0.0,0.0,0.0,0.0,0.0,0.0,0.0,0.0,0.0,0.0,0.9948125760122186,0.9948125760122186,0.9968810739305679,0.9968810739305679,0.9968810739305679,0.9968810739305679,0.9968810739305679,0.9968810739305679,0.9968810739305679
1137787,DoS,LIME,0.9973995431700399,0.9973995431700399,1.0026072368367998,0.0,0.0,0.0,0.0,0.0,0.0,0.0,0.0,0.0,0.0,1.0,1.0,1.0,1.0,1.0,1.0,1.0,1.0,1.0,1.0
1137787,DoS,TreeSHAP,0.9973995431700399,0.9973995431700399,0.8396898352570775,0.0,0.0,0.0,0.0,0.0,0.0,0.0,0.0,0.0,0.0,1.0,1.0,0.9896786930198517,1.0,0.1978928575996701,0.1978928575996701,0.9973995431700399,0.9973995431700399,0.9973995431700399,0.9973995431700399
1137787,DoS,Random,0.9973995431700399,0.49869977158501994,0.0,0.9973995431700399,0.9973995431700399,0.9973995431700399,0.9973995431700399,0.9973995431700399,0.0,0.0,0.0,0.0,0.0,0.0,0.0,0.0,0.0,0.0,0.0,0.0,0.0,0.0,0.0
1046186,DoS,LIME,0.6116679218789914,0.6116679218789914,0.0,0.0,0.0,0.0,0.0,0.0,0.0,0.0,0.0,0.0,0.0,0.0,0.0,0.0,0.0,0.0,0.0,0.0,0.0,0.0,0.0
1046186,DoS,TreeSHAP,0.6116679218789914,0.44378334598454294,0.0,0.8394228794722426,0.8394228794722426,0.0,0.0,0.0,0.0,0.0,0.0,0.0,0.0,0.0,0.0,0.0,0.0,0.0,0.0,0.0,0.0,0.0,0.0
1046186,DoS,Random,0.6116679218789914,0.48933433750319316,0.0,0.6116679218789914,0.6116679218789914,0.0,0.0,0.0,0.0,0.0,0.0,0.0,0.0,0.0,0.0,0.0,0.0,0.0,0.0,0.0,0.0,0.0,0.0
1055420,DoS,LIME,0.4830909085354025,0.48309090853540243,0.0,0.0,0.0,0.0,0.0,0.0,0.0,0.0,0.0,0.0,0.0,0.0,0.0,0.0,0.0,0.0,0.0,0.0,0.0,0.0,0.0
1055420,DoS,TreeSHAP,0.4830909085354025,0.48309090853540243,0.5976109484290111,0.0,0.0,0.0,0.0,0.0,0.0,0.0,0.0,0.0,0.0,0.0,0.0,0.0,0.0,0.0,0.640887233957058,0.5723718838221924,0.5723718838221924,0.5506865793356511,0.5506865793356511
1055420,DoS,Random,0.4830909085354025,0.48309090853540243,0.0,0.0,0.0,0.0,0.0,0.0,0.0,0.0,0.0,0.0,0.0,0.0,0.0,0.0,0.0,0.0,0.0,0.0,0.0,0.0,0.0
1048475,DoS,LIME,0.5772566774406178,0.5772566774406178,1.0497431206992203,0.0,0.0,0.0,0.0,0.0,0.0,0.0,0.0,0.0,0.0,0.0,0.7933572182516709,0.7933572182516709,0.7933572182516709,0.7933572182516709,0.5772566774406178,0.5772566774406178,0.5772566774406178,0.5772566774406178,0.5772566774406178
1048475,DoS,TreeSHAP,0.5772566774406178,0.5772566774406178,1.2369220215732455,0.0,0.0,0.0,0.0,0.0,0.0,0.0,0.0,0.0,0.0,0.0,0.7933572182516709,0.7933572182516709,0.7933572182516709,0.7933572182516709,0.7933572182516709,0.7933572182516709,0.7933572182516709,0.7933572182516709,0.7933572182516709
1048475,DoS,Random,0.5772566774406178,0.34635400646437065,0.0,0.5772566774406178,0.5772566774406178,0.5772566774406178,0.5772566774406178,0.0,0.0,0.0,0.0,0.0,0.0,0.0,0.0,0.0,0.0,0.0,0.0,0.0,0.0,0.0,0.0
1896371,DoS,LIME,0.9961043799509416,0.9961043799509415,0.706345651546274,0.0,0.0,0.0,0.0,0.0,0.0,0.0,0.0,0.0,0.0,0.9948125760122186,0.9948125760122186,0.9948125760122186,0.9948125760122186,0.9948125760122186,0.9968810739305679,1.0,0.06499601865379119,0.0,0.0
1896371,DoS,TreeSHAP,0.9961043799509416,0.8952078421888631,0.09999999999999999,0.00896537762078484,1.0,0.0,0.0,0.0,0.0,0.0,0.0,0.0,0.0,0.0,0.0,0.0,0.0,0.0,0.0,0.0,0.0,0.0,0.9961043799509416
1896371,DoS,Random,0.9961043799509416,0.6954799904415021,0.3097086126345035,0.9961043799509416,0.9961043799509416,0.9961043799509416,0.00896537762078484,0.00896537762078484,0.0,0.0,0.0,0.0,0.0,0.0,0.0,0.0,0.0,0.0,0.0,1.0,1.0,1.0,0.08502105553758463
1392263,DoS,LIME,1.0,1.0,1.0,0.0,0.0,0.0,0.0,0.0,0.0,0.0,0.0,0.0,0.0,1.0,1.0,1.0,1.0,1.0,1.0,1.0,1.0,1.0,1.0
1392263,DoS,TreeSHAP,1.0,1.0,0.6091932763177347,0.0,0.0,0.0,0.0,0.0,0.0,0.0,0.0,0.0,0.0,1.0,1.0,1.0,1.0,0.0,1.0,1.0,0.030644254392449208,0.030644254392449208,0.030644254392449208
1392263,DoS,Random,1.0,0.9,0.9,1.0,0.0,0.0,0.0,0.0,0.0,0.0,0.0,0.0,0.0,0.0,1.0,1.0,1.0,1.0,1.0,1.0,1.0,1.0,1.0
1217886,DoS,LIME,1.0,1.0,0.0,0.0,0.0,0.0,0.0,0.0,0.0,0.0,0.0,0.0,0.0,0.0,0.0,0.0,0.0,0.0,0.0,0.0,0.0,0.0,0.0
1217886,DoS,TreeSHAP,1.0,0.7148225469728601,0.5,1.0,1.0,0.0,0.8517745302713987,0.0,0.0,0.0,0.0,0.0,0.0,0.0,0.0,0.0,0.0,0.0,1.0,1.0,1.0,1.0,1.0
1217886,DoS,Random,1.0,0.0,0.0,1.0,1.0,1.0,1.0,1.0,1.0,1.0,1.0,1.0,1.0,0.0,0.0,0.0,0.0,0.0,0.0,0.0,0.0,0.0,0.0
1242761,DoS,LIME,0.9995637909637147,0.9995637909637146,0.0,0.0,0.0,0.0,0.0,0.0,0.0,0.0,0.0,0.0,0.0,0.0,0.0,0.0,0.0,0.0,0.0,0.0,0.0,0.0,0.0
1242761,DoS,TreeSHAP,0.9995637909637147,0.9995637909637146,0.9003927594578813,0.0,0.0,0.0,0.0,0.0,0.0,0.0,0.0,0.0,0.0,0.0,1.0,1.0,1.0,1.0,1.0,1.0,1.0,1.0,1.0
1242761,DoS,Random,0.9995637909637147,-4.362090362852733e-05,0.0,0.9995637909637147,0.9995637909637147,0.9995637909637147,0.9995637909637147,0.9995637909637147,0.9995637909637147,0.9995637909637147,0.9995637909637147,0.9995637909637147,1.0,0.0,0.0,0.0,0.0,0.0,0.0,0.0,0.0,0.0,0.0
1632351,DoS,LIME,1.0,1.0,0.0,0.0,0.0,0.0,0.0,0.0,0.0,0.0,0.0,0.0,0.0,0.0,0.0,0.0,0.0,0.0,0.0,0.0,0.0,0.0,0.0
1632351,DoS,TreeSHAP,1.0,0.9,0.4,1.0,0.0,0.0,0.0,0.0,0.0,0.0,0.0,0.0,0.0,0.0,0.0,0.0,0.0,0.0,0.0,1.0,1.0,1.0,1.0
1632351,DoS,Random,1.0,0.858523431062084,0.0,1.0,0.414765689379161,0.0,0.0,0.0,0.0,0.0,0.0,0.0,0.0,0.0,0.0,0.0,0.0,0.0,0.0,0.0,0.0,0.0,0.0
1126551,DoS,LIME,0.6050085661968737,0.6050085661968738,0.0,0.0,0.0,0.0,0.0,0.0,0.0,0.0,0.0,0.0,0.0,0.0,0.0,0.0,0.0,0.0,0.0,0.0,0.0,0.0,0.0
1126551,DoS,TreeSHAP,0.6050085661968737,0.6050085661968738,0.19999999999999998,0.0,0.0,0.0,0.0,0.0,0.0,0.0,0.0,0.0,0.0,0.0,0.0,0.0,0.0,0.0,0.0,0.0,0.0,0.6050085661968737,0.6050085661968737
1126551,DoS,Random,0.6050085661968737,0.3630051397181242,0.0,0.6050085661968737,0.6050085661968737,0.6050085661968737,0.6050085661968737,0.0,0.0,0.0,0.0,0.0,0.0,0.0,0.0,0.0,0.0,0.0,0.0,0.0,0.0,0.0,0.0
1736916,DoS,LIME,0.641875939042713,0.6418759390427129,0.0,0.0,0.0,0.0,0.0,0.0,0.0,0.0,0.0,0.0,0.0,0.0,0.0,0.0,0.0,0.0,0.0,0.0,0.0,0.0,0.0
1736916,DoS,TreeSHAP,0.641875939042713,0.6418759390427129,0.0,0.0,0.0,0.0,0.0,0.0,0.0,0.0,0.0,0.0,0.0,0.0,0.0,0.0,0.0,0.0,0.0,0.0,0.0,0.0,0.0
1736916,DoS,Random,0.641875939042713,0.3851255634256278,0.0,0.641875939042713,0.641875939042713,0.641875939042713,0.641875939042713,0.0,0.0,0.0,0.0,0.0,0.0,0.0,0.0,0.0,0.0,0.0,0.0,0.0,0.0,0.0,0.0
1439727,DoS,LIME,1.0,1.0,0.0,0.0,0.0,0.0,0.0,0.0,0.0,0.0,0.0,0.0,0.0,0.0,0.0,0.0,0.0,0.0,0.0,0.0,0.0,0.0,0.0
1439727,DoS,TreeSHAP,1.0,0.9847636162220201,0.3144285897321854,0.15236383777979923,0.0,0.0,0.0,0.0,0.0,0.0,0.0,0.0,0.0,0.0,0.0,1.0,0.9989101904864234,0.9989101904864234,0.036616379087251766,0.036616379087251766,0.036616379087251766,0.036616379087251766,0.0
1439727,DoS,Random,1.0,0.3168479193804085,0.1,1.0,1.0,0.966304161239183,0.966304161239183,0.966304161239183,0.966304161239183,0.966304161239183,0.0,0.0,0.0,0.0,0.0,0.0,0.0,0.0,0.0,0.0,1.0,0.0,0.0
1362406,DoS,LIME,0.9997273247485434,0.9997273247485433,0.0,0.0,0.0,0.0,0.0,0.0,0.0,0.0,0.0,0.0,0.0,0.0,0.0,0.0,0.0,0.0,0.0,0.0,0.0,0.0,0.0
1362406,DoS,TreeSHAP,0.9997273247485434,0.5998363948491261,0.0,0.9997273247485434,0.9997273247485434,0.9997273247485434,0.9997273247485434,0.0,0.0,0.0,0.0,0.0,0.0,0.0,0.0,0.0,0.0,0.0,0.0,0.0,0.0,0.0,0.0
1362406,DoS,Random,0.9997273247485434,0.4998636623742717,0.0,0.9997273247485434,0.9997273247485434,0.9997273247485434,0.9997273247485434,0.9997273247485434,0.0,0.0,0.0,0.0,0.0,0.0,0.0,0.0,0.0,0.0,0.0,0.0,0.0,0.0,0.0
1069485,DoS,LIME,0.9845975263591281,0.9845975263591281,1.0156434210207979,0.0,0.0,0.0,0.0,0.0,0.0,0.0,0.0,0.0,0.0,1.0,1.0,1.0,1.0,1.0,1.0,1.0,1.0,1.0,1.0
1069485,DoS,TreeSHAP,0.9845975263591281,0.9845975263591281,0.923697747774933,0.0,0.0,0.0,0.0,0.0,0.0,0.0,0.0,0.0,0.0,1.0,1.0,1.0,1.0,1.0,1.0,1.0,1.0,1.0,0.0947051756269689
1069485,DoS,Random,0.9845975263591281,0.05835791746126974,0.0,0.9845975263591281,0.9845975263591281,0.29320103626032756,1.0,1.0,1.0,1.0,1.0,1.0,1.0,0.0,0.0,0.0,0.0,0.0,0.0,0.0,0.0,0.0,0.0
1741245,DoS,LIME,0.9048479763792382,0.9048479763792383,0.0,0.0,0.0,0.0,0.0,0.0,0.0,0.0,0.0,0.0,0.0,0.0,0.0,0.0,0.0,0.0,0.0,0.0,0.0,0.0,0.0
1741245,DoS,TreeSHAP,0.9048479763792382,0.9048479763792383,0.4210316044473048,0.0,0.0,0.0,0.0,0.0,0.0,0.0,0.0,0.0,0.0,0.0,0.0,0.0,0.0,0.0,0.0,1.0,1.0,0.9048479763792382,0.9048479763792382
1741245,DoS,Random,0.9048479763792382,0.0,0.0,0.9048479763792382,0.9048479763792382,0.9048479763792382,0.9048479763792382,0.9048479763792382,0.9048479763792382,0.9048479763792382,0.9048479763792382,0.9048479763792382,0.9048479763792382,0.0,0.0,0.0,0.0,0.0,0.0,0.0,0.0,0.0,0.0
1936178,DoS,LIME,0.9143139343787119,0.9143139343787118,0.0,0.0,0.0,0.0,0.0,0.0,0.0,0.0,0.0,0.0,0.0,0.0,0.0,0.0,0.0,0.0,0.0,0.0,0.0,0.0,0.0
1936178,DoS,TreeSHAP,0.9143139343787119,0.9117741932752205,0.4611031608079558,0.01269870551745669,0.01269870551745669,0.0,0.0,0.0,0.0,0.0,0.0,0.0,0.0,0.0,0.0,0.0,0.0,0.0,0.8431860902255639,0.8431860902255639,0.8431860902255639,0.8431860902255639,0.8431860902255639
1936178,DoS,Random,0.9143139343787119,0.8228825409408407,0.0,0.9143139343787119,0.0,0.0,0.0,0.0,0.0,0.0,0.0,0.0,0.0,0.0,0.0,0.0,0.0,0.0,0.0,0.0,0.0,0.0,0.0
1460502,DoS,LIME,1.0,1.0,0.20350632958279244,0.0,0.0,0.0,0.0,0.0,0.0,0.0,0.0,0.0,0.0,0.9948125760122186,0.9948125760122186,0.0,0.0,0.0,0.0,0.0,0.0,0.02271907190174359,0.02271907190174359
1460502,DoS,TreeSHAP,1.0,0.9892203295076815,0.0,0.02271907190174359,0.08507763302144151,0.0,0.0,0.0,0.0,0.0,0.0,0.0,0.0,0.0,0.0,0.0,0.0,0.0,0.0,0.0,0.0,0.0,0.0
1460502,DoS,Random,1.0,0.2,0.1,1.0,1.0,1.0,1.0,1.0,1.0,1.0,1.0,0.0,0.0,0.0,0.0,0.0,0.0,0.0,0.0,0.0,0.0,1.0,0.0
1370283,DoS,LIME,0.45893049211095416,0.45893049211095416,0.9467847210569865,0.0,0.0,0.0,0.0,0.0,0.0,0.0,0.0,0.0,0.0,0.0,0.7933572182516709,0.0,0.0,0.0,0.7103453122652964,0.7103453122652964,0.7103453122652964,0.7103453122652964,0.7103453122652964
1370283,DoS,TreeSHAP,0.45893049211095416,0.45893049211095416,0.464348299672508,0.0,0.0,0.0,0.0,0.0,0.0,0.0,0.0,0.0,0.0,0.0,0.0,0.0,0.0,0.0,0.0,0.0,0.7103453122652964,0.7103453122652964,0.7103453122652964
1370283,DoS,Random,0.45893049211095416,0.2753582952665725,0.0,0.45893049211095416,0.45893049211095416,0.45893049211095416,0.45893049211095416,0.0,0.0,0.0,0.0,0.0,0.0,0.0,0.0,0.0,0.0,0.0,0.0,0.0,0.0,0.0,0.0
1465498,DoS,LIME,1.0,1.0,0.0,0.0,0.0,0.0,0.0,0.0,0.0,0.0,0.0,0.0,0.0,0.0,0.0,0.0,0.0,0.0,0.0,0.0,0.0,0.0,0.0
1465498,DoS,TreeSHAP,1.0,0.9,0.1,1.0,0.0,0.0,0.0,0.0,0.0,0.0,0.0,0.0,0.0,0.0,0.0,0.0,0.0,0.0,0.0,0.0,0.0,0.0,1.0
1465498,DoS,Random,1.0,0.2,0.0,1.0,1.0,1.0,1.0,1.0,1.0,1.0,1.0,0.0,0.0,0.0,0.0,0.0,0.0,0.0,0.0,0.0,0.0,0.0,0.0
994229,DoS,LIME,0.9793426178082664,0.9793426178082664,0.0,0.0,0.0,0.0,0.0,0.0,0.0,0.0,0.0,0.0,0.0,0.0,0.0,0.0,0.0,0.0,0.0,0.0,0.0,0.0,0.0
994229,DoS,TreeSHAP,0.9793426178082664,0.7944736370100157,0.20421862212796665,0.9793426178082664,0.8693471901742401,0.0,0.0,0.0,0.0,0.0,0.0,0.0,0.0,0.0,0.0,0.0,0.0,0.0,1.0,1.0,0.0,0.0,0.0
994229,DoS,Random,0.9793426178082664,0.8814083560274397,0.0,0.9793426178082664,0.0,0.0,0.0,0.0,0.0,0.0,0.0,0.0,0.0,0.0,0.0,0.0,0.0,0.0,0.0,0.0,0.0,0.0,0.0
1125246,DoS,LIME,0.9657950730860441,0.9657950730860441,0.0,0.0,0.0,0.0,0.0,0.0,0.0,0.0,0.0,0.0,0.0,0.0,0.0,0.0,0.0,0.0,0.0,0.0,0.0,0.0,0.0
1125246,DoS,TreeSHAP,0.9657950730860441,0.5794770438516263,0.0,0.9657950730860441,0.9657950730860441,0.9657950730860441,0.9657950730860441,0.0,0.0,0.0,0.0,0.0,0.0,0.0,0.0,0.0,0.0,0.0,0.0,0.0,0.0,0.0,0.0
1125246,DoS,Random,0.9657950730860441,0.5794770438516263,0.0,0.9657950730860441,0.9657950730860441,0.9657950730860441,0.9657950730860441,0.0,0.0,0.0,0.0,0.0,0.0,0.0,0.0,0.0,0.0,0.0,0.0,0.0,0.0,0.0,0.0
1895557,DoS,LIME,0.6771888437483661,0.6771888437483662,1.0543905190083496,0.0,0.0,0.0,0.0,0.0,0.0,0.0,0.0,0.0,0.0,0.0,0.7933572182516709,0.7933572182516709,0.7933572182516709,0.7933572182516709,0.7933572182516709,0.7933572182516709,0.7933572182516709,0.7933572182516709,0.7933572182516709
1895557,DoS,TreeSHAP,0.6771888437483661,0.6771888437483662,0.41286565016511656,0.0,0.0,0.0,0.0,0.0,0.0,0.0,0.0,0.0,0.0,0.0,0.0,0.7933572182516709,0.7933572182516709,0.0,0.0,0.0,0.0,0.6045828430419925,0.6045828430419925
1895557,DoS,Random,0.6771888437483661,0.5417510749986929,0.0,0.6771888437483661,0.6771888437483661,0.0,0.0,0.0,0.0,0.0,0.0,0.0,0.0,0.0,0.0,0.0,0.0,0.0,0.0,0.0,0.0,0.0,0.0
1205080,DoS,LIME,0.8775906973331866,0.8775906973331866,0.4904994462033588,0.0,0.0,0.0,0.0,0.0,0.0,0.0,0.0,0.0,0.0,0.0,0.0,0.0,0.7028325133169633,0.7028325133169633,0.0,0.0,0.966304161239183,0.966304161239183,0.966304161239183
1205080,DoS,TreeSHAP,0.8775906973331866,0.8775906973331866,0.10834475096386534,0.0,0.0,0.0,0.0,0.0,0.0,0.0,0.0,0.0,0.0,0.0,0.0,0.0,0.0,0.0,0.0,0.0,0.036616379087251766,0.036616379087251766,0.8775906973331866
1205080,DoS,Random,0.8775906973331866,0.056566854078727656,0.0,0.8775906973331866,0.8775906973331866,0.8775906973331866,0.8775906973331866,0.8775906973331866,0.0,0.9555712364696641,0.9555712364696641,0.9555712364696641,0.9555712364696641,0.0,0.0,0.0,0.0,0.0,0.0,0.0,0.0,0.0,0.0
1248049,DoS,LIME,1.0,1.0,1.0,0.0,0.0,0.0,0.0,0.0,0.0,0.0,0.0,0.0,0.0,1.0,1.0,1.0,1.0,1.0,1.0,1.0,1.0,1.0,1.0
1248049,DoS,TreeSHAP,1.0,1.0,1.0,0.0,0.0,0.0,0.0,0.0,0.0,0.0,0.0,0.0,0.0,1.0,1.0,1.0,1.0,1.0,1.0,1.0,1.0,1.0,1.0
1248049,DoS,Random,1.0,0.0,0.0,1.0,1.0,1.0,1.0,1.0,1.0,1.0,1.0,1.0,1.0,0.0,0.0,0.0,0.0,0.0,0.0,0.0,0.0,0.0,0.0
1269983,DoS,LIME,0.4890485305284574,0.48904853052845737,0.0,0.0,0.0,0.0,0.0,0.0,0.0,0.0,0.0,0.0,0.0,0.0,0.0,0.0,0.0,0.0,0.0,0.0,0.0,0.0,0.0
1269983,DoS,TreeSHAP,0.4890485305284574,0.48904853052845737,0.19999999999999998,0.0,0.0,0.0,0.0,0.0,0.0,0.0,0.0,0.0,0.0,0.0,0.0,0.0,0.0,0.0,0.0,0.0,0.0,0.4890485305284574,0.4890485305284574
1269983,DoS,Random,0.4890485305284574,0.44014367747561167,0.0,0.4890485305284574,0.0,0.0,0.0,0.0,0.0,0.0,0.0,0.0,0.0,0.0,0.0,0.0,0.0,0.0,0.0,0.0,0.0,0.0,0.0
1851042,Exploits,LIME,1.0,1.0,1.0,0.0,0.0,0.0,0.0,0.0,0.0,0.0,0.0,0.0,0.0,1.0,1.0,1.0,1.0,1.0,1.0,1.0,1.0,1.0,1.0
1851042,Exploits,TreeSHAP,1.0,1.0,0.9984477987666217,0.0,0.0,0.0,0.0,0.0,0.0,0.0,0.0,0.0,0.0,1.0,1.0,1.0,1.0,1.0,1.0,1.0,1.0,0.9922389938331079,0.9922389938331079
1851042,Exploits,Random,1.0,0.0010321306980148215,0.0,1.0,1.0,1.0,1.0,1.0,1.0,1.0,1.0,1.0,0.9896786930198518,0.0,0.0,0.0,0.0,0.0,0.0,0.0,0.0,0.0,0.0
1118520,Exploits,LIME,1.0,1.0,1.0,0.0,0.0,0.0,0.0,0.0,0.0,0.0,0.0,0.0,0.0,1.0,1.0,1.0,1.0,1.0,1.0,1.0,1.0,1.0,1.0
1118520,Exploits,TreeSHAP,1.0,1.0,1.0,0.0,0.0,0.0,0.0,0.0,0.0,0.0,0.0,0.0,0.0,1.0,1.0,1.0,1.0,1.0,1.0,1.0,1.0,1.0,1.0
1118520,Exploits,Random,1.0,0.0,0.0,1.0,1.0,1.0,1.0,1.0,1.0,1.0,1.0,1.0,1.0,0.0,0.0,0.0,0.0,0.0,0.0,0.0,0.0,0.0,0.0
1878083,Exploits,LIME,1.0,1.0,0.34497847065887577,0.0,0.0,0.0,0.0,0.0,0.0,0.0,0.0,0.0,0.0,0.9948125760122186,1.0,1.0,0.06499601865379119,0.06499601865379119,0.06499601865379119,0.06499601865379119,0.06499601865379119,0.06499601865379119,0.06499601865379119
1878083,Exploits,TreeSHAP,1.0,1.0,0.8984417519803767,0.0,0.0,0.0,0.0,0.0,0.0,0.0,0.0,0.0,0.0,0.0,0.9961043799509415,0.9961043799509415,0.9961043799509415,1.0,1.0,1.0,1.0,1.0,0.9961043799509418
1878083,Exploits,Random,1.0,1.0,0.6972730659656591,0.0,0.0,0.0,0.0,0.0,0.0,0.0,0.0,0.0,0.0,0.0,0.0,0.0,0.9961043799509415,0.9961043799509415,0.9961043799509415,0.9961043799509415,0.9961043799509415,0.9961043799509415,0.9961043799509415
1428371,Exploits,LIME,0.9227731021129204,0.9227731021129204,0.0,0.0,0.0,0.0,0.0,0.0,0.0,0.0,0.0,0.0,0.0,0.0,0.0,0.0,0.0,0.0,0.0,0.0,0.0,0.0,0.0
1428371,Exploits,TreeSHAP,0.9227731021129204,0.8304957919016284,0.3,0.9227731021129204,0.0,0.0,0.0,0.0,0.0,0.0,0.0,0.0,0.0,0.0,0.0,0.0,0.0,0.0,0.0,0.0,0.9227731021129204,0.9227731021129204,0.9227731021129204
1428371,Exploits,Random,0.9227731021129204,0.7382184816903363,0.0,0.9227731021129204,0.9227731021129204,0.0,0.0,0.0,0.0,0.0,0.0,0.0,0.0,0.0,0.0,0.0,0.0,0.0,0.0,0.0,0.0,0.0,0.0
1463275,Exploits,LIME,1.0,1.0,1.0,0.0,0.0,0.0,0.0,0.0,0.0,0.0,0.0,0.0,0.0,1.0,1.0,1.0,1.0,1.0,1.0,1.0,1.0,1.0,1.0
1463275,Exploits,TreeSHAP,1.0,1.0,0.8146600382536144,0.0,0.0,0.0,0.0,0.0,0.0,0.0,0.0,0.0,0.0,1.0,1.0,0.9961043799509416,0.9961043799509416,0.07719581131713066,0.07719581131713066,1.0,1.0,1.0,1.0
1463275,Exploits,Random,1.0,0.6865216644956732,0.29883131398528245,1.0,1.0,1.0,0.0336958387608171,0.0336958387608171,0.0336958387608171,0.0336958387608171,0.0,0.0,0.0,0.0,0.0,0.0,0.0,0.0,0.0,0.0,0.9961043799509416,0.9961043799509416,0.9961043799509416
1810130,Exploits,LIME,1.0,1.0,1.0,0.0,0.0,0.0,0.0,0.0,0.0,0.0,0.0,0.0,0.0,1.0,1.0,1.0,1.0,1.0,1.0,1.0,1.0,1.0,1.0
1810130,Exploits,TreeSHAP,1.0,1.0,1.0,0.0,0.0,0.0,0.0,0.0,0.0,0.0,0.0,0.0,0.0,1.0,1.0,1.0,1.0,1.0,1.0,1.0,1.0,1.0,1.0
1810130,Exploits,Random,1.0,0.0013661279749348054,0.0,1.0,1.0,0.998048388607236,0.998048388607236,0.998048388607236,0.998048388607236,0.998048388607236,0.998048388607236,0.998048388607236,1.0,0.0,0.0,0.0,0.0,0.0,0.0,0.0,0.0,0.0,0.0
1742089,Exploits,LIME,1.0,1.0,1.0,0.0,0.0,0.0,0.0,0.0,0.0,0.0,0.0,0.0,0.0,1.0,1.0,1.0,1.0,1.0,1.0,1.0,1.0,1.0,1.0
1742089,Exploits,TreeSHAP,1.0,1.0,0.9938072158119109,0.0,0.0,0.0,0.0,0.0,0.0,0.0,0.0,0.0,0.0,1.0,1.0,1.0,1.0,0.9896786930198517,0.9896786930198517,0.9896786930198517,0.9896786930198517,0.9896786930198517,0.9896786930198517
1742089,Exploits,Random,1.0,0.0010321306980148326,0.0,1.0,1.0,1.0,1.0,1.0,0.9896786930198517,1.0,1.0,1.0,1.0,0.0,0.0,0.0,0.0,0.0,0.0,0.0,0.0,0.0,0.0
1853426,Exploits,LIME,0.9973995431700399,0.9973995431700399,0.8349508705529384,0.0,0.0,0.0,0.0,0.0,0.0,0.0,0.0,0.0,0.0,1.0,1.0,1.0,1.0,1.0,1.0,1.0,1.0,0.29410032982846185,0.0336958387608171
1853426,Exploits,TreeSHAP,0.9973995431700399,0.9973995431700399,1.0005375934224174,0.0,0.0,0.0,0.0,0.0,0.0,0.0,0.0,0.0,0.0,1.0,1.0,1.0,1.0,1.0,1.0,1.0,1.0,0.9896786930198517,0.9896786930198517
1853426,Exploits,Random,0.9973995431700399,0.35069958494821046,0.0,0.9973995431700399,0.9973995431700399,1.0,1.0,1.0,1.0,0.18808496899730764,0.0947051756269689,0.0947051756269689,0.0947051756269689,0.0,0.0,0.0,0.0,0.0,0.0,0.0,0.0,0.0,0.0
1817762,Exploits,LIME,1.0,1.0,0.9979250304048876,0.0,0.0,0.0,0.0,0.0,0.0,0.0,0.0,0.0,0.0,1.0,1.0,1.0,1.0,1.0,1.0,0.9948125760122187,0.9948125760122187,0.9948125760122187,0.9948125760122187
1817762,Exploits,TreeSHAP,1.0,1.0,0.9989625152024437,0.0,0.0,0.0,0.0,0.0,0.0,0.0,0.0,0.0,0.0,1.0,1.0,1.0,1.0,1.0,0.9948125760122187,0.9948125760122187,1.0,1.0,1.0
1817762,Exploits,Random,1.0,0.002176553516022173,0.0,1.0,1.0,0.9968810739305677,0.9968810739305677,0.9968810739305677,0.9968810739305677,0.9973995431700399,0.9977702086491559,0.9977702086491559,0.9977702086491559,0.0,0.0,0.0,0.0,0.0,0.0,0.0,0.0,0.0,0.0
1561316,Exploits,LIME,0.9961043799509415,0.9961043799509414,0.27164555526523,0.0,0.0,0.0,0.0,0.0,0.0,0.0,0.0,0.0,0.0,0.9948125760122186,0.9948125760122186,0.358124060957287,0.358124060957287,0.0,0.0,0.0,0.0,0.0,0.0
1561316,Exploits,TreeSHAP,0.9961043799509415,0.9872247987123652,0.40156434210207986,0.04439790619288102,0.04439790619288102,0.0,0.0,0.0,0.0,0.0,0.0,0.0,0.0,0.0,0.0,0.0,0.0,0.0,0.0,1.0,1.0,1.0,1.0
1561316,Exploits,Random,0.9961043799509415,0.19922087599018828,0.0,0.9961043799509415,0.9961043799509415,0.9961043799509415,0.9961043799509415,0.9961043799509415,0.9961043799509415,0.9961043799509415,0.9961043799509415,0.0,0.0,0.0,0.0,0.0,0.0,0.0,0.0,0.0,0.0,0.0,0.0
1050647,Exploits,LIME,1.0,1.0,1.0,0.0,0.0,0.0,0.0,0.0,0.0,0.0,0.0,0.0,0.0,1.0,1.0,1.0,1.0,1.0,1.0,1.0,1.0,1.0,1.0
1050647,Exploits,TreeSHAP,1.0,1.0,0.9416582669484637,0.0,0.0,0.0,0.0,0.0,0.0,0.0,0.0,0.0,0.0,1.0,1.0,1.0,1.0,1.0,1.0,1.0,0.805527556494879,0.805527556494879,0.805527556494879
1050647,Exploits,Random,1.0,0.2,0.2,1.0,1.0,1.0,1.0,1.0,1.0,1.0,1.0,0.0,0.0,0.0,0.0,0.0,0.0,0.0,0.0,0.0,0.0,1.0,1.0
1361311,Exploits,LIME,1.0,1.0,0.8,0.0,0.0,0.0,0.0,0.0,0.0,0.0,0.0,0.0,0.0,1.0,1.0,1.0,1.0,1.0,1.0,1.0,1.0,0.0,0.0
1361311,Exploits,TreeSHAP,1.0,1.0,1.0,0.0,0.0,0.0,0.0,0.0,0.0,0.0,0.0,0.0,0.0,1.0,1.0,1.0,1.0,1.0,1.0,1.0,1.0,1.0,1.0
1361311,Exploits,Random,1.0,0.0,0.0,1.0,1.0,1.0,1.0,1.0,1.0,1.0,1.0,1.0,1.0,0.0,0.0,0.0,0.0,0.0,0.0,0.0,0.0,0.0,0.0
1567369,Exploits,LIME,0.5059746631981896,0.5059746631981896,0.0,0.0,0.0,0.0,0.0,0.0,0.0,0.0,0.0,0.0,0.0,0.0,0.0,0.0,0.0,0.0,0.0,0.0,0.0,0.0,0.0
1567369,Exploits,TreeSHAP,0.5059746631981896,0.5059746631981896,0.0,0.0,0.0,0.0,0.0,0.0,0.0,0.0,0.0,0.0,0.0,0.0,0.0,0.0,0.0,0.0,0.0,0.0,0.0,0.0,0.0
1567369,Exploits,Random,0.5059746631981896,-0.22296962048099817,0.0,0.5059746631981896,0.5059746631981896,0.5059746631981896,0.5059746631981896,0.8775906973331865,0.8775906973331865,0.8775906973331865,0.8775906973331865,0.8775906973331865,0.8775906973331865,0.0,0.0,0.0,0.0,0.0,0.0,0.0,0.0,0.0,0.0
1916191,Exploits,LIME,1.0,1.0,1.0,0.0,0.0,0.0,0.0,0.0,0.0,0.0,0.0,0.0,0.0,1.0,1.0,1.0,1.0,1.0,1.0,1.0,1.0,1.0,1.0
1916191,Exploits,TreeSHAP,1.0,1.0,1.0,0.0,0.0,0.0,0.0,0.0,0.0,0.0,0.0,0.0,0.0,1.0,1.0,1.0,1.0,1.0,1.0,1.0,1.0,1.0,1.0
1916191,Exploits,Random,1.0,1.0,1.0,0.0,0.0,0.0,0.0,0.0,0.0,0.0,0.0,0.0,0.0,1.0,1.0,1.0,1.0,1.0,1.0,1.0,1.0,1.0,1.0
1647670,Exploits,LIME,1.0,1.0,0.2,0.0,0.0,0.0,0.0,0.0,0.0,0.0,0.0,0.0,0.0,1.0,1.0,0.0,0.0,0.0,0.0,0.0,0.0,0.0,0.0
1647670,Exploits,TreeSHAP,1.0,1.0,1.0,0.0,0.0,0.0,0.0,0.0,0.0,0.0,0.0,0.0,0.0,1.0,1.0,1.0,1.0,1.0,1.0,1.0,1.0,1.0,1.0
1647670,Exploits,Random,1.0,0.019447244350512104,0.0,1.0,1.0,1.0,1.0,1.0,1.0,1.0,1.0,1.0,0.805527556494879,0.0,0.0,0.0,0.0,0.0,0.0,0.0,0.0,0.0,0.0
1973640,Exploits,LIME,1.0,1.0,1.0,0.0,0.0,0.0,0.0,0.0,0.0,0.0,0.0,0.0,0.0,1.0,1.0,1.0,1.0,1.0,1.0,1.0,1.0,1.0,1.0
1973640,Exploits,TreeSHAP,1.0,1.0,0.9986338720250652,0.0,0.0,0.0,0.0,0.0,0.0,0.0,0.0,0.0,0.0,1.0,1.0,0.9980483886072361,0.9980483886072361,0.9980483886072361,0.9980483886072361,0.9980483886072361,0.9980483886072361,0.9980483886072361,1.0
1973640,Exploits,Random,1.0,0.0,0.0,1.0,1.0,1.0,1.0,1.0,1.0,1.0,1.0,1.0,1.0,0.0,0.0,0.0,0.0,0.0,0.0,0.0,0.0,0.0,0.0
1441920,Exploits,LIME,1.0,1.0,1.0,0.0,0.0,0.0,0.0,0.0,0.0,0.0,0.0,0.0,0.0,1.0,1.0,1.0,1.0,1.0,1.0,1.0,1.0,1.0,1.0
1441920,Exploits,TreeSHAP,1.0,1.0,1.0,0.0,0.0,0.0,0.0,0.0,0.0,0.0,0.0,0.0,0.0,1.0,1.0,1.0,1.0,1.0,1.0,1.0,1.0,1.0,1.0
1441920,Exploits,Random,1.0,0.5827287576712062,0.14705016491423092,1.0,1.0,0.1727124232879375,1.0,1.0,0.0,0.0,0.0,0.0,0.0,0.0,0.0,0.0,0.0,0.0,0.29410032982846185,0.29410032982846185,0.29410032982846185,0.29410032982846185,0.29410032982846185
1911217,Exploits,LIME,0.9876399460061341,0.9876399460061341,1.0125147368166385,0.0,0.0,0.0,0.0,0.0,0.0,0.0,0.0,0.0,0.0,1.0,1.0,1.0,1.0,1.0,1.0,1.0,1.0,1.0,1.0
1911217,Exploits,TreeSHAP,0.9876399460061341,0.9876399460061341,0.8100117894533109,0.0,0.0,0.0,0.0,0.0,0.0,0.0,0.0,0.0,0.0,1.0,1.0,1.0,1.0,1.0,1.0,1.0,1.0,0.0,0.0
1911217,Exploits,Random,0.9876399460061341,-0.007416032396319517,0.0,0.9876399460061341,0.9876399460061341,0.9876399460061341,0.9876399460061341,1.0,1.0,1.0,1.0,1.0,1.0,0.0,0.0,0.0,0.0,0.0,0.0,0.0,0.0,0.0,0.0
1711475,Exploits,LIME,1.0,1.0,1.0,0.0,0.0,0.0,0.0,0.0,0.0,0.0,0.0,0.0,0.0,1.0,1.0,1.0,1.0,1.0,1.0,1.0,1.0,1.0,1.0
1711475,Exploits,TreeSHAP,1.0,1.0,0.9989625152024437,0.0,0.0,0.0,0.0,0.0,0.0,0.0,0.0,0.0,0.0,1.0,1.0,1.0,1.0,1.0,0.9948125760122187,0.9948125760122187,1.0,1.0,1.0
1711475,Exploits,Random,1.0,0.0004459582701688225,0.0,1.0,1.0,1.0,1.0,1.0,1.0,1.0,1.0,0.9977702086491559,0.9977702086491559,0.0,0.0,0.0,0.0,0.0,0.0,0.0,0.0,0.0,0.0
1897211,Exploits,LIME,1.0,1.0,0.5425388165107208,0.0,0.0,0.0,0.0,0.0,0.0,0.0,0.0,0.0,0.0,1.0,1.0,1.0,1.0,1.0,0.08507763302144151,0.08507763302144151,0.08507763302144151,0.08507763302144151,0.08507763302144151
1897211,Exploits,TreeSHAP,1.0,1.0,1.0,0.0,0.0,0.0,0.0,0.0,0.0,0.0,0.0,0.0,0.0,1.0,1.0,1.0,1.0,1.0,1.0,1.0,1.0,1.0,1.0
1897211,Exploits,Random,1.0,0.7319378935828468,0.0,1.0,1.0,0.08507763302144151,0.08507763302144151,0.08507763302144151,0.08507763302144151,0.08507763302144151,0.08507763302144151,0.08507763302144151,0.08507763302144151,0.0,0.0,0.0,0.0,0.0,0.0,0.0,0.0,0.0,0.0
1952406,Exploits,LIME,1.0,1.0,1.0,0.0,0.0,0.0,0.0,0.0,0.0,0.0,0.0,0.0,0.0,1.0,1.0,1.0,1.0,1.0,1.0,1.0,1.0,1.0,1.0
1952406,Exploits,TreeSHAP,1.0,1.0,0.9907108237178663,0.0,0.0,0.0,0.0,0.0,0.0,0.0,0.0,0.0,0.0,1.0,0.9896786930198517,0.9896786930198517,0.9896786930198517,0.9896786930198517,0.9896786930198517,0.9896786930198517,0.9896786930198517,0.9896786930198517,0.9896786930198517
1952406,Exploits,Random,1.0,0.5,0.5,1.0,1.0,1.0,1.0,1.0,0.0,0.0,0.0,0.0,0.0,0.0,0.0,0.0,0.0,0.0,1.0,1.0,1.0,1.0,1.0
1174845,Exploits,LIME,1.0,1.0,0.9974062880061094,0.0,0.0,0.0,0.0,0.0,0.0,0.0,0.0,0.0,0.0,0.9948125760122186,0.9948125760122186,0.9948125760122186,0.9948125760122186,0.9948125760122186,1.0,1.0,1.0,1.0,1.0
1174845,Exploits,TreeSHAP,1.0,0.47862762690223953,0.0,0.07124124365920151,0.07124124365920151,0.07124124365920151,1.0,1.0,1.0,1.0,1.0,0.0,0.0,0.0,0.0,0.0,0.0,0.0,0.0,0.0,0.0,0.0,0.0
1174845,Exploits,Random,1.0,0.07384771878886279,0.0,1.0,1.0,1.0,1.0,1.0,1.0,1.0,1.0,0.5273804820229159,0.7341423300884562,0.0,0.0,0.0,0.0,0.0,0.0,0.0,0.0,0.0,0.0
976674,Exploits,LIME,1.0,1.0,0.9988313139852825,0.0,0.0,0.0,0.0,0.0,0.0,0.0,0.0,0.0,0.0,1.0,1.0,1.0,1.0,1.0,1.0,1.0,0.9961043799509416,0.9961043799509416,0.9961043799509416
976674,Exploits,TreeSHAP,1.0,1.0,0.9938072158119109,0.0,0.0,0.0,0.0,0.0,0.0,0.0,0.0,0.0,0.0,1.0,1.0,1.0,1.0,0.9896786930198517,0.9896786930198517,0.9896786930198517,0.9896786930198517,0.9896786930198517,0.9896786930198517
976674,Exploits,Random,1.0,0.16238300620053847,0.0,1.0,1.0,1.0,1.0,1.0,1.0,0.18808496899730764,0.18808496899730764,1.0,1.0,0.0,0.0,0.0,0.0,0.0,0.0,0.0,0.0,0.0,0.0
1904836,Exploits,LIME,1.0,1.0,1.0,0.0,0.0,0.0,0.0,0.0,0.0,0.0,0.0,0.0,0.0,1.0,1.0,1.0,1.0,1.0,1.0,1.0,1.0,1.0,1.0
1904836,Exploits,TreeSHAP,1.0,1.0,0.9979357386039703,0.0,0.0,0.0,0.0,0.0,0.0,0.0,0.0,0.0,0.0,1.0,1.0,1.0,1.0,1.0,1.0,1.0,0.9896786930198517,0.9896786930198517,1.0
1904836,Exploits,Random,1.0,0.0007801370489880389,0.0,1.0,1.0,0.9973995431700399,0.9973995431700399,0.9973995431700399,1.0,1.0,1.0,1.0,1.0,0.0,0.0,0.0,0.0,0.0,0.0,0.0,0.0,0.0,0.0
1718805,Exploits,LIME,1.0,1.0,1.0,0.0,0.0,0.0,0.0,0.0,0.0,0.0,0.0,0.0,0.0,1.0,1.0,1.0,1.0,1.0,1.0,1.0,1.0,1.0,1.0
1718805,Exploits,TreeSHAP,1.0,1.0,0.9984387108857888,0.0,0.0,0.0,0.0,0.0,0.0,0.0,0.0,0.0,0.0,1.0,1.0,0.9980483886072361,0.9980483886072361,0.9980483886072361,0.9980483886072361,0.9980483886072361,0.9980483886072361,0.9980483886072361,0.9980483886072361
1718805,Exploits,Random,1.0,0.3,0.3,1.0,1.0,1.0,1.0,1.0,1.0,1.0,0.0,0.0,0.0,0.0,0.0,0.0,0.0,0.0,0.0,0.0,1.0,1.0,1.0
1561116,Exploits,LIME,1.0,1.0,1.0,0.0,0.0,0.0,0.0,0.0,0.0,0.0,0.0,0.0,0.0,1.0,1.0,1.0,1.0,1.0,1.0,1.0,1.0,1.0,1.0
1561116,Exploits,TreeSHAP,1.0,1.0,1.0,0.0,0.0,0.0,0.0,0.0,0.0,0.0,0.0,0.0,0.0,1.0,1.0,1.0,1.0,1.0,1.0,1.0,1.0,1.0,1.0
1561116,Exploits,Random,1.0,0.6411799340343076,0.5,1.0,1.0,1.0,0.29410032982846185,0.29410032982846185,0.0,0.0,0.0,0.0,0.0,0.0,0.0,0.0,0.0,0.0,1.0,1.0,1.0,1.0,1.0
52554,Exploits,LIME,0.7492768811569901,0.7492768811569901,1.3325431464826814,0.0,0.0,0.0,0.0,0.0,0.0,0.0,0.0,0.0,0.0,0.9948125760122186,0.9948125760122186,0.9948125760122186,1.0,1.0,1.0,1.0,1.0,1.0,1.0
52554,Exploits,TreeSHAP,0.7492768811569901,0.5372000740346777,0.1,0.0,0.0,0.0,0.030192017805780954,0.030192017805780954,0.030192017805780954,0.030192017805780954,1.0,1.0,0.0,0.0,0.0,0.0,0.0,0.0,0.0,0.0,0.0,0.0,0.7492768811569901
52554,Exploits,Random,0.7492768811569901,-0.029366633325315927,0.0,0.7492768811569901,0.7492768811569901,0.7492768811569901,0.7492768811569901,0.7492768811569901,0.7492768811569901,0.7492768811569901,0.7707484883620648,0.7707484883620648,1.0,0.0,0.0,0.0,0.0,0.0,0.0,0.0,0.0,0.0,0.0
68650,Exploits,LIME,1.0,1.0,0.4924646148618598,0.0,0.0,0.0,0.0,0.0,0.0,0.0,0.0,0.0,0.0,1.0,1.0,1.0,1.0,0.18862272064392868,0.18862272064392868,0.18862272064392868,0.18862272064392868,0.08507763302144151,0.08507763302144151
68650,Exploits,TreeSHAP,1.0,1.0,1.0,0.0,0.0,0.0,0.0,0.0,0.0,0.0,0.0,0.0,0.0,1.0,1.0,1.0,1.0,1.0,1.0,1.0,1.0,1.0,1.0
68650,Exploits,Random,1.0,0.0,0.0,1.0,1.0,1.0,1.0,1.0,1.0,1.0,1.0,1.0,1.0,0.0,0.0,0.0,0.0,0.0,0.0,0.0,0.0,0.0,0.0
1772338,Exploits,LIME,1.0,1.0,1.0,0.0,0.0,0.0,0.0,0.0,0.0,0.0,0.0,0.0,0.0,1.0,1.0,1.0,1.0,1.0,1.0,1.0,1.0,1.0,1.0
1772338,Exploits,TreeSHAP,1.0,1.0,1.0,0.0,0.0,0.0,0.0,0.0,0.0,0.0,0.0,0.0,0.0,1.0,1.0,1.0,1.0,1.0,1.0,1.0,1.0,1.0,1.0
1772338,Exploits,Random,1.0,0.1283751878085426,0.0,1.0,1.0,1.0,1.0,1.0,1.0,1.0,1.0,0.358124060957287,0.358124060957287,0.0,0.0,0.0,0.0,0.0,0.0,0.0,0.0,0.0,0.0
69386,Exploits,LIME,1.0,1.0,1.0,0.0,0.0,0.0,0.0,0.0,0.0,0.0,0.0,0.0,0.0,1.0,1.0,1.0,1.0,1.0,1.0,1.0,1.0,1.0,1.0
69386,Exploits,TreeSHAP,1.0,1.0,0.9958714772079406,0.0,0.0,0.0,0.0,0.0,0.0,0.0,0.0,0.0,0.0,1.0,1.0,1.0,1.0,1.0,1.0,0.9896786930198517,0.9896786930198517,0.9896786930198517,0.9896786930198517
69386,Exploits,Random,1.0,1.0,0.6470501649142308,0.0,0.0,0.0,0.0,0.0,0.0,0.0,0.0,0.0,0.0,1.0,1.0,1.0,1.0,1.0,0.29410032982846185,0.29410032982846185,0.29410032982846185,0.29410032982846185,0.29410032982846185
1611520,Exploits,LIME,1.0,1.0,1.0,0.0,0.0,0.0,0.0,0.0,0.0,0.0,0.0,0.0,0.0,1.0,1.0,1.0,1.0,1.0,1.0,1.0,1.0,1.0,1.0
1611520,Exploits,TreeSHAP,1.0,1.0,1.0,0.0,0.0,0.0,0.0,0.0,0.0,0.0,0.0,0.0,0.0,1.0,1.0,1.0,1.0,1.0,1.0,1.0,1.0,1.0,1.0
1611520,Exploits,Random,1.0,0.8,0.7979357386039704,1.0,1.0,0.0,0.0,0.0,0.0,0.0,0.0,0.0,0.0,0.0,0.0,1.0,1.0,1.0,1.0,1.0,1.0,0.9896786930198517,0.9896786930198517
1055081,Exploits,LIME,0.348563304536152,0.3485633045361519,0.0,0.0,0.0,0.0,0.0,0.0,0.0,0.0,0.0,0.0,0.0,0.0,0.0,0.0,0.0,0.0,0.0,0.0,0.0,0.0,0.0
1055081,Exploits,TreeSHAP,0.348563304536152,0.3485633045361519,0.2,0.0,0.0,0.0,0.0,0.0,0.0,0.0,0.0,0.0,0.0,0.0,0.0,0.0,0.0,0.0,0.0,0.0,0.0,0.348563304536152,0.348563304536152
1055081,Exploits,Random,0.348563304536152,0.3485633045361519,0.0,0.0,0.0,0.0,0.0,0.0,0.0,0.0,0.0,0.0,0.0,0.0,0.0,0.0,0.0,0.0,0.0,0.0,0.0,0.0,0.0
1871458,Exploits,LIME,1.0,1.0,0.42444218026518205,0.0,0.0,0.0,0.0,0.0,0.0,0.0,0.0,0.0,0.0,0.9948125760122186,0.9948125760122186,0.9948125760122186,1.0,0.06499601865379119,0.06499601865379119,0.06499601865379119,0.06499601865379119,0.0,0.0
1871458,Exploits,TreeSHAP,1.0,0.4,0.0,1.0,0.0,0.0,0.0,0.0,1.0,1.0,1.0,1.0,1.0,0.0,0.0,0.0,0.0,0.0,0.0,0.0,0.0,0.0,0.0
1871458,Exploits,Random,1.0,0.0,0.0,1.0,1.0,1.0,1.0,1.0,1.0,1.0,1.0,1.0,1.0,0.0,0.0,0.0,0.0,0.0,0.0,0.0,0.0,0.0,0.0
1974617,Exploits,LIME,1.0,1.0,1.0,0.0,0.0,0.0,0.0,0.0,0.0,0.0,0.0,0.0,0.0,1.0,1.0,1.0,1.0,1.0,1.0,1.0,1.0,1.0,1.0
1974617,Exploits,TreeSHAP,1.0,1.0,0.9065062171272551,0.0,0.0,0.0,0.0,0.0,0.0,0.0,0.0,0.0,0.0,1.0,1.0,1.0,1.0,1.0,1.0,1.0,1.0,1.0,0.06506217127255051
1974617,Exploits,Random,1.0,0.6007791240098117,0.6,0.9961043799509416,0.9961043799509416,1.0,1.0,0.0,0.0,0.0,0.0,0.0,0.0,0.0,0.0,0.0,0.0,1.0,1.0,1.0,1.0,1.0,1.0
1969101,Exploits,LIME,0.9937815427695033,0.9937815427695031,0.9989872445680542,0.0,0.0,0.0,0.0,0.0,0.0,0.0,0.0,0.0,0.0,1.0,1.0,1.0,0.9896786930198517,0.9896786930198517,0.9896786930198517,0.9896786930198517,0.9896786930198517,0.9896786930198517,0.9896786930198517
1969101,Exploits,TreeSHAP,0.9937815427695033,0.9937815427695031,1.000025833688092,0.0,0.0,0.0,0.0,0.0,0.0,0.0,0.0,0.0,0.0,1.0,1.0,1.0,1.0,0.9896786930198517,0.9896786930198517,0.9896786930198517,0.9896786930198517,0.9896786930198517,0.9896786930198517
1969101,Exploits,Random,0.9937815427695033,0.18987672731532446,0.0,0.9937815427695033,0.9937815427695033,0.9937815427695033,0.9937815427695033,0.9937815427695033,0.9937815427695033,0.9937815427695033,0.9937815427695033,0.04439790619288102,0.04439790619288102,0.0,0.0,0.0,0.0,0.0,0.0,0.0,0.0,0.0,0.0
1757384,Exploits,LIME,1.0,1.0,0.8,0.0,0.0,0.0,0.0,0.0,0.0,0.0,0.0,0.0,0.0,1.0,1.0,1.0,1.0,1.0,1.0,1.0,1.0,0.0,0.0
1757384,Exploits,TreeSHAP,1.0,1.0,1.0,0.0,0.0,0.0,0.0,0.0,0.0,0.0,0.0,0.0,0.0,1.0,1.0,1.0,1.0,1.0,1.0,1.0,1.0,1.0,1.0
1757384,Exploits,Random,1.0,0.0,0.0,1.0,1.0,1.0,1.0,1.0,1.0,1.0,1.0,1.0,1.0,0.0,0.0,0.0,0.0,0.0,0.0,0.0,0.0,0.0,0.0
1058048,Exploits,LIME,1.0,1.0,0.9990352993310531,0.0,0.0,0.0,0.0,0.0,0.0,0.0,0.0,0.0,0.0,1.0,1.0,1.0,1.0,1.0,1.0,1.0,0.9948125760122187,0.9977702086491559,0.9977702086491559
1058048,Exploits,TreeSHAP,1.0,1.0,0.3,0.0,0.0,0.0,0.0,0.0,0.0,0.0,0.0,0.0,0.0,1.0,1.0,1.0,0.0,0.0,0.0,0.0,0.0,0.0,0.0
1058048,Exploits,Random,1.0,0.2567503756170852,0.0,1.0,1.0,1.0,1.0,1.0,1.0,0.358124060957287,0.358124060957287,0.358124060957287,0.358124060957287,0.0,0.0,0.0,0.0,0.0,0.0,0.0,0.0,0.0,0.0
57820,Exploits,LIME,1.0,1.0,0.8821739023369204,0.0,0.0,0.0,0.0,0.0,0.0,0.0,0.0,0.0,0.0,1.0,1.0,1.0,1.0,1.0,1.0,1.0,1.0,0.41086951168460195,0.41086951168460195
57820,Exploits,TreeSHAP,1.0,1.0,0.8,0.0,0.0,0.0,0.0,0.0,0.0,0.0,0.0,0.0,0.0,1.0,1.0,1.0,1.0,1.0,1.0,1.0,1.0,0.0,0.0
57820,Exploits,Random,1.0,0.4,0.4,1.0,1.0,1.0,1.0,1.0,1.0,0.0,0.0,0.0,0.0,0.0,0.0,0.0,0.0,0.0,0.0,1.0,1.0,1.0,1.0
1078612,Exploits,LIME,1.0,1.0,1.0,0.0,0.0,0.0,0.0,0.0,0.0,0.0,0.0,0.0,0.0,1.0,1.0,1.0,1.0,1.0,1.0,1.0,1.0,1.0,1.0
1078612,Exploits,TreeSHAP,1.0,1.0,0.992775085113896,0.0,0.0,0.0,0.0,0.0,0.0,0.0,0.0,0.0,0.0,1.0,1.0,1.0,0.9896786930198517,0.9896786930198517,0.9896786930198517,0.9896786930198517,0.9896786930198517,0.9896786930198517,0.9896786930198517
1078612,Exploits,Random,1.0,0.0,0.0,1.0,1.0,1.0,1.0,1.0,1.0,1.0,1.0,1.0,1.0,0.0,0.0,0.0,0.0,0.0,0.0,0.0,0.0,0.0,0.0
1609885,Exploits,LIME,1.0,1.0,0.9969036079059554,0.0,0.0,0.0,0.0,0.0,0.0,0.0,0.0,0.0,0.0,1.0,1.0,1.0,1.0,1.0,1.0,1.0,0.9896786930198517,0.9896786930198517,0.9896786930198517
1609885,Exploits,TreeSHAP,1.0,1.0,1.0,0.0,0.0,0.0,0.0,0.0,0.0,0.0,0.0,0.0,0.0,1.0,1.0,1.0,1.0,1.0,1.0,1.0,1.0,1.0,1.0
1609885,Exploits,Random,1.0,0.00825704558411866,0.0,1.0,1.0,0.9896786930198517,0.9896786930198517,0.9896786930198517,0.9896786930198517,0.9896786930198517,0.9896786930198517,0.9896786930198517,0.9896786930198517,0.0,0.0,0.0,0.0,0.0,0.0,0.0,0.0,0.0,0.0
1767691,Exploits,LIME,1.0,1.0,0.5255232899064325,0.0,0.0,0.0,0.0,0.0,0.0,0.0,0.0,0.0,0.0,1.0,1.0,1.0,1.0,1.0,0.0,0.0,0.08507763302144151,0.08507763302144151,0.08507763302144151
1767691,Exploits,TreeSHAP,1.0,1.0,0.994181718088026,0.0,0.0,0.0,0.0,0.0,0.0,0.0,0.0,0.0,0.0,1.0,1.0,0.9961043799509416,0.9922389938331079,0.9896786930198518,0.9896786930198518,0.9896786930198518,0.9948125760122187,0.9948125760122187,0.9948125760122187
1767691,Exploits,Random,1.0,0.662035859386797,0.0,1.0,0.9948125760122187,0.9948125760122187,0.08507763302144151,0.08507763302144151,0.08507763302144151,0.0336958387608171,0.0336958387608171,0.0336958387608171,0.0336958387608171,0.0,0.0,0.0,0.0,0.0,0.0,0.0,0.0,0.0,0.0
1355103,Exploits,LIME,1.0,1.0,1.0,0.0,0.0,0.0,0.0,0.0,0.0,0.0,0.0,0.0,0.0,1.0,1.0,1.0,1.0,1.0,1.0,1.0,1.0,1.0,1.0
1355103,Exploits,TreeSHAP,1.0,1.0,1.0,0.0,0.0,0.0,0.0,0.0,0.0,0.0,0.0,0.0,0.0,1.0,1.0,1.0,1.0,1.0,1.0,1.0,1.0,1.0,1.0
1355103,Exploits,Random,1.0,0.0,0.0,1.0,1.0,1.0,1.0,1.0,1.0,1.0,1.0,1.0,1.0,0.0,0.0,0.0,0.0,0.0,0.0,0.0,0.0,0.0,0.0
1770715,Exploits,LIME,0.9522937605731914,0.9522937605731914,0.0,0.0,0.0,0.0,0.0,0.0,0.0,0.0,0.0,0.0,0.0,0.0,0.0,0.0,0.0,0.0,0.0,0.0,0.0,0.0,0.0
1770715,Exploits,TreeSHAP,0.9522937605731914,0.9522937605731914,0.4,0.0,0.0,0.0,0.0,0.0,0.0,0.0,0.0,0.0,0.0,0.0,0.0,0.0,0.0,0.0,0.0,0.9522937605731914,0.9522937605731914,0.9522937605731914,0.9522937605731914
1770715,Exploits,Random,0.9522937605731914,0.19045875211463828,0.0,0.9522937605731914,0.9522937605731914,0.9522937605731914,0.9522937605731914,0.9522937605731914,0.9522937605731914,0.9522937605731914,0.9522937605731914,0.0,0.0,0.0,0.0,0.0,0.0,0.0,0.0,0.0,0.0,0.0,0.0
1110130,Exploits,LIME,1.0,1.0,0.9948125760122186,0.0,0.0,0.0,0.0,0.0,0.0,0.0,0.0,0.0,0.0,0.9948125760122186,0.9948125760122186,0.9948125760122186,0.9948125760122186,0.9948125760122186,0.9948125760122186,0.9948125760122186,0.9948125760122186,0.9948125760122186,0.9948125760122186
1110130,Exploits,TreeSHAP,1.0,1.0,0.2,0.0,0.0,0.0,0.0,0.0,0.0,0.0,0.0,0.0,0.0,0.0,0.0,0.0,0.0,0.0,0.0,0.0,0.0,1.0,1.0
1110130,Exploits,Random,1.0,1.0,0.9994812576012219,0.0,0.0,0.0,0.0,0.0,0.0,0.0,0.0,0.0,0.0,0.9948125760122186,1.0,1.0,1.0,1.0,1.0,1.0,1.0,1.0,1.0
1535352,Exploits,LIME,1.0,1.0,0.09948125760122187,0.0,0.0,0.0,0.0,0.0,0.0,0.0,0.0,0.0,0.0,0.9948125760122186,0.0,0.0,0.0,0.0,0.0,0.0,0.0,0.0,0.0
1535352,Exploits,TreeSHAP,1.0,0.9850843602785613,0.5,0.07457819860719396,0.07457819860719396,0.0,0.0,0.0,0.0,0.0,0.0,0.0,0.0,0.0,0.0,0.0,0.0,0.0,1.0,1.0,1.0,1.0,1.0
1535352,Exploits,Random,1.0,0.1,0.1,1.0,1.0,1.0,1.0,1.0,1.0,1.0,1.0,1.0,0.0,0.0,0.0,0.0,0.0,0.0,0.0,0.0,0.0,0.0,1.0
1592204,Exploits,LIME,1.0,1.0,0.19896251520244373,0.0,0.0,0.0,0.0,0.0,0.0,0.0,0.0,0.0,0.0,0.9948125760122186,0.9948125760122186,0.0,0.0,0.0,0.0,0.0,0.0,0.0,0.0
1592204,Exploits,TreeSHAP,1.0,0.08028114034648494,0.0,1.0,1.0,1.0,1.0,1.0,1.0,1.0,1.0,0.20030752260458276,0.9968810739305679,0.0,0.0,0.0,0.0,0.0,0.0,0.0,0.0,0.0,0.0
1592204,Exploits,Random,1.0,0.0,0.0,1.0,1.0,1.0,1.0,1.0,1.0,1.0,1.0,1.0,1.0,0.0,0.0,0.0,0.0,0.0,0.0,0.0,0.0,0.0,0.0
1723770,Exploits,LIME,0.9961043799509418,0.9961043799509419,1.001175285302996,0.0,0.0,0.0,0.0,0.0,0.0,0.0,0.0,0.0,0.0,0.9948125760122186,0.9948125760122186,0.9948125760122186,0.9961043799509415,0.9961043799509415,0.9961043799509415,1.0,1.0,1.0,1.0
1723770,Exploits,TreeSHAP,0.9961043799509418,0.9961043799509419,0.7019554276275997,0.0,0.0,0.0,0.0,0.0,0.0,0.0,0.0,0.0,0.0,0.0,0.0,0.0,0.9961043799509415,0.9961043799509415,1.0,1.0,1.0,1.0,1.0
1723770,Exploits,Random,0.9961043799509418,0.4938481825083206,0.0,0.9961043799509418,0.9961043799509418,0.9961043799509418,0.9961043799509418,0.1730240757704074,0.1730240757704074,0.1730240757704074,0.1730240757704074,0.1730240757704074,0.1730240757704074,0.0,0.0,0.0,0.0,0.0,0.0,0.0,0.0,0.0,0.0
1669264,Exploits,LIME,1.0,1.0,1.0,0.0,0.0,0.0,0.0,0.0,0.0,0.0,0.0,0.0,0.0,1.0,1.0,1.0,1.0,1.0,1.0,1.0,1.0,1.0,1.0
1669264,Exploits,TreeSHAP,1.0,1.0,1.0,0.0,0.0,0.0,0.0,0.0,0.0,0.0,0.0,0.0,0.0,1.0,1.0,1.0,1.0,1.0,1.0,1.0,1.0,1.0,1.0
1669264,Exploits,Random,1.0,0.00311649603924673,0.0,1.0,1.0,0.9961043799509416,0.9961043799509416,0.9961043799509416,0.9961043799509416,0.9961043799509416,0.9961043799509416,0.9961043799509416,0.9961043799509416,0.0,0.0,0.0,0.0,0.0,0.0,0.0,0.0,0.0,0.0
1200517,Exploits,LIME,1.0,1.0,1.0,0.0,0.0,0.0,0.0,0.0,0.0,0.0,0.0,0.0,0.0,1.0,1.0,1.0,1.0,1.0,1.0,1.0,1.0,1.0,1.0
1200517,Exploits,TreeSHAP,1.0,1.0,0.4371587833131498,0.0,0.0,0.0,0.0,0.0,0.0,0.0,0.0,0.0,0.0,1.0,1.0,1.0,0.29410032982846185,0.29410032982846185,0.29410032982846185,0.29410032982846185,0.06506217127255051,0.06506217127255051,0.06506217127255051
1200517,Exploits,Random,1.0,0.0023283018500676713,0.0,1.0,1.0,1.0,1.0,1.0,1.0,1.0,0.9922389938331078,0.9922389938331078,0.9922389938331078,0.0,0.0,0.0,0.0,0.0,0.0,0.0,0.0,0.0,0.0
1615917,Exploits,LIME,1.0,1.0,1.0,0.0,0.0,0.0,0.0,0.0,0.0,0.0,0.0,0.0,0.0,1.0,1.0,1.0,1.0,1.0,1.0,1.0,1.0,1.0,1.0
1615917,Exploits,TreeSHAP,1.0,1.0,1.0,0.0,0.0,0.0,0.0,0.0,0.0,0.0,0.0,0.0,0.0,1.0,1.0,1.0,1.0,1.0,1.0,1.0,1.0,1.0,1.0
1615917,Exploits,Random,1.0,0.0,0.0,1.0,1.0,1.0,1.0,1.0,1.0,1.0,1.0,1.0,1.0,0.0,0.0,0.0,0.0,0.0,0.0,0.0,0.0,0.0,0.0
1004305,Fuzzers,LIME,1.0,1.0,0.5657401134988781,0.0,0.0,0.0,0.0,0.0,0.0,0.0,0.0,0.0,0.0,0.0,0.8082001621412545,0.8082001621412545,0.8082001621412545,0.8082001621412545,0.8082001621412545,0.8082001621412545,0.8082001621412545,0.0,0.0
1004305,Fuzzers,TreeSHAP,1.0,1.0,0.08082001621412545,0.0,0.0,0.0,0.0,0.0,0.0,0.0,0.0,0.0,0.0,0.0,0.0,0.8082001621412545,0.0,0.0,0.0,0.0,0.0,0.0,0.0
1004305,Fuzzers,Random,1.0,0.1370433102903575,0.0,1.0,1.0,1.0,1.0,1.0,0.725913379419285,0.725913379419285,0.725913379419285,0.725913379419285,0.725913379419285,0.0,0.0,0.0,0.0,0.0,0.0,0.0,0.0,0.0,0.0
1171242,Fuzzers,LIME,1.0,1.0,0.01907177284257106,0.0,0.0,0.0,0.0,0.0,0.0,0.0,0.0,0.0,0.0,0.0,0.0,0.0,0.0,0.03178628807095176,0.03178628807095176,0.03178628807095176,0.03178628807095176,0.03178628807095176,0.03178628807095176
1171242,Fuzzers,TreeSHAP,1.0,1.0,0.0,0.0,0.0,0.0,0.0,0.0,0.0,0.0,0.0,0.0,0.0,0.0,0.0,0.0,0.0,0.0,0.0,0.0,0.0,0.0,0.0
1171242,Fuzzers,Random,1.0,1.0,0.0,0.0,0.0,0.0,0.0,0.0,0.0,0.0,0.0,0.0,0.0,0.0,0.0,0.0,0.0,0.0,0.0,0.0,0.0,0.0,0.0
1499743,Fuzzers,LIME,0.9974961358415859,0.9974961358415861,0.7292059786411498,0.0,0.0,0.0,0.0,0.0,0.0,0.0,0.0,0.0,0.0,0.0,0.8082001621412545,0.8082001621412545,0.8082001621412545,0.8082001621412545,0.8082001621412545,0.8082001621412545,0.8082001621412545,0.8082001621412545,0.8082001621412545
1499743,Fuzzers,TreeSHAP,0.9974961358415859,0.8882413387801853,0.0,0.5462739853070036,0.5462739853070036,0.0,0.0,0.0,0.0,0.0,0.0,0.0,0.0,0.0,0.0,0.0,0.0,0.0,0.0,0.0,0.0,0.0,0.0
1499743,Fuzzers,Random,0.9974961358415859,0.9974961358415861,0.0,0.0,0.0,0.0,0.0,0.0,0.0,0.0,0.0,0.0,0.0,0.0,0.0,0.0,0.0,0.0,0.0,0.0,0.0,0.0,0.0
1535112,Fuzzers,LIME,1.0,1.0,0.0,0.0,0.0,0.0,0.0,0.0,0.0,0.0,0.0,0.0,0.0,0.0,0.0,0.0,0.0,0.0,0.0,0.0,0.0,0.0,0.0
1535112,Fuzzers,TreeSHAP,1.0,0.8,0.0,1.0,1.0,0.0,0.0,0.0,0.0,0.0,0.0,0.0,0.0,0.0,0.0,0.0,0.0,0.0,0.0,0.0,0.0,0.0,0.0
1535112,Fuzzers,Random,1.0,0.0,0.0,1.0,1.0,1.0,1.0,1.0,1.0,1.0,1.0,1.0,1.0,0.0,0.0,0.0,0.0,0.0,0.0,0.0,0.0,0.0,0.0
1937800,Fuzzers,LIME,1.0,1.0,0.0,0.0,0.0,0.0,0.0,0.0,0.0,0.0,0.0,0.0,0.0,0.0,0.0,0.0,0.0,0.0,0.0,0.0,0.0,0.0,0.0
1937800,Fuzzers,TreeSHAP,1.0,0.8939534731525546,0.0,1.0,0.06046526847445444,0.0,0.0,0.0,0.0,0.0,0.0,0.0,0.0,0.0,0.0,0.0,0.0,0.0,0.0,0.0,0.0,0.0,0.0
1937800,Fuzzers,Random,1.0,0.5,0.0,1.0,1.0,1.0,1.0,1.0,0.0,0.0,0.0,0.0,0.0,0.0,0.0,0.0,0.0,0.0,0.0,0.0,0.0,0.0,0.0
1064371,Fuzzers,LIME,0.6474872314352048,0.6474872314352049,0.14504475321191787,0.0,0.0,0.0,0.0,0.0,0.0,0.0,0.0,0.0,0.0,0.0,0.0,0.0,0.0,0.0,0.0,0.0,0.0,0.9391462569138723,0.0
1064371,Fuzzers,TreeSHAP,0.6474872314352048,0.6474872314352049,0.0,0.0,0.0,0.0,0.0,0.0,0.0,0.0,0.0,0.0,0.0,0.0,0.0,0.0,0.0,0.0,0.0,0.0,0.0,0.0,0.0
1064371,Fuzzers,Random,0.6474872314352048,0.6474872314352049,0.0,0.0,0.0,0.0,0.0,0.0,0.0,0.0,0.0,0.0,0.0,0.0,0.0,0.0,0.0,0.0,0.0,0.0,0.0,0.0,0.0
1177713,Fuzzers,LIME,0.9425839316587945,0.9425839316587947,0.0,0.0,0.0,0.0,0.0,0.0,0.0,0.0,0.0,0.0,0.0,0.0,0.0,0.0,0.0,0.0,0.0,0.0,0.0,0.0,0.0
1177713,Fuzzers,TreeSHAP,0.9425839316587945,0.9425839316587947,0.0,0.0,0.0,0.0,0.0,0.0,0.0,0.0,0.0,0.0,0.0,0.0,0.0,0.0,0.0,0.0,0.0,0.0,0.0,0.0,0.0
1177713,Fuzzers,Random,0.9425839316587945,0.5655503589952767,0.0,0.9425839316587945,0.9425839316587945,0.9425839316587945,0.9425839316587945,0.0,0.0,0.0,0.0,0.0,0.0,0.0,0.0,0.0,0.0,0.0,0.0,0.0,0.0,0.0,0.0
1267792,Fuzzers,LIME,1.0,1.0,0.0,0.0,0.0,0.0,0.0,0.0,0.0,0.0,0.0,0.0,0.0,0.0,0.0,0.0,0.0,0.0,0.0,0.0,0.0,0.0,0.0
1267792,Fuzzers,TreeSHAP,1.0,0.7,0.0,1.0,1.0,1.0,0.0,0.0,0.0,0.0,0.0,0.0,0.0,0.0,0.0,0.0,0.0,0.0,0.0,0.0,0.0,0.0,0.0
1267792,Fuzzers,Random,1.0,1.0,0.0,0.0,0.0,0.0,0.0,0.0,0.0,0.0,0.0,0.0,0.0,0.0,0.0,0.0,0.0,0.0,0.0,0.0,0.0,0.0,0.0
1795765,Fuzzers,LIME,0.9893159034291189,0.9893159034291189,0.0,0.0,0.0,0.0,0.0,0.0,0.0,0.0,0.0,0.0,0.0,0.0,0.0,0.0,0.0,0.0,0.0,0.0,0.0,0.0,0.0
1795765,Fuzzers,TreeSHAP,0.9893159034291189,0.7372457510819339,0.0,0.9737110687924474,0.9737110687924474,0.5732793858869549,0.0,0.0,0.0,0.0,0.0,0.0,0.0,0.0,0.0,0.0,0.0,0.0,0.0,0.0,0.0,0.0,0.0
1795765,Fuzzers,Random,0.9893159034291189,0.0046633738303197055,0.0,0.9893159034291189,0.9893159034291189,0.9893159034291189,0.9893159034291189,0.9893159034291189,0.9893159034291189,0.9893159034291189,0.9893159034291189,0.9928518116411684,0.9391462569138723,0.0,0.0,0.0,0.0,0.0,0.0,0.0,0.0,0.0,0.0
1268735,Fuzzers,LIME,1.0,1.0,0.0,0.0,0.0,0.0,0.0,0.0,0.0,0.0,0.0,0.0,0.0,0.0,0.0,0.0,0.0,0.0,0.0,0.0,0.0,0.0,0.0
1268735,Fuzzers,TreeSHAP,1.0,0.7,0.0,1.0,1.0,1.0,0.0,0.0,0.0,0.0,0.0,0.0,0.0,0.0,0.0,0.0,0.0,0.0,0.0,0.0,0.0,0.0,0.0
1268735,Fuzzers,Random,1.0,0.5182657157006856,0.0,1.0,1.0,1.0,1.0,0.13622380716552396,0.13622380716552396,0.13622380716552396,0.13622380716552396,0.13622380716552396,0.13622380716552396,0.0,0.0,0.0,0.0,0.0,0.0,0.0,0.0,0.0,0.0
1010147,Fuzzers,LIME,1.0,1.0,0.0,0.0,0.0,0.0,0.0,0.0,0.0,0.0,0.0,0.0,0.0,0.0,0.0,0.0,0.0,0.0,0.0,0.0,0.0,0.0,0.0
1010147,Fuzzers,TreeSHAP,1.0,0.9971061526460323,0.0,0.02893847353967708,0.0,0.0,0.0,0.0,0.0,0.0,0.0,0.0,0.0,0.0,0.0,0.0,0.0,0.0,0.0,0.0,0.0,0.0,0.0
1010147,Fuzzers,Random,1.0,0.0,0.0,1.0,1.0,1.0,1.0,1.0,1.0,1.0,1.0,1.0,1.0,0.0,0.0,0.0,0.0,0.0,0.0,0.0,0.0,0.0,0.0
1481108,Fuzzers,LIME,1.0,1.0,0.0,0.0,0.0,0.0,0.0,0.0,0.0,0.0,0.0,0.0,0.0,0.0,0.0,0.0,0.0,0.0,0.0,0.0,0.0,0.0,0.0
1481108,Fuzzers,TreeSHAP,1.0,0.9971061526460323,0.0,0.02893847353967708,0.0,0.0,0.0,0.0,0.0,0.0,0.0,0.0,0.0,0.0,0.0,0.0,0.0,0.0,0.0,0.0,0.0,0.0,0.0
1481108,Fuzzers,Random,1.0,0.0,0.0,1.0,1.0,1.0,1.0,1.0,1.0,1.0,1.0,1.0,1.0,0.0,0.0,0.0,0.0,0.0,0.0,0.0,0.0,0.0,0.0
1852343,Fuzzers,LIME,1.0,1.0,0.6465601297130036,0.0,0.0,0.0,0.0,0.0,0.0,0.0,0.0,0.0,0.0,0.0,0.0,0.8082001621412545,0.8082001621412545,0.8082001621412545,0.8082001621412545,0.8082001621412545,0.8082001621412545,0.8082001621412545,0.8082001621412545
1852343,Fuzzers,TreeSHAP,1.0,0.9517884696216783,0.24246004864237633,0.2410576518916086,0.2410576518916086,0.0,0.0,0.0,0.0,0.0,0.0,0.0,0.0,0.0,0.0,0.8082001621412545,0.8082001621412545,0.8082001621412545,0.0,0.0,0.0,0.0,0.0
1852343,Fuzzers,Random,1.0,0.8,0.0,1.0,1.0,0.0,0.0,0.0,0.0,0.0,0.0,0.0,0.0,0.0,0.0,0.0,0.0,0.0,0.0,0.0,0.0,0.0,0.0
1050619,Fuzzers,LIME,1.0,1.0,0.0,0.0,0.0,0.0,0.0,0.0,0.0,0.0,0.0,0.0,0.0,0.0,0.0,0.0,0.0,0.0,0.0,0.0,0.0,0.0,0.0
1050619,Fuzzers,TreeSHAP,1.0,1.0,0.1,0.0,0.0,0.0,0.0,0.0,0.0,0.0,0.0,0.0,0.0,0.0,0.0,0.0,0.0,0.0,0.0,0.0,0.0,0.0,1.0
1050619,Fuzzers,Random,1.0,0.40637639493291006,0.0,1.0,1.0,0.984059012667725,0.984059012667725,0.984059012667725,0.984059012667725,0.0,0.0,0.0,0.0,0.0,0.0,0.0,0.0,0.0,0.0,0.0,0.0,0.0,0.0
1073332,Fuzzers,LIME,0.9980536465725748,0.9980536465725749,0.0,0.0,0.0,0.0,0.0,0.0,0.0,0.0,0.0,0.0,0.0,0.0,0.0,0.0,0.0,0.0,0.0,0.0,0.0,0.0,0.0
1073332,Fuzzers,TreeSHAP,0.9980536465725748,0.9980536465725749,0.0,0.0,0.0,0.0,0.0,0.0,0.0,0.0,0.0,0.0,0.0,0.0,0.0,0.0,0.0,0.0,0.0,0.0,0.0,0.0,0.0
1073332,Fuzzers,Random,0.9980536465725748,0.9980536465725749,0.0,0.0,0.0,0.0,0.0,0.0,0.0,0.0,0.0,0.0,0.0,0.0,0.0,0.0,0.0,0.0,0.0,0.0,0.0,0.0,0.0
1761103,Fuzzers,LIME,1.0,1.0,0.0,0.0,0.0,0.0,0.0,0.0,0.0,0.0,0.0,0.0,0.0,0.0,0.0,0.0,0.0,0.0,0.0,0.0,0.0,0.0,0.0
1761103,Fuzzers,TreeSHAP,1.0,1.0,0.0,0.0,0.0,0.0,0.0,0.0,0.0,0.0,0.0,0.0,0.0,0.0,0.0,0.0,0.0,0.0,0.0,0.0,0.0,0.0,0.0
1761103,Fuzzers,Random,1.0,1.0,0.0,0.0,0.0,0.0,0.0,0.0,0.0,0.0,0.0,0.0,0.0,0.0,0.0,0.0,0.0,0.0,0.0,0.0,0.0,0.0,0.0
1148600,Fuzzers,LIME,1.0,1.0,0.0,0.0,0.0,0.0,0.0,0.0,0.0,0.0,0.0,0.0,0.0,0.0,0.0,0.0,0.0,0.0,0.0,0.0,0.0,0.0,0.0
1148600,Fuzzers,TreeSHAP,1.0,1.0,0.0,0.0,0.0,0.0,0.0,0.0,0.0,0.0,0.0,0.0,0.0,0.0,0.0,0.0,0.0,0.0,0.0,0.0,0.0,0.0,0.0
1148600,Fuzzers,Random,1.0,0.0,0.0,1.0,1.0,1.0,1.0,1.0,1.0,1.0,1.0,1.0,1.0,0.0,0.0,0.0,0.0,0.0,0.0,0.0,0.0,0.0,0.0
980937,Fuzzers,LIME,0.8318209240572451,0.8318209240572451,0.7245012742917606,0.0,0.0,0.0,0.0,0.0,0.0,0.0,0.0,0.0,0.0,0.0,0.0,0.0,0.860936170660034,0.860936170660034,0.860936170660034,0.860936170660034,0.860936170660034,0.860936170660034,0.860936170660034
980937,Fuzzers,TreeSHAP,0.8318209240572451,0.7486388316515207,0.41400072816672034,0.8318209240572451,0.0,0.0,0.0,0.0,0.0,0.0,0.0,0.0,0.0,0.0,0.0,0.0,0.0,0.0,0.0,0.860936170660034,0.860936170660034,0.860936170660034,0.860936170660034
980937,Fuzzers,Random,0.8318209240572451,0.5822746468400716,0.0,0.8318209240572451,0.8318209240572451,0.8318209240572451,0.0,0.0,0.0,0.0,0.0,0.0,0.0,0.0,0.0,0.0,0.0,0.0,0.0,0.0,0.0,0.0,0.0
1828041,Fuzzers,LIME,1.0,1.0,0.0,0.0,0.0,0.0,0.0,0.0,0.0,0.0,0.0,0.0,0.0,0.0,0.0,0.0,0.0,0.0,0.0,0.0,0.0,0.0,0.0
1828041,Fuzzers,TreeSHAP,1.0,1.0,0.1,0.0,0.0,0.0,0.0,0.0,0.0,0.0,0.0,0.0,0.0,0.0,0.0,0.0,0.0,0.0,0.0,0.0,0.0,0.0,1.0
1828041,Fuzzers,Random,1.0,0.2,0.0,1.0,1.0,1.0,1.0,1.0,1.0,1.0,1.0,0.0,0.0,0.0,0.0,0.0,0.0,0.0,0.0,0.0,0.0,0.0,0.0
1901624,Fuzzers,LIME,0.998459593762157,0.9984595937621569,0.0,0.0,0.0,0.0,0.0,0.0,0.0,0.0,0.0,0.0,0.0,0.0,0.0,0.0,0.0,0.0,0.0,0.0,0.0,0.0,0.0
1901624,Fuzzers,TreeSHAP,0.998459593762157,0.8986136343859412,0.0,0.998459593762157,0.0,0.0,0.0,0.0,0.0,0.0,0.0,0.0,0.0,0.0,0.0,0.0,0.0,0.0,0.0,0.0,0.0,0.0,0.0
1901624,Fuzzers,Random,0.998459593762157,0.9984595937621569,0.0,0.0,0.0,0.0,0.0,0.0,0.0,0.0,0.0,0.0,0.0,0.0,0.0,0.0,0.0,0.0,0.0,0.0,0.0,0.0,0.0
1353040,Fuzzers,LIME,1.0,1.0,0.0,0.0,0.0,0.0,0.0,0.0,0.0,0.0,0.0,0.0,0.0,0.0,0.0,0.0,0.0,0.0,0.0,0.0,0.0,0.0,0.0
1353040,Fuzzers,TreeSHAP,1.0,0.9002692600142683,0.0,0.9973073998573162,0.0,0.0,0.0,0.0,0.0,0.0,0.0,0.0,0.0,0.0,0.0,0.0,0.0,0.0,0.0,0.0,0.0,0.0,0.0
1353040,Fuzzers,Random,1.0,0.9,0.0,1.0,0.0,0.0,0.0,0.0,0.0,0.0,0.0,0.0,0.0,0.0,0.0,0.0,0.0,0.0,0.0,0.0,0.0,0.0,0.0
1463596,Fuzzers,LIME,0.9970074484022209,0.9970074484022208,0.3767860544748886,0.0,0.0,0.0,0.0,0.0,0.0,0.0,0.0,0.0,0.0,0.0,0.0,0.0,0.0,0.0,0.0,0.9391462569138723,0.9391462569138723,0.9391462569138723,0.9391462569138723
1463596,Fuzzers,TreeSHAP,0.9970074484022209,0.9970074484022208,0.0,0.0,0.0,0.0,0.0,0.0,0.0,0.0,0.0,0.0,0.0,0.0,0.0,0.0,0.0,0.0,0.0,0.0,0.0,0.0,0.0
1463596,Fuzzers,Random,0.9970074484022209,0.9935746199770012,0.0,0.017164142126097466,0.017164142126097466,0.0,0.0,0.0,0.0,0.0,0.0,0.0,0.0,0.0,0.0,0.0,0.0,0.0,0.0,0.0,0.0,0.0,0.0
1148577,Fuzzers,LIME,1.0,1.0,0.0,0.0,0.0,0.0,0.0,0.0,0.0,0.0,0.0,0.0,0.0,0.0,0.0,0.0,0.0,0.0,0.0,0.0,0.0,0.0,0.0
1148577,Fuzzers,TreeSHAP,1.0,1.0,0.2,0.0,0.0,0.0,0.0,0.0,0.0,0.0,0.0,0.0,0.0,0.0,0.0,0.0,0.0,0.0,0.0,0.0,0.0,1.0,1.0
1148577,Fuzzers,Random,1.0,0.2001199222640011,0.0,1.0,1.0,1.0,1.0,1.0,1.0,0.0,0.0,0.9994003886799947,0.9994003886799947,0.0,0.0,0.0,0.0,0.0,0.0,0.0,0.0,0.0,0.0
1050525,Fuzzers,LIME,0.9967706189151735,0.9967706189151734,0.0,0.0,0.0,0.0,0.0,0.0,0.0,0.0,0.0,0.0,0.0,0.0,0.0,0.0,0.0,0.0,0.0,0.0,0.0,0.0,0.0
1050525,Fuzzers,TreeSHAP,0.9967706189151735,0.6977394332406213,0.0,0.9967706189151735,0.9967706189151735,0.9967706189151735,0.0,0.0,0.0,0.0,0.0,0.0,0.0,0.0,0.0,0.0,0.0,0.0,0.0,0.0,0.0,0.0,0.0
1050525,Fuzzers,Random,0.9967706189151735,0.8970935570236561,0.0,0.9967706189151735,0.0,0.0,0.0,0.0,0.0,0.0,0.0,0.0,0.0,0.0,0.0,0.0,0.0,0.0,0.0,0.0,0.0,0.0,0.0
1766305,Fuzzers,LIME,0.9979471790755947,0.9979471790755948,0.32394506606648094,0.0,0.0,0.0,0.0,0.0,0.0,0.0,0.0,0.0,0.0,0.0,0.0,0.0,0.0,0.8082001621412545,0.8082001621412545,0.8082001621412545,0.8082001621412545,0.0,0.0
1766305,Fuzzers,TreeSHAP,0.9979471790755947,0.9979471790755948,0.0,0.0,0.0,0.0,0.0,0.0,0.0,0.0,0.0,0.0,0.0,0.0,0.0,0.0,0.0,0.0,0.0,0.0,0.0,0.0,0.0
1766305,Fuzzers,Random,0.9979471790755947,0.8981524611680353,0.0,0.9979471790755947,0.0,0.0,0.0,0.0,0.0,0.0,0.0,0.0,0.0,0.0,0.0,0.0,0.0,0.0,0.0,0.0,0.0,0.0,0.0
1130670,Fuzzers,LIME,1.0,1.0,0.0,0.0,0.0,0.0,0.0,0.0,0.0,0.0,0.0,0.0,0.0,0.0,0.0,0.0,0.0,0.0,0.0,0.0,0.0,0.0,0.0
1130670,Fuzzers,TreeSHAP,1.0,0.9931966293679289,0.1,0.03401685316035563,0.03401685316035563,0.0,0.0,0.0,0.0,0.0,0.0,0.0,0.0,0.0,0.0,0.0,0.0,0.0,0.0,0.0,0.0,0.0,1.0
1130670,Fuzzers,Random,1.0,0.6,0.0,1.0,1.0,1.0,1.0,0.0,0.0,0.0,0.0,0.0,0.0,0.0,0.0,0.0,0.0,0.0,0.0,0.0,0.0,0.0,0.0
1744800,Fuzzers,LIME,1.0,1.0,0.24246004864237633,0.0,0.0,0.0,0.0,0.0,0.0,0.0,0.0,0.0,0.0,0.0,0.0,0.0,0.0,0.0,0.0,0.8082001621412545,0.8082001621412545,0.8082001621412545,0.0
1744800,Fuzzers,TreeSHAP,1.0,0.9981515127801346,0.08082001621412545,0.0,0.018484872198653794,0.0,0.0,0.0,0.0,0.0,0.0,0.0,0.0,0.0,0.0,0.8082001621412545,0.0,0.0,0.0,0.0,0.0,0.0,0.0
1744800,Fuzzers,Random,1.0,1.0,0.0,0.0,0.0,0.0,0.0,0.0,0.0,0.0,0.0,0.0,0.0,0.0,0.0,0.0,0.0,0.0,0.0,0.0,0.0,0.0,0.0
1331791,Fuzzers,LIME,1.0,1.0,0.7,0.0,0.0,0.0,0.0,0.0,0.0,0.0,0.0,0.0,0.0,0.0,0.0,0.0,1.0,1.0,1.0,1.0,1.0,1.0,1.0
1331791,Fuzzers,TreeSHAP,1.0,1.0,0.8,0.0,0.0,0.0,0.0,0.0,0.0,0.0,0.0,0.0,0.0,0.0,0.0,1.0,1.0,1.0,1.0,1.0,1.0,1.0,1.0
1331791,Fuzzers,Random,1.0,0.0,0.0,1.0,1.0,1.0,1.0,1.0,1.0,1.0,1.0,1.0,1.0,0.0,0.0,0.0,0.0,0.0,0.0,0.0,0.0,0.0,0.0
1008333,Fuzzers,LIME,0.6936087953052666,0.6936087953052665,0.5118677045617124,0.0,0.0,0.0,0.0,0.0,0.0,0.0,0.0,0.0,0.0,0.0,0.3944843799074683,0.3944843799074683,0.3944843799074683,0.3944843799074683,0.3944843799074683,0.3944843799074683,0.3944843799074683,0.3944843799074683,0.3944843799074683
1008333,Fuzzers,TreeSHAP,0.6936087953052666,0.6936087953052665,0.7989213173750547,0.0,0.0,0.0,0.0,0.0,0.0,0.0,0.0,0.0,0.0,0.0,0.0,0.3944843799074683,0.742215891611558,0.742215891611558,0.742215891611558,0.742215891611558,0.742215891611558,0.742215891611558,0.6936087953052666
1008333,Fuzzers,Random,0.6936087953052666,0.0,0.0,0.6936087953052666,0.6936087953052666,0.6936087953052666,0.6936087953052666,0.6936087953052666,0.6936087953052666,0.6936087953052666,0.6936087953052666,0.6936087953052666,0.6936087953052666,0.0,0.0,0.0,0.0,0.0,0.0,0.0,0.0,0.0,0.0
1351932,Fuzzers,LIME,1.0,1.0,0.0,0.0,0.0,0.0,0.0,0.0,0.0,0.0,0.0,0.0,0.0,0.0,0.0,0.0,0.0,0.0,0.0,0.0,0.0,0.0,0.0
1351932,Fuzzers,TreeSHAP,1.0,1.0,0.2,0.0,0.0,0.0,0.0,0.0,0.0,0.0,0.0,0.0,0.0,0.0,0.0,0.0,0.0,0.0,0.0,0.0,0.0,1.0,1.0
1351932,Fuzzers,Random,1.0,0.8,0.0,1.0,1.0,0.0,0.0,0.0,0.0,0.0,0.0,0.0,0.0,0.0,0.0,0.0,0.0,0.0,0.0,0.0,0.0,0.0,0.0
1795899,Fuzzers,LIME,1.0,1.0,0.2,0.0,0.0,0.0,0.0,0.0,0.0,0.0,0.0,0.0,0.0,0.0,0.0,0.0,0.0,0.0,0.0,0.0,0.0,1.0,1.0
1795899,Fuzzers,TreeSHAP,1.0,0.9931966293679289,0.1,0.03401685316035563,0.03401685316035563,0.0,0.0,0.0,0.0,0.0,0.0,0.0,0.0,0.0,0.0,0.0,0.0,0.0,0.0,0.0,0.0,0.0,1.0
1795899,Fuzzers,Random,1.0,0.6,0.0,1.0,1.0,1.0,1.0,0.0,0.0,0.0,0.0,0.0,0.0,0.0,0.0,0.0,0.0,0.0,0.0,0.0,0.0,0.0,0.0
1148785,Fuzzers,LIME,0.9970074484022209,0.9970074484022208,0.0,0.0,0.0,0.0,0.0,0.0,0.0,0.0,0.0,0.0,0.0,0.0,0.0,0.0,0.0,0.0,0.0,0.0,0.0,0.0,0.0
1148785,Fuzzers,TreeSHAP,0.9970074484022209,0.9970074484022208,0.0,0.0,0.0,0.0,0.0,0.0,0.0,0.0,0.0,0.0,0.0,0.0,0.0,0.0,0.0,0.0,0.0,0.0,0.0,0.0,0.0
1148785,Fuzzers,Random,0.9970074484022209,-0.0020947861184453798,0.0,0.9970074484022209,0.9970074484022209,0.9970074484022209,1.0,1.0,1.0,1.0,1.0,1.0,1.0,0.0,0.0,0.0,0.0,0.0,0.0,0.0,0.0,0.0,0.0
979823,Fuzzers,LIME,1.0,1.0,0.0,0.0,0.0,0.0,0.0,0.0,0.0,0.0,0.0,0.0,0.0,0.0,0.0,0.0,0.0,0.0,0.0,0.0,0.0,0.0,0.0
979823,Fuzzers,TreeSHAP,1.0,0.8,0.0,1.0,1.0,0.0,0.0,0.0,0.0,0.0,0.0,0.0,0.0,0.0,0.0,0.0,0.0,0.0,0.0,0.0,0.0,0.0,0.0
979823,Fuzzers,Random,1.0,0.4,0.0,1.0,1.0,0.0,0.0,0.0,0.0,1.0,1.0,1.0,1.0,0.0,0.0,0.0,0.0,0.0,0.0,0.0,0.0,0.0,0.0
1531533,Fuzzers,LIME,1.0,1.0,0.0,0.0,0.0,0.0,0.0,0.0,0.0,0.0,0.0,0.0,0.0,0.0,0.0,0.0,0.0,0.0,0.0,0.0,0.0,0.0,0.0
1531533,Fuzzers,TreeSHAP,1.0,0.8,0.0,1.0,1.0,0.0,0.0,0.0,0.0,0.0,0.0,0.0,0.0,0.0,0.0,0.0,0.0,0.0,0.0,0.0,0.0,0.0,0.0
1531533,Fuzzers,Random,1.0,0.40053707390326815,0.0,1.0,1.0,1.0,1.0,1.0,0.9946292609673183,0.0,0.0,0.0,0.0,0.0,0.0,0.0,0.0,0.0,0.0,0.0,0.0,0.0,0.0
1449444,Fuzzers,LIME,1.0,1.0,0.0,0.0,0.0,0.0,0.0,0.0,0.0,0.0,0.0,0.0,0.0,0.0,0.0,0.0,0.0,0.0,0.0,0.0,0.0,0.0,0.0
1449444,Fuzzers,TreeSHAP,1.0,1.0,0.0,0.0,0.0,0.0,0.0,0.0,0.0,0.0,0.0,0.0,0.0,0.0,0.0,0.0,0.0,0.0,0.0,0.0,0.0,0.0,0.0
1449444,Fuzzers,Random,1.0,1.0,0.0,0.0,0.0,0.0,0.0,0.0,0.0,0.0,0.0,0.0,0.0,0.0,0.0,0.0,0.0,0.0,0.0,0.0,0.0,0.0,0.0
1669817,Fuzzers,LIME,0.984059012667725,0.9840590126677251,0.5749046614239024,0.0,0.0,0.0,0.0,0.0,0.0,0.0,0.0,0.0,0.0,0.0,0.0,0.0,0.8082001621412545,0.8082001621412545,0.8082001621412545,0.8082001621412545,0.8082001621412545,0.8082001621412545,0.8082001621412545
1669817,Fuzzers,TreeSHAP,0.984059012667725,0.9840590126677251,0.28116108867830814,0.0,0.0,0.0,0.0,0.0,0.0,0.0,0.0,0.0,0.0,0.0,0.8082001621412545,0.0,0.0,0.0,0.0,0.0,0.0,0.9585908711123313,1.0
1669817,Fuzzers,Random,0.984059012667725,-0.014742483328831879,0.0,0.9988014959965569,0.9988014959965569,0.9988014959965569,0.9988014959965569,0.9988014959965569,0.9988014959965569,0.9988014959965569,0.9988014959965569,0.9988014959965569,0.9988014959965569,0.0,0.0,0.0,0.0,0.0,0.0,0.0,0.0,0.0,0.0
1493757,Fuzzers,LIME,0.5476894445225161,0.547689444522516,0.0,0.0,0.0,0.0,0.0,0.0,0.0,0.0,0.0,0.0,0.0,0.0,0.0,0.0,0.0,0.0,0.0,0.0,0.0,0.0,0.0
1493757,Fuzzers,TreeSHAP,0.5476894445225161,0.547689444522516,0.4,0.0,0.0,0.0,0.0,0.0,0.0,0.0,0.0,0.0,0.0,0.0,0.0,0.0,0.0,0.0,0.0,0.5476894445225161,0.5476894445225161,0.5476894445225161,0.5476894445225161
1493757,Fuzzers,Random,0.5476894445225161,0.32861366671350967,0.0,0.5476894445225161,0.5476894445225161,0.5476894445225161,0.5476894445225161,0.0,0.0,0.0,0.0,0.0,0.0,0.0,0.0,0.0,0.0,0.0,0.0,0.0,0.0,0.0,0.0
29850,Fuzzers,LIME,1.0,1.0,0.0,0.0,0.0,0.0,0.0,0.0,0.0,0.0,0.0,0.0,0.0,0.0,0.0,0.0,0.0,0.0,0.0,0.0,0.0,0.0,0.0
29850,Fuzzers,TreeSHAP,1.0,0.7,0.0,1.0,1.0,1.0,0.0,0.0,0.0,0.0,0.0,0.0,0.0,0.0,0.0,0.0,0.0,0.0,0.0,0.0,0.0,0.0,0.0
29850,Fuzzers,Random,1.0,0.014346888599047503,0.0,1.0,0.984059012667725,0.984059012667725,0.984059012667725,0.984059012667725,0.984059012667725,0.984059012667725,0.984059012667725,0.984059012667725,0.984059012667725,0.0,0.0,0.0,0.0,0.0,0.0,0.0,0.0,0.0,0.0
1460835,Fuzzers,LIME,0.6226109247182116,0.6226109247182114,0.8981085915071978,0.0,0.0,0.0,0.0,0.0,0.0,0.0,0.0,0.0,0.0,0.0,0.0,0.0,0.9319537010927782,0.9319537010927782,0.9319537010927782,0.9319537010927782,0.9319537010927782,0.9319537010927782,0.0
1460835,Fuzzers,TreeSHAP,0.6226109247182116,0.5360285053013096,0.3,0.0,0.0,0.0,0.2164560485422546,0.2164560485422546,0.2164560485422546,0.2164560485422546,0.0,0.0,0.0,0.0,0.0,0.0,0.0,0.0,0.0,0.0,0.6226109247182116,0.6226109247182116,0.6226109247182116
1460835,Fuzzers,Random,0.6226109247182116,-0.3199970829867967,0.0,0.42608007705008244,1.0,1.0,1.0,1.0,1.0,1.0,1.0,1.0,1.0,0.0,0.0,0.0,0.0,0.0,0.0,0.0,0.0,0.0,0.0
1350973,Fuzzers,LIME,1.0,1.0,0.0,0.0,0.0,0.0,0.0,0.0,0.0,0.0,0.0,0.0,0.0,0.0,0.0,0.0,0.0,0.0,0.0,0.0,0.0,0.0,0.0
1350973,Fuzzers,TreeSHAP,1.0,1.0,0.0,0.0,0.0,0.0,0.0,0.0,0.0,0.0,0.0,0.0,0.0,0.0,0.0,0.0,0.0,0.0,0.0,0.0,0.0,0.0,0.0
1350973,Fuzzers,Random,1.0,0.6,0.0,1.0,1.0,1.0,1.0,0.0,0.0,0.0,0.0,0.0,0.0,0.0,0.0,0.0,0.0,0.0,0.0,0.0,0.0,0.0,0.0
65162,Fuzzers,LIME,1.0,1.0,0.0,0.0,0.0,0.0,0.0,0.0,0.0,0.0,0.0,0.0,0.0,0.0,0.0,0.0,0.0,0.0,0.0,0.0,0.0,0.0,0.0
65162,Fuzzers,TreeSHAP,1.0,1.0,0.484793631032767,0.0,0.0,0.0,0.0,0.0,0.0,0.0,0.0,0.0,0.0,0.0,0.0,0.03178628807095176,0.03178628807095176,0.03178628807095176,0.9866804561096996,0.9866804561096996,0.9866804561096996,0.9866804561096996,0.8058556216760164
65162,Fuzzers,Random,1.0,0.9,0.0,1.0,0.0,0.0,0.0,0.0,0.0,0.0,0.0,0.0,0.0,0.0,0.0,0.0,0.0,0.0,0.0,0.0,0.0,0.0,0.0
1741743,Fuzzers,LIME,1.0,1.0,0.0,0.0,0.0,0.0,0.0,0.0,0.0,0.0,0.0,0.0,0.0,0.0,0.0,0.0,0.0,0.0,0.0,0.0,0.0,0.0,0.0
1741743,Fuzzers,TreeSHAP,1.0,0.8206372610271149,0.0,0.896813694864426,0.896813694864426,0.0,0.0,0.0,0.0,0.0,0.0,0.0,0.0,0.0,0.0,0.0,0.0,0.0,0.0,0.0,0.0,0.0,0.0
1741743,Fuzzers,Random,1.0,0.10641045794252865,0.0,1.0,1.0,1.0,0.9893159034291189,0.9893159034291189,0.9893159034291189,0.9893159034291189,0.9893159034291189,0.9893159034291189,0.0,0.0,0.0,0.0,0.0,0.0,0.0,0.0,0.0,0.0,0.0
1004346,Fuzzers,LIME,1.0,1.0,0.6465601297130036,0.0,0.0,0.0,0.0,0.0,0.0,0.0,0.0,0.0,0.0,0.0,0.0,0.8082001621412545,0.8082001621412545,0.8082001621412545,0.8082001621412545,0.8082001621412545,0.8082001621412545,0.8082001621412545,0.8082001621412545
1004346,Fuzzers,TreeSHAP,1.0,0.9891036772703853,0.08082001621412545,0.054481613648073586,0.054481613648073586,0.0,0.0,0.0,0.0,0.0,0.0,0.0,0.0,0.0,0.0,0.8082001621412545,0.0,0.0,0.0,0.0,0.0,0.0,0.0
1004346,Fuzzers,Random,1.0,0.7,0.0,1.0,1.0,1.0,0.0,0.0,0.0,0.0,0.0,0.0,0.0,0.0,0.0,0.0,0.0,0.0,0.0,0.0,0.0,0.0,0.0
1374096,Fuzzers,LIME,1.0,1.0,0.0,0.0,0.0,0.0,0.0,0.0,0.0,0.0,0.0,0.0,0.0,0.0,0.0,0.0,0.0,0.0,0.0,0.0,0.0,0.0,0.0
1374096,Fuzzers,TreeSHAP,1.0,0.7,0.0,1.0,1.0,1.0,0.0,0.0,0.0,0.0,0.0,0.0,0.0,0.0,0.0,0.0,0.0,0.0,0.0,0.0,0.0,0.0,0.0
1374096,Fuzzers,Random,1.0,0.01024451743246777,0.0,1.0,0.9984595937621568,0.9984595937621568,0.9858050911644298,0.9858050911644298,0.9858050911644298,0.9858050911644298,0.9858050911644298,0.9858050911644298,0.9858050911644298,0.0,0.0,0.0,0.0,0.0,0.0,0.0,0.0,0.0,0.0
1818275,Fuzzers,LIME,0.9928518116411682,0.9928518116411682,0.0,0.0,0.0,0.0,0.0,0.0,0.0,0.0,0.0,0.0,0.0,0.0,0.0,0.0,0.0,0.0,0.0,0.0,0.0,0.0,0.0
1818275,Fuzzers,TreeSHAP,0.9928518116411682,0.9874844008962957,0.08140189227285717,0.05367410744872485,0.0,0.0,0.0,0.0,0.0,0.0,0.0,0.0,0.0,0.0,0.8082001621412545,0.0,0.0,0.0,0.0,0.0,0.0,0.0,0.0
1818275,Fuzzers,Random,0.9928518116411682,0.0,0.0,0.9928518116411682,0.9928518116411682,0.9928518116411682,0.9928518116411682,0.9928518116411682,0.9928518116411682,0.9928518116411682,0.9928518116411682,0.9928518116411682,0.9928518116411682,0.0,0.0,0.0,0.0,0.0,0.0,0.0,0.0,0.0,0.0
1169185,Fuzzers,LIME,1.0,1.0,0.0,0.0,0.0,0.0,0.0,0.0,0.0,0.0,0.0,0.0,0.0,0.0,0.0,0.0,0.0,0.0,0.0,0.0,0.0,0.0,0.0
1169185,Fuzzers,TreeSHAP,1.0,1.0,0.0,0.0,0.0,0.0,0.0,0.0,0.0,0.0,0.0,0.0,0.0,0.0,0.0,0.0,0.0,0.0,0.0,0.0,0.0,0.0,0.0
1169185,Fuzzers,Random,1.0,0.40941451572347753,0.0,1.0,1.0,0.9686182809217415,0.9686182809217415,0.9686182809217415,1.0,0.0,0.0,0.0,0.0,0.0,0.0,0.0,0.0,0.0,0.0,0.0,0.0,0.0,0.0
1896224,Fuzzers,LIME,1.0,1.0,0.0,0.0,0.0,0.0,0.0,0.0,0.0,0.0,0.0,0.0,0.0,0.0,0.0,0.0,0.0,0.0,0.0,0.0,0.0,0.0,0.0
1896224,Fuzzers,TreeSHAP,1.0,0.9971061526460323,0.0,0.02893847353967708,0.0,0.0,0.0,0.0,0.0,0.0,0.0,0.0,0.0,0.0,0.0,0.0,0.0,0.0,0.0,0.0,0.0,0.0,0.0
1896224,Fuzzers,Random,1.0,0.3884246105841292,0.0,1.0,1.0,1.0,1.0,1.0,1.0,0.02893847353967708,0.02893847353967708,0.02893847353967708,0.02893847353967708,0.0,0.0,0.0,0.0,0.0,0.0,0.0,0.0,0.0,0.0
1354542,Fuzzers,LIME,1.0,1.0,0.8,0.0,0.0,0.0,0.0,0.0,0.0,0.0,0.0,0.0,0.0,0.0,0.0,1.0,1.0,1.0,1.0,1.0,1.0,1.0,1.0
1354542,Fuzzers,TreeSHAP,1.0,0.8705025537129589,0.8,0.6474872314352048,0.6474872314352048,0.0,0.0,0.0,0.0,0.0,0.0,0.0,0.0,0.0,0.0,1.0,1.0,1.0,1.0,1.0,1.0,1.0,1.0
1354542,Fuzzers,Random,1.0,0.0,0.0,1.0,1.0,1.0,1.0,1.0,1.0,1.0,1.0,1.0,1.0,0.0,0.0,0.0,0.0,0.0,0.0,0.0,0.0,0.0,0.0
1533168,Fuzzers,LIME,0.9928518116411684,0.9928518116411684,0.0,0.0,0.0,0.0,0.0,0.0,0.0,0.0,0.0,0.0,0.0,0.0,0.0,0.0,0.0,0.0,0.0,0.0,0.0,0.0,0.0
1533168,Fuzzers,TreeSHAP,0.9928518116411684,0.8935666304770515,0.0,0.9928518116411684,0.0,0.0,0.0,0.0,0.0,0.0,0.0,0.0,0.0,0.0,0.0,0.0,0.0,0.0,0.0,0.0,0.0,0.0,0.0
1533168,Fuzzers,Random,0.9928518116411684,0.8935666304770515,0.0,0.9928518116411684,0.0,0.0,0.0,0.0,0.0,0.0,0.0,0.0,0.0,0.0,0.0,0.0,0.0,0.0,0.0,0.0,0.0,0.0,0.0
994531,Fuzzers,LIME,0.9979471790755947,0.9979471790755948,0.728876398649582,0.0,0.0,0.0,0.0,0.0,0.0,0.0,0.0,0.0,0.0,0.0,0.8082001621412545,0.8082001621412545,0.8082001621412545,0.8082001621412545,0.8082001621412545,0.8082001621412545,0.8082001621412545,0.8082001621412545,0.8082001621412545
994531,Fuzzers,TreeSHAP,0.9979471790755947,0.9979471790755948,0.0,0.0,0.0,0.0,0.0,0.0,0.0,0.0,0.0,0.0,0.0,0.0,0.0,0.0,0.0,0.0,0.0,0.0,0.0,0.0,0.0
994531,Fuzzers,Random,0.9979471790755947,0.6985630253529165,0.0,0.9979471790755947,0.9979471790755947,0.9979471790755947,0.0,0.0,0.0,0.0,0.0,0.0,0.0,0.0,0.0,0.0,0.0,0.0,0.0,0.0,0.0,0.0,0.0
1786394,Generic,LIME,0.925794068478732,0.925794068478732,0.8641230563450928,0.0,0.0,0.0,0.0,0.0,0.0,0.0,0.0,0.0,0.0,0.0,0.0,1.0,1.0,1.0,1.0,1.0,1.0,1.0,1.0
1786394,Generic,TreeSHAP,0.925794068478732,0.8257940684787319,0.30000000000000004,0.0,0.0,0.0,0.0,0.0,0.0,1.0,0.0,0.0,0.0,0.0,0.0,0.0,0.0,0.0,0.0,0.0,0.925794068478732,0.925794068478732,0.925794068478732
1786394,Generic,Random,0.925794068478732,0.0,0.0,0.925794068478732,0.925794068478732,0.925794068478732,0.925794068478732,0.925794068478732,0.925794068478732,0.925794068478732,0.925794068478732,0.925794068478732,0.925794068478732,0.0,0.0,0.0,0.0,0.0,0.0,0.0,0.0,0.0,0.0
1833477,Generic,LIME,1.0,1.0,0.0,0.0,0.0,0.0,0.0,0.0,0.0,0.0,0.0,0.0,0.0,0.0,0.0,0.0,0.0,0.0,0.0,0.0,0.0,0.0,0.0
1833477,Generic,TreeSHAP,1.0,1.0,0.7,0.0,0.0,0.0,0.0,0.0,0.0,0.0,0.0,0.0,0.0,0.0,0.0,0.0,1.0,1.0,1.0,1.0,1.0,1.0,1.0
1833477,Generic,Random,1.0,0.0,0.0,1.0,1.0,1.0,1.0,1.0,1.0,1.0,1.0,1.0,1.0,0.0,0.0,0.0,0.0,0.0,0.0,0.0,0.0,0.0,0.0
56059,Generic,LIME,1.0,1.0,0.0,0.0,0.0,0.0,0.0,0.0,0.0,0.0,0.0,0.0,0.0,0.0,0.0,0.0,0.0,0.0,0.0,0.0,0.0,0.0,0.0
56059,Generic,TreeSHAP,1.0,1.0,0.5671733771569433,0.0,0.0,0.0,0.0,0.0,0.0,0.0,0.0,0.0,0.0,0.0,0.0,0.0,0.0,1.0,1.0,0.9179334428923583,0.9179334428923583,0.9179334428923583,0.9179334428923583
56059,Generic,Random,1.0,0.8,0.0,1.0,1.0,0.0,0.0,0.0,0.0,0.0,0.0,0.0,0.0,0.0,0.0,0.0,0.0,0.0,0.0,0.0,0.0,0.0,0.0
990517,Generic,LIME,1.0,1.0,0.6,0.0,0.0,0.0,0.0,0.0,0.0,0.0,0.0,0.0,0.0,0.0,0.0,0.0,0.0,1.0,1.0,1.0,1.0,1.0,1.0
990517,Generic,TreeSHAP,1.0,1.0,0.7,0.0,0.0,0.0,0.0,0.0,0.0,0.0,0.0,0.0,0.0,0.0,0.0,0.0,1.0,1.0,1.0,1.0,1.0,1.0,1.0
990517,Generic,Random,1.0,0.4,0.0,1.0,1.0,1.0,1.0,1.0,1.0,0.0,0.0,0.0,0.0,0.0,0.0,0.0,0.0,0.0,0.0,0.0,0.0,0.0,0.0
1655343,Generic,LIME,1.0,1.0,0.0,0.0,0.0,0.0,0.0,0.0,0.0,0.0,0.0,0.0,0.0,0.0,0.0,0.0,0.0,0.0,0.0,0.0,0.0,0.0,0.0
1655343,Generic,TreeSHAP,1.0,0.9,0.0,1.0,0.0,0.0,0.0,0.0,0.0,0.0,0.0,0.0,0.0,0.0,0.0,0.0,0.0,0.0,0.0,0.0,0.0,0.0,0.0
1655343,Generic,Random,1.0,1.0,0.0,0.0,0.0,0.0,0.0,0.0,0.0,0.0,0.0,0.0,0.0,0.0,0.0,0.0,0.0,0.0,0.0,0.0,0.0,0.0,0.0
1041063,Generic,LIME,1.0,1.0,0.6,0.0,0.0,0.0,0.0,0.0,0.0,0.0,0.0,0.0,0.0,0.0,0.0,0.0,0.0,1.0,1.0,1.0,1.0,1.0,1.0
1041063,Generic,TreeSHAP,1.0,1.0,0.7,0.0,0.0,0.0,0.0,0.0,0.0,0.0,0.0,0.0,0.0,0.0,0.0,0.0,1.0,1.0,1.0,1.0,1.0,1.0,1.0
1041063,Generic,Random,1.0,0.0,0.0,1.0,1.0,1.0,1.0,1.0,1.0,1.0,1.0,1.0,1.0,0.0,0.0,0.0,0.0,0.0,0.0,0.0,0.0,0.0,0.0
1639858,Generic,LIME,1.0,1.0,0.0,0.0,0.0,0.0,0.0,0.0,0.0,0.0,0.0,0.0,0.0,0.0,0.0,0.0,0.0,0.0,0.0,0.0,0.0,0.0,0.0
1639858,Generic,TreeSHAP,1.0,1.0,0.0,0.0,0.0,0.0,0.0,0.0,0.0,0.0,0.0,0.0,0.0,0.0,0.0,0.0,0.0,0.0,0.0,0.0,0.0,0.0,0.0
1639858,Generic,Random,1.0,0.1,0.0,1.0,1.0,1.0,1.0,1.0,1.0,1.0,1.0,1.0,0.0,0.0,0.0,0.0,0.0,0.0,0.0,0.0,0.0,0.0,0.0
1450893,Generic,LIME,0.8693471901742401,0.86934719017424,0.0,0.0,0.0,0.0,0.0,0.0,0.0,0.0,0.0,0.0,0.0,0.0,0.0,0.0,0.0,0.0,0.0,0.0,0.0,0.0,0.0
1450893,Generic,TreeSHAP,0.8693471901742401,0.6085430331219681,0.11455006788264852,0.8693471901742401,0.8693471901742401,0.8693471901742401,0.0,0.0,0.0,0.0,0.0,0.0,0.0,0.0,0.0,0.0,0.0,0.0,0.9958377964804895,0.0,0.0,0.0,0.0
1450893,Generic,Random,0.8693471901742401,0.86934719017424,0.0,0.0,0.0,0.0,0.0,0.0,0.0,0.0,0.0,0.0,0.0,0.0,0.0,0.0,0.0,0.0,0.0,0.0,0.0,0.0,0.0
1185595,Generic,LIME,1.0,1.0,0.0,0.0,0.0,0.0,0.0,0.0,0.0,0.0,0.0,0.0,0.0,0.0,0.0,0.0,0.0,0.0,0.0,0.0,0.0,0.0,0.0
1185595,Generic,TreeSHAP,1.0,0.9,0.0,1.0,0.0,0.0,0.0,0.0,0.0,0.0,0.0,0.0,0.0,0.0,0.0,0.0,0.0,0.0,0.0,0.0,0.0,0.0,0.0
1185595,Generic,Random,1.0,0.9,0.0,1.0,0.0,0.0,0.0,0.0,0.0,0.0,0.0,0.0,0.0,0.0,0.0,0.0,0.0,0.0,0.0,0.0,0.0,0.0,0.0
1206487,Generic,LIME,0.9522937605731914,0.9522937605731914,0.19636671968321753,0.0,0.0,0.0,0.0,0.0,0.0,0.0,0.0,0.0,0.0,0.0,0.0,0.0,0.0,0.0,0.6233293397951765,0.6233293397951765,0.6233293397951765,0.0,0.0
1206487,Generic,TreeSHAP,0.9522937605731914,0.9522937605731914,0.2,0.0,0.0,0.0,0.0,0.0,0.0,0.0,0.0,0.0,0.0,0.0,0.0,0.0,0.0,0.0,0.0,0.0,0.0,0.9522937605731914,0.9522937605731914
1206487,Generic,Random,0.9522937605731914,0.8570643845158722,0.0,0.9522937605731914,0.0,0.0,0.0,0.0,0.0,0.0,0.0,0.0,0.0,0.0,0.0,0.0,0.0,0.0,0.0,0.0,0.0,0.0,0.0
1007701,Generic,LIME,1.0,1.0,0.0,0.0,0.0,0.0,0.0,0.0,0.0,0.0,0.0,0.0,0.0,0.0,0.0,0.0,0.0,0.0,0.0,0.0,0.0,0.0,0.0
1007701,Generic,TreeSHAP,1.0,1.0,0.7,0.0,0.0,0.0,0.0,0.0,0.0,0.0,0.0,0.0,0.0,0.0,0.0,0.0,1.0,1.0,1.0,1.0,1.0,1.0,1.0
1007701,Generic,Random,1.0,0.6,0.0,1.0,1.0,1.0,1.0,0.0,0.0,0.0,0.0,0.0,0.0,0.0,0.0,0.0,0.0,0.0,0.0,0.0,0.0,0.0,0.0
1727775,Generic,LIME,1.0,1.0,0.0,0.0,0.0,0.0,0.0,0.0,0.0,0.0,0.0,0.0,0.0,0.0,0.0,0.0,0.0,0.0,0.0,0.0,0.0,0.0,0.0
1727775,Generic,TreeSHAP,1.0,0.9,0.6,1.0,0.0,0.0,0.0,0.0,0.0,0.0,0.0,0.0,0.0,0.0,0.0,0.0,0.0,1.0,1.0,1.0,1.0,1.0,1.0
1727775,Generic,Random,1.0,1.0,0.0,0.0,0.0,0.0,0.0,0.0,0.0,0.0,0.0,0.0,0.0,0.0,0.0,0.0,0.0,0.0,0.0,0.0,0.0,0.0,0.0
1781665,Generic,LIME,0.6341011354416543,0.6341011354416544,1.1260372462969725,0.0,0.0,0.0,0.0,0.0,0.0,0.0,0.0,0.0,0.0,0.0,0.7933572182516709,0.7933572182516709,0.7933572182516709,0.7933572182516709,0.7933572182516709,0.7933572182516709,0.7933572182516709,0.7933572182516709,0.7933572182516709
1781665,Generic,TreeSHAP,0.6341011354416543,0.6341011354416544,0.8000000000000002,0.0,0.0,0.0,0.0,0.0,0.0,0.0,0.0,0.0,0.0,0.0,0.0,0.6341011354416543,0.6341011354416543,0.6341011354416543,0.6341011354416543,0.6341011354416543,0.6341011354416543,0.6341011354416543,0.6341011354416543
1781665,Generic,Random,0.6341011354416543,0.6341011354416544,0.0,0.0,0.0,0.0,0.0,0.0,0.0,0.0,0.0,0.0,0.0,0.0,0.0,0.0,0.0,0.0,0.0,0.0,0.0,0.0,0.0
1692963,Generic,LIME,1.0,1.0,0.0,0.0,0.0,0.0,0.0,0.0,0.0,0.0,0.0,0.0,0.0,0.0,0.0,0.0,0.0,0.0,0.0,0.0,0.0,0.0,0.0
1692963,Generic,TreeSHAP,1.0,1.0,0.2,0.0,0.0,0.0,0.0,0.0,0.0,0.0,0.0,0.0,0.0,0.0,0.0,0.0,0.0,0.0,0.0,0.0,0.0,1.0,1.0
1692963,Generic,Random,1.0,0.0,0.0,1.0,1.0,1.0,1.0,1.0,1.0,1.0,1.0,1.0,1.0,0.0,0.0,0.0,0.0,0.0,0.0,0.0,0.0,0.0,0.0
1859121,Generic,LIME,0.9515836043977447,0.9515836043977448,0.0,0.0,0.0,0.0,0.0,0.0,0.0,0.0,0.0,0.0,0.0,0.0,0.0,0.0,0.0,0.0,0.0,0.0,0.0,0.0,0.0
1859121,Generic,TreeSHAP,0.9515836043977447,0.8515836043977447,0.39999999999999997,1.0,0.0,0.0,0.0,0.0,0.0,0.0,0.0,0.0,0.0,0.0,0.0,0.0,0.0,0.0,0.0,0.9515836043977447,0.9515836043977447,0.9515836043977447,0.9515836043977447
1859121,Generic,Random,0.9515836043977447,0.5709501626386468,0.0,0.9515836043977447,0.9515836043977447,0.9515836043977447,0.9515836043977447,0.0,0.0,0.0,0.0,0.0,0.0,0.0,0.0,0.0,0.0,0.0,0.0,0.0,0.0,0.0,0.0
1012234,Generic,LIME,1.0,1.0,0.0,0.0,0.0,0.0,0.0,0.0,0.0,0.0,0.0,0.0,0.0,0.0,0.0,0.0,0.0,0.0,0.0,0.0,0.0,0.0,0.0
1012234,Generic,TreeSHAP,1.0,1.0,0.7,0.0,0.0,0.0,0.0,0.0,0.0,0.0,0.0,0.0,0.0,0.0,0.0,0.0,1.0,1.0,1.0,1.0,1.0,1.0,1.0
1012234,Generic,Random,1.0,0.8,0.0,1.0,1.0,0.0,0.0,0.0,0.0,0.0,0.0,0.0,0.0,0.0,0.0,0.0,0.0,0.0,0.0,0.0,0.0,0.0,0.0
1313792,Generic,LIME,1.0,1.0,0.0,0.0,0.0,0.0,0.0,0.0,0.0,0.0,0.0,0.0,0.0,0.0,0.0,0.0,0.0,0.0,0.0,0.0,0.0,0.0,0.0
1313792,Generic,TreeSHAP,1.0,1.0,0.6,0.0,0.0,0.0,0.0,0.0,0.0,0.0,0.0,0.0,0.0,0.0,0.0,0.0,0.0,1.0,1.0,1.0,1.0,1.0,1.0
1313792,Generic,Random,1.0,0.5,0.0,1.0,1.0,1.0,1.0,1.0,0.0,0.0,0.0,0.0,0.0,0.0,0.0,0.0,0.0,0.0,0.0,0.0,0.0,0.0,0.0
1309489,Generic,LIME,1.0,1.0,0.0,0.0,0.0,0.0,0.0,0.0,0.0,0.0,0.0,0.0,0.0,0.0,0.0,0.0,0.0,0.0,0.0,0.0,0.0,0.0,0.0
1309489,Generic,TreeSHAP,1.0,1.0,0.0,0.0,0.0,0.0,0.0,0.0,0.0,0.0,0.0,0.0,0.0,0.0,0.0,0.0,0.0,0.0,0.0,0.0,0.0,0.0,0.0
1309489,Generic,Random,1.0,0.7,0.0,1.0,1.0,1.0,0.0,0.0,0.0,0.0,0.0,0.0,0.0,0.0,0.0,0.0,0.0,0.0,0.0,0.0,0.0,0.0,0.0
1205409,Generic,LIME,0.641875939042713,0.6418759390427129,0.4379865145686316,0.0,0.0,0.0,0.0,0.0,0.0,0.0,0.0,0.0,0.0,0.0,0.0,0.0,0.0,0.0,0.0,0.7028325133169633,0.7028325133169633,0.7028325133169633,0.7028325133169633
1205409,Generic,TreeSHAP,0.641875939042713,0.5776883451384416,0.5474831432107895,0.641875939042713,0.0,0.0,0.0,0.0,0.0,0.0,0.0,0.0,0.0,0.0,0.0,0.0,0.0,0.0,0.7028325133169633,0.7028325133169633,0.7028325133169633,0.7028325133169633,0.7028325133169633
1205409,Generic,Random,0.641875939042713,0.0,0.0,0.641875939042713,0.641875939042713,0.641875939042713,0.641875939042713,0.641875939042713,0.641875939042713,0.641875939042713,0.641875939042713,0.641875939042713,0.641875939042713,0.0,0.0,0.0,0.0,0.0,0.0,0.0,0.0,0.0,0.0
980216,Generic,LIME,0.9992169386909057,0.9992169386909057,0.0,0.0,0.0,0.0,0.0,0.0,0.0,0.0,0.0,0.0,0.0,0.0,0.0,0.0,0.0,0.0,0.0,0.0,0.0,0.0,0.0
980216,Generic,TreeSHAP,0.9992169386909057,0.9992169386909057,0.0,0.0,0.0,0.0,0.0,0.0,0.0,0.0,0.0,0.0,0.0,0.0,0.0,0.0,0.0,0.0,0.0,0.0,0.0,0.0,0.0
980216,Generic,Random,0.9992169386909057,0.19984338773818114,0.0,0.9992169386909057,0.9992169386909057,0.9992169386909057,0.9992169386909057,0.9992169386909057,0.9992169386909057,0.9992169386909057,0.9992169386909057,0.0,0.0,0.0,0.0,0.0,0.0,0.0,0.0,0.0,0.0,0.0,0.0
1659520,Generic,LIME,0.9515836043977447,0.9515836043977448,0.0,0.0,0.0,0.0,0.0,0.0,0.0,0.0,0.0,0.0,0.0,0.0,0.0,0.0,0.0,0.0,0.0,0.0,0.0,0.0,0.0
1659520,Generic,TreeSHAP,0.9515836043977447,0.9515836043977448,0.17330681578547777,0.0,0.0,0.0,0.0,0.0,0.0,0.0,0.0,0.0,0.0,0.0,0.0,0.0,0.0,0.0,0.3298318488636818,0.3298318488636818,0.3298318488636818,0.3298318488636818,0.3298318488636818
1659520,Generic,Random,0.9515836043977447,0.9515836043977448,0.0,0.0,0.0,0.0,0.0,0.0,0.0,0.0,0.0,0.0,0.0,0.0,0.0,0.0,0.0,0.0,0.0,0.0,0.0,0.0,0.0
1724735,Generic,LIME,0.9323435603601569,0.9323435603601566,0.0,0.0,0.0,0.0,0.0,0.0,0.0,0.0,0.0,0.0,0.0,0.0,0.0,0.0,0.0,0.0,0.0,0.0,0.0,0.0,0.0
1724735,Generic,TreeSHAP,0.9323435603601569,0.839109204324141,0.6372184934624515,0.9323435603601569,0.0,0.0,0.0,0.0,0.0,0.0,0.0,0.0,0.0,0.0,0.0,0.0,0.0,1.0,1.0,1.0,0.980355196407058,0.980355196407058,0.980355196407058
1724735,Generic,Random,0.9323435603601569,0.107281273377447,0.0,0.9323435603601569,0.9323435603601569,0.9323435603601569,0.9089320314577713,0.9089320314577713,0.9089320314577713,0.9089320314577713,0.9089320314577713,0.9089320314577713,0.0,0.0,0.0,0.0,0.0,0.0,0.0,0.0,0.0,0.0,0.0
1053299,Generic,LIME,1.0,1.0,0.0,0.0,0.0,0.0,0.0,0.0,0.0,0.0,0.0,0.0,0.0,0.0,0.0,0.0,0.0,0.0,0.0,0.0,0.0,0.0,0.0
1053299,Generic,TreeSHAP,1.0,1.0,0.7,0.0,0.0,0.0,0.0,0.0,0.0,0.0,0.0,0.0,0.0,0.0,0.0,0.0,1.0,1.0,1.0,1.0,1.0,1.0,1.0
1053299,Generic,Random,1.0,0.7,0.0,1.0,1.0,1.0,0.0,0.0,0.0,0.0,0.0,0.0,0.0,0.0,0.0,0.0,0.0,0.0,0.0,0.0,0.0,0.0,0.0
1038274,Generic,LIME,1.0,1.0,0.5,0.0,0.0,0.0,0.0,0.0,0.0,0.0,0.0,0.0,0.0,0.0,0.0,0.0,0.0,0.0,1.0,1.0,1.0,1.0,1.0
1038274,Generic,TreeSHAP,1.0,1.0,0.7,0.0,0.0,0.0,0.0,0.0,0.0,0.0,0.0,0.0,0.0,0.0,0.0,0.0,1.0,1.0,1.0,1.0,1.0,1.0,1.0
1038274,Generic,Random,1.0,0.7,0.0,1.0,1.0,1.0,0.0,0.0,0.0,0.0,0.0,0.0,0.0,0.0,0.0,0.0,0.0,0.0,0.0,0.0,0.0,0.0,0.0
1877215,Generic,LIME,0.903318148276598,0.9033181482765981,0.4249375428550451,0.0,0.0,0.0,0.0,0.0,0.0,0.0,0.0,0.0,0.0,0.0,0.4265042159389187,0.4265042159389187,0.4265042159389187,0.4265042159389187,0.4265042159389187,0.4265042159389187,0.4265042159389187,0.4265042159389187,0.4265042159389187
1877215,Generic,TreeSHAP,0.903318148276598,0.8606677266827061,0.7,0.4265042159389187,0.0,0.0,0.0,0.0,0.0,0.0,0.0,0.0,0.0,0.0,0.0,0.0,0.903318148276598,0.903318148276598,0.903318148276598,0.903318148276598,0.903318148276598,0.903318148276598,0.903318148276598
1877215,Generic,Random,0.903318148276598,0.7226545186212784,0.0,0.903318148276598,0.903318148276598,0.0,0.0,0.0,0.0,0.0,0.0,0.0,0.0,0.0,0.0,0.0,0.0,0.0,0.0,0.0,0.0,0.0,0.0
1735423,Generic,LIME,1.0,1.0,0.18699880193855295,0.0,0.0,0.0,0.0,0.0,0.0,0.0,0.0,0.0,0.0,0.0,0.0,0.6233293397951765,0.6233293397951765,0.6233293397951765,0.0,0.0,0.0,0.0,0.0
1735423,Generic,TreeSHAP,1.0,1.0,0.2,0.0,0.0,0.0,0.0,0.0,0.0,0.0,0.0,0.0,0.0,0.0,0.0,0.0,0.0,0.0,0.0,0.0,0.0,1.0,1.0
1735423,Generic,Random,1.0,0.8,0.0,1.0,1.0,0.0,0.0,0.0,0.0,0.0,0.0,0.0,0.0,0.0,0.0,0.0,0.0,0.0,0.0,0.0,0.0,0.0,0.0
1877154,Generic,LIME,0.5677051880934201,0.5677051880934201,0.6761498791902195,0.0,0.0,0.0,0.0,0.0,0.0,0.0,0.0,0.0,0.0,0.0,0.4265042159389187,0.4265042159389187,0.4265042159389187,0.4265042159389187,0.4265042159389187,0.4265042159389187,0.4265042159389187,0.4265042159389187,0.4265042159389187
1877154,Generic,TreeSHAP,0.5677051880934201,0.5677051880934201,0.7,0.0,0.0,0.0,0.0,0.0,0.0,0.0,0.0,0.0,0.0,0.0,0.0,0.0,0.5677051880934201,0.5677051880934201,0.5677051880934201,0.5677051880934201,0.5677051880934201,0.5677051880934201,0.5677051880934201
1877154,Generic,Random,0.5677051880934201,0.11354103761868402,0.0,0.5677051880934201,0.5677051880934201,0.5677051880934201,0.5677051880934201,0.5677051880934201,0.5677051880934201,0.5677051880934201,0.5677051880934201,0.0,0.0,0.0,0.0,0.0,0.0,0.0,0.0,0.0,0.0,0.0,0.0
1057943,Generic,LIME,1.0,1.0,0.0,0.0,0.0,0.0,0.0,0.0,0.0,0.0,0.0,0.0,0.0,0.0,0.0,0.0,0.0,0.0,0.0,0.0,0.0,0.0,0.0
1057943,Generic,TreeSHAP,1.0,1.0,0.7,0.0,0.0,0.0,0.0,0.0,0.0,0.0,0.0,0.0,0.0,0.0,0.0,0.0,1.0,1.0,1.0,1.0,1.0,1.0,1.0
1057943,Generic,Random,1.0,0.9,0.0,1.0,0.0,0.0,0.0,0.0,0.0,0.0,0.0,0.0,0.0,0.0,0.0,0.0,0.0,0.0,0.0,0.0,0.0,0.0,0.0
1004892,Generic,LIME,1.0,1.0,0.0,0.0,0.0,0.0,0.0,0.0,0.0,0.0,0.0,0.0,0.0,0.0,0.0,0.0,0.0,0.0,0.0,0.0,0.0,0.0,0.0
1004892,Generic,TreeSHAP,1.0,1.0,0.7,0.0,0.0,0.0,0.0,0.0,0.0,0.0,0.0,0.0,0.0,0.0,0.0,0.0,1.0,1.0,1.0,1.0,1.0,1.0,1.0
1004892,Generic,Random,1.0,0.5,0.0,1.0,1.0,1.0,1.0,1.0,0.0,0.0,0.0,0.0,0.0,0.0,0.0,0.0,0.0,0.0,0.0,0.0,0.0,0.0,0.0
1060185,Generic,LIME,1.0,1.0,0.0,0.0,0.0,0.0,0.0,0.0,0.0,0.0,0.0,0.0,0.0,0.0,0.0,0.0,0.0,0.0,0.0,0.0,0.0,0.0,0.0
1060185,Generic,TreeSHAP,1.0,1.0,0.7,0.0,0.0,0.0,0.0,0.0,0.0,0.0,0.0,0.0,0.0,0.0,0.0,0.0,1.0,1.0,1.0,1.0,1.0,1.0,1.0
1060185,Generic,Random,1.0,0.0,0.0,1.0,1.0,1.0,1.0,1.0,1.0,1.0,1.0,1.0,1.0,0.0,0.0,0.0,0.0,0.0,0.0,0.0,0.0,0.0,0.0
1610138,Generic,LIME,1.0,1.0,0.0,0.0,0.0,0.0,0.0,0.0,0.0,0.0,0.0,0.0,0.0,0.0,0.0,0.0,0.0,0.0,0.0,0.0,0.0,0.0,0.0
1610138,Generic,TreeSHAP,1.0,1.0,0.49022560223461403,0.0,0.0,0.0,0.0,0.0,0.0,0.0,0.0,0.0,0.0,0.0,0.0,0.0,0.0,0.0,0.9755640055865352,0.9755640055865352,0.9755640055865352,0.9755640055865352,1.0
1610138,Generic,Random,1.0,0.562358951335678,0.0,1.0,1.0,1.0,0.056206319519637754,0.056206319519637754,0.056206319519637754,0.056206319519637754,0.056206319519637754,0.5476894445225161,0.5476894445225161,0.0,0.0,0.0,0.0,0.0,0.0,0.0,0.0,0.0,0.0
1002238,Generic,LIME,1.0,1.0,0.0,0.0,0.0,0.0,0.0,0.0,0.0,0.0,0.0,0.0,0.0,0.0,0.0,0.0,0.0,0.0,0.0,0.0,0.0,0.0,0.0
1002238,Generic,TreeSHAP,1.0,1.0,0.7,0.0,0.0,0.0,0.0,0.0,0.0,0.0,0.0,0.0,0.0,0.0,0.0,0.0,1.0,1.0,1.0,1.0,1.0,1.0,1.0
1002238,Generic,Random,1.0,0.7,0.0,1.0,1.0,1.0,0.0,0.0,0.0,0.0,0.0,0.0,0.0,0.0,0.0,0.0,0.0,0.0,0.0,0.0,0.0,0.0,0.0
1041775,Generic,LIME,1.0,1.0,0.0,0.0,0.0,0.0,0.0,0.0,0.0,0.0,0.0,0.0,0.0,0.0,0.0,0.0,0.0,0.0,0.0,0.0,0.0,0.0,0.0
1041775,Generic,TreeSHAP,1.0,1.0,0.7,0.0,0.0,0.0,0.0,0.0,0.0,0.0,0.0,0.0,0.0,0.0,0.0,0.0,1.0,1.0,1.0,1.0,1.0,1.0,1.0
1041775,Generic,Random,1.0,0.0,0.0,1.0,1.0,1.0,1.0,1.0,1.0,1.0,1.0,1.0,1.0,0.0,0.0,0.0,0.0,0.0,0.0,0.0,0.0,0.0,0.0
1501150,Generic,LIME,1.0,1.0,0.0,0.0,0.0,0.0,0.0,0.0,0.0,0.0,0.0,0.0,0.0,0.0,0.0,0.0,0.0,0.0,0.0,0.0,0.0,0.0,0.0
1501150,Generic,TreeSHAP,1.0,1.0,0.6,0.0,0.0,0.0,0.0,0.0,0.0,0.0,0.0,0.0,0.0,0.0,0.0,0.0,0.0,1.0,1.0,1.0,1.0,1.0,1.0
1501150,Generic,Random,1.0,0.0,0.0,1.0,1.0,1.0,1.0,1.0,1.0,1.0,1.0,1.0,1.0,0.0,0.0,0.0,0.0,0.0,0.0,0.0,0.0,0.0,0.0
1056025,Generic,LIME,1.0,1.0,0.0,0.0,0.0,0.0,0.0,0.0,0.0,0.0,0.0,0.0,0.0,0.0,0.0,0.0,0.0,0.0,0.0,0.0,0.0,0.0,0.0
1056025,Generic,TreeSHAP,1.0,1.0,0.7,0.0,0.0,0.0,0.0,0.0,0.0,0.0,0.0,0.0,0.0,0.0,0.0,0.0,1.0,1.0,1.0,1.0,1.0,1.0,1.0
1056025,Generic,Random,1.0,0.9,0.0,1.0,0.0,0.0,0.0,0.0,0.0,0.0,0.0,0.0,0.0,0.0,0.0,0.0,0.0,0.0,0.0,0.0,0.0,0.0,0.0
1931378,Generic,LIME,1.0,1.0,0.9948125760122186,0.0,0.0,0.0,0.0,0.0,0.0,0.0,0.0,0.0,0.0,0.9948125760122186,0.9948125760122186,0.9948125760122186,0.9948125760122186,0.9948125760122186,0.9948125760122186,0.9948125760122186,0.9948125760122186,0.9948125760122186,0.9948125760122186
1931378,Generic,TreeSHAP,1.0,0.8499634662099751,0.0,0.0,0.16678844596674922,0.16678844596674922,0.16678844596674922,1.0,0.0,0.0,0.0,0.0,0.0,0.0,0.0,0.0,0.0,0.0,0.0,0.0,0.0,0.0,0.0
1931378,Generic,Random,1.0,0.7661154055526574,0.0,1.0,1.0,0.016722609081820317,0.016722609081820317,0.016722609081820317,0.016722609081820317,0.016722609081820317,0.08507763302144151,0.08507763302144151,0.08507763302144151,0.0,0.0,0.0,0.0,0.0,0.0,0.0,0.0,0.0,0.0
1931319,Generic,LIME,1.0,1.0,0.0,0.0,0.0,0.0,0.0,0.0,0.0,0.0,0.0,0.0,0.0,0.0,0.0,0.0,0.0,0.0,0.0,0.0,0.0,0.0,0.0
1931319,Generic,TreeSHAP,1.0,1.0,0.0,0.0,0.0,0.0,0.0,0.0,0.0,0.0,0.0,0.0,0.0,0.0,0.0,0.0,0.0,0.0,0.0,0.0,0.0,0.0,0.0
1931319,Generic,Random,1.0,0.2,0.0,1.0,1.0,1.0,1.0,1.0,1.0,1.0,1.0,0.0,0.0,0.0,0.0,0.0,0.0,0.0,0.0,0.0,0.0,0.0,0.0
1131975,Generic,LIME,1.0,1.0,0.0,0.0,0.0,0.0,0.0,0.0,0.0,0.0,0.0,0.0,0.0,0.0,0.0,0.0,0.0,0.0,0.0,0.0,0.0,0.0,0.0
1131975,Generic,TreeSHAP,1.0,1.0,0.3,0.0,0.0,0.0,0.0,0.0,0.0,0.0,0.0,0.0,0.0,0.0,0.0,0.0,0.0,0.0,0.0,0.0,1.0,1.0,1.0
1131975,Generic,Random,1.0,0.2,0.0,1.0,1.0,1.0,1.0,1.0,1.0,1.0,1.0,0.0,0.0,0.0,0.0,0.0,0.0,0.0,0.0,0.0,0.0,0.0,0.0
1007782,Generic,LIME,1.0,1.0,0.0,0.0,0.0,0.0,0.0,0.0,0.0,0.0,0.0,0.0,0.0,0.0,0.0,0.0,0.0,0.0,0.0,0.0,0.0,0.0,0.0
1007782,Generic,TreeSHAP,1.0,1.0,0.7,0.0,0.0,0.0,0.0,0.0,0.0,0.0,0.0,0.0,0.0,0.0,0.0,0.0,1.0,1.0,1.0,1.0,1.0,1.0,1.0
1007782,Generic,Random,1.0,0.2,0.0,1.0,1.0,1.0,1.0,1.0,1.0,1.0,1.0,0.0,0.0,0.0,0.0,0.0,0.0,0.0,0.0,0.0,0.0,0.0,0.0
1667269,Generic,LIME,0.9992169386909057,0.9992169386909057,0.18714534821992096,0.0,0.0,0.0,0.0,0.0,0.0,0.0,0.0,0.0,0.0,0.0,0.0,0.0,0.0,0.0,0.0,0.0,0.6233293397951765,0.6233293397951765,0.6233293397951765
1667269,Generic,TreeSHAP,0.9992169386909057,0.9992169386909057,0.26238178273997365,0.0,0.0,0.0,0.0,0.0,0.0,0.0,0.0,0.0,0.0,0.0,0.0,0.0,0.0,0.6233293397951765,0.0,0.0,0.0,0.9992169386909057,0.9992169386909057
1667269,Generic,Random,0.9992169386909057,0.7993735509527247,0.0,0.9992169386909057,0.9992169386909057,0.0,0.0,0.0,0.0,0.0,0.0,0.0,0.0,0.0,0.0,0.0,0.0,0.0,0.0,0.0,0.0,0.0,0.0
1002677,Generic,LIME,1.0,1.0,0.0,0.0,0.0,0.0,0.0,0.0,0.0,0.0,0.0,0.0,0.0,0.0,0.0,0.0,0.0,0.0,0.0,0.0,0.0,0.0,0.0
1002677,Generic,TreeSHAP,1.0,1.0,0.7,0.0,0.0,0.0,0.0,0.0,0.0,0.0,0.0,0.0,0.0,0.0,0.0,0.0,1.0,1.0,1.0,1.0,1.0,1.0,1.0
1002677,Generic,Random,1.0,0.0,0.0,1.0,1.0,1.0,1.0,1.0,1.0,1.0,1.0,1.0,1.0,0.0,0.0,0.0,0.0,0.0,0.0,0.0,0.0,0.0,0.0
1379809,Generic,LIME,0.5004802271683301,0.5004802271683301,1.9877160415322985,0.0,0.0,0.0,0.0,0.0,0.0,0.0,0.0,0.0,0.0,0.9948125760122186,0.9948125760122186,0.9948125760122186,0.9948125760122186,0.9948125760122186,0.9948125760122186,0.9948125760122186,0.9948125760122186,0.9948125760122186,0.9948125760122186
1379809,Generic,TreeSHAP,0.5004802271683301,0.4743496652031781,0.99904046725073,0.13065280982575994,0.13065280982575994,0.0,0.0,0.0,0.0,0.0,0.0,0.0,0.0,0.0,0.0,0.0,0.0,1.0,1.0,1.0,1.0,1.0,0.0
1379809,Generic,Random,0.5004802271683301,0.4743496652031781,0.0,0.13065280982575994,0.13065280982575994,0.0,0.0,0.0,0.0,0.0,0.0,0.0,0.0,0.0,0.0,0.0,0.0,0.0,0.0,0.0,0.0,0.0,0.0
1060030,Generic,LIME,1.0,1.0,0.0,0.0,0.0,0.0,0.0,0.0,0.0,0.0,0.0,0.0,0.0,0.0,0.0,0.0,0.0,0.0,0.0,0.0,0.0,0.0,0.0
1060030,Generic,TreeSHAP,1.0,1.0,0.7,0.0,0.0,0.0,0.0,0.0,0.0,0.0,0.0,0.0,0.0,0.0,0.0,0.0,1.0,1.0,1.0,1.0,1.0,1.0,1.0
1060030,Generic,Random,1.0,0.4,0.0,1.0,1.0,1.0,1.0,1.0,1.0,0.0,0.0,0.0,0.0,0.0,0.0,0.0,0.0,0.0,0.0,0.0,0.0,0.0,0.0
1065155,Generic,LIME,0.8158733495503225,0.8158733495503225,0.0,0.0,0.0,0.0,0.0,0.0,0.0,0.0,0.0,0.0,0.0,0.0,0.0,0.0,0.0,0.0,0.0,0.0,0.0,0.0,0.0
1065155,Generic,TreeSHAP,0.8158733495503225,0.8158733495503225,0.8,0.0,0.0,0.0,0.0,0.0,0.0,0.0,0.0,0.0,0.0,0.0,0.0,0.8158733495503225,0.8158733495503225,0.8158733495503225,0.8158733495503225,0.8158733495503225,0.8158733495503225,0.8158733495503225,0.8158733495503225
1065155,Generic,Random,0.8158733495503225,0.16317466991006452,0.0,0.8158733495503225,0.8158733495503225,0.8158733495503225,0.8158733495503225,0.8158733495503225,0.8158733495503225,0.8158733495503225,0.8158733495503225,0.0,0.0,0.0,0.0,0.0,0.0,0.0,0.0,0.0,0.0,0.0,0.0
1114370,Generic,LIME,0.5487106992158528,0.5487106992158528,0.0,0.0,0.0,0.0,0.0,0.0,0.0,0.0,0.0,0.0,0.0,0.0,0.0,0.0,0.0,0.0,0.0,0.0,0.0,0.0,0.0
1114370,Generic,TreeSHAP,0.5487106992158528,0.5348676228696345,0.30000000000000004,0.1384307634621839,0.0,0.0,0.0,0.0,0.0,0.0,0.0,0.0,0.0,0.0,0.0,0.0,0.0,0.0,0.0,0.0,0.5487106992158528,0.5487106992158528,0.5487106992158528
1114370,Generic,Random,0.5487106992158528,0.32822394860293513,0.0,0.5487106992158528,0.5487106992158528,0.1384307634621839,0.1384307634621839,0.1384307634621839,0.1384307634621839,0.1384307634621839,0.1384307634621839,0.1384307634621839,0.1384307634621839,0.0,0.0,0.0,0.0,0.0,0.0,0.0,0.0,0.0,0.0
1012654,Generic,LIME,1.0,1.0,0.0,0.0,0.0,0.0,0.0,0.0,0.0,0.0,0.0,0.0,0.0,0.0,0.0,0.0,0.0,0.0,0.0,0.0,0.0,0.0,0.0
1012654,Generic,TreeSHAP,1.0,1.0,0.7,0.0,0.0,0.0,0.0,0.0,0.0,0.0,0.0,0.0,0.0,0.0,0.0,0.0,1.0,1.0,1.0,1.0,1.0,1.0,1.0
1012654,Generic,Random,1.0,0.4,0.0,1.0,1.0,1.0,1.0,1.0,1.0,0.0,0.0,0.0,0.0,0.0,0.0,0.0,0.0,0.0,0.0,0.0,0.0,0.0,0.0
1745123,Generic,LIME,1.0,1.0,0.5713762563439148,0.0,0.0,0.0,0.0,0.0,0.0,0.0,0.0,0.0,0.0,0.0,0.0,0.0,0.0,0.9522937605731914,0.9522937605731914,0.9522937605731914,0.9522937605731914,0.9522937605731914,0.9522937605731914
1745123,Generic,TreeSHAP,1.0,0.9,0.5,1.0,0.0,0.0,0.0,0.0,0.0,0.0,0.0,0.0,0.0,0.0,0.0,0.0,0.0,0.0,1.0,1.0,1.0,1.0,1.0
1745123,Generic,Random,1.0,0.0323180843748736,0.0,0.9676819156251264,0.9676819156251264,0.9676819156251264,0.9676819156251264,0.9676819156251264,0.9676819156251264,0.9676819156251264,0.9676819156251264,0.9676819156251264,0.9676819156251264,0.0,0.0,0.0,0.0,0.0,0.0,0.0,0.0,0.0,0.0
1975467,Generic,LIME,0.7450094789491699,0.7450094789491699,0.4265895055631903,0.0,0.0,0.0,0.0,0.0,0.0,0.0,0.0,0.0,0.0,0.0,0.0,0.0,0.0,0.529688708774694,0.529688708774694,0.529688708774694,0.529688708774694,0.529688708774694,0.529688708774694
1975467,Generic,TreeSHAP,0.7450094789491699,0.7450094789491699,0.5710982509271983,0.0,0.0,0.0,0.0,0.0,0.0,0.0,0.0,0.0,0.0,0.0,0.0,0.0,0.0,0.529688708774694,0.7450094789491699,0.7450094789491699,0.7450094789491699,0.7450094789491699,0.7450094789491699
1975467,Generic,Random,0.7450094789491699,0.5265023798495152,0.0,0.0,0.0,0.0,0.0,0.0,0.43701419819930937,0.43701419819930937,0.43701419819930937,0.43701419819930937,0.43701419819930937,0.0,0.0,0.0,0.0,0.0,0.0,0.0,0.0,0.0,0.0
1007789,Generic,LIME,1.0,1.0,0.0,0.0,0.0,0.0,0.0,0.0,0.0,0.0,0.0,0.0,0.0,0.0,0.0,0.0,0.0,0.0,0.0,0.0,0.0,0.0,0.0
1007789,Generic,TreeSHAP,1.0,1.0,0.7,0.0,0.0,0.0,0.0,0.0,0.0,0.0,0.0,0.0,0.0,0.0,0.0,0.0,1.0,1.0,1.0,1.0,1.0,1.0,1.0
1007789,Generic,Random,1.0,0.0,0.0,1.0,1.0,1.0,1.0,1.0,1.0,1.0,1.0,1.0,1.0,0.0,0.0,0.0,0.0,0.0,0.0,0.0,0.0,0.0,0.0
1854085,Generic,LIME,1.0,1.0,0.0,0.0,0.0,0.0,0.0,0.0,0.0,0.0,0.0,0.0,0.0,0.0,0.0,0.0,0.0,0.0,0.0,0.0,0.0,0.0,0.0
1854085,Generic,TreeSHAP,1.0,1.0,0.4,0.0,0.0,0.0,0.0,0.0,0.0,0.0,0.0,0.0,0.0,0.0,0.0,0.0,0.0,0.0,0.0,1.0,1.0,1.0,1.0
1854085,Generic,Random,1.0,0.8,0.4,1.0,1.0,0.0,0.0,0.0,0.0,0.0,0.0,0.0,0.0,0.0,0.0,0.0,0.0,0.0,0.0,1.0,1.0,1.0,1.0
1698295,Reconnaissance,LIME,1.0,1.0,0.0,0.0,0.0,0.0,0.0,0.0,0.0,0.0,0.0,0.0,0.0,0.0,0.0,0.0,0.0,0.0,0.0,0.0,0.0,0.0,0.0
1698295,Reconnaissance,TreeSHAP,1.0,1.0,0.6898676341373544,0.0,0.0,0.0,0.0,0.0,0.0,0.0,0.0,0.0,0.0,0.0,0.0,0.0,0.949338170686772,0.949338170686772,1.0,1.0,1.0,1.0,1.0
1698295,Reconnaissance,Random,1.0,0.8948889332926491,0.0,1.0,0.051110667073509045,0.0,0.0,0.0,0.0,0.0,0.0,0.0,0.0,0.0,0.0,0.0,0.0,0.0,0.0,0.0,0.0,0.0,0.0
1971205,Reconnaissance,LIME,0.9989746006508975,0.9989746006508973,0.6765944626826694,0.0,0.0,0.0,0.0,0.0,0.0,0.0,0.0,0.0,0.0,0.0,0.0,1.0,1.0,1.0,1.0,1.0,1.0,0.3795034158051409,0.3795034158051409
1971205,Reconnaissance,TreeSHAP,0.9989746006508975,0.9989746006508973,0.010237856333844265,0.0,0.0,0.0,0.0,0.0,0.0,0.0,0.0,0.0,0.0,0.0,0.0,0.0,0.0,0.0,0.0,0.0,0.03409119480874445,0.03409119480874445,0.03409119480874445
1971205,Reconnaissance,Random,0.9989746006508975,0.0,0.0,0.9989746006508975,0.9989746006508975,0.9989746006508975,0.9989746006508975,0.9989746006508975,0.9989746006508975,0.9989746006508975,0.9989746006508975,0.9989746006508975,0.9989746006508975,0.0,0.0,0.0,0.0,0.0,0.0,0.0,0.0,0.0,0.0
1906012,Reconnaissance,LIME,0.9989746006508975,0.9989746006508973,0.7007185163105288,0.0,0.0,0.0,0.0,0.0,0.0,0.0,0.0,0.0,0.0,0.0,0.0,0.0,1.0,1.0,1.0,1.0,1.0,1.0,1.0
1906012,Reconnaissance,TreeSHAP,0.9989746006508975,0.9989746006508973,0.010237856333844265,0.0,0.0,0.0,0.0,0.0,0.0,0.0,0.0,0.0,0.0,0.0,0.0,0.0,0.0,0.0,0.0,0.0,0.03409119480874445,0.03409119480874445,0.03409119480874445
1906012,Reconnaissance,Random,0.9989746006508975,0.6992822204556283,0.0,0.9989746006508975,0.9989746006508975,0.9989746006508975,0.0,0.0,0.0,0.0,0.0,0.0,0.0,0.0,0.0,0.0,0.0,0.0,0.0,0.0,0.0,0.0,0.0
1538156,Reconnaissance,LIME,0.9815548723013391,0.9815548723013391,0.0,0.0,0.0,0.0,0.0,0.0,0.0,0.0,0.0,0.0,0.0,0.0,0.0,0.0,0.0,0.0,0.0,0.0,0.0,0.0,0.0
1538156,Reconnaissance,TreeSHAP,0.9815548723013391,0.9815548723013391,0.5,0.0,0.0,0.0,0.0,0.0,0.0,0.0,0.0,0.0,0.0,0.0,0.0,0.0,0.0,0.0,0.9815548723013391,0.9815548723013391,0.9815548723013391,0.9815548723013391,0.9815548723013391
1538156,Reconnaissance,Random,0.9815548723013391,0.0,0.0,0.9815548723013391,0.9815548723013391,0.9815548723013391,0.9815548723013391,0.9815548723013391,0.9815548723013391,0.9815548723013391,0.9815548723013391,0.9815548723013391,0.9815548723013391,0.0,0.0,0.0,0.0,0.0,0.0,0.0,0.0,0.0,0.0
1009520,Reconnaissance,LIME,0.8717099840380732,0.8717099840380731,0.3441511574873703,0.0,0.0,0.0,0.0,0.0,0.0,0.0,0.0,0.0,0.0,0.0,0.0,0.0,0.0,0.0,0.0,1.0,1.0,1.0,0.0
1009520,Reconnaissance,TreeSHAP,0.8717099840380732,0.6717099840380732,0.3,0.0,0.0,1.0,1.0,0.0,0.0,0.0,0.0,0.0,0.0,0.0,0.0,0.0,0.0,0.0,0.0,0.0,0.8717099840380732,0.8717099840380732,0.8717099840380732
1009520,Reconnaissance,Random,0.8717099840380732,0.17434199680761464,0.0,0.8717099840380732,0.8717099840380732,0.8717099840380732,0.8717099840380732,0.8717099840380732,0.8717099840380732,0.8717099840380732,0.8717099840380732,0.0,0.0,0.0,0.0,0.0,0.0,0.0,0.0,0.0,0.0,0.0,0.0
1064928,Reconnaissance,LIME,0.7555659245802812,0.7555659245802813,0.0,0.0,0.0,0.0,0.0,0.0,0.0,0.0,0.0,0.0,0.0,0.0,0.0,0.0,0.0,0.0,0.0,0.0,0.0,0.0,0.0
1064928,Reconnaissance,TreeSHAP,0.7555659245802812,0.7555659245802813,0.0,0.0,0.0,0.0,0.0,0.0,0.0,0.0,0.0,0.0,0.0,0.0,0.0,0.0,0.0,0.0,0.0,0.0,0.0,0.0,0.0
1064928,Reconnaissance,Random,0.7555659245802812,0.3022263698321125,0.0,0.7555659245802812,0.7555659245802812,0.7555659245802812,0.7555659245802812,0.7555659245802812,0.7555659245802812,0.0,0.0,0.0,0.0,0.0,0.0,0.0,0.0,0.0,0.0,0.0,0.0,0.0,0.0
1848598,Reconnaissance,LIME,0.9989746006508975,0.9989746006508973,0.5034126187779481,0.0,0.0,0.0,0.0,0.0,0.0,0.0,0.0,0.0,0.0,0.0,0.0,0.0,0.0,0.03409119480874445,0.9989746006508975,0.9989746006508975,0.9989746006508975,0.9989746006508975,0.9989746006508975
1848598,Reconnaissance,TreeSHAP,0.9989746006508975,0.9989746006508973,0.010237856333844265,0.0,0.0,0.0,0.0,0.0,0.0,0.0,0.0,0.0,0.0,0.0,0.0,0.0,0.0,0.0,0.0,0.0,0.03409119480874445,0.03409119480874445,0.03409119480874445
1848598,Reconnaissance,Random,0.9989746006508975,0.799179680520718,0.0,0.9989746006508975,0.9989746006508975,0.0,0.0,0.0,0.0,0.0,0.0,0.0,0.0,0.0,0.0,0.0,0.0,0.0,0.0,0.0,0.0,0.0,0.0
1917532,Reconnaissance,LIME,0.9989746006508975,0.9989746006508973,0.16326365543019147,0.0,0.0,0.0,0.0,0.0,0.0,0.0,0.0,0.0,0.0,0.0,0.0,0.0,0.0,1.0,0.3795034158051409,0.06286475850916791,0.06286475850916791,0.06286475850916791,0.06286475850916791
1917532,Reconnaissance,TreeSHAP,0.9989746006508975,0.9989746006508973,0.010237856333844265,0.0,0.0,0.0,0.0,0.0,0.0,0.0,0.0,0.0,0.0,0.0,0.0,0.0,0.0,0.0,0.0,0.0,0.03409119480874445,0.03409119480874445,0.03409119480874445
1917532,Reconnaissance,Random,0.9989746006508975,0.1929766811684306,0.0,0.9989746006508975,0.9989746006508975,0.9989746006508975,0.9989746006508975,0.9989746006508975,0.9989746006508975,0.9989746006508975,0.9989746006508975,0.03409119480874445,0.03409119480874445,0.0,0.0,0.0,0.0,0.0,0.0,0.0,0.0,0.0,0.0
1580943,Reconnaissance,LIME,0.9989746006508975,0.9989746006508973,0.006292928615823405,0.0,0.0,0.0,0.0,0.0,0.0,0.0,0.0,0.0,0.0,0.0,0.0,0.0,0.0,0.0,0.0,0.0,0.06286475850916791,0.0,0.0
1580943,Reconnaissance,TreeSHAP,0.9989746006508975,0.9989746006508973,0.010237856333844265,0.0,0.0,0.0,0.0,0.0,0.0,0.0,0.0,0.0,0.0,0.0,0.0,0.0,0.0,0.0,0.0,0.0,0.03409119480874445,0.03409119480874445,0.03409119480874445
1580943,Reconnaissance,Random,0.9989746006508975,0.6754183840895072,0.0,0.9989746006508975,0.9989746006508975,0.9989746006508975,0.03409119480874445,0.03409119480874445,0.03409119480874445,0.03409119480874445,0.03409119480874445,0.03409119480874445,0.03409119480874445,0.0,0.0,0.0,0.0,0.0,0.0,0.0,0.0,0.0,0.0
1358836,Reconnaissance,LIME,0.9989746006508975,0.9989746006508973,0.452265118680373,0.0,0.0,0.0,0.0,0.0,0.0,0.0,0.0,0.0,0.0,0.0,0.0,0.0,1.0,1.0,1.0,0.3795034158051409,0.3795034158051409,0.3795034158051409,0.3795034158051409
1358836,Reconnaissance,TreeSHAP,0.9989746006508975,0.9989746006508973,0.010237856333844265,0.0,0.0,0.0,0.0,0.0,0.0,0.0,0.0,0.0,0.0,0.0,0.0,0.0,0.0,0.0,0.0,0.0,0.03409119480874445,0.03409119480874445,0.03409119480874445
1358836,Reconnaissance,Random,0.9989746006508975,0.8990771405858077,0.0,0.9989746006508975,0.0,0.0,0.0,0.0,0.0,0.0,0.0,0.0,0.0,0.0,0.0,0.0,0.0,0.0,0.0,0.0,0.0,0.0,0.0
1183173,Reconnaissance,LIME,0.9815548723013391,0.9815548723013391,0.0,0.0,0.0,0.0,0.0,0.0,0.0,0.0,0.0,0.0,0.0,0.0,0.0,0.0,0.0,0.0,0.0,0.0,0.0,0.0,0.0
1183173,Reconnaissance,TreeSHAP,0.9815548723013391,0.9815548723013391,0.5,0.0,0.0,0.0,0.0,0.0,0.0,0.0,0.0,0.0,0.0,0.0,0.0,0.0,0.0,0.0,0.9815548723013391,0.9815548723013391,0.9815548723013391,0.9815548723013391,0.9815548723013391
1183173,Reconnaissance,Random,0.9815548723013391,0.39262194892053565,0.0,0.9815548723013391,0.9815548723013391,0.9815548723013391,0.9815548723013391,0.9815548723013391,0.9815548723013391,0.0,0.0,0.0,0.0,0.0,0.0,0.0,0.0,0.0,0.0,0.0,0.0,0.0,0.0
1267604,Reconnaissance,LIME,0.9815548723013391,0.9815548723013391,0.2,0.0,0.0,0.0,0.0,0.0,0.0,0.0,0.0,0.0,0.0,0.0,0.0,0.0,0.0,0.0,0.0,0.0,0.0,0.9815548723013391,0.9815548723013391
1267604,Reconnaissance,TreeSHAP,0.9815548723013391,0.9815548723013391,0.5,0.0,0.0,0.0,0.0,0.0,0.0,0.0,0.0,0.0,0.0,0.0,0.0,0.0,0.0,0.0,0.9815548723013391,0.9815548723013391,0.9815548723013391,0.9815548723013391,0.9815548723013391
1267604,Reconnaissance,Random,0.9815548723013391,-0.007378051079464365,0.0,0.9815548723013391,0.9815548723013391,0.9815548723013391,0.9815548723013391,0.9815548723013391,0.9815548723013391,1.0,1.0,1.0,1.0,0.0,0.0,0.0,0.0,0.0,0.0,0.0,0.0,0.0,0.0
1380557,Reconnaissance,LIME,0.9989746006508975,0.9989746006508973,0.33177257864077225,0.0,0.0,0.0,0.0,0.0,0.0,0.0,0.0,0.0,0.0,0.0,0.0,1.0,1.0,1.0,0.06286475850916791,0.06286475850916791,0.06286475850916791,0.06286475850916791,0.06286475850916791
1380557,Reconnaissance,TreeSHAP,0.9989746006508975,0.9989746006508973,0.010237856333844265,0.0,0.0,0.0,0.0,0.0,0.0,0.0,0.0,0.0,0.0,0.0,0.0,0.0,0.0,0.0,0.0,0.0,0.03409119480874445,0.03409119480874445,0.03409119480874445
1380557,Reconnaissance,Random,0.9989746006508975,0.799179680520718,0.0,0.9989746006508975,0.9989746006508975,0.0,0.0,0.0,0.0,0.0,0.0,0.0,0.0,0.0,0.0,0.0,0.0,0.0,0.0,0.0,0.0,0.0,0.0
1732218,Reconnaissance,LIME,0.9815548723013391,0.9815548723013391,0.0,0.0,0.0,0.0,0.0,0.0,0.0,0.0,0.0,0.0,0.0,0.0,0.0,0.0,0.0,0.0,0.0,0.0,0.0,0.0,0.0
1732218,Reconnaissance,TreeSHAP,0.9815548723013391,0.9815548723013391,0.5,0.0,0.0,0.0,0.0,0.0,0.0,0.0,0.0,0.0,0.0,0.0,0.0,0.0,0.0,0.0,0.9815548723013391,0.9815548723013391,0.9815548723013391,0.9815548723013391,0.9815548723013391
1732218,Reconnaissance,Random,0.9815548723013391,0.8833993850712052,0.0,0.9815548723013391,0.0,0.0,0.0,0.0,0.0,0.0,0.0,0.0,0.0,0.0,0.0,0.0,0.0,0.0,0.0,0.0,0.0,0.0,0.0
1729193,Reconnaissance,LIME,0.9989746006508975,0.9989746006508973,0.3191867214091254,0.0,0.0,0.0,0.0,0.0,0.0,0.0,0.0,0.0,0.0,0.0,0.0,0.0,0.0,1.0,1.0,1.0,0.06286475850916791,0.06286475850916791,0.06286475850916791
1729193,Reconnaissance,TreeSHAP,0.9989746006508975,0.9989746006508973,0.010237856333844265,0.0,0.0,0.0,0.0,0.0,0.0,0.0,0.0,0.0,0.0,0.0,0.0,0.0,0.0,0.0,0.0,0.0,0.03409119480874445,0.03409119480874445,0.03409119480874445
1729193,Reconnaissance,Random,0.9989746006508975,0.5993847603905385,0.0,0.9989746006508975,0.9989746006508975,0.9989746006508975,0.9989746006508975,0.0,0.0,0.0,0.0,0.0,0.0,0.0,0.0,0.0,0.0,0.0,0.0,0.0,0.0,0.0,0.0
1260296,Reconnaissance,LIME,0.9989746006508975,0.9989746006508973,0.6006158711233105,0.0,0.0,0.0,0.0,0.0,0.0,0.0,0.0,0.0,0.0,0.0,0.0,0.0,0.0,1.0,1.0,1.0,1.0,1.0,1.0
1260296,Reconnaissance,TreeSHAP,0.9989746006508975,0.9989746006508973,0.010237856333844265,0.0,0.0,0.0,0.0,0.0,0.0,0.0,0.0,0.0,0.0,0.0,0.0,0.0,0.0,0.0,0.0,0.0,0.03409119480874445,0.03409119480874445,0.03409119480874445
1260296,Reconnaissance,Random,0.9989746006508975,0.8683950652579376,0.0,0.9989746006508975,0.03409119480874445,0.03409119480874445,0.03409119480874445,0.03409119480874445,0.03409119480874445,0.03409119480874445,0.03409119480874445,0.03409119480874445,0.03409119480874445,0.0,0.0,0.0,0.0,0.0,0.0,0.0,0.0,0.0,0.0
1592540,Reconnaissance,LIME,0.9989746006508975,0.9989746006508973,0.8008211614977474,0.0,0.0,0.0,0.0,0.0,0.0,0.0,0.0,0.0,0.0,0.0,0.0,1.0,1.0,1.0,1.0,1.0,1.0,1.0,1.0
1592540,Reconnaissance,TreeSHAP,0.9989746006508975,0.9989746006508973,0.010237856333844265,0.0,0.0,0.0,0.0,0.0,0.0,0.0,0.0,0.0,0.0,0.0,0.0,0.0,0.0,0.0,0.0,0.0,0.03409119480874445,0.03409119480874445,0.03409119480874445
1592540,Reconnaissance,Random,0.9989746006508975,0.896169310798982,0.0,0.9989746006508975,0.029078297868256716,0.0,0.0,0.0,0.0,0.0,0.0,0.0,0.0,0.0,0.0,0.0,0.0,0.0,0.0,0.0,0.0,0.0,0.0
1899432,Reconnaissance,LIME,0.9989746006508975,0.9989746006508973,0.500513225936092,0.0,0.0,0.0,0.0,0.0,0.0,0.0,0.0,0.0,0.0,0.0,0.0,0.0,0.0,0.0,1.0,1.0,1.0,1.0,1.0
1899432,Reconnaissance,TreeSHAP,0.9989746006508975,0.9989746006508973,0.010237856333844265,0.0,0.0,0.0,0.0,0.0,0.0,0.0,0.0,0.0,0.0,0.0,0.0,0.0,0.0,0.0,0.0,0.0,0.03409119480874445,0.03409119480874445,0.03409119480874445
1899432,Reconnaissance,Random,0.9989746006508975,0.7933640209470667,0.0,0.9989746006508975,0.9989746006508975,0.029078297868256716,0.029078297868256716,0.0,0.0,0.0,0.0,0.0,0.0,0.0,0.0,0.0,0.0,0.0,0.0,0.0,0.0,0.0,0.0
1524875,Reconnaissance,LIME,0.9815548723013391,0.9815548723013391,0.2,0.0,0.0,0.0,0.0,0.0,0.0,0.0,0.0,0.0,0.0,0.0,0.0,0.0,0.0,0.0,0.0,0.0,0.0,0.9815548723013391,0.9815548723013391
1524875,Reconnaissance,TreeSHAP,0.9815548723013391,0.9815548723013391,0.5,0.0,0.0,0.0,0.0,0.0,0.0,0.0,0.0,0.0,0.0,0.0,0.0,0.0,0.0,0.0,0.9815548723013391,0.9815548723013391,0.9815548723013391,0.9815548723013391,0.9815548723013391
1524875,Reconnaissance,Random,0.9815548723013391,0.2944664616904017,0.0,0.9815548723013391,0.9815548723013391,0.9815548723013391,0.9815548723013391,0.9815548723013391,0.9815548723013391,0.9815548723013391,0.0,0.0,0.0,0.0,0.0,0.0,0.0,0.0,0.0,0.0,0.0,0.0,0.0
1502737,Reconnaissance,LIME,0.9815548723013391,0.9815548723013391,0.0,0.0,0.0,0.0,0.0,0.0,0.0,0.0,0.0,0.0,0.0,0.0,0.0,0.0,0.0,0.0,0.0,0.0,0.0,0.0,0.0
1502737,Reconnaissance,TreeSHAP,0.9815548723013391,0.9815548723013391,0.5,0.0,0.0,0.0,0.0,0.0,0.0,0.0,0.0,0.0,0.0,0.0,0.0,0.0,0.0,0.0,0.9815548723013391,0.9815548723013391,0.9815548723013391,0.9815548723013391,0.9815548723013391
1502737,Reconnaissance,Random,0.9815548723013391,0.8833993850712052,0.0,0.9815548723013391,0.0,0.0,0.0,0.0,0.0,0.0,0.0,0.0,0.0,0.0,0.0,0.0,0.0,0.0,0.0,0.0,0.0,0.0,0.0
1832170,Reconnaissance,LIME,0.9815548723013391,0.9815548723013391,0.0,0.0,0.0,0.0,0.0,0.0,0.0,0.0,0.0,0.0,0.0,0.0,0.0,0.0,0.0,0.0,0.0,0.0,0.0,0.0,0.0
1832170,Reconnaissance,TreeSHAP,0.9815548723013391,0.9815548723013391,0.5,0.0,0.0,0.0,0.0,0.0,0.0,0.0,0.0,0.0,0.0,0.0,0.0,0.0,0.0,0.0,0.9815548723013391,0.9815548723013391,0.9815548723013391,0.9815548723013391,0.9815548723013391
1832170,Reconnaissance,Random,0.9815548723013391,0.5889329233808034,0.0,0.9815548723013391,0.9815548723013391,0.9815548723013391,0.9815548723013391,0.0,0.0,0.0,0.0,0.0,0.0,0.0,0.0,0.0,0.0,0.0,0.0,0.0,0.0,0.0,0.0
1451451,Reconnaissance,LIME,0.9989746006508975,0.9989746006508973,0.8008211614977474,0.0,0.0,0.0,0.0,0.0,0.0,0.0,0.0,0.0,0.0,0.0,0.0,1.0,1.0,1.0,1.0,1.0,1.0,1.0,1.0
1451451,Reconnaissance,TreeSHAP,0.9989746006508975,0.9989746006508973,0.010237856333844265,0.0,0.0,0.0,0.0,0.0,0.0,0.0,0.0,0.0,0.0,0.0,0.0,0.0,0.0,0.0,0.0,0.0,0.03409119480874445,0.03409119480874445,0.03409119480874445
1451451,Reconnaissance,Random,0.9989746006508975,0.0,0.0,0.9989746006508975,0.9989746006508975,0.9989746006508975,0.9989746006508975,0.9989746006508975,0.9989746006508975,0.9989746006508975,0.9989746006508975,0.9989746006508975,0.9989746006508975,0.0,0.0,0.0,0.0,0.0,0.0,0.0,0.0,0.0,0.0
1457411,Reconnaissance,LIME,0.9815548723013391,0.9815548723013391,0.0,0.0,0.0,0.0,0.0,0.0,0.0,0.0,0.0,0.0,0.0,0.0,0.0,0.0,0.0,0.0,0.0,0.0,0.0,0.0,0.0
1457411,Reconnaissance,TreeSHAP,0.9815548723013391,0.9815548723013391,0.5,0.0,0.0,0.0,0.0,0.0,0.0,0.0,0.0,0.0,0.0,0.0,0.0,0.0,0.0,0.0,0.9815548723013391,0.9815548723013391,0.9815548723013391,0.9815548723013391,0.9815548723013391
1457411,Reconnaissance,Random,0.9815548723013391,0.0,0.0,0.9815548723013391,0.9815548723013391,0.9815548723013391,0.9815548723013391,0.9815548723013391,0.9815548723013391,0.9815548723013391,0.9815548723013391,0.9815548723013391,0.9815548723013391,0.0,0.0,0.0,0.0,0.0,0.0,0.0,0.0,0.0,0.0
1179262,Reconnaissance,LIME,0.5488994020933615,0.5488994020933615,0.0,0.0,0.0,0.0,0.0,0.0,0.0,0.0,0.0,0.0,0.0,0.0,0.0,0.0,0.0,0.0,0.0,0.0,0.0,0.0,0.0
1179262,Reconnaissance,TreeSHAP,0.5488994020933615,0.5488994020933615,0.25410893614540364,0.0,0.0,0.0,0.0,0.0,0.0,0.0,0.0,0.0,0.0,0.0,0.0,0.0,0.0,0.0,0.0,0.34870060779198064,0.34870060779198064,0.34870060779198064,0.34870060779198064
1179262,Reconnaissance,Random,0.5488994020933615,0.0,0.0,0.5488994020933615,0.5488994020933615,0.5488994020933615,0.5488994020933615,0.5488994020933615,0.5488994020933615,0.5488994020933615,0.5488994020933615,0.5488994020933615,0.5488994020933615,0.0,0.0,0.0,0.0,0.0,0.0,0.0,0.0,0.0,0.0
1649062,Reconnaissance,LIME,0.9815548723013391,0.9815548723013391,0.0,0.0,0.0,0.0,0.0,0.0,0.0,0.0,0.0,0.0,0.0,0.0,0.0,0.0,0.0,0.0,0.0,0.0,0.0,0.0,0.0
1649062,Reconnaissance,TreeSHAP,0.9815548723013391,0.9815548723013391,0.5,0.0,0.0,0.0,0.0,0.0,0.0,0.0,0.0,0.0,0.0,0.0,0.0,0.0,0.0,0.0,0.9815548723013391,0.9815548723013391,0.9815548723013391,0.9815548723013391,0.9815548723013391
1649062,Reconnaissance,Random,0.9815548723013391,0.0,0.0,0.9815548723013391,0.9815548723013391,0.9815548723013391,0.9815548723013391,0.9815548723013391,0.9815548723013391,0.9815548723013391,0.9815548723013391,0.9815548723013391,0.9815548723013391,0.0,0.0,0.0,0.0,0.0,0.0,0.0,0.0,0.0,0.0
1868897,Reconnaissance,LIME,0.9815548723013391,0.9815548723013391,0.0,0.0,0.0,0.0,0.0,0.0,0.0,0.0,0.0,0.0,0.0,0.0,0.0,0.0,0.0,0.0,0.0,0.0,0.0,0.0,0.0
1868897,Reconnaissance,TreeSHAP,0.9815548723013391,0.9815548723013391,0.5,0.0,0.0,0.0,0.0,0.0,0.0,0.0,0.0,0.0,0.0,0.0,0.0,0.0,0.0,0.0,0.9815548723013391,0.9815548723013391,0.9815548723013391,0.9815548723013391,0.9815548723013391
1868897,Reconnaissance,Random,0.9815548723013391,0.0,0.0,0.9815548723013391,0.9815548723013391,0.9815548723013391,0.9815548723013391,0.9815548723013391,0.9815548723013391,0.9815548723013391,0.9815548723013391,0.9815548723013391,0.9815548723013391,0.0,0.0,0.0,0.0,0.0,0.0,0.0,0.0,0.0,0.0
1945039,Reconnaissance,LIME,0.7707484883620648,0.7707484883620648,0.26698493721378663,0.0,0.0,0.0,0.0,0.0,0.0,0.0,0.0,0.0,0.0,0.9948125760122186,0.9948125760122186,0.0,0.02271907190174359,0.02271907190174359,0.02271907190174359,0.0,0.0,0.0,0.0
1945039,Reconnaissance,TreeSHAP,0.7707484883620648,-0.04008198335309878,0.0,0.05415235857581783,0.05415235857581783,1.0,1.0,1.0,1.0,1.0,1.0,1.0,1.0,0.0,0.0,0.0,0.0,0.0,0.0,0.0,0.0,0.0,0.0
1945039,Reconnaissance,Random,0.7707484883620648,0.5395239418534453,0.0,0.7707484883620648,0.7707484883620648,0.7707484883620648,0.0,0.0,0.0,0.0,0.0,0.0,0.0,0.0,0.0,0.0,0.0,0.0,0.0,0.0,0.0,0.0,0.0
1409046,Reconnaissance,LIME,0.9815548723013391,0.9815548723013391,0.0,0.0,0.0,0.0,0.0,0.0,0.0,0.0,0.0,0.0,0.0,0.0,0.0,0.0,0.0,0.0,0.0,0.0,0.0,0.0,0.0
1409046,Reconnaissance,TreeSHAP,0.9815548723013391,0.9815548723013391,0.5,0.0,0.0,0.0,0.0,0.0,0.0,0.0,0.0,0.0,0.0,0.0,0.0,0.0,0.0,0.0,0.9815548723013391,0.9815548723013391,0.9815548723013391,0.9815548723013391,0.9815548723013391
1409046,Reconnaissance,Random,0.9815548723013391,0.49077743615066954,0.0,0.9815548723013391,0.9815548723013391,0.9815548723013391,0.9815548723013391,0.9815548723013391,0.0,0.0,0.0,0.0,0.0,0.0,0.0,0.0,0.0,0.0,0.0,0.0,0.0,0.0,0.0
1524528,Reconnaissance,LIME,0.9815548723013391,0.9815548723013391,0.0,0.0,0.0,0.0,0.0,0.0,0.0,0.0,0.0,0.0,0.0,0.0,0.0,0.0,0.0,0.0,0.0,0.0,0.0,0.0,0.0
1524528,Reconnaissance,TreeSHAP,0.9815548723013391,0.9815548723013391,0.5,0.0,0.0,0.0,0.0,0.0,0.0,0.0,0.0,0.0,0.0,0.0,0.0,0.0,0.0,0.0,0.9815548723013391,0.9815548723013391,0.9815548723013391,0.9815548723013391,0.9815548723013391
1524528,Reconnaissance,Random,0.9815548723013391,0.09815548723013391,0.0,0.9815548723013391,0.9815548723013391,0.9815548723013391,0.9815548723013391,0.9815548723013391,0.9815548723013391,0.9815548723013391,0.9815548723013391,0.9815548723013391,0.0,0.0,0.0,0.0,0.0,0.0,0.0,0.0,0.0,0.0,0.0
1799840,Reconnaissance,LIME,0.9815548723013391,0.9815548723013391,0.0,0.0,0.0,0.0,0.0,0.0,0.0,0.0,0.0,0.0,0.0,0.0,0.0,0.0,0.0,0.0,0.0,0.0,0.0,0.0,0.0
1799840,Reconnaissance,TreeSHAP,0.9815548723013391,0.9815548723013391,0.5,0.0,0.0,0.0,0.0,0.0,0.0,0.0,0.0,0.0,0.0,0.0,0.0,0.0,0.0,0.0,0.9815548723013391,0.9815548723013391,0.9815548723013391,0.9815548723013391,0.9815548723013391
1799840,Reconnaissance,Random,0.9815548723013391,0.0,0.0,0.9815548723013391,0.9815548723013391,0.9815548723013391,0.9815548723013391,0.9815548723013391,0.9815548723013391,0.9815548723013391,0.9815548723013391,0.9815548723013391,0.9815548723013391,0.0,0.0,0.0,0.0,0.0,0.0,0.0,0.0,0.0,0.0
994104,Reconnaissance,LIME,0.9699430597484023,0.9699430597484022,0.50309883553983,0.0,0.0,0.0,0.0,0.0,0.0,0.0,0.0,0.0,0.0,0.0,0.0,0.0,0.0,0.0,1.0,0.9699430597484023,0.9699430597484023,0.9699430597484023,0.9699430597484023
994104,Reconnaissance,TreeSHAP,0.9699430597484023,0.9699430597484022,0.5059858217635728,0.0,0.0,0.0,0.0,0.0,0.0,0.0,0.0,0.0,0.0,0.0,0.0,0.0,0.0,0.0,0.9815548723013391,0.9815548723013391,0.9815548723013391,0.9815548723013391,0.9815548723013391
994104,Reconnaissance,Random,0.9699430597484023,-0.02404555220127813,0.0,0.9699430597484023,0.9699430597484023,1.0,1.0,1.0,1.0,1.0,1.0,1.0,1.0,0.0,0.0,0.0,0.0,0.0,0.0,0.0,0.0,0.0,0.0
1372627,Reconnaissance,LIME,0.9989746006508975,0.9989746006508973,0.8008211614977474,0.0,0.0,0.0,0.0,0.0,0.0,0.0,0.0,0.0,0.0,0.0,0.0,1.0,1.0,1.0,1.0,1.0,1.0,1.0,1.0
1372627,Reconnaissance,TreeSHAP,0.9989746006508975,0.9989746006508973,0.010237856333844265,0.0,0.0,0.0,0.0,0.0,0.0,0.0,0.0,0.0,0.0,0.0,0.0,0.0,0.0,0.0,0.0,0.0,0.03409119480874445,0.03409119480874445,0.03409119480874445
1372627,Reconnaissance,Random,0.9989746006508975,0.5789300435052918,0.0,0.9989746006508975,0.9989746006508975,0.9989746006508975,0.9989746006508975,0.03409119480874445,0.03409119480874445,0.03409119480874445,0.03409119480874445,0.03409119480874445,0.03409119480874445,0.0,0.0,0.0,0.0,0.0,0.0,0.0,0.0,0.0,0.0
1939880,Reconnaissance,LIME,0.9815548723013391,0.9815548723013391,0.0,0.0,0.0,0.0,0.0,0.0,0.0,0.0,0.0,0.0,0.0,0.0,0.0,0.0,0.0,0.0,0.0,0.0,0.0,0.0,0.0
1939880,Reconnaissance,TreeSHAP,0.9815548723013391,0.9815548723013391,0.5,0.0,0.0,0.0,0.0,0.0,0.0,0.0,0.0,0.0,0.0,0.0,0.0,0.0,0.0,0.0,0.9815548723013391,0.9815548723013391,0.9815548723013391,0.9815548723013391,0.9815548723013391
1939880,Reconnaissance,Random,0.9815548723013391,0.0,0.0,0.9815548723013391,0.9815548723013391,0.9815548723013391,0.9815548723013391,0.9815548723013391,0.9815548723013391,0.9815548723013391,0.9815548723013391,0.9815548723013391,0.9815548723013391,0.0,0.0,0.0,0.0,0.0,0.0,0.0,0.0,0.0,0.0
1635669,Reconnaissance,LIME,0.9989746006508975,0.9989746006508973,0.8008211614977474,0.0,0.0,0.0,0.0,0.0,0.0,0.0,0.0,0.0,0.0,0.0,0.0,1.0,1.0,1.0,1.0,1.0,1.0,1.0,1.0
1635669,Reconnaissance,TreeSHAP,0.9989746006508975,0.9989746006508973,0.010237856333844265,0.0,0.0,0.0,0.0,0.0,0.0,0.0,0.0,0.0,0.0,0.0,0.0,0.0,0.0,0.0,0.0,0.0,0.03409119480874445,0.03409119480874445,0.03409119480874445
1635669,Reconnaissance,Random,0.9989746006508975,0.2996923801952692,0.0,0.9989746006508975,0.9989746006508975,0.9989746006508975,0.9989746006508975,0.9989746006508975,0.9989746006508975,0.9989746006508975,0.0,0.0,0.0,0.0,0.0,0.0,0.0,0.0,0.0,0.0,0.0,0.0,0.0
1412976,Reconnaissance,LIME,0.9989746006508975,0.9989746006508973,0.500513225936092,0.0,0.0,0.0,0.0,0.0,0.0,0.0,0.0,0.0,0.0,0.0,0.0,0.0,0.0,0.0,1.0,1.0,1.0,1.0,1.0
1412976,Reconnaissance,TreeSHAP,0.9989746006508975,0.9989746006508973,0.010237856333844265,0.0,0.0,0.0,0.0,0.0,0.0,0.0,0.0,0.0,0.0,0.0,0.0,0.0,0.0,0.0,0.0,0.0,0.03409119480874445,0.03409119480874445,0.03409119480874445
1412976,Reconnaissance,Random,0.9989746006508975,0.0,0.0,0.9989746006508975,0.9989746006508975,0.9989746006508975,0.9989746006508975,0.9989746006508975,0.9989746006508975,0.9989746006508975,0.9989746006508975,0.9989746006508975,0.9989746006508975,0.0,0.0,0.0,0.0,0.0,0.0,0.0,0.0,0.0,0.0
1517400,Reconnaissance,LIME,0.9815548723013391,0.9815548723013391,0.10187917438129718,0.0,0.0,0.0,0.0,0.0,0.0,0.0,0.0,0.0,0.0,0.0,0.0,0.0,0.0,0.0,0.0,0.0,0.0,0.0,1.0
1517400,Reconnaissance,TreeSHAP,0.9815548723013391,0.9815548723013391,0.5,0.0,0.0,0.0,0.0,0.0,0.0,0.0,0.0,0.0,0.0,0.0,0.0,0.0,0.0,0.0,0.9815548723013391,0.9815548723013391,0.9815548723013391,0.9815548723013391,0.9815548723013391
1517400,Reconnaissance,Random,0.9815548723013391,0.0,0.0,0.9815548723013391,0.9815548723013391,0.9815548723013391,0.9815548723013391,0.9815548723013391,0.9815548723013391,0.9815548723013391,0.9815548723013391,0.9815548723013391,0.9815548723013391,0.0,0.0,0.0,0.0,0.0,0.0,0.0,0.0,0.0,0.0
1014651,Reconnaissance,LIME,0.370282970157835,0.370282970157835,0.24692303132087895,0.0,0.0,0.0,0.0,0.0,0.0,0.0,0.0,0.0,0.0,0.0,0.0,0.0,0.0,0.0,0.0,0.0,0.0,0.9143139343787119,0.0
1014651,Reconnaissance,TreeSHAP,0.370282970157835,0.370282970157835,0.0,0.0,0.0,0.0,0.0,0.0,0.0,0.0,0.0,0.0,0.0,0.0,0.0,0.0,0.0,0.0,0.0,0.0,0.0,0.0,0.0
1014651,Reconnaissance,Random,0.370282970157835,0.25919807911048454,0.0,0.370282970157835,0.370282970157835,0.370282970157835,0.0,0.0,0.0,0.0,0.0,0.0,0.0,0.0,0.0,0.0,0.0,0.0,0.0,0.0,0.0,0.0,0.0
1067671,Reconnaissance,LIME,0.9815548723013391,0.9815548723013391,0.0,0.0,0.0,0.0,0.0,0.0,0.0,0.0,0.0,0.0,0.0,0.0,0.0,0.0,0.0,0.0,0.0,0.0,0.0,0.0,0.0
1067671,Reconnaissance,TreeSHAP,0.9815548723013391,0.9815548723013391,0.5,0.0,0.0,0.0,0.0,0.0,0.0,0.0,0.0,0.0,0.0,0.0,0.0,0.0,0.0,0.0,0.9815548723013391,0.9815548723013391,0.9815548723013391,0.9815548723013391,0.9815548723013391
1067671,Reconnaissance,Random,0.9815548723013391,0.0,0.0,0.9815548723013391,0.9815548723013391,0.9815548723013391,0.9815548723013391,0.9815548723013391,0.9815548723013391,0.9815548723013391,0.9815548723013391,0.9815548723013391,0.9815548723013391,0.0,0.0,0.0,0.0,0.0,0.0,0.0,0.0,0.0,0.0
1640445,Reconnaissance,LIME,0.9815548723013391,0.9815548723013391,0.0,0.0,0.0,0.0,0.0,0.0,0.0,0.0,0.0,0.0,0.0,0.0,0.0,0.0,0.0,0.0,0.0,0.0,0.0,0.0,0.0
1640445,Reconnaissance,TreeSHAP,0.9815548723013391,0.9815548723013391,0.5,0.0,0.0,0.0,0.0,0.0,0.0,0.0,0.0,0.0,0.0,0.0,0.0,0.0,0.0,0.0,0.9815548723013391,0.9815548723013391,0.9815548723013391,0.9815548723013391,0.9815548723013391
1640445,Reconnaissance,Random,0.9815548723013391,0.18893292338080345,0.0,0.9815548723013391,0.9815548723013391,0.9815548723013391,0.9815548723013391,1.0,1.0,1.0,1.0,0.0,0.0,0.0,0.0,0.0,0.0,0.0,0.0,0.0,0.0,0.0,0.0
998917,Reconnaissance,LIME,0.9989746006508975,0.9989746006508973,0.4004105807488737,0.0,0.0,0.0,0.0,0.0,0.0,0.0,0.0,0.0,0.0,0.0,0.0,0.0,0.0,0.0,0.0,1.0,1.0,1.0,1.0
998917,Reconnaissance,TreeSHAP,0.9989746006508975,0.9989746006508973,0.010237856333844265,0.0,0.0,0.0,0.0,0.0,0.0,0.0,0.0,0.0,0.0,0.0,0.0,0.0,0.0,0.0,0.0,0.0,0.03409119480874445,0.03409119480874445,0.03409119480874445
998917,Reconnaissance,Random,0.9989746006508975,0.0964883405842153,0.0,0.9989746006508975,0.9989746006508975,0.9989746006508975,0.9989746006508975,0.9989746006508975,0.9989746006508975,0.9989746006508975,0.9989746006508975,0.9989746006508975,0.03409119480874445,0.0,0.0,0.0,0.0,0.0,0.0,0.0,0.0,0.0,0.0
1792043,Reconnaissance,LIME,0.5342921589208747,0.5342921589208747,0.0,0.0,0.0,0.0,0.0,0.0,0.0,0.0,0.0,0.0,0.0,0.0,0.0,0.0,0.0,0.0,0.0,0.0,0.0,0.0,0.0
1792043,Reconnaissance,TreeSHAP,0.5342921589208747,0.5342921589208747,0.733044414840849,0.0,0.0,0.0,0.0,0.0,0.0,0.0,0.0,0.0,0.0,0.0,0.0,0.0,0.949338170686772,0.949338170686772,0.949338170686772,0.0,0.0,0.5342921589208747,0.5342921589208747
1792043,Reconnaissance,Random,0.5342921589208747,0.5342921589208747,0.0,0.0,0.0,0.0,0.0,0.0,0.0,0.0,0.0,0.0,0.0,0.0,0.0,0.0,0.0,0.0,0.0,0.0,0.0,0.0,0.0
1505997,Reconnaissance,LIME,0.9989746006508975,0.9989746006508973,0.6006158711233105,0.0,0.0,0.0,0.0,0.0,0.0,0.0,0.0,0.0,0.0,0.0,0.0,0.0,1.0,1.0,1.0,1.0,1.0,1.0,0.0
1505997,Reconnaissance,TreeSHAP,0.9989746006508975,0.9989746006508973,0.010237856333844265,0.0,0.0,0.0,0.0,0.0,0.0,0.0,0.0,0.0,0.0,0.0,0.0,0.0,0.0,0.0,0.0,0.0,0.03409119480874445,0.03409119480874445,0.03409119480874445
1505997,Reconnaissance,Random,0.9989746006508975,0.8820315431814356,0.0,0.9989746006508975,0.03409119480874445,0.03409119480874445,0.03409119480874445,0.03409119480874445,0.03409119480874445,0.0,0.0,0.0,0.0,0.0,0.0,0.0,0.0,0.0,0.0,0.0,0.0,0.0,0.0
1140057,Reconnaissance,LIME,0.9989746006508975,0.9989746006508973,0.4126885024188653,0.0,0.0,0.0,0.0,0.0,0.0,0.0,0.0,0.0,0.0,0.0,0.0,0.0,0.0,1.0,0.06286475850916791,0.06286475850916791,0.9989746006508975,0.9989746006508975,0.9989746006508975
1140057,Reconnaissance,TreeSHAP,0.9989746006508975,0.9989746006508973,0.010237856333844265,0.0,0.0,0.0,0.0,0.0,0.0,0.0,0.0,0.0,0.0,0.0,0.0,0.0,0.0,0.0,0.0,0.0,0.03409119480874445,0.03409119480874445,0.03409119480874445
1140057,Reconnaissance,Random,0.9989746006508975,0.9648834058421529,0.0,0.03409119480874445,0.03409119480874445,0.03409119480874445,0.03409119480874445,0.03409119480874445,0.03409119480874445,0.03409119480874445,0.03409119480874445,0.03409119480874445,0.03409119480874445,0.0,0.0,0.0,0.0,0.0,0.0,0.0,0.0,0.0,0.0
1640880,Reconnaissance,LIME,0.9989746006508975,0.9989746006508973,0.7007185163105288,0.0,0.0,0.0,0.0,0.0,0.0,0.0,0.0,0.0,0.0,0.0,0.0,0.0,1.0,1.0,1.0,1.0,1.0,1.0,1.0
1640880,Reconnaissance,TreeSHAP,0.9989746006508975,0.9989746006508973,0.010237856333844265,0.0,0.0,0.0,0.0,0.0,0.0,0.0,0.0,0.0,0.0,0.0,0.0,0.0,0.0,0.0,0.0,0.0,0.03409119480874445,0.03409119480874445,0.03409119480874445
1640880,Reconnaissance,Random,0.9989746006508975,0.399589840260359,0.0,0.9989746006508975,0.9989746006508975,0.9989746006508975,0.9989746006508975,0.9989746006508975,0.9989746006508975,0.0,0.0,0.0,0.0,0.0,0.0,0.0,0.0,0.0,0.0,0.0,0.0,0.0,0.0
1131924,Reconnaissance,LIME,0.9989746006508975,0.9989746006508973,0.8008211614977474,0.0,0.0,0.0,0.0,0.0,0.0,0.0,0.0,0.0,0.0,0.0,0.0,1.0,1.0,1.0,1.0,1.0,1.0,1.0,1.0
1131924,Reconnaissance,TreeSHAP,0.9989746006508975,0.9989746006508973,0.010237856333844265,0.0,0.0,0.0,0.0,0.0,0.0,0.0,0.0,0.0,0.0,0.0,0.0,0.0,0.0,0.0,0.0,0.0,0.03409119480874445,0.03409119480874445,0.03409119480874445
1131924,Reconnaissance,Random,0.9989746006508975,0.0,0.0,0.9989746006508975,0.9989746006508975,0.9989746006508975,0.9989746006508975,0.9989746006508975,0.9989746006508975,0.9989746006508975,0.9989746006508975,0.9989746006508975,0.9989746006508975,0.0,0.0,0.0,0.0,0.0,0.0,0.0,0.0,0.0,0.0
1449685,Reconnaissance,LIME,0.9815548723013391,0.9815548723013391,0.0,0.0,0.0,0.0,0.0,0.0,0.0,0.0,0.0,0.0,0.0,0.0,0.0,0.0,0.0,0.0,0.0,0.0,0.0,0.0,0.0
1449685,Reconnaissance,TreeSHAP,0.9815548723013391,0.9815548723013391,0.5,0.0,0.0,0.0,0.0,0.0,0.0,0.0,0.0,0.0,0.0,0.0,0.0,0.0,0.0,0.0,0.9815548723013391,0.9815548723013391,0.9815548723013391,0.9815548723013391,0.9815548723013391
1449685,Reconnaissance,Random,0.9815548723013391,0.9815548723013391,0.0,0.0,0.0,0.0,0.0,0.0,0.0,0.0,0.0,0.0,0.0,0.0,0.0,0.0,0.0,0.0,0.0,0.0,0.0,0.0,0.0
1343503,Reconnaissance,LIME,0.9989746006508975,0.9989746006508973,0.8008211614977474,0.0,0.0,0.0,0.0,0.0,0.0,0.0,0.0,0.0,0.0,0.0,0.0,1.0,1.0,1.0,1.0,1.0,1.0,1.0,1.0
1343503,Reconnaissance,TreeSHAP,0.9989746006508975,0.9989746006508973,0.010237856333844265,0.0,0.0,0.0,0.0,0.0,0.0,0.0,0.0,0.0,0.0,0.0,0.0,0.0,0.0,0.0,0.0,0.0,0.03409119480874445,0.03409119480874445,0.03409119480874445
1343503,Reconnaissance,Random,0.9989746006508975,0.892258901624059,0.0,0.9989746006508975,0.03409119480874445,0.03409119480874445,0.0,0.0,0.0,0.0,0.0,0.0,0.0,0.0,0.0,0.0,0.0,0.0,0.0,0.0,0.0,0.0,0.0
1347747,Reconnaissance,LIME,0.9815548723013391,0.9815548723013391,0.0,0.0,0.0,0.0,0.0,0.0,0.0,0.0,0.0,0.0,0.0,0.0,0.0,0.0,0.0,0.0,0.0,0.0,0.0,0.0,0.0
1347747,Reconnaissance,TreeSHAP,0.9815548723013391,0.9815548723013391,0.5,0.0,0.0,0.0,0.0,0.0,0.0,0.0,0.0,0.0,0.0,0.0,0.0,0.0,0.0,0.0,0.9815548723013391,0.9815548723013391,0.9815548723013391,0.9815548723013391,0.9815548723013391
1347747,Reconnaissance,Random,0.9815548723013391,0.19631097446026782,0.0,0.9815548723013391,0.9815548723013391,0.9815548723013391,0.9815548723013391,0.9815548723013391,0.9815548723013391,0.9815548723013391,0.9815548723013391,0.0,0.0,0.0,0.0,0.0,0.0,0.0,0.0,0.0,0.0,0.0,0.0
1242397,Reconnaissance,LIME,0.860936170660034,0.860936170660034,0.5,0.0,0.0,0.0,0.0,0.0,0.0,0.0,0.0,0.0,0.0,0.0,0.0,0.0,0.0,0.0,0.860936170660034,0.860936170660034,0.860936170660034,0.860936170660034,0.860936170660034
1242397,Reconnaissance,TreeSHAP,0.860936170660034,0.860936170660034,0.7000000000000001,0.0,0.0,0.0,0.0,0.0,0.0,0.0,0.0,0.0,0.0,0.0,0.0,0.0,0.860936170660034,0.860936170660034,0.860936170660034,0.860936170660034,0.860936170660034,0.860936170660034,0.860936170660034
1242397,Reconnaissance,Random,0.860936170660034,0.0,0.0,0.860936170660034,0.860936170660034,0.860936170660034,0.860936170660034,0.860936170660034,0.860936170660034,0.860936170660034,0.860936170660034,0.860936170660034,0.860936170660034,0.0,0.0,0.0,0.0,0.0,0.0,0.0,0.0,0.0,0.0
1238760,Reconnaissance,LIME,0.5666216815962756,0.5666216815962757,1.7543283881373792,0.0,0.0,0.0,0.0,0.0,0.0,0.0,0.0,0.0,0.0,0.9948125760122186,0.9948125760122186,0.9948125760122186,0.9948125760122186,0.9948125760122186,0.9948125760122186,0.9948125760122186,0.9922389938331078,0.9922389938331078,0.9922389938331078
1238760,Reconnaissance,TreeSHAP,0.5666216815962756,0.5666216815962757,0.04504467572530712,0.0,0.0,0.0,0.0,0.0,0.0,0.0,0.0,0.0,0.0,0.0,0.0,0.0,0.0,0.0,0.0,0.0,0.08507763302144151,0.08507763302144151,0.08507763302144151
1238760,Reconnaissance,Random,0.5666216815962756,0.3089197613810786,0.0,0.5666216815962756,0.5666216815962756,0.5666216815962756,0.5666216815962756,0.09376890535449227,0.09376890535449227,0.09376890535449227,0.009741919901130302,0.009741919901130302,0.009741919901130302,0.0,0.0,0.0,0.0,0.0,0.0,0.0,0.0,0.0,0.0
1733959,Shellcode,LIME,1.0,1.0,0.0,0.0,0.0,0.0,0.0,0.0,0.0,0.0,0.0,0.0,0.0,0.0,0.0,0.0,0.0,0.0,0.0,0.0,0.0,0.0,0.0
1733959,Shellcode,TreeSHAP,1.0,1.0,0.0,0.0,0.0,0.0,0.0,0.0,0.0,0.0,0.0,0.0,0.0,0.0,0.0,0.0,0.0,0.0,0.0,0.0,0.0,0.0,0.0
1733959,Shellcode,Random,1.0,1.0,0.0,0.0,0.0,0.0,0.0,0.0,0.0,0.0,0.0,0.0,0.0,0.0,0.0,0.0,0.0,0.0,0.0,0.0,0.0,0.0,0.0
1603572,Shellcode,LIME,0.9153142268376951,0.9153142268376951,0.0,0.0,0.0,0.0,0.0,0.0,0.0,0.0,0.0,0.0,0.0,0.0,0.0,0.0,0.0,0.0,0.0,0.0,0.0,0.0,0.0
1603572,Shellcode,TreeSHAP,0.9153142268376951,0.9153142268376951,0.0,0.0,0.0,0.0,0.0,0.0,0.0,0.0,0.0,0.0,0.0,0.0,0.0,0.0,0.0,0.0,0.0,0.0,0.0,0.0,0.0
1603572,Shellcode,Random,0.9153142268376951,0.9153142268376951,0.0,0.0,0.0,0.0,0.0,0.0,0.0,0.0,0.0,0.0,0.0,0.0,0.0,0.0,0.0,0.0,0.0,0.0,0.0,0.0,0.0
1019006,Shellcode,LIME,1.0,1.0,0.6887489365280273,0.0,0.0,0.0,0.0,0.0,0.0,0.0,0.0,0.0,0.0,0.0,0.0,0.860936170660034,0.860936170660034,0.860936170660034,0.860936170660034,0.860936170660034,0.860936170660034,0.860936170660034,0.860936170660034
1019006,Shellcode,TreeSHAP,1.0,1.0,0.2,0.0,0.0,0.0,0.0,0.0,0.0,0.0,0.0,0.0,0.0,0.0,0.0,0.0,0.0,0.0,0.0,0.0,0.0,1.0,1.0
1019006,Shellcode,Random,1.0,0.6,0.0,1.0,1.0,1.0,1.0,0.0,0.0,0.0,0.0,0.0,0.0,0.0,0.0,0.0,0.0,0.0,0.0,0.0,0.0,0.0,0.0
1241937,Shellcode,LIME,0.994724149719576,0.9947241497195762,0.0,0.0,0.0,0.0,0.0,0.0,0.0,0.0,0.0,0.0,0.0,0.0,0.0,0.0,0.0,0.0,0.0,0.0,0.0,0.0,0.0
1241937,Shellcode,TreeSHAP,0.994724149719576,0.9947241497195762,0.0,0.0,0.0,0.0,0.0,0.0,0.0,0.0,0.0,0.0,0.0,0.0,0.0,0.0,0.0,0.0,0.0,0.0,0.0,0.0,0.0
1241937,Shellcode,Random,0.994724149719576,0.5968344898317456,0.0,0.994724149719576,0.994724149719576,0.994724149719576,0.994724149719576,0.0,0.0,0.0,0.0,0.0,0.0,0.0,0.0,0.0,0.0,0.0,0.0,0.0,0.0,0.0,0.0
1838825,Shellcode,LIME,0.6000462038815716,0.6000462038815717,0.0,0.0,0.0,0.0,0.0,0.0,0.0,0.0,0.0,0.0,0.0,0.0,0.0,0.0,0.0,0.0,0.0,0.0,0.0,0.0,0.0
1838825,Shellcode,TreeSHAP,0.6000462038815716,0.6000462038815717,0.0,0.0,0.0,0.0,0.0,0.0,0.0,0.0,0.0,0.0,0.0,0.0,0.0,0.0,0.0,0.0,0.0,0.0,0.0,0.0,0.0
1838825,Shellcode,Random,0.6000462038815716,0.5400415834934146,0.0,0.6000462038815716,0.0,0.0,0.0,0.0,0.0,0.0,0.0,0.0,0.0,0.0,0.0,0.0,0.0,0.0,0.0,0.0,0.0,0.0,0.0
1926306,Shellcode,LIME,0.9654365327576119,0.965436532757612,0.0,0.0,0.0,0.0,0.0,0.0,0.0,0.0,0.0,0.0,0.0,0.0,0.0,0.0,0.0,0.0,0.0,0.0,0.0,0.0,0.0
1926306,Shellcode,TreeSHAP,0.9654365327576119,0.8688928794818507,0.0,0.9654365327576119,0.0,0.0,0.0,0.0,0.0,0.0,0.0,0.0,0.0,0.0,0.0,0.0,0.0,0.0,0.0,0.0,0.0,0.0,0.0
1926306,Shellcode,Random,0.9654365327576119,0.19308730655152237,0.0,0.9654365327576119,0.9654365327576119,0.9654365327576119,0.9654365327576119,0.9654365327576119,0.9654365327576119,0.9654365327576119,0.9654365327576119,0.0,0.0,0.0,0.0,0.0,0.0,0.0,0.0,0.0,0.0,0.0,0.0
1578161,Shellcode,LIME,0.6000462038815716,0.6000462038815717,0.0,0.0,0.0,0.0,0.0,0.0,0.0,0.0,0.0,0.0,0.0,0.0,0.0,0.0,0.0,0.0,0.0,0.0,0.0,0.0,0.0
1578161,Shellcode,TreeSHAP,0.6000462038815716,0.6000462038815717,0.0,0.0,0.0,0.0,0.0,0.0,0.0,0.0,0.0,0.0,0.0,0.0,0.0,0.0,0.0,0.0,0.0,0.0,0.0,0.0,0.0
1578161,Shellcode,Random,0.6000462038815716,0.48003696310525734,0.0,0.6000462038815716,0.6000462038815716,0.0,0.0,0.0,0.0,0.0,0.0,0.0,0.0,0.0,0.0,0.0,0.0,0.0,0.0,0.0,0.0,0.0,0.0
1895274,Shellcode,LIME,1.0,1.0,0.0,0.0,0.0,0.0,0.0,0.0,0.0,0.0,0.0,0.0,0.0,0.0,0.0,0.0,0.0,0.0,0.0,0.0,0.0,0.0,0.0
1895274,Shellcode,TreeSHAP,1.0,1.0,0.0,0.0,0.0,0.0,0.0,0.0,0.0,0.0,0.0,0.0,0.0,0.0,0.0,0.0,0.0,0.0,0.0,0.0,0.0,0.0,0.0
1895274,Shellcode,Random,1.0,0.8,0.0,1.0,1.0,0.0,0.0,0.0,0.0,0.0,0.0,0.0,0.0,0.0,0.0,0.0,0.0,0.0,0.0,0.0,0.0,0.0,0.0
1915879,Shellcode,LIME,0.8083239713670819,0.8083239713670819,0.0,0.0,0.0,0.0,0.0,0.0,0.0,0.0,0.0,0.0,0.0,0.0,0.0,0.0,0.0,0.0,0.0,0.0,0.0,0.0,0.0
1915879,Shellcode,TreeSHAP,0.8083239713670819,0.8083239713670819,0.0,0.0,0.0,0.0,0.0,0.0,0.0,0.0,0.0,0.0,0.0,0.0,0.0,0.0,0.0,0.0,0.0,0.0,0.0,0.0,0.0
1915879,Shellcode,Random,0.8083239713670819,0.0,0.0,0.8083239713670819,0.8083239713670819,0.8083239713670819,0.8083239713670819,0.8083239713670819,0.8083239713670819,0.8083239713670819,0.8083239713670819,0.8083239713670819,0.8083239713670819,0.0,0.0,0.0,0.0,0.0,0.0,0.0,0.0,0.0,0.0
1561587,Shellcode,LIME,0.8866951086417303,0.8866951086417302,0.0,0.0,0.0,0.0,0.0,0.0,0.0,0.0,0.0,0.0,0.0,0.0,0.0,0.0,0.0,0.0,0.0,0.0,0.0,0.0,0.0
1561587,Shellcode,TreeSHAP,0.8866951086417303,0.7980255977775572,0.0,0.8866951086417303,0.0,0.0,0.0,0.0,0.0,0.0,0.0,0.0,0.0,0.0,0.0,0.0,0.0,0.0,0.0,0.0,0.0,0.0,0.0
1561587,Shellcode,Random,0.8866951086417303,0.7093560869133843,0.0,0.8866951086417303,0.8866951086417303,0.0,0.0,0.0,0.0,0.0,0.0,0.0,0.0,0.0,0.0,0.0,0.0,0.0,0.0,0.0,0.0,0.0,0.0
1768431,Shellcode,LIME,1.0,1.0,0.0,0.0,0.0,0.0,0.0,0.0,0.0,0.0,0.0,0.0,0.0,0.0,0.0,0.0,0.0,0.0,0.0,0.0,0.0,0.0,0.0
1768431,Shellcode,TreeSHAP,1.0,1.0,0.0,0.0,0.0,0.0,0.0,0.0,0.0,0.0,0.0,0.0,0.0,0.0,0.0,0.0,0.0,0.0,0.0,0.0,0.0,0.0,0.0
1768431,Shellcode,Random,1.0,0.7,0.0,1.0,1.0,1.0,0.0,0.0,0.0,0.0,0.0,0.0,0.0,0.0,0.0,0.0,0.0,0.0,0.0,0.0,0.0,0.0,0.0
1775238,Shellcode,LIME,0.8443187240133595,0.8443187240133595,0.0,0.0,0.0,0.0,0.0,0.0,0.0,0.0,0.0,0.0,0.0,0.0,0.0,0.0,0.0,0.0,0.0,0.0,0.0,0.0,0.0
1775238,Shellcode,TreeSHAP,0.8443187240133595,0.6754549792106876,0.40787259416334426,0.8443187240133595,0.8443187240133595,0.0,0.0,0.0,0.0,0.0,0.0,0.0,0.0,0.0,0.0,0.0,0.0,0.0,0.860936170660034,0.860936170660034,0.860936170660034,0.860936170660034,0.0
1775238,Shellcode,Random,0.8443187240133595,0.0,0.0,0.8443187240133595,0.8443187240133595,0.8443187240133595,0.8443187240133595,0.8443187240133595,0.8443187240133595,0.8443187240133595,0.8443187240133595,0.8443187240133595,0.8443187240133595,0.0,0.0,0.0,0.0,0.0,0.0,0.0,0.0,0.0,0.0
72046,Shellcode,LIME,1.0,1.0,0.0,0.0,0.0,0.0,0.0,0.0,0.0,0.0,0.0,0.0,0.0,0.0,0.0,0.0,0.0,0.0,0.0,0.0,0.0,0.0,0.0
72046,Shellcode,TreeSHAP,1.0,1.0,0.0,0.0,0.0,0.0,0.0,0.0,0.0,0.0,0.0,0.0,0.0,0.0,0.0,0.0,0.0,0.0,0.0,0.0,0.0,0.0,0.0
72046,Shellcode,Random,1.0,1.0,0.0,0.0,0.0,0.0,0.0,0.0,0.0,0.0,0.0,0.0,0.0,0.0,0.0,0.0,0.0,0.0,0.0,0.0,0.0,0.0,0.0
1466470,Shellcode,LIME,0.9760360869085772,0.9760360869085772,0.0,0.0,0.0,0.0,0.0,0.0,0.0,0.0,0.0,0.0,0.0,0.0,0.0,0.0,0.0,0.0,0.0,0.0,0.0,0.0,0.0
1466470,Shellcode,TreeSHAP,0.9760360869085772,0.9760360869085772,0.0,0.0,0.0,0.0,0.0,0.0,0.0,0.0,0.0,0.0,0.0,0.0,0.0,0.0,0.0,0.0,0.0,0.0,0.0,0.0,0.0
1466470,Shellcode,Random,0.9760360869085772,0.19520721738171545,0.0,0.9760360869085772,0.9760360869085772,0.9760360869085772,0.9760360869085772,0.9760360869085772,0.9760360869085772,0.9760360869085772,0.9760360869085772,0.0,0.0,0.0,0.0,0.0,0.0,0.0,0.0,0.0,0.0,0.0,0.0
1650389,Shellcode,LIME,0.8966665460204859,0.8966665460204858,0.5760911954266428,0.0,0.0,0.0,0.0,0.0,0.0,0.0,0.0,0.0,0.0,0.0,0.0,0.0,0.0,0.860936170660034,0.860936170660034,0.860936170660034,0.860936170660034,0.860936170660034,0.860936170660034
1650389,Shellcode,TreeSHAP,0.8966665460204859,0.8069998914184373,0.3880455977133213,0.8966665460204859,0.0,0.0,0.0,0.0,0.0,0.0,0.0,0.0,0.0,0.0,0.0,0.0,0.0,0.0,0.0,0.860936170660034,0.860936170660034,0.860936170660034,0.8966665460204859
1650389,Shellcode,Random,0.8966665460204859,0.19362545934827793,0.0,0.8966665460204859,0.8966665460204859,0.8966665460204859,0.8966665460204859,0.860936170660034,0.860936170660034,0.860936170660034,0.860936170660034,0.0,0.0,0.0,0.0,0.0,0.0,0.0,0.0,0.0,0.0,0.0,0.0
1946653,Shellcode,LIME,0.9499835760429213,0.9499835760429212,0.0,0.0,0.0,0.0,0.0,0.0,0.0,0.0,0.0,0.0,0.0,0.0,0.0,0.0,0.0,0.0,0.0,0.0,0.0,0.0,0.0
1946653,Shellcode,TreeSHAP,0.9499835760429213,0.9499835760429212,0.5263248887761923,0.0,0.0,0.0,0.0,0.0,0.0,0.0,0.0,0.0,0.0,0.0,0.0,0.0,0.0,0.0,1.0,1.0,1.0,1.0,1.0
1946653,Shellcode,Random,0.9499835760429213,0.09499835760429212,0.0,0.9499835760429213,0.9499835760429213,0.9499835760429213,0.9499835760429213,0.9499835760429213,0.9499835760429213,0.9499835760429213,0.9499835760429213,0.9499835760429213,0.0,0.0,0.0,0.0,0.0,0.0,0.0,0.0,0.0,0.0,0.0
1305230,Shellcode,LIME,0.9919845624820416,0.9919845624820416,0.0,0.0,0.0,0.0,0.0,0.0,0.0,0.0,0.0,0.0,0.0,0.0,0.0,0.0,0.0,0.0,0.0,0.0,0.0,0.0,0.0
1305230,Shellcode,TreeSHAP,0.9919845624820416,0.9919845624820416,0.0,0.0,0.0,0.0,0.0,0.0,0.0,0.0,0.0,0.0,0.0,0.0,0.0,0.0,0.0,0.0,0.0,0.0,0.0,0.0,0.0
1305230,Shellcode,Random,0.9919845624820416,0.7935876499856332,0.0,0.9919845624820416,0.9919845624820416,0.0,0.0,0.0,0.0,0.0,0.0,0.0,0.0,0.0,0.0,0.0,0.0,0.0,0.0,0.0,0.0,0.0,0.0
1500724,Shellcode,LIME,0.9970254684496491,0.9970254684496492,0.0,0.0,0.0,0.0,0.0,0.0,0.0,0.0,0.0,0.0,0.0,0.0,0.0,0.0,0.0,0.0,0.0,0.0,0.0,0.0,0.0
1500724,Shellcode,TreeSHAP,0.9970254684496491,0.9970254684496492,0.0,0.0,0.0,0.0,0.0,0.0,0.0,0.0,0.0,0.0,0.0,0.0,0.0,0.0,0.0,0.0,0.0,0.0,0.0,0.0,0.0
1500724,Shellcode,Random,0.9970254684496491,0.8973229216046843,0.0,0.9970254684496491,0.0,0.0,0.0,0.0,0.0,0.0,0.0,0.0,0.0,0.0,0.0,0.0,0.0,0.0,0.0,0.0,0.0,0.0,0.0
1331263,Shellcode,LIME,1.0,1.0,0.0,0.0,0.0,0.0,0.0,0.0,0.0,0.0,0.0,0.0,0.0,0.0,0.0,0.0,0.0,0.0,0.0,0.0,0.0,0.0,0.0
1331263,Shellcode,TreeSHAP,1.0,1.0,0.3,0.0,0.0,0.0,0.0,0.0,0.0,0.0,0.0,0.0,0.0,0.0,0.0,0.0,0.0,0.0,0.0,0.0,1.0,1.0,1.0
1331263,Shellcode,Random,1.0,0.6,0.0,1.0,1.0,1.0,1.0,0.0,0.0,0.0,0.0,0.0,0.0,0.0,0.0,0.0,0.0,0.0,0.0,0.0,0.0,0.0,0.0
1975277,Shellcode,LIME,0.8331030719428846,0.8331030719428846,0.0,0.0,0.0,0.0,0.0,0.0,0.0,0.0,0.0,0.0,0.0,0.0,0.0,0.0,0.0,0.0,0.0,0.0,0.0,0.0,0.0
1975277,Shellcode,TreeSHAP,0.8331030719428846,0.8331030719428846,0.0,0.0,0.0,0.0,0.0,0.0,0.0,0.0,0.0,0.0,0.0,0.0,0.0,0.0,0.0,0.0,0.0,0.0,0.0,0.0,0.0
1975277,Shellcode,Random,0.8331030719428846,0.0,0.0,0.8331030719428846,0.8331030719428846,0.8331030719428846,0.8331030719428846,0.8331030719428846,0.8331030719428846,0.8331030719428846,0.8331030719428846,0.8331030719428846,0.8331030719428846,0.0,0.0,0.0,0.0,0.0,0.0,0.0,0.0,0.0,0.0
1780062,Shellcode,LIME,0.7470555751767216,0.7470555751767216,0.0,0.0,0.0,0.0,0.0,0.0,0.0,0.0,0.0,0.0,0.0,0.0,0.0,0.0,0.0,0.0,0.0,0.0,0.0,0.0,0.0
1780062,Shellcode,TreeSHAP,0.7470555751767216,0.7470555751767216,0.0,0.0,0.0,0.0,0.0,0.0,0.0,0.0,0.0,0.0,0.0,0.0,0.0,0.0,0.0,0.0,0.0,0.0,0.0,0.0,0.0
1780062,Shellcode,Random,0.7470555751767216,0.4633781137110313,0.0,0.7470555751767216,0.7470555751767216,0.7470555751767216,0.5956078891267386,0.0,0.0,0.0,0.0,0.0,0.0,0.0,0.0,0.0,0.0,0.0,0.0,0.0,0.0,0.0,0.0
1510232,Shellcode,LIME,1.0,1.0,0.0,0.0,0.0,0.0,0.0,0.0,0.0,0.0,0.0,0.0,0.0,0.0,0.0,0.0,0.0,0.0,0.0,0.0,0.0,0.0,0.0
1510232,Shellcode,TreeSHAP,1.0,1.0,0.0,0.0,0.0,0.0,0.0,0.0,0.0,0.0,0.0,0.0,0.0,0.0,0.0,0.0,0.0,0.0,0.0,0.0,0.0,0.0,0.0
1510232,Shellcode,Random,1.0,0.8,0.0,1.0,1.0,0.0,0.0,0.0,0.0,0.0,0.0,0.0,0.0,0.0,0.0,0.0,0.0,0.0,0.0,0.0,0.0,0.0,0.0
1083385,Shellcode,LIME,0.9437936804803622,0.9437936804803619,0.0,0.0,0.0,0.0,0.0,0.0,0.0,0.0,0.0,0.0,0.0,0.0,0.0,0.0,0.0,0.0,0.0,0.0,0.0,0.0,0.0
1083385,Shellcode,TreeSHAP,0.9437936804803622,0.9437936804803619,0.5,0.0,0.0,0.0,0.0,0.0,0.0,0.0,0.0,0.0,0.0,0.0,0.0,0.0,0.0,0.0,0.9437936804803622,0.9437936804803622,0.9437936804803622,0.9437936804803622,0.9437936804803622
1083385,Shellcode,Random,0.9437936804803622,0.6606555763362535,0.0,0.9437936804803622,0.9437936804803622,0.9437936804803622,0.0,0.0,0.0,0.0,0.0,0.0,0.0,0.0,0.0,0.0,0.0,0.0,0.0,0.0,0.0,0.0,0.0
1935743,Shellcode,LIME,1.0,1.0,0.08609361706600341,0.0,0.0,0.0,0.0,0.0,0.0,0.0,0.0,0.0,0.0,0.0,0.0,0.0,0.0,0.0,0.0,0.0,0.0,0.0,0.860936170660034
1935743,Shellcode,TreeSHAP,1.0,1.0,0.0,0.0,0.0,0.0,0.0,0.0,0.0,0.0,0.0,0.0,0.0,0.0,0.0,0.0,0.0,0.0,0.0,0.0,0.0,0.0,0.0
1935743,Shellcode,Random,1.0,0.6,0.0,1.0,1.0,1.0,1.0,0.0,0.0,0.0,0.0,0.0,0.0,0.0,0.0,0.0,0.0,0.0,0.0,0.0,0.0,0.0,0.0
1801992,Shellcode,LIME,1.0,1.0,0.0,0.0,0.0,0.0,0.0,0.0,0.0,0.0,0.0,0.0,0.0,0.0,0.0,0.0,0.0,0.0,0.0,0.0,0.0,0.0,0.0
1801992,Shellcode,TreeSHAP,1.0,1.0,0.0,0.0,0.0,0.0,0.0,0.0,0.0,0.0,0.0,0.0,0.0,0.0,0.0,0.0,0.0,0.0,0.0,0.0,0.0,0.0,0.0
1801992,Shellcode,Random,1.0,0.8,0.0,1.0,1.0,0.0,0.0,0.0,0.0,0.0,0.0,0.0,0.0,0.0,0.0,0.0,0.0,0.0,0.0,0.0,0.0,0.0,0.0
1181215,Shellcode,LIME,0.9002670962659415,0.9002670962659416,0.0,0.0,0.0,0.0,0.0,0.0,0.0,0.0,0.0,0.0,0.0,0.0,0.0,0.0,0.0,0.0,0.0,0.0,0.0,0.0,0.0
1181215,Shellcode,TreeSHAP,0.9002670962659415,0.9002670962659416,0.0,0.0,0.0,0.0,0.0,0.0,0.0,0.0,0.0,0.0,0.0,0.0,0.0,0.0,0.0,0.0,0.0,0.0,0.0,0.0,0.0
1181215,Shellcode,Random,0.9002670962659415,0.0,0.0,0.9002670962659415,0.9002670962659415,0.9002670962659415,0.9002670962659415,0.9002670962659415,0.9002670962659415,0.9002670962659415,0.9002670962659415,0.9002670962659415,0.9002670962659415,0.0,0.0,0.0,0.0,0.0,0.0,0.0,0.0,0.0,0.0
1659391,Shellcode,LIME,1.0,1.0,0.0,0.0,0.0,0.0,0.0,0.0,0.0,0.0,0.0,0.0,0.0,0.0,0.0,0.0,0.0,0.0,0.0,0.0,0.0,0.0,0.0
1659391,Shellcode,TreeSHAP,1.0,1.0,0.0,0.0,0.0,0.0,0.0,0.0,0.0,0.0,0.0,0.0,0.0,0.0,0.0,0.0,0.0,0.0,0.0,0.0,0.0,0.0,0.0
1659391,Shellcode,Random,1.0,0.0,0.0,1.0,1.0,1.0,1.0,1.0,1.0,1.0,1.0,1.0,1.0,0.0,0.0,0.0,0.0,0.0,0.0,0.0,0.0,0.0,0.0
1051271,Shellcode,LIME,0.8966665460204859,0.8966665460204858,0.0,0.0,0.0,0.0,0.0,0.0,0.0,0.0,0.0,0.0,0.0,0.0,0.0,0.0,0.0,0.0,0.0,0.0,0.0,0.0,0.0
1051271,Shellcode,TreeSHAP,0.8966665460204859,0.8069998914184373,0.3880455977133213,0.8966665460204859,0.0,0.0,0.0,0.0,0.0,0.0,0.0,0.0,0.0,0.0,0.0,0.0,0.0,0.0,0.0,0.860936170660034,0.860936170660034,0.860936170660034,0.8966665460204859
1051271,Shellcode,Random,0.8966665460204859,0.03215733782440668,0.0,0.8966665460204859,0.860936170660034,0.860936170660034,0.860936170660034,0.860936170660034,0.860936170660034,0.860936170660034,0.860936170660034,0.860936170660034,0.860936170660034,0.0,0.0,0.0,0.0,0.0,0.0,0.0,0.0,0.0,0.0
1482471,Shellcode,LIME,0.9970254684496491,0.9970254684496492,0.0,0.0,0.0,0.0,0.0,0.0,0.0,0.0,0.0,0.0,0.0,0.0,0.0,0.0,0.0,0.0,0.0,0.0,0.0,0.0,0.0
1482471,Shellcode,TreeSHAP,0.9970254684496491,0.9970254684496492,0.0,0.0,0.0,0.0,0.0,0.0,0.0,0.0,0.0,0.0,0.0,0.0,0.0,0.0,0.0,0.0,0.0,0.0,0.0,0.0,0.0
1482471,Shellcode,Random,0.9970254684496491,0.9970254684496492,0.0,0.0,0.0,0.0,0.0,0.0,0.0,0.0,0.0,0.0,0.0,0.0,0.0,0.0,0.0,0.0,0.0,0.0,0.0,0.0,0.0
1460171,Shellcode,LIME,1.0,1.0,0.0,0.0,0.0,0.0,0.0,0.0,0.0,0.0,0.0,0.0,0.0,0.0,0.0,0.0,0.0,0.0,0.0,0.0,0.0,0.0,0.0
1460171,Shellcode,TreeSHAP,1.0,1.0,0.0,0.0,0.0,0.0,0.0,0.0,0.0,0.0,0.0,0.0,0.0,0.0,0.0,0.0,0.0,0.0,0.0,0.0,0.0,0.0,0.0
1460171,Shellcode,Random,1.0,0.3,0.0,1.0,1.0,1.0,1.0,1.0,1.0,1.0,0.0,0.0,0.0,0.0,0.0,0.0,0.0,0.0,0.0,0.0,0.0,0.0,0.0
1577520,Shellcode,LIME,0.8158733495503225,0.8158733495503225,0.0,0.0,0.0,0.0,0.0,0.0,0.0,0.0,0.0,0.0,0.0,0.0,0.0,0.0,0.0,0.0,0.0,0.0,0.0,0.0,0.0
1577520,Shellcode,TreeSHAP,0.8158733495503225,0.8158733495503225,0.6000000000000001,0.0,0.0,0.0,0.0,0.0,0.0,0.0,0.0,0.0,0.0,0.0,0.0,0.0,0.0,0.8158733495503225,0.8158733495503225,0.8158733495503225,0.8158733495503225,0.8158733495503225,0.8158733495503225
1577520,Shellcode,Random,0.8158733495503225,0.6526986796402581,0.0,0.8158733495503225,0.8158733495503225,0.0,0.0,0.0,0.0,0.0,0.0,0.0,0.0,0.0,0.0,0.0,0.0,0.0,0.0,0.0,0.0,0.0,0.0
1973029,Shellcode,LIME,0.9994402654050366,0.9994402654050367,0.0,0.0,0.0,0.0,0.0,0.0,0.0,0.0,0.0,0.0,0.0,0.0,0.0,0.0,0.0,0.0,0.0,0.0,0.0,0.0,0.0
1973029,Shellcode,TreeSHAP,0.9994402654050366,0.9994402654050367,0.0,0.0,0.0,0.0,0.0,0.0,0.0,0.0,0.0,0.0,0.0,0.0,0.0,0.0,0.0,0.0,0.0,0.0,0.0,0.0,0.0
1973029,Shellcode,Random,0.9994402654050366,0.03519889719673589,0.0,0.9994402654050366,0.9994402654050366,0.9994402654050366,0.9973932552027294,0.9973932552027294,0.9973932552027294,0.9129782800649273,0.9129782800649273,0.9129782800649273,0.9129782800649273,0.0,0.0,0.0,0.0,0.0,0.0,0.0,0.0,0.0,0.0
49460,Shellcode,LIME,1.0,1.0,0.0,0.0,0.0,0.0,0.0,0.0,0.0,0.0,0.0,0.0,0.0,0.0,0.0,0.0,0.0,0.0,0.0,0.0,0.0,0.0,0.0
49460,Shellcode,TreeSHAP,1.0,1.0,0.0,0.0,0.0,0.0,0.0,0.0,0.0,0.0,0.0,0.0,0.0,0.0,0.0,0.0,0.0,0.0,0.0,0.0,0.0,0.0,0.0
49460,Shellcode,Random,1.0,1.0,0.0,0.0,0.0,0.0,0.0,0.0,0.0,0.0,0.0,0.0,0.0,0.0,0.0,0.0,0.0,0.0,0.0,0.0,0.0,0.0,0.0
1543429,Shellcode,LIME,1.0,1.0,0.0,0.0,0.0,0.0,0.0,0.0,0.0,0.0,0.0,0.0,0.0,0.0,0.0,0.0,0.0,0.0,0.0,0.0,0.0,0.0,0.0
1543429,Shellcode,TreeSHAP,1.0,0.9,0.0,1.0,0.0,0.0,0.0,0.0,0.0,0.0,0.0,0.0,0.0,0.0,0.0,0.0,0.0,0.0,0.0,0.0,0.0,0.0,0.0
1543429,Shellcode,Random,1.0,0.6081708582263085,0.0,1.0,1.0,0.9591457088684577,0.9591457088684577,0.0,0.0,0.0,0.0,0.0,0.0,0.0,0.0,0.0,0.0,0.0,0.0,0.0,0.0,0.0,0.0
1033886,Shellcode,LIME,1.0,1.0,0.0,0.0,0.0,0.0,0.0,0.0,0.0,0.0,0.0,0.0,0.0,0.0,0.0,0.0,0.0,0.0,0.0,0.0,0.0,0.0,0.0
1033886,Shellcode,TreeSHAP,1.0,1.0,0.0,0.0,0.0,0.0,0.0,0.0,0.0,0.0,0.0,0.0,0.0,0.0,0.0,0.0,0.0,0.0,0.0,0.0,0.0,0.0,0.0
1033886,Shellcode,Random,1.0,0.0,0.0,1.0,1.0,1.0,1.0,1.0,1.0,1.0,1.0,1.0,1.0,0.0,0.0,0.0,0.0,0.0,0.0,0.0,0.0,0.0,0.0
1533391,Shellcode,LIME,1.0,1.0,0.0,0.0,0.0,0.0,0.0,0.0,0.0,0.0,0.0,0.0,0.0,0.0,0.0,0.0,0.0,0.0,0.0,0.0,0.0,0.0,0.0
1533391,Shellcode,TreeSHAP,1.0,1.0,0.0,0.0,0.0,0.0,0.0,0.0,0.0,0.0,0.0,0.0,0.0,0.0,0.0,0.0,0.0,0.0,0.0,0.0,0.0,0.0,0.0
1533391,Shellcode,Random,1.0,0.0,0.0,1.0,1.0,1.0,1.0,1.0,1.0,1.0,1.0,1.0,1.0,0.0,0.0,0.0,0.0,0.0,0.0,0.0,0.0,0.0,0.0
1522523,Shellcode,LIME,1.0,1.0,0.0,0.0,0.0,0.0,0.0,0.0,0.0,0.0,0.0,0.0,0.0,0.0,0.0,0.0,0.0,0.0,0.0,0.0,0.0,0.0,0.0
1522523,Shellcode,TreeSHAP,1.0,1.0,0.0,0.0,0.0,0.0,0.0,0.0,0.0,0.0,0.0,0.0,0.0,0.0,0.0,0.0,0.0,0.0,0.0,0.0,0.0,0.0,0.0
1522523,Shellcode,Random,1.0,0.8,0.0,1.0,1.0,0.0,0.0,0.0,0.0,0.0,0.0,0.0,0.0,0.0,0.0,0.0,0.0,0.0,0.0,0.0,0.0,0.0,0.0
1752472,Shellcode,LIME,0.956613117800964,0.9566131178009641,0.0,0.0,0.0,0.0,0.0,0.0,0.0,0.0,0.0,0.0,0.0,0.0,0.0,0.0,0.0,0.0,0.0,0.0,0.0,0.0,0.0
1752472,Shellcode,TreeSHAP,0.956613117800964,0.9566131178009641,0.0,0.0,0.0,0.0,0.0,0.0,0.0,0.0,0.0,0.0,0.0,0.0,0.0,0.0,0.0,0.0,0.0,0.0,0.0,0.0,0.0
1752472,Shellcode,Random,0.956613117800964,0.0,0.0,0.956613117800964,0.956613117800964,0.956613117800964,0.956613117800964,0.956613117800964,0.956613117800964,0.956613117800964,0.956613117800964,0.956613117800964,0.956613117800964,0.0,0.0,0.0,0.0,0.0,0.0,0.0,0.0,0.0,0.0
1342434,Shellcode,LIME,0.976757958507637,0.9767579585076371,0.0,0.0,0.0,0.0,0.0,0.0,0.0,0.0,0.0,0.0,0.0,0.0,0.0,0.0,0.0,0.0,0.0,0.0,0.0,0.0,0.0
1342434,Shellcode,TreeSHAP,0.976757958507637,0.9767579585076371,0.30000000000000004,0.0,0.0,0.0,0.0,0.0,0.0,0.0,0.0,0.0,0.0,0.0,0.0,0.0,0.0,0.0,0.0,0.0,0.976757958507637,0.976757958507637,0.976757958507637
1342434,Shellcode,Random,0.976757958507637,0.0,0.0,0.976757958507637,0.976757958507637,0.976757958507637,0.976757958507637,0.976757958507637,0.976757958507637,0.976757958507637,0.976757958507637,0.976757958507637,0.976757958507637,0.0,0.0,0.0,0.0,0.0,0.0,0.0,0.0,0.0,0.0
1439384,Shellcode,LIME,0.9536229287623432,0.9536229287623431,0.0,0.0,0.0,0.0,0.0,0.0,0.0,0.0,0.0,0.0,0.0,0.0,0.0,0.0,0.0,0.0,0.0,0.0,0.0,0.0,0.0
1439384,Shellcode,TreeSHAP,0.9536229287623432,0.9536229287623431,0.0,0.0,0.0,0.0,0.0,0.0,0.0,0.0,0.0,0.0,0.0,0.0,0.0,0.0,0.0,0.0,0.0,0.0,0.0,0.0,0.0
1439384,Shellcode,Random,0.9536229287623432,0.6675360501336401,0.0,0.9536229287623432,0.9536229287623432,0.9536229287623432,0.0,0.0,0.0,0.0,0.0,0.0,0.0,0.0,0.0,0.0,0.0,0.0,0.0,0.0,0.0,0.0,0.0
1261880,Shellcode,LIME,0.7067785005135232,0.7067785005135232,0.0,0.0,0.0,0.0,0.0,0.0,0.0,0.0,0.0,0.0,0.0,0.0,0.0,0.0,0.0,0.0,0.0,0.0,0.0,0.0,0.0
1261880,Shellcode,TreeSHAP,0.7067785005135232,0.7067785005135232,0.0,0.0,0.0,0.0,0.0,0.0,0.0,0.0,0.0,0.0,0.0,0.0,0.0,0.0,0.0,0.0,0.0,0.0,0.0,0.0,0.0
1261880,Shellcode,Random,0.7067785005135232,0.7067785005135232,0.0,0.0,0.0,0.0,0.0,0.0,0.0,0.0,0.0,0.0,0.0,0.0,0.0,0.0,0.0,0.0,0.0,0.0,0.0,0.0,0.0
1865461,Shellcode,LIME,1.0,1.0,0.0,0.0,0.0,0.0,0.0,0.0,0.0,0.0,0.0,0.0,0.0,0.0,0.0,0.0,0.0,0.0,0.0,0.0,0.0,0.0,0.0
1865461,Shellcode,TreeSHAP,1.0,1.0,0.0,0.0,0.0,0.0,0.0,0.0,0.0,0.0,0.0,0.0,0.0,0.0,0.0,0.0,0.0,0.0,0.0,0.0,0.0,0.0,0.0
1865461,Shellcode,Random,1.0,1.0,0.0,0.0,0.0,0.0,0.0,0.0,0.0,0.0,0.0,0.0,0.0,0.0,0.0,0.0,0.0,0.0,0.0,0.0,0.0,0.0,0.0
1052485,Shellcode,LIME,0.8599161210771822,0.8599161210771822,0.0,0.0,0.0,0.0,0.0,0.0,0.0,0.0,0.0,0.0,0.0,0.0,0.0,0.0,0.0,0.0,0.0,0.0,0.0,0.0,0.0
1052485,Shellcode,TreeSHAP,0.8599161210771822,0.8599161210771822,0.0,0.0,0.0,0.0,0.0,0.0,0.0,0.0,0.0,0.0,0.0,0.0,0.0,0.0,0.0,0.0,0.0,0.0,0.0,0.0,0.0
1052485,Shellcode,Random,0.8599161210771822,0.3439664484308729,0.0,0.8599161210771822,0.8599161210771822,0.8599161210771822,0.8599161210771822,0.8599161210771822,0.8599161210771822,0.0,0.0,0.0,0.0,0.0,0.0,0.0,0.0,0.0,0.0,0.0,0.0,0.0,0.0
1461496,Shellcode,LIME,0.8966665460204859,0.8966665460204858,0.5760911954266428,0.0,0.0,0.0,0.0,0.0,0.0,0.0,0.0,0.0,0.0,0.0,0.0,0.0,0.860936170660034,0.860936170660034,0.860936170660034,0.860936170660034,0.860936170660034,0.860936170660034,0.0
1461496,Shellcode,TreeSHAP,0.8966665460204859,0.8069998914184373,0.3880455977133213,0.8966665460204859,0.0,0.0,0.0,0.0,0.0,0.0,0.0,0.0,0.0,0.0,0.0,0.0,0.0,0.0,0.0,0.860936170660034,0.860936170660034,0.860936170660034,0.8966665460204859
1461496,Shellcode,Random,0.8966665460204859,0.0,0.0,0.8966665460204859,0.8966665460204859,0.8966665460204859,0.8966665460204859,0.8966665460204859,0.8966665460204859,0.8966665460204859,0.8966665460204859,0.8966665460204859,0.8966665460204859,0.0,0.0,0.0,0.0,0.0,0.0,0.0,0.0,0.0,0.0
1631812,Shellcode,LIME,0.9524039145193667,0.9524039145193667,0.0,0.0,0.0,0.0,0.0,0.0,0.0,0.0,0.0,0.0,0.0,0.0,0.0,0.0,0.0,0.0,0.0,0.0,0.0,0.0,0.0
1631812,Shellcode,TreeSHAP,0.9524039145193667,0.9524039145193667,0.20968178529095924,0.0,0.0,0.0,0.0,0.0,0.0,0.0,0.0,0.0,0.0,0.0,0.0,0.0,0.0,0.0,0.0,0.0,0.0,0.9985087655725946,0.9985087655725946
1631812,Shellcode,Random,0.9524039145193667,0.6666827401635567,0.0,0.9524039145193667,0.9524039145193667,0.9524039145193667,0.0,0.0,0.0,0.0,0.0,0.0,0.0,0.0,0.0,0.0,0.0,0.0,0.0,0.0,0.0,0.0,0.0
1521418,Shellcode,LIME,0.9905433828522218,0.9905433828522219,0.0,0.0,0.0,0.0,0.0,0.0,0.0,0.0,0.0,0.0,0.0,0.0,0.0,0.0,0.0,0.0,0.0,0.0,0.0,0.0,0.0
1521418,Shellcode,TreeSHAP,0.9905433828522218,0.9905433828522219,0.0,0.0,0.0,0.0,0.0,0.0,0.0,0.0,0.0,0.0,0.0,0.0,0.0,0.0,0.0,0.0,0.0,0.0,0.0,0.0,0.0
1521418,Shellcode,Random,0.9905433828522218,0.4097894591613918,0.0,0.9905433828522218,0.9905433828522218,0.956613117800964,0.956613117800964,0.956613117800964,0.956613117800964,0.0,0.0,0.0,0.0,0.0,0.0,0.0,0.0,0.0,0.0,0.0,0.0,0.0,0.0
1959362,Shellcode,LIME,0.9905433828522218,0.9905433828522219,0.0,0.0,0.0,0.0,0.0,0.0,0.0,0.0,0.0,0.0,0.0,0.0,0.0,0.0,0.0,0.0,0.0,0.0,0.0,0.0,0.0
1959362,Shellcode,TreeSHAP,0.9905433828522218,0.9905433828522219,0.0,0.0,0.0,0.0,0.0,0.0,0.0,0.0,0.0,0.0,0.0,0.0,0.0,0.0,0.0,0.0,0.0,0.0,0.0,0.0,0.0
1959362,Shellcode,Random,0.9905433828522218,0.8914890445669996,0.0,0.9905433828522218,0.0,0.0,0.0,0.0,0.0,0.0,0.0,0.0,0.0,0.0,0.0,0.0,0.0,0.0,0.0,0.0,0.0,0.0,0.0
1733532,Shellcode,LIME,1.0,1.0,0.0,0.0,0.0,0.0,0.0,0.0,0.0,0.0,0.0,0.0,0.0,0.0,0.0,0.0,0.0,0.0,0.0,0.0,0.0,0.0,0.0
1733532,Shellcode,TreeSHAP,1.0,1.0,0.0,0.0,0.0,0.0,0.0,0.0,0.0,0.0,0.0,0.0,0.0,0.0,0.0,0.0,0.0,0.0,0.0,0.0,0.0,0.0,0.0
1733532,Shellcode,Random,1.0,1.0,0.0,0.0,0.0,0.0,0.0,0.0,0.0,0.0,0.0,0.0,0.0,0.0,0.0,0.0,0.0,0.0,0.0,0.0,0.0,0.0,0.0
1308393,Shellcode,LIME,1.0,1.0,0.0,0.0,0.0,0.0,0.0,0.0,0.0,0.0,0.0,0.0,0.0,0.0,0.0,0.0,0.0,0.0,0.0,0.0,0.0,0.0,0.0
1308393,Shellcode,TreeSHAP,1.0,1.0,0.0,0.0,0.0,0.0,0.0,0.0,0.0,0.0,0.0,0.0,0.0,0.0,0.0,0.0,0.0,0.0,0.0,0.0,0.0,0.0,0.0
1308393,Shellcode,Random,1.0,1.0,0.0,0.0,0.0,0.0,0.0,0.0,0.0,0.0,0.0,0.0,0.0,0.0,0.0,0.0,0.0,0.0,0.0,0.0,0.0,0.0,0.0
1395109,Shellcode,LIME,0.9499835760429213,0.9499835760429212,0.18125285370641736,0.0,0.0,0.0,0.0,0.0,0.0,0.0,0.0,0.0,0.0,0.0,0.0,0.0,0.0,0.0,0.0,0.0,0.0,0.860936170660034,0.860936170660034
1395109,Shellcode,TreeSHAP,0.9499835760429213,0.9499835760429212,0.5263248887761923,0.0,0.0,0.0,0.0,0.0,0.0,0.0,0.0,0.0,0.0,0.0,0.0,0.0,0.0,0.0,1.0,1.0,1.0,1.0,1.0
1395109,Shellcode,Random,0.9499835760429213,0.2849950728128764,0.0,0.9499835760429213,0.9499835760429213,0.9499835760429213,0.9499835760429213,0.9499835760429213,0.9499835760429213,0.9499835760429213,0.0,0.0,0.0,0.0,0.0,0.0,0.0,0.0,0.0,0.0,0.0,0.0,0.0
1044387,Worms,LIME,0.9739267797757957,0.9739267797757958,0.0,0.0,0.0,0.0,0.0,0.0,0.0,0.0,0.0,0.0,0.0,0.0,0.0,0.0,0.0,0.0,0.0,0.0,0.0,0.0,0.0
1044387,Worms,TreeSHAP,0.9739267797757957,0.9739267797757958,0.664703862311636,0.0,0.0,0.0,0.0,0.0,0.0,0.0,0.0,0.0,0.0,0.0,0.0,0.0,0.9248184173224366,0.9248184173224366,0.9248184173224366,0.9248184173224366,0.9248184173224366,0.9248184173224366,0.9248184173224366
1044387,Worms,Random,0.9739267797757957,0.009821672490671807,0.0,0.9739267797757957,0.9739267797757957,0.9739267797757957,0.9739267797757957,0.9739267797757957,0.9739267797757957,0.9739267797757957,0.9739267797757957,0.9248184173224366,0.9248184173224366,0.0,0.0,0.0,0.0,0.0,0.0,0.0,0.0,0.0,0.0
1776045,Worms,LIME,0.9739267797757957,0.9739267797757958,0.0,0.0,0.0,0.0,0.0,0.0,0.0,0.0,0.0,0.0,0.0,0.0,0.0,0.0,0.0,0.0,0.0,0.0,0.0,0.0,0.0
1776045,Worms,TreeSHAP,0.9739267797757957,0.9739267797757958,0.664703862311636,0.0,0.0,0.0,0.0,0.0,0.0,0.0,0.0,0.0,0.0,0.0,0.0,0.0,0.9248184173224366,0.9248184173224366,0.9248184173224366,0.9248184173224366,0.9248184173224366,0.9248184173224366,0.9248184173224366
1776045,Worms,Random,0.9739267797757957,0.9739267797757958,0.0,0.0,0.0,0.0,0.0,0.0,0.0,0.0,0.0,0.0,0.0,0.0,0.0,0.0,0.0,0.0,0.0,0.0,0.0,0.0,0.0
1048789,Worms,LIME,0.9014667168108308,0.9014667168108307,0.77651230705048,0.0,0.0,0.0,0.0,0.0,0.0,0.0,0.0,0.0,0.0,0.0,0.0,0.0,1.0,1.0,1.0,1.0,1.0,1.0,1.0
1048789,Worms,TreeSHAP,0.9014667168108308,0.9014667168108307,0.7,0.0,0.0,0.0,0.0,0.0,0.0,0.0,0.0,0.0,0.0,0.0,0.0,0.0,0.9014667168108308,0.9014667168108308,0.9014667168108308,0.9014667168108308,0.9014667168108308,0.9014667168108308,0.9014667168108308
1048789,Worms,Random,0.9014667168108308,0.0,0.0,0.9014667168108308,0.9014667168108308,0.9014667168108308,0.9014667168108308,0.9014667168108308,0.9014667168108308,0.9014667168108308,0.9014667168108308,0.9014667168108308,0.9014667168108308,0.0,0.0,0.0,0.0,0.0,0.0,0.0,0.0,0.0,0.0
1362439,Worms,LIME,0.9968810739305679,0.9968810739305679,0.6972567042309097,0.0,0.0,0.0,0.0,0.0,0.0,0.0,0.0,0.0,0.0,0.9948125760122186,0.9948125760122186,0.0,0.0,0.0,0.9922389938331078,0.9922389938331078,0.9922389938331078,0.9922389938331078,0.9922389938331078
1362439,Worms,TreeSHAP,0.9968810739305679,0.9710458644089158,0.6018772105224957,0.0031191961521977235,0.08507763302144151,0.08507763302144151,0.08507763302144151,0.0,0.0,0.0,0.0,0.0,0.0,0.0,0.0,0.0,0.0,1.0,1.0,1.0,1.0,1.0,1.0
1362439,Worms,Random,0.9968810739305679,0.0996881073930568,0.0,0.9968810739305679,0.9968810739305679,0.9968810739305679,0.9968810739305679,0.9968810739305679,0.9968810739305679,0.9968810739305679,0.9968810739305679,0.9968810739305679,0.0,0.0,0.0,0.0,0.0,0.0,0.0,0.0,0.0,0.0,0.0
1145206,Worms,LIME,0.9014667168108308,0.9014667168108307,0.66558197747184,0.0,0.0,0.0,0.0,0.0,0.0,0.0,0.0,0.0,0.0,0.0,0.0,0.0,0.0,1.0,1.0,1.0,1.0,1.0,1.0
1145206,Worms,TreeSHAP,0.9014667168108308,0.9014667168108307,0.7,0.0,0.0,0.0,0.0,0.0,0.0,0.0,0.0,0.0,0.0,0.0,0.0,0.0,0.9014667168108308,0.9014667168108308,0.9014667168108308,0.9014667168108308,0.9014667168108308,0.9014667168108308,0.9014667168108308
1145206,Worms,Random,0.9014667168108308,0.7211733734486646,0.0,0.9014667168108308,0.9014667168108308,0.0,0.0,0.0,0.0,0.0,0.0,0.0,0.0,0.0,0.0,0.0,0.0,0.0,0.0,0.0,0.0,0.0,0.0
1342709,Worms,LIME,0.9739267797757957,0.9739267797757958,0.0,0.0,0.0,0.0,0.0,0.0,0.0,0.0,0.0,0.0,0.0,0.0,0.0,0.0,0.0,0.0,0.0,0.0,0.0,0.0,0.0
1342709,Worms,TreeSHAP,0.9739267797757957,0.9739267797757958,0.664703862311636,0.0,0.0,0.0,0.0,0.0,0.0,0.0,0.0,0.0,0.0,0.0,0.0,0.0,0.9248184173224366,0.9248184173224366,0.9248184173224366,0.9248184173224366,0.9248184173224366,0.9248184173224366,0.9248184173224366
1342709,Worms,Random,0.9739267797757957,0.0,0.0,0.9739267797757957,0.9739267797757957,0.9739267797757957,0.9739267797757957,0.9739267797757957,0.9739267797757957,0.9739267797757957,0.9739267797757957,0.9739267797757957,0.9739267797757957,0.0,0.0,0.0,0.0,0.0,0.0,0.0,0.0,0.0,0.0
1213172,Worms,LIME,0.999711889717542,0.9997118897175421,0.0,0.0,0.0,0.0,0.0,0.0,0.0,0.0,0.0,0.0,0.0,0.0,0.0,0.0,0.0,0.0,0.0,0.0,0.0,0.0,0.0
1213172,Worms,TreeSHAP,0.999711889717542,0.9997118897175421,0.0,0.0,0.0,0.0,0.0,0.0,0.0,0.0,0.0,0.0,0.0,0.0,0.0,0.0,0.0,0.0,0.0,0.0,0.0,0.0,0.0
1213172,Worms,Random,0.999711889717542,0.003014154947970116,0.0,0.999711889717542,0.9963628286642419,0.9963628286642419,0.9963628286642419,0.9963628286642419,0.9963628286642419,0.9963628286642419,0.9963628286642419,0.9963628286642419,0.9963628286642419,0.0,0.0,0.0,0.0,0.0,0.0,0.0,0.0,0.0,0.0
1774381,Worms,LIME,1.0,1.0,0.0,0.0,0.0,0.0,0.0,0.0,0.0,0.0,0.0,0.0,0.0,0.0,0.0,0.0,0.0,0.0,0.0,0.0,0.0,0.0,0.0
1774381,Worms,TreeSHAP,1.0,1.0,0.5,0.0,0.0,0.0,0.0,0.0,0.0,0.0,0.0,0.0,0.0,0.0,0.0,0.0,0.0,0.0,1.0,1.0,1.0,1.0,1.0
1774381,Worms,Random,1.0,0.1,0.0,1.0,1.0,1.0,1.0,1.0,1.0,1.0,1.0,1.0,0.0,0.0,0.0,0.0,0.0,0.0,0.0,0.0,0.0,0.0,0.0
1949772,Worms,LIME,1.0,1.0,0.0,0.0,0.0,0.0,0.0,0.0,0.0,0.0,0.0,0.0,0.0,0.0,0.0,0.0,0.0,0.0,0.0,0.0,0.0,0.0,0.0
1949772,Worms,TreeSHAP,1.0,1.0,0.5,0.0,0.0,0.0,0.0,0.0,0.0,0.0,0.0,0.0,0.0,0.0,0.0,0.0,0.0,0.0,1.0,1.0,1.0,1.0,1.0
1949772,Worms,Random,1.0,0.7,0.0,1.0,1.0,1.0,0.0,0.0,0.0,0.0,0.0,0.0,0.0,0.0,0.0,0.0,0.0,0.0,0.0,0.0,0.0,0.0,0.0
1127556,Worms,LIME,0.9986329531342942,0.9986329531342942,0.0,0.0,0.0,0.0,0.0,0.0,0.0,0.0,0.0,0.0,0.0,0.0,0.0,0.0,0.0,0.0,0.0,0.0,0.0,0.0,0.0
1127556,Worms,TreeSHAP,0.9986329531342942,0.9986329531342942,0.0,0.0,0.0,0.0,0.0,0.0,0.0,0.0,0.0,0.0,0.0,0.0,0.0,0.0,0.0,0.0,0.0,0.0,0.0,0.0,0.0
1127556,Worms,Random,0.9986329531342942,0.6990430671940059,0.0,0.9986329531342942,0.9986329531342942,0.9986329531342942,0.0,0.0,0.0,0.0,0.0,0.0,0.0,0.0,0.0,0.0,0.0,0.0,0.0,0.0,0.0,0.0,0.0
1724721,Worms,LIME,0.999711889717542,0.9997118897175421,0.0,0.0,0.0,0.0,0.0,0.0,0.0,0.0,0.0,0.0,0.0,0.0,0.0,0.0,0.0,0.0,0.0,0.0,0.0,0.0,0.0
1724721,Worms,TreeSHAP,0.999711889717542,0.9997118897175421,0.0,0.0,0.0,0.0,0.0,0.0,0.0,0.0,0.0,0.0,0.0,0.0,0.0,0.0,0.0,0.0,0.0,0.0,0.0,0.0,0.0
1724721,Worms,Random,0.999711889717542,0.8997407007457878,0.0,0.999711889717542,0.0,0.0,0.0,0.0,0.0,0.0,0.0,0.0,0.0,0.0,0.0,0.0,0.0,0.0,0.0,0.0,0.0,0.0,0.0
1904842,Worms,LIME,1.0,1.0,0.0,0.0,0.0,0.0,0.0,0.0,0.0,0.0,0.0,0.0,0.0,0.0,0.0,0.0,0.0,0.0,0.0,0.0,0.0,0.0,0.0
1904842,Worms,TreeSHAP,1.0,1.0,0.5994531812537176,0.0,0.0,0.0,0.0,0.0,0.0,0.0,0.0,0.0,0.0,0.0,0.0,0.0,0.0,0.9986329531342941,0.9986329531342941,0.9986329531342941,0.9986329531342941,1.0,1.0
1904842,Worms,Random,1.0,5.139407406717922e-06,0.0,1.0,1.0,1.0,1.0,1.0,1.0,1.0,0.9999828686419776,0.9999828686419776,0.9999828686419776,0.0,0.0,0.0,0.0,0.0,0.0,0.0,0.0,0.0,0.0
1377858,Worms,LIME,1.0,1.0,0.0,0.0,0.0,0.0,0.0,0.0,0.0,0.0,0.0,0.0,0.0,0.0,0.0,0.0,0.0,0.0,0.0,0.0,0.0,0.0,0.0
1377858,Worms,TreeSHAP,1.0,1.0,0.0,0.0,0.0,0.0,0.0,0.0,0.0,0.0,0.0,0.0,0.0,0.0,0.0,0.0,0.0,0.0,0.0,0.0,0.0,0.0,0.0
1377858,Worms,Random,1.0,0.012237166289584734,0.0,1.0,1.0,1.0,1.0,1.0,1.0,0.9694070842760382,0.9694070842760382,0.9694070842760382,0.9694070842760382,0.0,0.0,0.0,0.0,0.0,0.0,0.0,0.0,0.0,0.0
1906418,Worms,LIME,0.9014667168108308,0.9014667168108307,0.6,0.0,0.0,0.0,0.0,0.0,0.0,0.0,0.0,0.0,0.0,0.0,0.0,0.0,0.0,0.9014667168108308,0.9014667168108308,0.9014667168108308,0.9014667168108308,0.9014667168108308,0.9014667168108308
1906418,Worms,TreeSHAP,0.9014667168108308,0.9014667168108307,0.7,0.0,0.0,0.0,0.0,0.0,0.0,0.0,0.0,0.0,0.0,0.0,0.0,0.0,0.9014667168108308,0.9014667168108308,0.9014667168108308,0.9014667168108308,0.9014667168108308,0.9014667168108308,0.9014667168108308
1906418,Worms,Random,0.9014667168108308,0.45073335840541534,0.0,0.9014667168108308,0.9014667168108308,0.9014667168108308,0.9014667168108308,0.9014667168108308,0.0,0.0,0.0,0.0,0.0,0.0,0.0,0.0,0.0,0.0,0.0,0.0,0.0,0.0,0.0
1313152,Worms,LIME,0.6197676733473688,0.6197676733473687,0.9681047040730545,0.0,0.0,0.0,0.0,0.0,0.0,0.0,0.0,0.0,0.0,0.0,0.0,0.0,0.0,1.0,1.0,1.0,1.0,1.0,1.0
1313152,Worms,TreeSHAP,0.6197676733473688,0.41976767334736886,0.39999999999999997,0.0,0.0,0.0,0.0,1.0,1.0,0.0,0.0,0.0,0.0,0.0,0.0,0.0,0.0,0.0,0.0,0.6197676733473688,0.6197676733473688,0.6197676733473688,0.6197676733473688
1313152,Worms,Random,0.6197676733473688,0.18593030200421062,0.0,0.6197676733473688,0.6197676733473688,0.6197676733473688,0.6197676733473688,0.6197676733473688,0.6197676733473688,0.6197676733473688,0.0,0.0,0.0,0.0,0.0,0.0,0.0,0.0,0.0,0.0,0.0,0.0,0.0
1410778,Worms,LIME,0.9986329531342942,0.9986329531342942,0.0,0.0,0.0,0.0,0.0,0.0,0.0,0.0,0.0,0.0,0.0,0.0,0.0,0.0,0.0,0.0,0.0,0.0,0.0,0.0,0.0
1410778,Worms,TreeSHAP,0.9986329531342942,0.9986329531342942,0.0,0.0,0.0,0.0,0.0,0.0,0.0,0.0,0.0,0.0,0.0,0.0,0.0,0.0,0.0,0.0,0.0,0.0,0.0,0.0,0.0
1410778,Worms,Random,0.9986329531342942,0.9986329531342942,0.0,0.0,0.0,0.0,0.0,0.0,0.0,0.0,0.0,0.0,0.0,0.0,0.0,0.0,0.0,0.0,0.0,0.0,0.0,0.0,0.0
1041957,Worms,LIME,0.9968808038478022,0.9968808038478022,0.0,0.0,0.0,0.0,0.0,0.0,0.0,0.0,0.0,0.0,0.0,0.0,0.0,0.0,0.0,0.0,0.0,0.0,0.0,0.0,0.0
1041957,Worms,TreeSHAP,0.9968808038478022,0.9968808038478022,0.19989608081897836,0.0,0.0,0.0,0.0,0.0,0.0,0.0,0.0,0.0,0.0,0.0,0.0,0.0,0.0,0.0,0.0,0.0,0.0,0.9963628286642419,0.9963628286642419
1041957,Worms,Random,0.9968808038478022,0.10015425804998453,0.0,0.9963628286642419,0.9963628286642419,0.9963628286642419,0.9963628286642419,0.9963628286642419,0.9963628286642419,0.9963628286642419,0.9963628286642419,0.9963628286642419,0.0,0.0,0.0,0.0,0.0,0.0,0.0,0.0,0.0,0.0,0.0
1259108,Worms,LIME,0.9986329531342942,0.9986329531342942,0.0,0.0,0.0,0.0,0.0,0.0,0.0,0.0,0.0,0.0,0.0,0.0,0.0,0.0,0.0,0.0,0.0,0.0,0.0,0.0,0.0
1259108,Worms,TreeSHAP,0.9986329531342942,0.9986329531342942,0.0,0.0,0.0,0.0,0.0,0.0,0.0,0.0,0.0,0.0,0.0,0.0,0.0,0.0,0.0,0.0,0.0,0.0,0.0,0.0,0.0
1259108,Worms,Random,0.9986329531342942,0.8987696578208647,0.0,0.9986329531342942,0.0,0.0,0.0,0.0,0.0,0.0,0.0,0.0,0.0,0.0,0.0,0.0,0.0,0.0,0.0,0.0,0.0,0.0,0.0
1430270,Worms,LIME,0.9963628286642419,0.996362828664242,0.0,0.0,0.0,0.0,0.0,0.0,0.0,0.0,0.0,0.0,0.0,0.0,0.0,0.0,0.0,0.0,0.0,0.0,0.0,0.0,0.0
1430270,Worms,TreeSHAP,0.9963628286642419,0.996362828664242,0.0,0.0,0.0,0.0,0.0,0.0,0.0,0.0,0.0,0.0,0.0,0.0,0.0,0.0,0.0,0.0,0.0,0.0,0.0,0.0,0.0
1430270,Worms,Random,0.9963628286642419,0.49818141433212093,0.0,0.9963628286642419,0.9963628286642419,0.9963628286642419,0.9963628286642419,0.9963628286642419,0.0,0.0,0.0,0.0,0.0,0.0,0.0,0.0,0.0,0.0,0.0,0.0,0.0,0.0,0.0
1853130,Worms,LIME,0.996725354753235,0.996725354753235,0.0,0.0,0.0,0.0,0.0,0.0,0.0,0.0,0.0,0.0,0.0,0.0,0.0,0.0,0.0,0.0,0.0,0.0,0.0,0.0,0.0
1853130,Worms,TreeSHAP,0.996725354753235,0.996725354753235,0.0,0.0,0.0,0.0,0.0,0.0,0.0,0.0,0.0,0.0,0.0,0.0,0.0,0.0,0.0,0.0,0.0,0.0,0.0,0.0,0.0
1853130,Worms,Random,0.996725354753235,0.0,0.0,0.996725354753235,0.996725354753235,0.996725354753235,0.996725354753235,0.996725354753235,0.996725354753235,0.996725354753235,0.996725354753235,0.996725354753235,0.996725354753235,0.0,0.0,0.0,0.0,0.0,0.0,0.0,0.0,0.0,0.0
996702,Worms,LIME,0.9950042663183616,0.9950042663183615,0.0,0.0,0.0,0.0,0.0,0.0,0.0,0.0,0.0,0.0,0.0,0.0,0.0,0.0,0.0,0.0,0.0,0.0,0.0,0.0,0.0
996702,Worms,TreeSHAP,0.9950042663183616,0.9950042663183615,0.20027307668758187,0.0,0.0,0.0,0.0,0.0,0.0,0.0,0.0,0.0,0.0,0.0,0.0,0.0,0.0,0.0,0.0,0.0,0.0,0.9963628286642419,0.9963628286642419
996702,Worms,Random,0.9950042663183616,0.8955038396865254,0.0,0.9950042663183616,0.0,0.0,0.0,0.0,0.0,0.0,0.0,0.0,0.0,0.0,0.0,0.0,0.0,0.0,0.0,0.0,0.0,0.0,0.0
1638436,Worms,LIME,1.0,1.0,0.0,0.0,0.0,0.0,0.0,0.0,0.0,0.0,0.0,0.0,0.0,0.0,0.0,0.0,0.0,0.0,0.0,0.0,0.0,0.0,0.0
1638436,Worms,TreeSHAP,1.0,1.0,0.5,0.0,0.0,0.0,0.0,0.0,0.0,0.0,0.0,0.0,0.0,0.0,0.0,0.0,0.0,0.0,1.0,1.0,1.0,1.0,1.0
1638436,Worms,Random,1.0,0.6,0.0,1.0,1.0,1.0,1.0,0.0,0.0,0.0,0.0,0.0,0.0,0.0,0.0,0.0,0.0,0.0,0.0,0.0,0.0,0.0,0.0
1189420,Worms,LIME,0.9986329531342942,0.9986329531342942,0.0,0.0,0.0,0.0,0.0,0.0,0.0,0.0,0.0,0.0,0.0,0.0,0.0,0.0,0.0,0.0,0.0,0.0,0.0,0.0,0.0
1189420,Worms,TreeSHAP,0.9986329531342942,0.9986329531342942,0.0,0.0,0.0,0.0,0.0,0.0,0.0,0.0,0.0,0.0,0.0,0.0,0.0,0.0,0.0,0.0,0.0,0.0,0.0,0.0,0.0
1189420,Worms,Random,0.9986329531342942,0.0,0.0,0.9986329531342942,0.9986329531342942,0.9986329531342942,0.9986329531342942,0.9986329531342942,0.9986329531342942,0.9986329531342942,0.9986329531342942,0.9986329531342942,0.9986329531342942,0.0,0.0,0.0,0.0,0.0,0.0,0.0,0.0,0.0,0.0
1780608,Worms,LIME,0.9968808038478022,0.9968808038478022,0.0,0.0,0.0,0.0,0.0,0.0,0.0,0.0,0.0,0.0,0.0,0.0,0.0,0.0,0.0,0.0,0.0,0.0,0.0,0.0,0.0
1780608,Worms,TreeSHAP,0.9968808038478022,0.9968808038478022,0.19989608081897836,0.0,0.0,0.0,0.0,0.0,0.0,0.0,0.0,0.0,0.0,0.0,0.0,0.0,0.0,0.0,0.0,0.0,0.0,0.9963628286642419,0.9963628286642419
1780608,Worms,Random,0.9968808038478022,0.9968808038478022,0.0,0.0,0.0,0.0,0.0,0.0,0.0,0.0,0.0,0.0,0.0,0.0,0.0,0.0,0.0,0.0,0.0,0.0,0.0,0.0,0.0
1250248,Worms,LIME,0.9999828686419776,0.9999828686419775,0.2,0.0,0.0,0.0,0.0,0.0,0.0,0.0,0.0,0.0,0.0,0.0,0.0,0.0,0.0,0.0,0.0,0.0,0.0,0.9999828686419776,0.9999828686419776
1250248,Worms,TreeSHAP,0.9999828686419776,0.9999828686419775,0.6999999999999998,0.0,0.0,0.0,0.0,0.0,0.0,0.0,0.0,0.0,0.0,0.0,0.0,0.0,0.9999828686419776,0.9999828686419776,0.9999828686419776,0.9999828686419776,0.9999828686419776,0.9999828686419776,0.9999828686419776
1250248,Worms,Random,0.9999828686419776,0.9999828686419775,0.0,0.0,0.0,0.0,0.0,0.0,0.0,0.0,0.0,0.0,0.0,0.0,0.0,0.0,0.0,0.0,0.0,0.0,0.0,0.0,0.0
42842,Worms,LIME,0.9999828686419776,0.9999828686419775,0.0,0.0,0.0,0.0,0.0,0.0,0.0,0.0,0.0,0.0,0.0,0.0,0.0,0.0,0.0,0.0,0.0,0.0,0.0,0.0,0.0
42842,Worms,TreeSHAP,0.9999828686419776,0.9999828686419775,0.6999999999999998,0.0,0.0,0.0,0.0,0.0,0.0,0.0,0.0,0.0,0.0,0.0,0.0,0.0,0.9999828686419776,0.9999828686419776,0.9999828686419776,0.9999828686419776,0.9999828686419776,0.9999828686419776,0.9999828686419776
42842,Worms,Random,0.9999828686419776,0.6999880080493842,0.0,0.9999828686419776,0.9999828686419776,0.9999828686419776,0.0,0.0,0.0,0.0,0.0,0.0,0.0,0.0,0.0,0.0,0.0,0.0,0.0,0.0,0.0,0.0,0.0
1556064,Worms,LIME,0.9999828686419776,0.9999828686419775,0.0,0.0,0.0,0.0,0.0,0.0,0.0,0.0,0.0,0.0,0.0,0.0,0.0,0.0,0.0,0.0,0.0,0.0,0.0,0.0,0.0
1556064,Worms,TreeSHAP,0.9999828686419776,0.9999828686419775,0.6999999999999998,0.0,0.0,0.0,0.0,0.0,0.0,0.0,0.0,0.0,0.0,0.0,0.0,0.0,0.9999828686419776,0.9999828686419776,0.9999828686419776,0.9999828686419776,0.9999828686419776,0.9999828686419776,0.9999828686419776
1556064,Worms,Random,0.9999828686419776,0.7999862949135821,0.0,0.9999828686419776,0.9999828686419776,0.0,0.0,0.0,0.0,0.0,0.0,0.0,0.0,0.0,0.0,0.0,0.0,0.0,0.0,0.0,0.0,0.0,0.0
1649686,Worms,LIME,0.9950042663183616,0.9950042663183615,0.0,0.0,0.0,0.0,0.0,0.0,0.0,0.0,0.0,0.0,0.0,0.0,0.0,0.0,0.0,0.0,0.0,0.0,0.0,0.0,0.0
1649686,Worms,TreeSHAP,0.9950042663183616,0.9950042663183615,0.20027307668758187,0.0,0.0,0.0,0.0,0.0,0.0,0.0,0.0,0.0,0.0,0.0,0.0,0.0,0.0,0.0,0.0,0.0,0.0,0.9963628286642419,0.9963628286642419
1649686,Worms,Random,0.9950042663183616,-0.0018247400110845801,0.0,0.9968808038478022,0.9968808038478022,0.9968808038478022,0.9968808038478022,0.9968808038478022,0.9968808038478022,0.9968808038478022,0.9968808038478022,0.9968808038478022,0.9963628286642419,0.0,0.0,0.0,0.0,0.0,0.0,0.0,0.0,0.0,0.0
1059089,Worms,LIME,0.9950042663183616,0.9950042663183615,0.0,0.0,0.0,0.0,0.0,0.0,0.0,0.0,0.0,0.0,0.0,0.0,0.0,0.0,0.0,0.0,0.0,0.0,0.0,0.0,0.0
1059089,Worms,TreeSHAP,0.9950042663183616,0.9950042663183615,0.20027307668758187,0.0,0.0,0.0,0.0,0.0,0.0,0.0,0.0,0.0,0.0,0.0,0.0,0.0,0.0,0.0,0.0,0.0,0.0,0.9963628286642419,0.9963628286642419
1059089,Worms,Random,0.9950042663183616,0.2975502862533923,0.0,0.9963628286642419,0.9963628286642419,0.9963628286642419,0.9963628286642419,0.9963628286642419,0.9963628286642419,0.9963628286642419,0.0,0.0,0.0,0.0,0.0,0.0,0.0,0.0,0.0,0.0,0.0,0.0,0.0
1418648,Worms,LIME,0.996655583379302,0.9966555833793022,0.0,0.0,0.0,0.0,0.0,0.0,0.0,0.0,0.0,0.0,0.0,0.0,0.0,0.0,0.0,0.0,0.0,0.0,0.0,0.0,0.0
1418648,Worms,TreeSHAP,0.996655583379302,0.9966555833793022,0.19994125258114392,0.0,0.0,0.0,0.0,0.0,0.0,0.0,0.0,0.0,0.0,0.0,0.0,0.0,0.0,0.0,0.0,0.0,0.0,0.9963628286642419,0.9963628286642419
1418648,Worms,Random,0.996655583379302,-0.0013728100682203538,0.0,0.996655583379302,0.996655583379302,0.996655583379302,0.9989060634149193,0.9989060634149193,0.9989060634149193,0.9989060634149193,0.9989060634149193,0.9989060634149193,0.9968808038478022,0.0,0.0,0.0,0.0,0.0,0.0,0.0,0.0,0.0,0.0
1852439,Worms,LIME,1.0,1.0,0.0,0.0,0.0,0.0,0.0,0.0,0.0,0.0,0.0,0.0,0.0,0.0,0.0,0.0,0.0,0.0,0.0,0.0,0.0,0.0,0.0
1852439,Worms,TreeSHAP,1.0,1.0,0.5994531812537176,0.0,0.0,0.0,0.0,0.0,0.0,0.0,0.0,0.0,0.0,0.0,0.0,0.0,0.0,0.9986329531342941,0.9986329531342941,0.9986329531342941,0.9986329531342941,1.0,1.0
1852439,Worms,Random,1.0,0.2,0.0,1.0,1.0,1.0,1.0,1.0,1.0,1.0,1.0,0.0,0.0,0.0,0.0,0.0,0.0,0.0,0.0,0.0,0.0,0.0,0.0
1388846,Worms,LIME,0.9986329531342942,0.8987696578208647,0.0,0.9986329531342942,0.0,0.0,0.0,0.0,0.0,0.0,0.0,0.0,0.0,0.0,0.0,0.0,0.0,0.0,0.0,0.0,0.0,0.0,0.0
1388846,Worms,TreeSHAP,0.9986329531342942,0.9986329531342942,0.0,0.0,0.0,0.0,0.0,0.0,0.0,0.0,0.0,0.0,0.0,0.0,0.0,0.0,0.0,0.0,0.0,0.0,0.0,0.0,0.0
1388846,Worms,Random,0.9986329531342942,0.9986329531342942,0.0,0.0,0.0,0.0,0.0,0.0,0.0,0.0,0.0,0.0,0.0,0.0,0.0,0.0,0.0,0.0,0.0,0.0,0.0,0.0,0.0
65670,Worms,LIME,0.9889405564964835,0.9889405564964836,0.0,0.0,0.0,0.0,0.0,0.0,0.0,0.0,0.0,0.0,0.0,0.0,0.0,0.0,0.0,0.0,0.0,0.0,0.0,0.0,0.0
65670,Worms,TreeSHAP,0.9889405564964835,0.9889405564964836,0.20150105526950038,0.0,0.0,0.0,0.0,0.0,0.0,0.0,0.0,0.0,0.0,0.0,0.0,0.0,0.0,0.0,0.0,0.0,0.0,0.9963628286642419,0.9963628286642419
65670,Worms,Random,0.9889405564964835,0.09412990723885713,0.0,0.9889405564964835,0.9889405564964835,0.9889405564964835,0.9968808038478022,0.9968808038478022,0.9968808038478022,0.9968808038478022,0.9968808038478022,0.9968808038478022,0.0,0.0,0.0,0.0,0.0,0.0,0.0,0.0,0.0,0.0,0.0
