instance,true_class,explainer,p_original,comprehensiveness_auc,sufficiency_auc,comp_k1,comp_k2,comp_k3,comp_k4,comp_k5,comp_k6,comp_k7,comp_k8,comp_k9,comp_k10,suff_k1,suff_k2,suff_k3,suff_k4,suff_k5,suff_k6,suff_k7,suff_k8,suff_k9,suff_k10
1571748,Analysis,LIME,0.7947430518670943,0.5330923832871802,0.01587566296884175,0.5716873767074918,0.4022781186893134,0.4022781186893134,0.3273793949443848,0.3273793949443848,0.269131510237725,0.10545475820657503,0.10545475820657503,0.08610701448077085,0.019356240692606986,0.0,0.0,0.0,0.0,0.0,0.0,0.01985092393722289,0.029060749481980938,0.029060749481980938,0.048198305481522284
1571748,Analysis,TreeSHAP,0.7947430518670943,0.7166894375816879,0.0,0.4424733491091443,0.1432780817972973,0.10008274672753459,0.023997541450912072,0.023997541450912072,0.015568960772754166,0.015568960772754166,0.015568960772754166,0.0,0.0,0.0,0.0,0.0,0.0,0.0,0.0,0.0,0.0,0.0,0.0
1571748,Analysis,Random,0.7947430518670943,0.5709112016486196,0.008525032374857924,0.47457861123502687,0.47457861123502687,0.3139167279383877,0.24175920903996953,0.20615611363313474,0.16745241455103518,0.11192182479526604,0.11192182479526604,0.06801658248081702,0.06801658248081702,0.0,0.0,0.0,0.0,0.0,0.009628139085640695,0.009628139085640695,0.009628139085640695,0.019433842605840804,0.019433842605840804
1124981,Analysis,LIME,0.5322635623844623,0.380185333417138,0.29979716810741924,0.42858067771705616,0.2895664574676587,0.1993553298283662,0.14514349670968124,0.12573846627093213,0.09739426559544759,0.07568460290646001,0.05368844226077352,0.05368844226077352,0.051942108656093694,0.057623761725126794,0.13553721372311284,0.1534676038306163,0.19319809563757698,0.15126714694480467,0.141317802304896,0.1264202681109362,0.20291746301661662,0.1936606639244463,0.24030106767815185
1124981,Analysis,TreeSHAP,0.5322635623844623,0.33138225774078556,0.028608174998454403,0.3228519539528466,0.36714946604750714,0.2956182820351626,0.1935820429021635,0.12361816093515904,0.12518908949963228,0.15646838585413161,0.16047438337850792,0.14924531175202718,0.11461597007962884,0.009963765157391908,0.009963765157391908,0.009663041612391829,0.009663041612391829,0.009663041612391829,0.018803141826774634,0.018803141826774634,0.018803141826774634,0.018803141826774634,0.028141668920896635
1124981,Analysis,Random,0.5322635623844623,0.16475092603578015,0.07770052479732739,0.5322635623844623,0.5322635623844623,0.4750049319752383,0.4181588396145839,0.41815883961458383,0.32843483914343713,0.3062070850923397,0.3062070850923397,0.17921380909268692,0.179213809092687,0.002232341854689784,0.002232341854689784,0.004161222122764111,0.004161222122764111,0.004161222122764111,0.07166628301446172,0.06662303745866939,0.06662303745866939,0.09585543663410244,0.09585543663410241
1259370,Analysis,LIME,0.7469643829675248,0.5284857329157234,0.020837546905784165,0.5213056768075802,0.3744376352737466,0.3744376352737466,0.18791392026178694,0.18791392026178694,0.17817772365203402,0.15843659539434032,0.10430824525501793,0.07873200652314871,0.019123141814824704,0.0,0.0,0.0,0.00986700961959464,0.00986700961959464,0.00986700961959464,0.00986700961959464,0.019551993155888913,0.038745733018275205,0.057883289017816544
1259370,Analysis,TreeSHAP,0.7469643829675248,0.6318440075835271,0.0,0.43394930766251866,0.31465193073902475,0.1829054293516821,0.1440979963996531,0.034147712027554074,0.027085560855772278,0.007182908401885648,0.007182908401885648,0.0,0.0,0.0,0.0,0.0,0.0,0.0,0.0,0.0,0.0,0.0,0.0
1259370,Analysis,Random,0.7469643829675248,0.3311425906598048,0.0,0.6873507394083085,0.6292027929146894,0.4813258663513661,0.4323128888844551,0.42209345340792237,0.3629065454075181,0.3629065454075181,0.3629065454075181,0.2245753932780972,0.19263715260980718,0.0,0.0,0.0,0.0,0.0,0.0,0.0,0.0,0.0,0.0
1016305,Analysis,LIME,0.9657848723230564,0.6812313185243647,0.009118009116904073,0.6693088448053481,0.44387881562185816,0.41319388544957614,0.32507497677198494,0.26535478922931544,0.20812425360450265,0.20812425360450265,0.12857156082966495,0.10697029482297321,0.07693386324719213,0.0,0.0,0.0,0.0,0.0,0.0,0.0,0.009684983536294272,0.03918768458590118,0.03918768458590118
1016305,Analysis,TreeSHAP,0.9657848723230564,0.6332331701384717,0.010334080950897497,0.7254341737956724,0.6278327474943228,0.5616993908573691,0.43019645718903887,0.26412010714801637,0.25425206489903085,0.19649953236173026,0.1468573750815189,0.07900350012103989,0.039621672898108494,0.0,0.0,0.0,0.0,0.0,0.0,0.0,0.026690323759399143,0.036557333378993785,0.036557333378993785
1016305,Analysis,Random,0.9657848723230564,0.5437293160910739,0.0035989978207123163,0.7254341737956724,0.6734173481189185,0.5183627914309199,0.507376454260158,0.48788436599332063,0.4221858335924735,0.2750692985018371,0.21689041154005553,0.19696744254323484,0.19696744254323484,0.0,0.0,0.0,0.0,0.0,0.0,0.0,0.0,0.017379288253838013,0.017379288253838013
1764370,Analysis,LIME,0.350594331288277,0.2583045192247585,0.5373544230733089,0.2405010862328,0.1837034688615982,0.11977114989342243,0.09591770525871203,0.07596999837940485,0.059943829070365016,0.05529205152195514,0.03664611500062535,0.03664611500062535,0.018506601415676966,0.057623761725126794,0.13553721372311284,0.15346760383061628,0.19319809563757698,0.22862683619500154,0.2012424419923464,0.23217945144619928,0.22410213460069833,0.22410213460069833,0.2338544724704696
1764370,Analysis,TreeSHAP,0.350594331288277,0.19898391818471972,0.17511103528047314,0.346746566081031,0.23988254626675132,0.16979980299990072,0.14059051993284252,0.1469637368439255,0.10250139283596325,0.10296829678140174,0.11451238306457828,0.08252816554272818,0.06961072068645027,0.007809928869943495,0.007809928869943495,0.0,0.0,0.00663438706570238,0.10301195075026373,0.10285139027996831,0.11892303618100114,0.13108127297848013,0.13580746815825098
1764370,Analysis,Random,0.350594331288277,0.09450734390910116,0.17402750896167504,0.3139690035445149,0.3139690035445149,0.2591818230764143,0.28479821940754796,0.2116894984063102,0.20468266433229954,0.2582410605445126,0.2582410605445127,0.24682440814039278,0.20927313225073843,0.004161222122764111,0.004161222122764111,0.07913950045367106,0.06657506210735799,0.05332590440382202,0.06603607140080209,0.0781253861561916,0.0781253861561916,0.08562654767856856,0.09485427869969777
1046218,Analysis,LIME,0.41252472931390827,0.34064151449716806,0.09496230222867096,0.28669293121536255,0.14323789752216184,0.11349936490892923,0.07238925939272985,0.06683040866607089,0.0072364572924295675,0.0072364572924295675,0.0072364572924295675,0.0072364572924295675,0.0072364572924295675,0.00745678155065046,0.022271589415679315,0.029154723321551765,0.03829244266712695,0.021734393036726075,0.033689361793123346,0.049620855904241944,0.07008900583840877,0.06030685935971982,0.05912696733185191
1046218,Analysis,TreeSHAP,0.41252472931390827,0.2967188811163446,0.019699602456363322,0.33065153514165097,0.16903026360358195,0.1282948141940683,0.04960891323345137,0.05969116042877659,0.1073307165345821,0.07819755888360397,0.09784821621838394,0.07443534608944792,0.06296995764808976,0.015108613563444208,0.015108613563444208,0.00745678155065046,0.0,0.006608833574300043,0.006608833574300043,0.006608833574300043,0.006608833574300043,0.006608833574300043,0.01054755515998972
1046218,Analysis,Random,0.41252472931390827,0.2396625046899791,0.05090231293849777,0.3695034683200087,0.30440831050916817,0.21593386742535284,0.14179336446344987,0.1343714313487075,0.11328408432118328,0.11328408432118328,0.12099930329356236,0.11384246336303244,0.10120186887364337,0.02574830587648254,0.02574830587648254,0.02574830587648254,0.02574830587648254,0.02574830587648254,0.016084974268545396,0.016084974268545396,0.008628192717894936,0.01643618949996041,0.024008768526697574
1781662,Analysis,LIME,0.3203362008982368,0.26122158443389776,0.03013304973705299,0.21925636754267652,0.12188494031690045,0.048815755347626284,0.0448280223733818,0.037335610994826164,0.039406260726981286,0.022139749952719147,0.022139749952719147,0.022098187749343672,0.01324151968621582,0.0,0.0,0.0,0.005698760194802029,0.010132229579932888,0.010132229579932888,0.010132229579932888,0.010132229579932888,0.0262119347312406,0.024087453496677493
1781662,Analysis,TreeSHAP,0.3203362008982368,0.24763071112583895,0.0321273976195112,0.17933304230774386,0.13444763349966085,0.10332691551274395,0.05499024008421767,0.06526621193514673,0.04716290970812469,0.043404327692383136,0.043404327692383136,0.03408316723666378,0.021636122054911066,0.0,0.005698760194802029,0.005698760194802029,0.005698760194802029,0.0,0.01318768683298759,0.01663593758518612,0.01663593758518612,0.01663593758518612,0.022723904808860707
1781662,Analysis,Random,0.3203362008982368,0.16834917453764167,0.0,0.21396377419177756,0.18116480146503253,0.18116480146503247,0.17943875544940088,0.18658436240777906,0.18959356074778985,0.13444254661084057,0.09234827595132389,0.09965571520469854,0.06151367011227599,0.0,0.0,0.0,0.0,0.0,0.0,0.0,0.0,0.0,0.0
1045716,Analysis,LIME,0.4136330696487577,0.37548728816651805,0.021984633462168997,0.22509575452970565,0.05086133043403541,0.026494920454048686,0.02314785568330309,0.007582759140924628,0.007582759140924628,0.007582759140924628,0.007582759140924628,0.007582759140924628,0.017944158016680235,0.0,0.0,0.0,0.0,0.0,0.0,0.01928467217286276,0.01928467217286276,0.02618318494743603,0.02618318494743603
1045716,Analysis,TreeSHAP,0.4136330696487577,0.31072919216510997,0.017826269838764477,0.4136330696487576,0.2564839418956459,0.1201940541664439,0.0975600438553149,0.04386222991781355,0.03521736311269268,0.026397768760850763,0.026397768760850763,0.009292534718107467,0.0,0.0,0.0,0.0,0.0,0.0,0.0,0.009601655698439644,0.009601655698439644,0.027266017870536438,0.027266017870536438
1045716,Analysis,Random,0.4136330696487577,0.3075281549698473,0.0,0.4136330696487577,0.3424597892883798,0.15835062040399178,0.03463364778871479,0.03463364778871479,0.02482969240823171,0.014829692408231709,0.014829692408231709,0.014829692408231709,0.008019602237618084,0.0,0.0,0.0,0.0,0.0,0.0,0.0,0.0,0.0,0.0
1046503,Analysis,LIME,0.46450963733949996,0.38324323974437285,0.09401731986734564,0.31512546407891856,0.1639086626605183,0.13257949254779575,0.0897478295994942,0.07512024060239676,0.0072364572924295675,0.0072364572924295675,0.0072364572924295675,0.0072364572924295675,0.0072364572924295675,0.00745678155065046,0.022271589415679315,0.029154723321551765,0.03829244266712695,0.021734393036726075,0.033689361793123346,0.04437536524860123,0.07915774410884724,0.0693755976301583,0.09121151277966018
1046503,Analysis,TreeSHAP,0.46450963733949996,0.343565146509662,0.018599537278935895,0.33065153514165097,0.16903026360358195,0.1282948141940683,0.04960891323345137,0.05969116042877659,0.10081610687912215,0.13609859486180653,0.09784821621838394,0.07443534608944792,0.06296995764808976,0.015108613563444208,0.015108613563444208,0.00745678155065046,0.0,0.007463985482996944,0.007463985482996944,0.007463985482996944,0.007463985482996944,0.007463985482996944,0.011402707068686619
1046503,Analysis,Random,0.46450963733949996,0.1472609654041655,0.01710752473155644,0.41436840874057834,0.41436840874057834,0.4051817743752645,0.4059676460977286,0.3782931627244502,0.2744568691234824,0.24933696583476006,0.24933696583476003,0.23515911035961953,0.14601740752212264,0.00745678155065046,0.00745678155065046,0.00745678155065046,0.0,0.0,0.00986185032383679,0.00986185032383679,0.00986185032383679,0.00986185032383679,0.017648355141019523
1049376,Analysis,LIME,0.436270964336602,0.3515175726018502,0.08033493621552301,0.2859930037179721,0.16851049919829258,0.1346647966338733,0.09021867943546433,0.07330222567713811,0.06589888351505983,0.0072364572924295675,0.0072364572924295675,0.0072364572924295675,0.0072364572924295675,0.00745678155065046,0.022271589415679315,0.029154723321551765,0.03829244266712695,0.021734393036726075,0.03814909057180375,0.04437536524860123,0.04437536524860123,0.06103984397793279,0.04362840588798277
1049376,Analysis,TreeSHAP,0.436270964336602,0.32626031754391194,0.01847935961154731,0.33065153514165097,0.16903026360358195,0.1282948141940683,0.04960891323345137,0.05969116042877659,0.049378702485845985,0.07819755888360397,0.09784821621838394,0.07443534608944793,0.06296995764808976,0.015108613563444208,0.015108613563444208,0.00745678155065046,0.0,0.006501225019549576,0.006501225019549576,0.006501225019549576,0.006501225019549576,0.006501225019549576,0.010439946605239251
1049376,Analysis,Random,0.436270964336602,0.18281566177823846,0.07365733384065175,0.436270964336602,0.4268408980495625,0.370754146472486,0.2556973166900658,0.2134405130289024,0.21344051302890243,0.19537473845312456,0.17931016484596177,0.12171188533901384,0.12171188533901386,0.00745678155065046,0.00745678155065046,0.016686007690608795,0.02587548553380529,0.025876395727100446,0.025876395727100446,0.025876395727100446,0.06020166547864878,0.06583798618692772,0.06020166547864878
1048013,Analysis,LIME,0.44950310194570875,0.3737267616401758,0.08429782877849058,0.2939985435873415,0.16908623172549064,0.1329198058015802,0.08640219970674763,0.03917433577202176,0.0072364572924295675,0.0072364572924295675,0.0072364572924295675,0.0072364572924295675,0.0072364572924295675,0.00745678155065046,0.022271589415679315,0.029154723321551765,0.03829244266712695,0.05024741142352422,0.033689361793123346,0.04437536524860123,0.04437536524860123,0.0632348763266445,0.04582343823669447
1048013,Analysis,TreeSHAP,0.44950310194570875,0.3285586111158708,0.019779311282426087,0.33065153514165097,0.16903026360358195,0.1282948141940683,0.04960891323345137,0.05969116042877659,0.10081610687912215,0.13609859486180653,0.09784821621838395,0.07443534608944793,0.06296995764808976,0.015108613563444208,0.015108613563444208,0.00745678155065046,0.0,0.007882647915795708,0.007882647915795708,0.007882647915795708,0.007882647915795708,0.007882647915795708,0.011821369501485384
1048013,Analysis,Random,0.44950310194570875,0.12418820453516566,0.016216473798155884,0.36747992694159776,0.35133012234968447,0.344577722160359,0.34509771081617474,0.3081682225521888,0.3081682225521888,0.3218834583736651,0.32188345837366517,0.3051232611654935,0.2794368688204136,0.00745678155065046,0.00745678155065046,0.0,0.0,0.009663331607937146,0.009663331607937146,0.009663331607937146,0.009663331607937146,0.009663331607937146,0.009663331607937146
1047359,Analysis,LIME,0.42258957121629576,0.34431713783505496,0.09082090100954246,0.2914738479793737,0.15815031531670706,0.13911022557023928,0.08830248416097267,0.06950517432296827,0.0072364572924295675,0.0072364572924295675,0.0072364572924295675,0.0072364572924295675,0.0072364572924295675,0.00745678155065046,0.022271589415679315,0.029154723321551765,0.03829244266712695,0.021734393036726075,0.033689361793123346,0.04437536524860123,0.04437536524860123,0.06030685935971982,0.0821427745092217
1047359,Analysis,TreeSHAP,0.42258957121629576,0.29577202996519253,0.018617815413179355,0.33065153514165097,0.22776076781623508,0.1282948141940683,0.04960891323345137,0.05969116042877659,0.10081610687912215,0.13609859486180653,0.09784821621838394,0.07443534608944792,0.06296995764808976,0.015108613563444208,0.00745678155065046,0.00745678155065046,0.0,0.007452674678993545,0.007452674678993545,0.007452674678993545,0.007452674678993545,0.007452674678993545,0.01139139626468322
1047359,Analysis,Random,0.42258957121629576,0.13622236879218028,0.022062521083486945,0.4204695808988638,0.3489907836915362,0.35051220165131786,0.25560559559861895,0.28607892999628654,0.26595803438907195,0.265958034389072,0.265958034389072,0.2528401505923313,0.151300678644984,0.00745678155065046,0.00745678155065046,0.00745678155065046,0.00745678155065046,0.00745678155065046,0.00745678155065046,0.00745678155065046,0.00745678155065046,0.00745678155065046,0.026122879290358187
1299541,Analysis,LIME,0.41913212683727097,0.3349954938677226,0.004226920084222678,0.24931685998645167,0.14544018007614543,0.14544018007614543,0.10867700859142801,0.07714347757381845,0.07116203501518265,0.009002859763664814,0.009002859763664814,0.009002859763664814,0.017178009085317292,0.0,0.0,0.0,0.0,0.0,0.0,0.0,0.0,0.0,0.017716380048714276
1299541,Analysis,TreeSHAP,0.41913212683727097,0.30886800217465193,0.0,0.3050528468816827,0.1952728734890864,0.12034352749776993,0.11124293438993689,0.11124293438993689,0.07823424769060472,0.07823424769060472,0.03641568311925972,0.03641568311925972,0.03018626835804832,0.0,0.0,0.0,0.0,0.0,0.0,0.0,0.0,0.0,0.0
1299541,Analysis,Random,0.41913212683727097,0.19582790018250684,0.0,0.3170105396170565,0.3079099465092235,0.3079099465092235,0.29266274170578954,0.2618755063653261,0.2170602241940769,0.16626705478025566,0.16626705478025566,0.1095055690366479,0.08657368304978608,0.0,0.0,0.0,0.0,0.0,0.0,0.0,0.0,0.0,0.0
1046184,Analysis,LIME,0.4421694349715093,0.3694187389578292,0.09614456024130806,0.30464058704440655,0.15345108211083042,0.11758438713179699,0.07647428161559762,0.03917433577202176,0.0072364572924295675,0.0072364572924295675,0.0072364572924295675,0.0072364572924295675,0.0072364572924295675,0.00745678155065046,0.022271589415679315,0.029154723321551765,0.03829244266712695,0.05024741142352422,0.033689361793123346,0.04437536524860123,0.04437536524860123,0.06621128039810309,0.08904753770787258
1046184,Analysis,TreeSHAP,0.4421694349715093,0.3263635867739456,0.018378866850953884,0.33065153514165097,0.16903026360358195,0.1282948141940683,0.04960891323345137,0.05969116042877659,0.1073307165345821,0.07819755888360397,0.09784821621838394,0.07443534608944793,0.06296995764808976,0.015108613563444208,0.015108613563444208,0.00745678155065046,0.0,0.006608833574300043,0.006608833574300043,0.006608833574300043,0.006608833574300043,0.006608833574300043,0.01054755515998972
1046184,Analysis,Random,0.4421694349715093,0.18163846882810747,0.01414159777722501,0.40689473443987695,0.3561631682616423,0.32691854174471224,0.25617585723599684,0.27470155505688915,0.22656652215025808,0.20651592582663725,0.21546354571051538,0.1592633159691905,0.17664649503829932,0.00745678155065046,0.00745678155065046,0.00745678155065046,0.00745678155065046,0.008175674196224374,0.008175674196224374,0.008175674196224374,0.008175674196224374,0.0,0.0
1631161,Analysis,LIME,0.3719290570840926,0.24827476441144194,0.5471993095647169,0.2696527490702097,0.21352040620926238,0.157806747306504,0.12658438628226373,0.09928702892285729,0.07150914068937259,0.07150914068937257,0.07100715347523556,0.07100715347523556,0.08465902060619265,0.057623761725126794,0.13553721372311284,0.17526770553007348,0.19319809563757698,0.18324875099766832,0.24655450858832154,0.2621631186911404,0.2675946949564767,0.26759469495647664,0.2464106876287425
1631161,Analysis,TreeSHAP,0.3719290570840926,0.13226527534076465,0.02257648171552936,0.30249482686347473,0.22211672752874478,0.24420436949027544,0.24909918678365275,0.2566639797017756,0.2160948592412767,0.2841435776571108,0.23801497440814348,0.21600449985496575,0.16780081590385915,0.002232341854689784,0.002232341854689784,0.009061002778805692,0.009140100214382805,0.009140100214382805,0.009140100214382805,0.009140100214382805,0.01738753621679334,0.008247436002410534,0.008247436002410534
1631161,Analysis,Random,0.3719290570840926,-0.018408436313110666,0.02226198970879923,0.3719290570840926,0.37192905708409263,0.37192905708409263,0.40293894307605027,0.43275854916649725,0.4330451150085002,0.4290983896163165,0.40528909395660473,0.36718608363338157,0.31727158826240404,0.002232341854689784,0.002232341854689784,0.002232341854689784,0.002232341854689784,0.011665500534564673,0.011665500534564673,0.011665500534564673,0.011665500534564673,0.00943315867987489,0.017774280175201992
1046933,Analysis,LIME,0.4487723118119918,0.36029146003771295,0.08894448412888803,0.3087977994515101,0.20415545765604357,0.13484034492987437,0.08435568279124302,0.06555837295323864,0.058155030791160384,0.0072364572924295675,0.0072364572924295675,0.0072364572924295675,0.0072364572924295675,0.00745678155065046,0.00745678155065046,0.029154723321551765,0.03829244266712695,0.021734393036726075,0.03814909057180375,0.04437536524860123,0.07008900583840877,0.06030685935971982,0.0821427745092217
1046933,Analysis,TreeSHAP,0.4487723118119918,0.32742598725269445,0.007567511933459555,0.3306515351416509,0.22776076781623508,0.1282948141940683,0.04960891323345137,0.05969116042877659,0.10081610687912215,0.08138642794374705,0.09784821621838394,0.07443534608944793,0.06296995764808976,0.015108613563444208,0.00745678155065046,0.00745678155065046,0.0,0.0,0.0,0.0,0.0,0.0,0.003938721585689676
1046933,Analysis,Random,0.4487723118119918,0.20018728096297708,0.006107577312126992,0.41936518470310225,0.36738754654199524,0.27261325141337817,0.27303014799411285,0.23222200329115808,0.20659605579343573,0.20659605579343573,0.16934668765317631,0.1693466876531763,0.1693466876531763,0.00745678155065046,0.0,0.0,0.0,0.0,0.003990466869737311,0.003990466869737311,0.003990466869737311,0.003990466869737311,0.003990466869737311
1713014,Analysis,LIME,0.40920855840873477,0.3198806715862235,0.11131087241428385,0.2693331309633605,0.1720606376584704,0.12297823098364823,0.10899333829738563,0.0628058239618015,0.04094641955903102,0.04094641955903102,0.029499855387642354,0.02553008625801424,0.020184925596727722,0.00745678155065046,0.022271589415679315,0.022271589415679315,0.022271589415679315,0.022271589415679315,0.04056311374151139,0.05217068812331557,0.06978859334557905,0.07853999083709157,0.11788809109781169
1713014,Analysis,TreeSHAP,0.40920855840873477,0.19296629929620795,0.010764409431120493,0.3170534664222585,0.2967910033577657,0.29063033508079483,0.26393813546293227,0.25974634359113297,0.22053638848032445,0.1744218849259769,0.12068574906319526,0.11435302125114954,0.10426626348973772,0.00745678155065046,0.00745678155065046,0.00745678155065046,0.00745678155065046,0.0,0.0,0.0,0.0,0.005381882626870202,0.008839875824830017
1713014,Analysis,Random,0.40920855840873477,0.15715179877659188,0.003644489538365086,0.36948704617896316,0.36948704617896316,0.3359754573665768,0.27392243486470996,0.2290314032998179,0.21672201724243723,0.21498836451812545,0.2149883645181254,0.18849471888908592,0.10747074326462373,0.00745678155065046,0.00745678155065046,0.0,0.0,0.0,0.0,0.0,0.0,0.0,0.0
1048616,Analysis,LIME,0.47761284498571155,0.39153946853336996,0.08318056199624757,0.3105752359200942,0.21218451535995717,0.14311525636754388,0.0877964620859994,0.07088000832767317,0.0072364572924295675,0.0072364572924295675,0.0072364572924295675,0.0072364572924295675,0.0072364572924295675,0.00745678155065046,0.00745678155065046,0.029154723321551765,0.03829244266712695,0.021734393036726075,0.033689361793123346,0.04437536524860123,0.0739212589147888,0.06413911243609985,0.07706082810606274
1048616,Analysis,TreeSHAP,0.47761284498571155,0.3566683541558736,0.018409138905792162,0.3306515351416509,0.16903026360358195,0.1282948141940683,0.04960891323345137,0.05969116042877659,0.10081610687912215,0.13609859486180653,0.09784821621838394,0.07443534608944793,0.06296995764808976,0.015108613563444208,0.015108613563444208,0.00745678155065046,0.0,0.007718613633682814,0.007718613633682814,0.007718613633682814,0.007718613633682814,0.007718613633682814,0.011657335219372488
1048616,Analysis,Random,0.47761284498571155,0.1480081807636211,0.029300546209229613,0.4807264631613977,0.43600104570890524,0.3787575572020186,0.35498721823791607,0.3359862404588182,0.3204853749986026,0.3056213878871106,0.25640377995361363,0.24543804848121298,0.18163952613130885,0.00745678155065046,0.00745678155065046,0.00745678155065046,0.00745678155065046,0.016686007690608795,0.016686007690608795,0.016686007690608795,0.016686007690608795,0.016686007690608795,0.026686007690608794
1455448,Analysis,LIME,0.7523148960466577,0.511480855871931,0.01685739786994198,0.5820617679227607,0.4443266162131968,0.4443266162131968,0.3631137691735774,0.16660477316279682,0.11060742713918056,0.08473770584753058,0.07632177048120903,0.07632177048120903,0.05991818511260843,0.0,0.0,0.0,0.0,0.00986700961959464,0.019551993155888913,0.019551993155888913,0.019551993155888913,0.019551993155888913,0.038745733018275205
1455448,Analysis,TreeSHAP,0.7523148960466577,0.6309546657592222,0.0,0.44767109989253207,0.3620164242821774,0.1595557888384882,0.1302959570895559,0.04180662855564779,0.0262198940940561,0.0262198940940561,0.009908308013920735,0.009908308013920735,0.0,0.0,0.0,0.0,0.0,0.0,0.0,0.0,0.0,0.0,0.0
1455448,Analysis,Random,0.7523148960466577,0.3091701929726113,0.0,0.6901140863352269,0.6611651371225026,0.5526893156390271,0.5526893156390272,0.5526893156390271,0.32141488308072624,0.27517124432123186,0.27517124432123186,0.27517124432123186,0.27517124432123186,0.0,0.0,0.0,0.0,0.0,0.0,0.0,0.0,0.0,0.0
1048024,Analysis,LIME,0.4521874498392352,0.3725012705380232,0.09070566712094147,0.2975374592053225,0.20452079253054062,0.13645872141956114,0.0829881976225259,0.03917433577202176,0.0072364572924295675,0.0072364572924295675,0.0072364572924295675,0.0072364572924295675,0.0072364572924295675,0.00745678155065046,0.00745678155065046,0.029154723321551765,0.03829244266712695,0.05024741142352422,0.033689361793123346,0.04437536524860123,0.07301702280533344,0.0632348763266445,0.0632348763266445
1048024,Analysis,TreeSHAP,0.4521874498392352,0.34208206300256794,0.019661894152438818,0.33065153514165097,0.16903026360358195,0.1282948141940683,0.04960891323345137,0.05969116042877659,0.10081610687912215,0.06709077880725553,0.05846499234122828,0.07443534608944793,0.06296995764808976,0.015108613563444208,0.015108613563444208,0.00745678155065046,0.0,0.007882647915795708,0.007882647915795708,0.007882647915795708,0.007882647915795708,0.007882647915795708,0.011821369501485384
1048024,Analysis,Random,0.4521874498392352,0.19708545298288524,0.008296449341697447,0.40293082452600587,0.29190203549851634,0.29708154873304393,0.3168146468790677,0.2588049745897201,0.2588049745897201,0.2169443958674235,0.17688135061067262,0.16542760863466488,0.16542760863466488,0.00745678155065046,0.00745678155065046,0.00745678155065046,0.0,0.0,0.0,0.0,0.0,0.0075725790267371605,0.0075725790267371605
1712869,Analysis,LIME,0.49775329990155825,0.3848698595636731,0.08797042856833157,0.3458969532994476,0.21038875980749286,0.15319050056254832,0.13920560787628566,0.07095520162260792,0.05260490582342822,0.05260490582342822,0.0486351366938001,0.030348796265549698,0.025003635604263184,0.00745678155065046,0.022271589415679315,0.022271589415679315,0.022271589415679315,0.022271589415679315,0.04056311374151139,0.05217068812331557,0.05217068812331557,0.07853999083709157,0.11788809109781169
1712869,Analysis,TreeSHAP,0.49775329990155825,0.2718130571700335,0.009232047442979537,0.4553023059972652,0.3159571514174122,0.2714510699001877,0.22884469982887343,0.22308843796164626,0.20417750657893002,0.1514737809582128,0.17256349576227695,0.11948252401791538,0.11706145489252787,0.00745678155065046,0.00745678155065046,0.00745678155065046,0.00745678155065046,0.00745678155065046,0.0,0.0,0.0,0.0,0.008668913042655766
1712869,Analysis,Random,0.49775329990155825,0.18695395383583163,0.05142777145134563,0.4634312617474093,0.46343126174740923,0.41529618831761317,0.29223975170241717,0.29223975170241717,0.26888646855005605,0.2387580243746973,0.2387580243746973,0.2303409935491738,0.20461173459137602,0.00745678155065046,0.00745678155065046,0.017246606550717122,0.017246606550717122,0.017246606550717122,0.036359884750983416,0.028903103200332958,0.028903103200332958,0.028903103200332958,0.06626085235946982
1501463,Analysis,LIME,0.561413957735946,0.4912732382981848,0.10475202712178389,0.33442358577551545,0.1686426112926582,0.10413373082312637,0.0300304751186676,0.0300304751186676,0.008639308461442069,0.006376751946883672,0.006376751946883672,0.006376751946883672,0.006376751946883672,0.00745678155065046,0.022271589415679315,0.022271589415679315,0.03862918709812042,0.0569207114239525,0.06671053642401915,0.06188895675672015,0.07349653113852432,0.11922330902484647,0.11922330902484647
1501463,Analysis,TreeSHAP,0.561413957735946,0.39257925715394876,0.02113294061852262,0.29152210924776534,0.2878886193627995,0.2463314664811256,0.24807795850242786,0.2395292792164936,0.1423118219367746,0.08421675394361003,0.056792115676821596,0.04070710311766449,0.05096977833449008,0.015108613563444208,0.015108613563444208,0.015108613563444208,0.015108613563444208,0.015108613563444208,0.015108613563444208,0.00765183201279375,0.00765183201279375,0.00765183201279375,0.005036100893388662
1501463,Analysis,Random,0.561413957735946,0.3164635021848976,0.025460818615518917,0.5105891106424272,0.26966874501530486,0.26966874501530486,0.26966874501530486,0.2362527266891356,0.21188334147375587,0.19569943772173315,0.17014093080694687,0.15651023591629432,0.15942253721427663,0.0,0.00765183201279375,0.00765183201279375,0.00765183201279375,0.016566031492332742,0.016566031492332742,0.016566031492332742,0.023428999648658598,0.023428999648658598,0.023428999648658598
996895,Analysis,LIME,0.34471593571085357,0.28406817817787877,0.12939426905802426,0.23818295006752646,0.19872901991932856,0.08769787021665261,0.052947191371340435,0.028920543754900004,0.0,0.0,0.0,0.0,0.0,0.00745678155065046,0.00745678155065046,0.029154723321551765,0.03829244266712695,0.0393006211563498,0.057414564955909596,0.06810056841138748,0.06810056841138748,0.05272206763133666,0.07804354568323717
996895,Analysis,TreeSHAP,0.34471593571085357,0.25069001215782005,0.10058267708945486,0.22886345002374256,0.14704404978884156,0.09685384414807113,0.08460277900903465,0.08460277900903465,0.050575944644201225,0.05419356093897885,0.0745559510117931,0.05532831406168745,0.06363856289495022,0.015108613563444208,0.015108613563444208,0.015108613563444208,0.015108613563444208,0.021536610345423292,0.05319165221258088,0.05970091227460661,0.05062029580185104,0.05062029580185104,0.05062029580185104
996895,Analysis,Random,0.34471593571085357,0.09387205161072465,0.02790824090369693,0.3607814431875768,0.3414092936213129,0.2531211503617762,0.2932343661837386,0.29323436618373855,0.21831942312411617,0.2220318036090722,0.2157408153297292,0.17834318706945593,0.13222299233077262,0.00745678155065046,0.00745678155065046,0.016686007690608795,0.009229226139958337,0.009229226139958337,0.009229226139958337,0.009229226139958337,0.009229226139958337,0.009229226139958337,0.009229226139958337
1454900,Analysis,LIME,0.3649074079185066,0.2503605109792436,0.042921936749045875,0.2691966120245171,0.21545153507516268,0.21545153507516268,0.13142443716990418,0.12300850180358265,0.09460916030542743,0.05778342418090063,0.028549131408251285,0.009994632349721587,0.0,0.0,0.0,0.0,0.0,0.0,0.00986700961959464,0.01985092393722289,0.029669560354217937,0.03935454389051221,0.05788328901781656
1454900,Analysis,TreeSHAP,0.3649074079185066,0.2640460667745766,0.016285493007814438,0.3037455785102346,0.24796130786817097,0.1643905850436149,0.09301928972812033,0.08500210198257509,0.028537326660266565,0.028537326660266565,0.028537326660266565,0.01939412039607817,0.00948844792970621,0.0,0.0,0.0,0.0,0.0,0.0,0.0,0.0,0.029630055548477138,0.029796914853088167
1454900,Analysis,Random,0.3649074079185066,0.10245367066135366,0.0,0.3551698978161829,0.3456731231359822,0.2898888524939185,0.28988885249391844,0.2898888524939185,0.28988885249391844,0.2898888524939185,0.18703403222695647,0.1526592698099681,0.13455678711284755,0.0,0.0,0.0,0.0,0.0,0.0,0.0,0.0,0.0,0.0
1455855,Analysis,LIME,0.38679807713078895,0.2037135027668226,0.01766838230192461,0.2592752300066268,0.21293221306557733,0.21293221306557733,0.2029392589466155,0.26005030404500523,0.2891177513836441,0.20184704703211406,0.08083793402126949,0.06316522455026811,0.04774856752296561,0.0,0.0,0.0,0.0,0.0,0.0,0.009684983536294272,0.019551993155888913,0.019551993155888913,0.019551993155888913
1455855,Analysis,TreeSHAP,0.38679807713078895,0.30245460757971304,0.012734111178375371,0.28149499478689327,0.23470076986235366,0.15378537422065872,0.08047618444689363,0.04291034919636706,0.014021650583876943,0.014021650583876943,0.00607688511249884,0.00607688511249884,0.009869951604841316,0.0,0.0,0.0,0.0,0.0,0.0,0.0,0.01963569143001227,0.01963569143001227,0.00998391431762825
1455855,Analysis,Random,0.38679807713078895,0.25578955759438965,0.0,0.34045506018973937,0.1351574030135914,0.11613320201870668,0.11613320201870665,0.11613320201870668,0.11613320201870668,0.08786312688529034,0.10720061447521172,0.1072006144752117,0.06767556825012164,0.0,0.0,0.0,0.0,0.0,0.0,0.0,0.0,0.0,0.0
1131152,Analysis,LIME,0.3919271025541673,0.323885462001089,0.10212166077681299,0.2130152096244872,0.12900749510317094,0.08970243425436909,0.08970243425436909,0.04137576546481976,0.03901790864656696,0.03283613180636127,0.026503403994315545,0.01253210104355611,0.006723521338767775,0.00745678155065046,0.022271589415679315,0.022271589415679315,0.014814807865028852,0.014814807865028852,0.03310633219086093,0.04471390657266511,0.06042388375928283,0.0737343345930132,0.10663443293486985
1131152,Analysis,TreeSHAP,0.3919271025541673,0.2603313539827904,0.047314826342217835,0.3582913745077129,0.2342622056598703,0.22067151677898683,0.15465587791289198,0.14044023311215956,0.04989709530018204,0.03943479561049133,0.03943479561049133,0.03943479561049133,0.03943479561049133,0.00745678155065046,0.00745678155065046,0.00745678155065046,0.00745678155065046,0.00745678155065046,0.00745678155065046,0.041758355417338876,0.032980194413449536,0.032980194413449536,0.032980194413449536
1131152,Analysis,Random,0.3919271025541673,0.13688502455131005,0.024376074359918974,0.37738782841477375,0.3647652111089598,0.35620252542216396,0.33072919040489707,0.2741033645066607,0.19243226586273093,0.16843223772764215,0.16409501724867545,0.16595876971972565,0.15631436961234307,0.00745678155065046,0.00745678155065046,0.00745678155065046,0.0,0.0,0.0,0.01829152432583208,0.01829152432583208,0.01829152432583208,0.01829152432583208
1896250,Analysis,LIME,0.30086921715157555,0.218847768820221,0.06850991842729112,0.20751076778057723,0.13652246761555706,0.13652246761555706,0.12693757165077676,0.09113145103973434,0.04335286410661526,0.04335286410661526,0.025525221203817398,0.009358808194294943,0.0,0.0,0.0,0.0,0.009684983536294272,0.009684983536294272,0.019551993155888913,0.029508597308940843,0.039242289690233,0.049226204007861256,0.049226204007861256
1896250,Analysis,TreeSHAP,0.30086921715157555,0.2111573031489123,0.006640186930797981,0.24001026748774149,0.16969126592853961,0.17217244106399968,0.107345317056107,0.08861930448080514,0.059229268551362714,0.023948752616539705,0.023948752616539705,0.00607688511249884,0.00607688511249884,0.0,0.0,0.0,0.0,0.0,0.0,0.0,0.0,0.0,0.01997827843609312
1896250,Analysis,Random,0.30086921715157555,0.10747813094761756,0.0,0.27300524931332903,0.27300524931332903,0.2281209855244224,0.18922790882705262,0.21113966471276138,0.1569188454558491,0.15774255779843271,0.15774255779843271,0.15774255779843271,0.1292652854975382,0.0,0.0,0.0,0.0,0.0,0.0,0.0,0.0,0.0,0.0
1877227,Analysis,LIME,0.4025666971474837,0.31416429436997395,0.1267845000370683,0.2665143946692512,0.1738639438131621,0.12703499629008164,0.11305010360381904,0.07919319486944669,0.04152513983739139,0.02437558628603677,0.02437558628603677,0.01903042562475025,0.01506065649512214,0.00745678155065046,0.022271589415679315,0.022271589415679315,0.022271589415679315,0.04056311374151139,0.04056311374151139,0.05818101896377488,0.06978859334557905,0.10913669360629916,0.11788809109781169
1877227,Analysis,TreeSHAP,0.4025666971474837,0.20516722595141812,0.027128458278380157,0.37611972469535376,0.32159278287090515,0.24561774871764133,0.21030918507981922,0.19697644831336583,0.19270034689844193,0.1517988746735486,0.11063117691726086,0.09240919458379873,0.07583922921052079,0.00745678155065046,0.0,0.0,0.0,0.0,0.0,0.0,0.021944767434314585,0.029850111138221266,0.04995847835512182
1877227,Analysis,Random,0.4025666971474837,0.21534343934916866,0.03634980132324423,0.34803975532303516,0.269012179303463,0.1973409567855082,0.16955891027224618,0.16955891027224618,0.1437443732053304,0.1437443732053304,0.1437443732053304,0.1437443732053304,0.1437443732053304,0.0,0.0,0.01829152432583208,0.01829152432583208,0.01829152432583208,0.01829152432583208,0.01829152432583208,0.01829152432583208,0.01829152432583208,0.01829152432583208
1049130,Analysis,LIME,0.41015832588843887,0.3354367485717527,0.10045123312232626,0.29500743714309946,0.15600115139358658,0.12220028161606714,0.07737053515514354,0.060454081396817315,0.0072364572924295675,0.0072364572924295675,0.0072364572924295675,0.0072364572924295675,0.0072364572924295675,0.00745678155065046,0.022271589415679315,0.029154723321551765,0.03829244266712695,0.021734393036726075,0.033689361793123346,0.04437536524860123,0.07389233878759406,0.0641101923089051,0.07703190797886798
1049130,Analysis,TreeSHAP,0.41015832588843887,0.30721598620082424,0.021163926092534424,0.33065153514165097,0.16903026360358195,0.05442287408317061,0.04960891323345137,0.05969116042877659,0.049378702485845985,0.08138642794374705,0.09784821621838394,0.07443534608944792,0.06296995764808976,0.015108613563444208,0.015108613563444208,0.00765183201279375,0.0,0.007499637371338975,0.007499637371338975,0.007499637371338975,0.007499637371338975,0.007499637371338975,0.011438358957028652
1049130,Analysis,Random,0.41015832588843887,0.13388375208687378,0.047762703712132155,0.41015832588843887,0.3674455478264823,0.32679595709779813,0.2938242478439407,0.2615054842100596,0.26150548421005954,0.22760622908841557,0.20441821857874015,0.2114952797717109,0.19799096350000508,0.00745678155065046,0.00745678155065046,0.02574830587648254,0.02574830587648254,0.02574830587648254,0.02574830587648254,0.043755693020330215,0.017120113158587604,0.017120113158587604,0.0
1046275,Analysis,LIME,0.3966803537537238,0.33001018240798896,0.1009737019121351,0.25766205690587063,0.14468239272494057,0.11159386481828053,0.06525577708445551,0.05132533546165345,0.0072364572924295675,0.0072364572924295675,0.0072364572924295675,0.0072364572924295675,0.0072364572924295675,0.00745678155065046,0.022271589415679315,0.029154723321551765,0.03829244266712695,0.021734393036726075,0.033689361793123346,0.04437536524860123,0.04437536524860123,0.0686784502558629,0.09051436540536478
1046275,Analysis,TreeSHAP,0.3966803537537238,0.2753340291944265,0.008561275578452062,0.33065153514165097,0.22776076781623508,0.1282948141940683,0.04960891323345137,0.05969116042877659,0.10081610687912215,0.08138642794374705,0.09784821621838394,0.07443534608944793,0.06296995764808976,0.015108613563444208,0.00745678155065046,0.00745678155065046,0.0,0.0,0.0,0.0,0.0,0.0,0.003938721585689676
1046275,Analysis,Random,0.3966803537537238,0.2048428770123007,0.01699790684476538,0.3567170943237942,0.26695349174494853,0.23031215182854103,0.23482010884722423,0.19545698430631273,0.14381467188089225,0.12816051952343982,0.1316811359448796,0.11522930450709921,0.11522930450709921,0.0,0.0,0.0037341078093758293,0.0037341078093758293,0.0037341078093758293,0.013461892151247112,0.021833033653170353,0.013461892151247112,0.0037341078093758293,0.0037341078093758293
1764718,Analysis,LIME,0.4765688820570844,0.34250826607014445,0.3914690147830852,0.39035635977182315,0.27668892815440466,0.17867365006495428,0.10518234891164814,0.07987158779559464,0.09892045860110647,0.06980842359703984,0.04942838390344482,0.04583800953469201,0.04583800953469201,0.08014579385267583,0.13553721372311284,0.1534676038306163,0.19319809563757698,0.15126714694480467,0.2012424419923464,0.20128471209348675,0.2545928521710053,0.25458257942785495,0.24030106767815185
1764718,Analysis,TreeSHAP,0.4765688820570844,0.19898912081443684,0.015609605122435158,0.37603969892149464,0.3585369085619115,0.3776139426279772,0.32088052644215637,0.3258914350089627,0.2527654810243272,0.15100543055738144,0.2121782472773821,0.19628562061907728,0.20460032138580503,0.002232341854689784,0.002232341854689784,0.002232341854689784,0.002232341854689784,0.007809928869943495,0.0,0.0,0.015883741445603995,0.015883741445603995,0.025883741445603996
1764718,Analysis,Random,0.4765688820570844,0.16693758045204732,0.1337982991771577,0.3629014504396657,0.3773082113732593,0.36133685129756576,0.31421054864337966,0.31421054864337966,0.3067267403812552,0.3067267403812552,0.2632040909094975,0.2632040909094975,0.22648374307161556,0.057623761725126794,0.04762376172512679,0.06846639199023198,0.07100846954314002,0.07100846954314002,0.06872893370820021,0.06872893370820021,0.06233703126438066,0.06233703126438066,0.05977827412804615
1565899,Analysis,LIME,0.3151827803938169,0.2464165510190747,1.1157382879447255,0.22905560896940114,0.13154599365914268,0.08884226793149722,0.07293337485504756,0.055111078067713405,0.043127020671437546,0.014201016036560292,0.014201016036560292,0.013950194276625603,0.02469472324343666,0.17140058091794866,0.2583421048096674,0.3395655165349384,0.3810715848007684,0.3700777656463319,0.43920847562222315,0.35185260922669603,0.351852609226696,0.41511349542703024,0.4381302156502562
1565899,Analysis,TreeSHAP,0.3151827803938169,0.13779749198070368,0.6549439269193396,0.22905560896940114,0.13154599365914268,0.11911500227399531,0.1223184815253485,0.16026528707791954,0.1816341336000096,0.18195919880497946,0.23183190177918203,0.2075589848595121,0.20856829158164225,0.17140058091794866,0.2583421048096674,0.26858090229074316,0.2900013180984864,0.24082606284632407,0.2146471960222643,0.1776925051583386,0.1175470491731523,0.1622188913697692,0.16301386819812846
1565899,Analysis,Random,0.3151827803938169,-0.0007063937646951624,0.24595036455836775,0.32654918512544256,0.39880872007033163,0.38530508952242765,0.3853050895224277,0.26649493075699054,0.27640741218619286,0.27640741218619286,0.2764074121861928,0.27640741218619286,0.29079907784272935,0.013689745195034565,0.014231268780792743,0.014258445007751457,0.014258445007751457,0.09284178724181892,0.12488595195530135,0.12488595195530135,0.12492675876587642,0.12492675876587642,0.12628808472828768
1047324,Analysis,LIME,0.4346729817197355,0.36260916089196354,0.08518264513162085,0.2713940905237816,0.15292431450726138,0.1225294438504405,0.07820269138604673,0.05940538154804234,0.0072364572924295675,0.0072364572924295675,0.0072364572924295675,0.0072364572924295675,0.0072364572924295675,0.00745678155065046,0.022271589415679315,0.029154723321551765,0.03829244266712695,0.021734393036726075,0.033689361793123346,0.04437536524860123,0.07008900583840877,0.06030685935971982,0.0428954212697698
1047324,Analysis,TreeSHAP,0.4346729817197355,0.3191997075817036,0.00957334180251839,0.3306515351416509,0.16903026360358195,0.1282948141940683,0.04960891323345137,0.05969116042877659,0.10081610687912214,0.08138642794374705,0.09784821621838394,0.07443534608944793,0.06296995764808976,0.015108613563444208,0.015108613563444208,0.00745678155065046,0.0,0.0,0.0,0.0,0.0,0.0,0.003938721585689676
1047324,Analysis,Random,0.4346729817197355,0.15917503739127498,0.012189522931774627,0.40317600068083675,0.40317600068083675,0.34794631835215506,0.3267733130325637,0.31241411391109414,0.2655025151819562,0.2511442181603256,0.17921827670710974,0.15032054847858012,0.11530813809914703,0.00745678155065046,0.00745678155065046,0.0,0.0,0.0,0.004162922849572981,0.012791115567467917,0.012791115567467917,0.004162922849572981,0.004162922849572981
1048627,Analysis,LIME,0.4370470666592529,0.3612332839737057,0.0942909558095042,0.27798947267353336,0.1674576040543843,0.13203251305974295,0.08069620218199493,0.06377974842366871,0.0072364572924295675,0.0072364572924295675,0.0072364572924295675,0.0072364572924295675,0.0072364572924295675,0.00745678155065046,0.022271589415679315,0.029154723321551765,0.03829244266712695,0.021734393036726075,0.033689361793123346,0.04437536524860123,0.0739212589147888,0.06413911243609985,0.07706082810606273
1048627,Analysis,TreeSHAP,0.4370470666592529,0.32703641986656284,0.02011783598901863,0.33065153514165097,0.16903026360358195,0.1282948141940683,0.04960891323345137,0.05969116042877659,0.049378702485845985,0.07819755888360397,0.09784821621838394,0.07443534608944793,0.06296995764808976,0.015108613563444208,0.015108613563444208,0.00745678155065046,0.0,0.007718613633682814,0.007718613633682814,0.007718613633682814,0.007718613633682814,0.007718613633682814,0.011657335219372488
1048627,Analysis,Random,0.4370470666592529,0.22427771128833643,0.019262934594842577,0.39981771847161335,0.3664723925076958,0.35022249733381855,0.2942959462229393,0.21483013814037988,0.13832909357323703,0.1126962355214008,0.09388258472726982,0.07857347360540536,0.07857347360540536,0.00745678155065046,0.00745678155065046,0.00745678155065046,0.00745678155065046,0.00745678155065046,0.00745678155065046,0.00986185032383679,0.00986185032383679,0.00986185032383679,0.00986185032383679
1877097,Analysis,LIME,0.4144938685454314,0.31308289727192723,0.12549811680440506,0.2744581110661131,0.18994266041936392,0.13674453466691086,0.13215711403439,0.10808811338366375,0.07111599055069213,0.03454142987974458,0.029442520806356804,0.01880961896390328,0.01880961896390328,0.00745678155065046,0.022271589415679315,0.022271589415679315,0.022271589415679315,0.04056311374151139,0.05035293874157806,0.05818101896377488,0.06978859334557905,0.10913669360629917,0.11788809109781169
1877097,Analysis,TreeSHAP,0.4144938685454314,0.21692665771568959,0.03468893451857991,0.38700034235536956,0.274553160049228,0.24537712889771282,0.20894392813933937,0.20745782103814903,0.20503354754506894,0.15684278403734545,0.11756318447876209,0.10576941660812583,0.06713079514831706,0.00745678155065046,0.00745678155065046,0.00745678155065046,0.00745678155065046,0.0,0.0,0.0,0.021944767434314585,0.04205313465121514,0.04995847835512182
1877097,Analysis,Random,0.4144938685454314,0.1728815238305425,0.01799008891692,0.41449386854543135,0.2976173433808009,0.27382499909403724,0.23451012873335156,0.22927419426994988,0.19526229438126957,0.18992118744395062,0.206919805515198,0.19452730250733047,0.1797723232775695,0.00745678155065046,0.00745678155065046,0.00745678155065046,0.00745678155065046,0.00745678155065046,0.00745678155065046,0.00745678155065046,0.00745678155065046,0.00745678155065046,0.00745678155065046
1630576,Analysis,LIME,0.8663166942976487,0.5540635751375654,0.009000452538248679,0.6306700651541582,0.4754264797597887,0.4754264797597887,0.375790054720797,0.2871241741012597,0.2871241741012597,0.2871241741012597,0.10772009554792891,0.10772009554792891,0.08840539880666239,0.0,0.0,0.0,0.0,0.0,0.0,0.0,0.01985092393722289,0.029060749481980938,0.029060749481980938
1630576,Analysis,TreeSHAP,0.8663166942976487,0.723565521558857,0.001066358127440083,0.5002620303510792,0.39181393099589334,0.27504580520815597,0.1206855043854458,0.05900260064502133,0.04907252067781675,0.025552450012006817,0.00607688511249884,0.0,0.0,0.0,0.0,0.0,0.0,0.0,0.0,0.0,0.0,0.0,0.009238038479013234
1630576,Analysis,Random,0.8663166942976487,0.5870415043547164,0.003460845853839676,0.5537177879369294,0.543719801481284,0.2540199834388554,0.2478163525966636,0.24173946748416472,0.24173946748416472,0.20849925044384743,0.18863650230093149,0.1601986252995511,0.1526646609629317,0.0,0.0,0.0,0.009993961798573705,0.009993961798573705,0.009993961798573705,0.0,0.0,0.0,0.0
1260439,Analysis,LIME,0.41784424116826757,0.317127430276076,0.8927743501001568,0.3205746150671453,0.22007437533853036,0.1354763635414048,0.09826273222277365,0.07299320779459852,0.05237297123611607,0.033540079734505755,0.033540079734505755,0.02016684212616802,0.02016684212616802,0.17140058091794866,0.2583421048096674,0.3395655165349383,0.38107158480076847,0.38007776564633194,0.44920847562222316,0.44271116236732233,0.4423935951214412,0.40082138272473505,0.4648140399755563
1260439,Analysis,TreeSHAP,0.41784424116826757,0.20228025586865148,0.4744190774379566,0.3984505430890273,0.2889054390273834,0.24704350569965144,0.15499001935708767,0.16940344693743267,0.19520369601794776,0.18315776373311643,0.15010047498928022,0.16770011547725702,0.20068484866797714,0.014218347587063083,0.1667843762593506,0.1631731292627111,0.2282823718910652,0.20146952897271933,0.2242486387159345,0.2052197490234039,0.24779246852073988,0.25432898355612127,0.27681520028901657
1260439,Analysis,Random,0.41784424116826757,0.05013006373437312,0.2747642548860848,0.41784424116826757,0.41784424116826746,0.4078101584956755,0.40781015849567537,0.38990879292477326,0.38990879292477326,0.2745506664601878,0.3507034731365604,0.3507034731365604,0.2700577764282035,0.014218347587063083,0.014218347587063083,0.07404555284488304,0.064073914759943,0.10651076420374048,0.10651076420374048,0.17367962467225267,0.17263148406130924,0.17263148406130924,0.2495663318491012
1254953,Analysis,LIME,0.585331964846814,0.43011739729353743,0.02998145507585387,0.3900801700727697,0.2656138638035164,0.2656138638035164,0.20572935037826354,0.1279210217663573,0.09325669343132761,0.0667171595359645,0.05863768666423063,0.03928793303840971,0.03928793303840971,0.0,0.0,0.0,0.0,0.00986700961959464,0.01985092393722289,0.029535907473517163,0.038745733018275205,0.038745733018275205,0.038745733018275205
1254953,Analysis,TreeSHAP,0.585331964846814,0.46790582751656506,0.004634966948607434,0.37893699517149726,0.2912865070760824,0.23418645353902456,0.13012662641592965,0.04805729584143578,0.03959131989677365,0.03384552002425026,0.00607688511249884,0.00607688511249884,0.00607688511249884,0.0,0.0,0.0,0.0,0.0,0.0,0.0,0.0,0.0,0.027129943110284317
1254953,Analysis,Random,0.585331964846814,0.3745353271605197,0.0,0.3900801700727697,0.3430260000907156,0.2223851833520927,0.2223851833520927,0.15403363935921352,0.15403363935921352,0.1527975831933647,0.1623973256299923,0.1623973256299923,0.14443032682349644,0.0,0.0,0.0,0.0,0.0,0.0,0.0,0.0,0.0,0.0
1454641,Analysis,LIME,0.43284651827088383,0.32147817033045223,0.8041022919660153,0.3065129709467946,0.2182030101677848,0.1515262301391245,0.09342238046701822,0.07405769342558945,0.09179334817304725,0.04934173517440962,0.04934173517440962,0.03974218786806872,0.03974218786806872,0.17140058091794866,0.2583421048096674,0.3395655165349383,0.3810715848007684,0.38007776564633194,0.3312456583631065,0.3706746860324489,0.3706746860324489,0.43393557223278306,0.44354061874083284
1454641,Analysis,TreeSHAP,0.43284651827088383,0.2255077280254265,0.5098279710252035,0.3065129709467946,0.3069289206979163,0.2170036980821731,0.16022142629249853,0.1789818507801813,0.1919983453114394,0.20515740376048622,0.19548180719763913,0.15113474128388582,0.1599667381015584,0.17140058091794866,0.1814991731814211,0.288260676753904,0.27882534390897495,0.2288763221911838,0.23958133185738287,0.20102406155020852,0.22369366676177393,0.20760012611361012,0.1860113385172761
1454641,Analysis,Random,0.43284651827088383,0.09525055385949811,0.3743386268792438,0.42222566871454226,0.29806303157298975,0.30501874140877755,0.2831651908189646,0.31338043725705717,0.3185564834804676,0.3676333542564011,0.367633354256401,0.36727173765790316,0.33301164469035316,0.014218347587063083,0.16755897259371463,0.1495197544408008,0.18557803433960468,0.18155911188423257,0.17181278142264467,0.18720546610147665,0.18720546610147665,0.19093573999406308,0.1847180385247651
1074211,Analysis,LIME,0.4406574175669118,0.35751592549001787,0.11585508019739421,0.30201998935061647,0.1835366558900757,0.14053280378037875,0.0851624099760088,0.04740853890458285,0.026224932728221163,0.015315582706586426,0.015315582706586426,0.011735501876310143,0.004162922849572981,0.00745678155065046,0.022271589415679315,0.029154723321551765,0.03829244266712695,0.05895317709317158,0.0574145649559096,0.0574145649559096,0.06810056841138748,0.09342204646328799,0.07804354568323717
1074211,Analysis,TreeSHAP,0.4406574175669118,0.28605439484195305,0.034240628011381787,0.289597163226657,0.2849642883061459,0.23092562797861355,0.1375480868950601,0.1367521225391364,0.1367521225391364,0.10572124781742279,0.08295234534076924,0.08589375834320596,0.05492346426343994,0.015108613563444208,0.015108613563444208,0.00765183201279375,0.00765183201279375,0.00765183201279375,0.00765183201279375,0.00765183201279375,0.00765183201279375,0.00765183201279375,0.06710381593720294
1074211,Analysis,Random,0.4406574175669118,0.13045974383607165,0.020947814748424227,0.4038740852687315,0.3903123045010055,0.383555404579602,0.28748473357692034,0.28748473357692034,0.28748473357692034,0.27180774208207437,0.27076703683896414,0.2707670368389642,0.2484389264682989,0.00745678155065046,0.00745678155065046,0.00745678155065046,0.00745678155065046,0.00745678155065046,0.00745678155065046,0.015338579786950905,0.00745678155065046,0.00745678155065046,0.017315267314952306
1630974,Analysis,LIME,0.4574549499835546,0.30009642701392747,0.3745087294001915,0.36833194975428496,0.2467701281118081,0.2256714662918069,0.16968097695733733,0.14995694068283086,0.12382416064814564,0.08417206233505098,0.07503418984859164,0.07503418984859164,0.05510916521782306,0.08014579385267583,0.13553721372311284,0.17526770553007348,0.19319809563757698,0.18324875099766832,0.141317802304896,0.20128471209348675,0.20291746301661662,0.17102841696405213,0.22926276664153303
1630974,Analysis,TreeSHAP,0.4574549499835546,0.26356996210294964,0.07253150608255586,0.2450409559626228,0.24660940702909387,0.21834644216762747,0.22486386610947734,0.17710810462050974,0.17817073736041547,0.19545051365987565,0.1810738058590477,0.1377499877809044,0.13443605825647495,0.009061002778805692,0.009061002778805692,0.009061002778805692,0.009140100214382805,0.01738753621679334,0.01738753621679334,0.008247436002410534,0.008247436002410534,0.12781267148640515,0.11639324039666203
1630974,Analysis,Random,0.4574549499835546,0.17478836615459414,0.03556990984670179,0.3609491372753246,0.3509979923538827,0.3007167634167151,0.3007167634167151,0.27086406874381086,0.25488446067850545,0.25488446067850545,0.25488446067850545,0.2617936861352252,0.2159740449124149,0.009963765157391908,0.009963765157391908,0.009963765157391908,0.009963765157391908,0.009963765157391908,0.020950501849660453,0.020950501849660453,0.020950501849660453,0.020950501849660453,0.029095480112823743
1630954,Analysis,LIME,0.3395174690281431,0.2482186569967071,1.082538831579295,0.2341296548250934,0.17057706252303884,0.13082703411427282,0.08404403961925244,0.08486039737217183,0.08127512256721227,0.06036088024853435,0.028533976890596616,0.028533976890596616,0.00984597526359128,0.17140058091794866,0.2583421048096674,0.3395655165349384,0.3810715848007684,0.3800777656463319,0.44920847562222316,0.3706746860324489,0.3971709068048672,0.4611635640556884,0.4667332569999725
1630954,Analysis,TreeSHAP,0.3395174690281431,0.1482054151487312,0.6181941628592982,0.2341296548250934,0.2452698115046662,0.1669375970004562,0.11904925019363871,0.16758726451913503,0.21747348390154195,0.20353029683173038,0.17713979967022261,0.1907615459890334,0.19124183435860145,0.17140058091794866,0.1814991731814211,0.288260676753904,0.29000131809848634,0.25384410395909174,0.21238444658746058,0.1776925051583386,0.16195100381025895,0.18412715044706793,0.17771621650562858
1630954,Analysis,Random,0.3395174690281431,-0.04066750862557277,0.06714754110389219,0.3395174690281431,0.3416334674147642,0.3758329891571096,0.3758329891571096,0.3758329891571096,0.3905888772747455,0.39058887727474556,0.38769084071364723,0.40803142977334356,0.4162998475864409,0.014218347587063083,0.015086874496196723,0.01503497873762026,0.01503497873762026,0.01503497873762026,0.025034978737620256,0.025034978737620256,0.03503497873762026,0.03423126878079274,0.03423126878079274
1455078,Analysis,LIME,0.6312654801221786,0.4109142131410632,0.024701690963046655,0.4412276716517997,0.3548386863708521,0.3548386863708521,0.3097523716210256,0.25241216359988766,0.1968951386334011,0.07825633681553472,0.07825633681553472,0.0685176389661336,0.0685176389661336,0.0,0.0,0.0,0.0,0.009684983536294272,0.009684983536294272,0.029535907473517163,0.029535907473517163,0.038745733018275205,0.038745733018275205
1455078,Analysis,TreeSHAP,0.6312654801221786,0.4951415526501851,0.0014865195410773727,0.38669277190076756,0.2844864231466761,0.20514027429678908,0.17771949157780217,0.14806315912310558,0.05231746972408183,0.038549436600747444,0.03854943660074744,0.01985772204946993,0.009863089699748343,0.0,0.0,0.0,0.0,0.0,0.0,0.0,0.0,0.0,0.009383884718092083
1455078,Analysis,Random,0.6312654801221786,0.45057761722972367,0.0,0.30204235777270605,0.24378229131493726,0.24378229131493726,0.24378229131493726,0.22688047705867415,0.19963551032175172,0.15984301924150754,0.09382899606803356,0.04665069725853263,0.04665069725853263,0.0,0.0,0.0,0.0,0.0,0.0,0.0,0.0,0.0,0.0
1127056,Analysis,LIME,0.4262189280941403,0.2602950255466237,0.01626813038256703,0.2962625335494009,0.19800864810667093,0.19800864810667093,0.19800864810667093,0.18073535676170557,0.14232954936435938,0.11390608483227208,0.11390608483227208,0.11390608483227208,0.10416738698287098,0.0,0.0,0.0,0.0,0.0,0.0,0.00986700961959464,0.019823613772646572,0.019823613772646572,0.019823613772646572
1127056,Analysis,TreeSHAP,0.4262189280941403,0.33989357672774634,0.011556337349422833,0.2765750281067232,0.20428580209184477,0.16590786587604647,0.07872772799781687,0.07071054025227162,0.007859903505222353,0.0,0.0,0.029593322917007357,0.029593322917007364,0.0,0.0,0.0,0.0,0.0,0.0,0.0,0.01963569143001227,0.01963569143001227,0.00998391431762825
1127056,Analysis,Random,0.4262189280941403,0.2655127113879812,0.0,0.407837107241578,0.28265833590517353,0.2656842376731678,0.1389810023147667,0.12134967900572914,0.09407903013825329,0.07411819369573075,0.07411819369573075,0.07411819369573075,0.07411819369573075,0.0,0.0,0.0,0.0,0.0,0.0,0.0,0.0,0.0,0.0
1536023,Analysis,LIME,0.6366089894226061,0.5480936611162278,0.07272565782648406,0.41402105126865324,0.14317796746193862,0.13508220881911967,0.08642723754463724,0.04948958203844467,0.017060138385149855,0.013592003894752848,0.008767697883695696,0.008767697883695696,0.008767697883695696,0.00745678155065046,0.022271589415679315,0.029154723321551765,0.03829244266712695,0.0393006211563498,0.0503621901528715,0.061048193608349385,0.061048193608349385,0.07856697376333067,0.07547636609586351
1536023,Analysis,TreeSHAP,0.6366089894226061,0.4726236564824709,0.007344323741438228,0.39457884056517495,0.26562480071975786,0.2109977326188948,0.14569169080696157,0.1327943838715884,0.1624902157950942,0.11376007132034935,0.08093076768277635,0.07089811655312828,0.06208670946762669,0.015108613563444208,0.015108613563444208,0.00745678155065046,0.0,0.0,0.0,0.0,0.0,0.0,0.00908061647275557
1536023,Analysis,Random,0.6366089894226061,0.27775417786778045,0.02719742964170309,0.6366089894226059,0.5033772805953278,0.3842592077603198,0.3746041174562651,0.3746041174562651,0.31720565495586195,0.26732411782151005,0.2660305663059257,0.23783472983451834,0.2266993339396569,0.00745678155065046,0.00745678155065046,0.00745678155065046,0.00745678155065046,0.00745678155065046,0.017246606550717122,0.0355381308765492,0.0355381308765492,0.02808134932589874,0.019453156608003806
1452854,Analysis,LIME,0.3221697714467493,0.23646192196520843,1.112781289330452,0.23040197257292291,0.15225998460167672,0.12972909259554777,0.0816832752575668,0.06297576925975537,0.05974348248780106,0.03993638643805997,0.03993638643805997,0.03033683913171905,0.030075306032299336,0.17140058091794866,0.2583421048096674,0.3395655165349384,0.38107158480076847,0.38007776564633194,0.44920847562222305,0.3706746860324489,0.37067468603244885,0.43393557223278306,0.4300939639085491
1452854,Analysis,TreeSHAP,0.3221697714467493,0.13921454426038798,0.7090675882551752,0.2304019725729229,0.1522599846016767,0.1364039597178813,0.1575820580553027,0.17117531857388432,0.20174490171712794,0.20598396520125004,0.17850147909977238,0.21060952023912946,0.1848891120846653,0.17140058091794866,0.2583421048096674,0.288260676753904,0.2375834497726246,0.22887632219118376,0.2150706929679037,0.2060342351581513,0.21647838926764332,0.21935877962294462,0.24299619702270425
1452854,Analysis,Random,0.3221697714467493,-0.02885518635322402,0.2044490594169039,0.3220399973876421,0.3374648629957415,0.35020632290077297,0.35020632290077297,0.33778220223859107,0.3326971660443293,0.3326971660443293,0.3841088736672051,0.38152333191017446,0.3815233319101744,0.014218347587063083,0.027303683031449456,0.043507965859686026,0.043507965859686026,0.0734560916198082,0.08675714027754836,0.08675714027754836,0.07169377720807531,0.11072129690627161,0.10074965882133152
1455677,Analysis,LIME,0.4531719328385375,0.3347191394489613,0.7693494230732688,0.3315891302535934,0.2430187519736453,0.174109138916364,0.11258200688181642,0.07461775214297928,0.07157296486378423,0.04856000467749475,0.04856000467749475,0.04856000467749475,0.03135817483109494,0.17140058091794866,0.2583421048096674,0.3395655165349384,0.38107158480076847,0.3800777656463319,0.44920847562222316,0.3706746860324489,0.3706746860324489,0.3706746860324489,0.3947855643940453
1455677,Analysis,TreeSHAP,0.4531719328385375,0.1938475095575583,0.3830078215007396,0.4648175202007831,0.34762476488036353,0.3029314674814808,0.19314051708358154,0.21679563282762332,0.17119321380318883,0.22482250387118427,0.22201259103854765,0.2445196105955999,0.20538641102743901,0.016345162131028122,0.1353767476395355,0.14522123656932034,0.2716094626928554,0.24342281187825082,0.23584569626536833,0.22035345665479664,0.1931361025937851,0.13703259545908758,0.1373406757336492
1455677,Analysis,Random,0.4531719328385375,0.07844462057702357,0.20460949882078297,0.45317193283853746,0.373030672527751,0.3909749427989484,0.3876679015123898,0.3876679015123898,0.3876679015123898,0.37355932433286343,0.3385704820568987,0.3274810317614855,0.3274810317614855,0.014218347587063083,0.07940319286078033,0.09433948334225979,0.10078204066850306,0.10078204066850306,0.10078204066850306,0.10492215700762866,0.11364288199052036,0.10918031789181272,0.10918031789181272
1260013,Analysis,LIME,0.3779400916438637,-0.39518852820706163,0.6646405240175216,0.5421185582105998,0.6511647580554143,0.7184376356784604,0.8438727018811872,0.8343699407825943,0.7926497230187936,0.8126137876946405,0.8226137876946406,0.8422796685276849,0.8711656369652377,0.70049353612204,0.49081266263374695,0.3209145930489264,0.2410043433002583,0.24108264490272968,0.23093358417382975,0.18105572355591845,0.04153036850381749,0.032099565233335264,0.03201598409947462
1260013,Analysis,TreeSHAP,0.3779400916438637,0.3370267910411774,2.5115433012397266,0.24590102147460807,0.08214665961355685,0.02833076665403815,0.015041011574856262,0.0016461576174287957,0.0015513223278929387,0.011585292169004571,0.010940376088978854,0.01076258364485447,0.0012278148616445455,0.9501431971887355,0.9501431971887355,0.9501431971887355,0.9402361849270561,0.9402477978107462,0.9307659959380875,0.9401740822407544,0.9401740822407544,0.9700506598285683,0.9800506598285683
1260013,Analysis,Random,0.3779400916438637,0.14846267408666955,2.3534878001143453,0.3764895556731958,0.3562037400182635,0.26504847891952943,0.21238698110439583,0.2123869811043958,0.19078628587656962,0.19078628587656965,0.17934296316999865,0.1776070119322027,0.13373589189682053,0.8903159919309157,0.8803172014384114,0.8802156793264255,0.8902156793264255,0.8902156793264255,0.8907999079840596,0.9006580048328331,0.8906061305929553,0.8907018346262783,0.8907278391945778
1259962,Analysis,LIME,0.4834131277091129,0.3415772459744432,0.014494916684309586,0.32533668146406186,0.2359580966437382,0.2359580966437382,0.19118054358792252,0.1545606068318158,0.08817781148260213,0.06694239904789959,0.04674193414298799,0.03675132375096532,0.03675132375096532,0.0,0.0,0.0,0.0,0.0,0.009684983536294272,0.01815673723431924,0.014076203110612494,0.014076203110612494,0.014076203110612494
1259962,Analysis,TreeSHAP,0.4834131277091129,0.37251440181039175,0.0,0.3289455843242206,0.29570133403419746,0.22284243652136357,0.14607274268909853,0.0924385065308253,0.02298665488750538,0.0,0.0,0.0,0.0,0.0,0.0,0.0,0.0,0.0,0.0,0.0,0.0,0.0,0.0
1259962,Analysis,Random,0.4834131277091129,0.18687383650830397,0.0016453758156766223,0.3647545289577192,0.3647545289577192,0.43237688124759316,0.3068167761100351,0.2872050007660436,0.2872050007660436,0.30749395569158205,0.24655645713405883,0.2168143364880261,0.15141544588926803,0.0,0.0,0.0,0.0,0.0,0.0,0.0,0.0,0.0,0.007953962693131688
1047484,Analysis,LIME,0.4500716021705095,0.3700192294972484,0.08505415546153869,0.29815725738891935,0.1733917351851816,0.14021539098168903,0.08568718327633851,0.06688987343833414,0.0072364572924295675,0.0072364572924295675,0.0072364572924295675,0.0072364572924295675,0.0072364572924295675,0.00745678155065046,0.022271589415679315,0.029154723321551765,0.03829244266712695,0.021734393036726075,0.033689361793123346,0.051444147414578166,0.07191229734874499,0.06213015087005604,0.04471871278010602
1047484,Analysis,TreeSHAP,0.4500716021705095,0.3345983280324775,0.018860781322009745,0.33065153514165097,0.16903026360358195,0.1282948141940683,0.04960891323345137,0.05969116042877659,0.10081610687912215,0.08138642794374705,0.09784821621838395,0.07443534608944793,0.06296995764808976,0.015108613563444208,0.015108613563444208,0.00745678155065046,0.0,0.007212381735769484,0.007212381735769484,0.007212381735769484,0.007212381735769484,0.007212381735769484,0.011151103321459159
1047484,Analysis,Random,0.4500716021705095,0.3242281206144407,0.0408011765181304,0.3805625915720023,0.27827050261032843,0.14820424404820975,0.09531107949919695,0.09162817999746975,0.06664081187281655,0.06519416206940039,0.06454221390726766,0.030108430421307147,0.037972599562689585,0.00745678155065046,0.009663724678367298,0.00765183201279375,0.00765183201279375,0.017651832012793748,0.032711701318433636,0.032711701318433636,0.022711701318433634,0.022711701318433634,0.022711701318433634
1877151,Backdoor,LIME,0.3545484972954501,0.2688119287192708,0.13532576648467592,0.24231384662738764,0.16312327459847092,0.11381765308476792,0.0998327603985053,0.0762602558227207,0.04468435929974021,0.03265455871268588,0.03265455871268588,0.028684789583057778,0.02333962892177126,0.00745678155065046,0.022271589415679315,0.022271589415679315,0.022271589415679315,0.04056311374151139,0.04056311374151139,0.05818101896377488,0.06978859334557905,0.07853999083709157,0.11788809109781169
1877151,Backdoor,TreeSHAP,0.3545484972954501,0.17690560770248345,0.004533146825341089,0.28186546530880185,0.2501435121684304,0.1871432109859354,0.1831167151064863,0.1852586618645911,0.16984092851530694,0.16905068120551373,0.1315238089538794,0.1182959483663328,0.10018996345438891,0.0,0.0,0.0,0.0,0.0,0.0,0.0,0.0,0.005345160661286516,0.010727043288156718
1877151,Backdoor,Random,0.3545484972954501,0.12902590667998737,0.008830164328801016,0.4152862046084485,0.31008642125640884,0.2554855740389632,0.23144418824281424,0.2050087575279613,0.20500875752796133,0.2050087575279613,0.17513013648743112,0.16024595267232752,0.09252115626435015,0.00745678155065046,0.00745678155065046,0.0,0.0,0.0,0.0,0.0,0.0,0.0,0.01639365183518195
1473607,Backdoor,LIME,0.34617213319306367,0.29283697708801,0.17735518715730647,0.23018720194878983,0.13339445417674464,0.08932844042023894,0.033091452736718006,0.019251788199109467,0.012261964739239978,0.012261964739239978,0.003574294090456291,0.0,0.0,0.00745678155065046,0.022271589415679315,0.022271589415679315,0.03862918709812042,0.0569207114239525,0.06671053642401915,0.07831811080582332,0.1240448886921455,0.10762250644531246,0.0897083334396158
1473607,Backdoor,TreeSHAP,0.34617213319306367,0.23863741159606291,0.1076708004952129,0.21958620194014147,0.18656862399192334,0.20819435334481148,0.11145255543385879,0.10684456682702713,0.07177828665817719,0.07386414284829586,0.03954510404161498,0.030857433392831295,0.02665594749132616,0.015108613563444208,0.02489843856351087,0.03481952861090423,0.04454731295277552,0.04454731295277552,0.03481952861090423,0.03481952861090423,0.025029703610837575,0.045618690098636304,0.06851764932563353
1473607,Backdoor,Random,0.34617213319306367,0.1392937104718038,0.042941135619221305,0.30773064221181323,0.2713545246630397,0.24895517185514207,0.24173880985925172,0.27615326581581795,0.22149303734046286,0.22149303734046288,0.135612967059029,0.079250355028157,0.06500241603942222,0.00745678155065046,0.00745678155065046,0.00745678155065046,0.00745678155065046,0.00745678155065046,0.017364840856539634,0.017364840856539634,0.025016672869333383,0.02580999142735997,0.02580999142735997
1800457,Backdoor,LIME,0.9479279780896949,0.7469220405418124,0.02428621426764983,0.6958166203896795,0.40555690070913575,0.21250068436574782,0.2125006843657478,0.13742104156194365,0.12747140149177244,0.11166841296756354,0.05841090177989127,0.0387976562447972,0.0099150716025453,0.00745678155065046,0.00745678155065046,0.00745678155065046,0.00745678155065046,0.017120113158587604,0.026909938158654265,0.026909938158654265,0.04599870829084688,0.04549652319165922,0.03795347270085994
1800457,Backdoor,TreeSHAP,0.9479279780896949,0.8431228198038602,0.003901665921592456,0.5323161533115176,0.28854610689669435,0.11687211371705758,0.009862720039576205,0.0,0.01831142540876718,0.02804058360315514,0.018034159960526222,0.018034159960526222,0.018034159960526222,0.0,0.0,0.0,0.0,0.009246245720591507,0.009246245720591507,0.009246245720591507,0.009246245720591507,0.0,0.0
1800457,Backdoor,Random,0.9479279780896949,0.7197999824138719,0.011987201841045795,0.542599528924554,0.4174221957106507,0.38803017172565096,0.27847340954096533,0.18540634198867967,0.13754331266100975,0.0757538505623956,0.08308660514252612,0.08648227025089841,0.08648227025089841,0.00745678155065046,0.016686007690608795,0.016686007690608795,0.016686007690608795,0.009229226139958337,0.009229226139958337,0.009229226139958337,0.009229226139958337,0.009599165429522931,0.009599165429522931
1008491,Backdoor,LIME,0.37086309317108584,0.29220816171959435,0.12281988279393159,0.2579465836861008,0.15899998667055584,0.10886338522863204,0.09487849254236941,0.045944970358668895,0.033388657748198144,0.033388657748198144,0.023070973093224686,0.01676280031846349,0.013304807120503675,0.00745678155065046,0.022271589415679315,0.022271589415679315,0.022271589415679315,0.022271589415679315,0.04056311374151139,0.05217068812331557,0.06978859334557905,0.07853999083709157,0.11788809109781169
1008491,Backdoor,TreeSHAP,0.37086309317108584,0.18878814185346676,0.013328575474715396,0.2771300601672616,0.2465469810053935,0.21985478138753098,0.2194252151796917,0.2197767105948855,0.1683793494529578,0.1445611556646199,0.12645517075267607,0.09931004448558689,0.09931004448558689,0.00745678155065046,0.00745678155065046,0.00745678155065046,0.00745678155065046,0.0,0.0,0.0,0.005381882626870202,0.005381882626870202,0.008839875824830017
1008491,Backdoor,Random,0.37086309317108584,0.06058364499612349,0.03277364111613183,0.40696668409945197,0.3641947245601251,0.3943127368875676,0.34154833456184425,0.3279840892361409,0.31886468395970224,0.2842018931252369,0.2842018931252369,0.22071008282152516,0.15980935937279248,0.00745678155065046,0.00745678155065046,0.00745678155065046,0.00745678155065046,0.00745678155065046,0.00745678155065046,0.00745678155065046,0.00745678155065046,0.021090085867706797,0.04080100091516682
1008404,Backdoor,LIME,0.3706205098392496,0.2894202367235511,0.11501471867800732,0.2585761149818218,0.16574705723938477,0.11816041922336654,0.10417552653710391,0.05046889737504942,0.03341620728023373,0.029446438150605617,0.029446438150605617,0.013955396440049884,0.008610235778763367,0.00745678155065046,0.022271589415679315,0.022271589415679315,0.022271589415679315,0.022271589415679315,0.04056311374151139,0.04056311374151139,0.05217068812331557,0.07853999083709157,0.11788809109781169
1008404,Backdoor,TreeSHAP,0.3706205098392496,0.19218532155536966,0.021340912822776205,0.33648433352692003,0.23158090439901852,0.20325687615143462,0.20107238524429338,0.21007783923835244,0.1779336211260917,0.13531544718441338,0.11720946227246952,0.10398160168492288,0.06743941201088308,0.00745678155065046,0.00745678155065046,0.0,0.0,0.0,0.0,0.0,0.005381882626870202,0.008839875824830017,0.04995847835512182
1008404,Backdoor,Random,0.3706205098392496,0.1694402745593825,0.11011328961059695,0.341091801875249,0.28996682882681196,0.2014237596061903,0.22360913947556657,0.19339121238031431,0.18870392523750798,0.1759196177598812,0.1350004818159289,0.13351499434515365,0.1291805914760672,0.00745678155065046,0.016686007690608795,0.026686007690608794,0.035854657459496606,0.035854657459496606,0.035854657459496606,0.03462195515134521,0.053342191315322765,0.07032833071665107,0.09141718886188692
1045682,Backdoor,LIME,0.4567446905011703,0.37269665364924237,0.004768793585358841,0.29702282512376,0.1655876475093795,0.14127706072888618,0.07653436732619714,0.07203933599043681,0.028815225680292603,0.028815225680292603,0.0201234163625311,0.005132632058751555,0.005132632058751555,0.0,0.0,0.0,0.0,0.001869247017239166,0.001869247017239166,0.001869247017239166,0.001869247017239166,0.007152111716565118,0.007152111716565118
1045682,Backdoor,TreeSHAP,0.4567446905011703,0.39296107515407164,0.007391844049676911,0.24755096721416348,0.11428202795567684,0.035526797825467776,0.036717825840510435,0.08077818666310094,0.04994170327260458,0.03489846861280366,0.018163715079765018,0.009988230503447307,0.009988230503447307,0.0,0.0,0.0,0.0,0.0,0.0,0.0,0.0,0.016880927613512987,0.016880927613512987
1045682,Backdoor,Random,0.4567446905011703,0.2932252598435049,0.0,0.41492688631705166,0.3675281577144008,0.1806066677273618,0.1806066677273618,0.13954481464214857,0.13954481464214857,0.12380758759801325,0.03949291964462942,0.024254347262346633,0.024881443301191547,0.0,0.0,0.0,0.0,0.0,0.0,0.0,0.0,0.0,0.0
1877022,Backdoor,LIME,0.34089908157349263,0.2696052687342796,0.03024811500505423,0.22868602559392012,0.15230834851509042,0.07978379933086327,0.07049150917763844,0.04264239100971159,0.047309020832223526,0.034105501440026734,0.02250897593565036,0.02250897593565036,0.01259358062135566,0.0,0.0,0.0,0.0,0.0021578436361655066,0.004027090653404672,0.012121214873183643,0.015055334378995096,0.028260205503606983,0.041493857200167794
1877022,Backdoor,TreeSHAP,0.34089908157349263,0.21445481713443618,0.0029987201767974446,0.23279717365846583,0.21941485659883575,0.16235094675275807,0.14663238404167372,0.13362655942864268,0.09352596378851848,0.099545135667204,0.07862170422328414,0.058733843351047754,0.03919407688013422,0.0,0.0,0.0,0.0,0.0,0.0,0.0,0.0,0.005111304770830751,0.005111304770830751
1877022,Backdoor,Random,0.34089908157349263,0.16707725171569682,0.0,0.32619181045301365,0.24144367276796458,0.21508501344405076,0.18285319501448258,0.18285319501448258,0.1196921673327819,0.1272205517821842,0.1142928975896658,0.1142928975896658,0.1142928975896658,0.0,0.0,0.0,0.0,0.0,0.0,0.0,0.0,0.0,0.0
1895916,Backdoor,LIME,0.8762532719137718,0.7417162982520499,0.04785850618432146,0.5369973648966022,0.28941546657841877,0.1530342291747271,0.10369766122512632,0.07611925594117408,0.07611925594117408,0.0299965168487488,0.0299965168487488,0.0299965168487488,0.019996952313750885,0.00745678155065046,0.022271589415679315,0.022271589415679315,0.03193492102361646,0.04172474602368312,0.04172474602368312,0.050953972163641455,0.060861318999036566,0.07008869081558133,0.0700733708979205
1895916,Backdoor,TreeSHAP,0.8762532719137718,0.6245954853343502,0.002185489280549937,0.7350723445730245,0.571472241357135,0.4035943258047348,0.20957429515685128,0.12389378189332226,0.07400724641661398,0.08218292061283834,0.10327234535919765,0.09873170373328702,0.11477666088721133,0.0,0.0,0.0,0.0,0.0,0.0,0.0,0.009150856793145656,0.0,0.009999564534997918
1895916,Backdoor,Random,0.8762532719137718,0.4619062795384066,0.009503804497582846,0.7319037609349902,0.6007228335942432,0.6007228335942432,0.48104673076399357,0.4810467307639935,0.3277930734321361,0.2557136719831793,0.25571367198317935,0.21898685862128162,0.18981975808241244,0.00745678155065046,0.0,0.0,0.00923013633325349,0.00923013633325349,0.0,0.009508420108331535,0.009508420108331535,0.01917175171626868,0.01917175171626868
1434580,Backdoor,LIME,0.27234954211304796,0.21082467152644085,0.14951519239804179,0.19447865946569148,0.13076397227444006,0.08306322710595694,0.06907833441969433,0.03858726842506579,0.025141733395116383,0.025141733395116383,0.020732569448091605,0.016115488533263084,0.012145719403634974,0.00745678155065046,0.022271589415679315,0.022271589415679315,0.022271589415679315,0.022271589415679315,0.04056311374151139,0.05217068812331557,0.06978859334557903,0.0696935049851116,0.07844490247662413
1434580,Backdoor,TreeSHAP,0.27234954211304796,0.061967127233688156,0.015467253918828423,0.3642450567149808,0.30926408528160726,0.22696820722804098,0.20240481866321058,0.20250576768790096,0.23095522846019675,0.16162064619945637,0.15286566770040655,0.13875582847451656,0.11423884238328115,0.00745678155065046,0.00745678155065046,0.00745678155065046,0.00745678155065046,0.0,0.0,0.0,0.0,0.003457993197959816,0.008839875824830017
1434580,Backdoor,Random,0.27234954211304796,0.04129182331592944,0.04145765757426763,0.2542924981523753,0.21858353504350297,0.21858353504350297,0.30604222958295374,0.27134938075425286,0.26666209361144655,0.18383463373138284,0.18383463373138287,0.20609709286108902,0.20129755545929612,0.00745678155065046,0.00745678155065046,0.00745678155065046,0.00745678155065046,0.00745678155065046,0.00745678155065046,0.017042262817602617,0.017042262817602617,0.017042262817602617,0.017042262817602617
1008380,Backdoor,LIME,0.2670529531710719,0.21003258623810125,0.154731212600097,0.1659856639888736,0.12004041547049188,0.0859790703135313,0.0719941776272687,0.040576572820031936,0.027131037790082534,0.017925165569677996,0.017925165569677996,0.013308084654849476,0.009338315525221366,0.00745678155065046,0.022271589415679315,0.022271589415679315,0.022271589415679315,0.022271589415679315,0.04056311374151139,0.05818101896377488,0.06978859334557905,0.0696935049851116,0.07844490247662413
1008380,Backdoor,TreeSHAP,0.2670529531710719,0.049245418103209905,0.00958756835295969,0.40013572335955333,0.30926408528160726,0.2784020119031075,0.21646398167574937,0.185184361425366,0.17581356807003845,0.20426302884233427,0.15286566770040655,0.13875582847451656,0.11692709394594086,0.00745678155065046,0.00745678155065046,0.0,0.0,0.0,0.0,0.0,0.0,0.005345160661286516,0.005345160661286516
1008380,Backdoor,Random,0.2670529531710719,0.07191240923453084,0.0036658740837048074,0.2400049029572702,0.22164772855104098,0.20671536322717887,0.20671536322717887,0.2067153632271789,0.20671536322717887,0.20671536322717887,0.18954219711255335,0.14288322083646063,0.1237505737721913,0.0,0.0,0.0,0.0,0.0,0.0,0.0,0.0,0.00978982500006666,0.0
1047411,Backdoor,LIME,0.41348101977558527,0.36127148139843807,0.047618056206323346,0.2850348836953588,0.1612340565672133,0.012674918005317426,0.01856969320336575,0.01856969320336575,0.015746874979347663,0.005132632058751555,0.005132632058751555,0.0,0.0,0.0,0.0,0.0,0.005698760194802029,0.010132229579932888,0.018226353799711856,0.018226353799711856,0.03736850635524719,0.04072287557531646,0.06651654509449485
1047411,Backdoor,TreeSHAP,0.41348101977558527,0.3526506394380267,0.0300162209668137,0.08863122170192296,0.11255419454669946,0.06308969520567871,0.02875213092528085,0.04599131356123778,0.0917195752116332,0.06816784751897015,0.045839857161335935,0.037275682138547137,0.02628228540427921,0.0,0.005698760194802029,0.005698760194802029,0.005698760194802029,0.009044058105886316,0.009044058105886316,0.022231744938873903,0.022231744938873903,0.022231744938873903,0.022231744938873903
1047411,Backdoor,Random,0.41348101977558527,0.2781648987437567,0.0,0.2854750891855267,0.2385150480065988,0.1669927376673443,0.10516036039978509,0.10516036039978509,0.0927274191590226,0.0927274191590226,0.10206675903896231,0.0821680086511188,0.0821680086511188,0.0,0.0,0.0,0.0,0.0,0.0,0.0,0.0,0.0,0.0
1549928,Backdoor,LIME,0.9975255798933732,0.8872245465540708,0.03281405499890241,0.5258396061936752,0.20335007030308258,0.1373489236164003,0.07782406775588667,0.03961892858023203,0.029702179634507705,0.029702179634507705,0.029702179634507705,0.009962731551777982,0.019959466488445887,0.00745678155065046,0.022271589415679315,0.029154723321551765,0.03829244266712695,0.029701455726826875,0.03748796054400961,0.03748796054400961,0.03748796054400961,0.029701455726826875,0.058286262373640645
1549928,Backdoor,TreeSHAP,0.9975255798933732,0.709124783285805,0.0039342777444338626,0.7332181527978671,0.5613398854584708,0.48906983868867465,0.3920739285108914,0.24339583758722314,0.12541592410735422,0.09854598586218398,0.08616897670243268,0.078094788927656,0.07668464743292688,0.0,0.0,0.0,0.0,0.019246003790908038,0.009999758070316535,0.0,0.0,0.0,0.009999665023555234
1549928,Backdoor,Random,0.9975255798933732,0.5331043541868533,0.02078529266578145,0.9075970574397636,0.9075970574397637,0.7980689192976739,0.3487687715722385,0.3187687501141239,0.3187687501141239,0.3187687501141239,0.28877852418634775,0.22851834086805997,0.20857733591897887,0.00745678155065046,0.00745678155065046,0.017120113158587604,0.017120113158587604,0.017120113158587604,0.017120113158587604,0.017120113158587604,0.03560816076754409,0.03560816076754409,0.03560816076754409
1048928,Backdoor,LIME,0.4905434397752967,0.43419068927300863,0.024989110568483602,0.31616029550393454,0.18489376509789626,0.012674918005317426,0.01856969320336575,0.01856969320336575,0.006329570004500597,0.006329570004500597,0.0,0.0,0.0,0.0,0.0,0.0,0.005698760194802029,0.010132229579932888,0.010132229579932888,0.01876526570993161,0.01876526570993161,0.021504493313026472,0.03758419846433418
1048928,Backdoor,TreeSHAP,0.4905434397752967,0.4385882833094499,0.029784655921760238,0.08863122170192295,0.11255419454669946,0.06308969520567871,0.02875213092528085,0.04599131356123778,0.037539543827448445,0.06088309182113685,0.045839857161335935,0.02628228540427921,0.009988230503447307,0.0,0.005698760194802029,0.005698760194802029,0.005698760194802029,0.009416988780656338,0.009416988780656338,0.009416988780656338,0.022604675613643925,0.022604675613643925,0.05555007753017632
1048928,Backdoor,Random,0.4905434397752967,0.2430799244664105,0.0,0.4299224119902288,0.30647875471178027,0.3039921453067894,0.2630220190809674,0.23663797721992932,0.2084114363933525,0.20524840803366107,0.20338435443604488,0.15876882295805417,0.15876882295805414,0.0,0.0,0.0,0.0,0.0,0.0,0.0,0.0,0.0,0.0
1712899,Backdoor,LIME,0.36132649705411524,0.28624755772495897,0.02510353807233486,0.24209859028525785,0.16269964164074133,0.09947664105517379,0.07660981787423818,0.06287213716730053,0.05782949543159978,0.019144763072491338,0.010019435588253078,0.010019435588253078,0.010019435588253078,0.0,0.0,0.0,0.0,0.0,0.001869247017239166,0.004027090653404672,0.015055334378995096,0.028260205503606983,0.041493857200167794
1712899,Backdoor,TreeSHAP,0.36132649705411524,0.1945829127907393,0.003199462091198207,0.2753382770148378,0.20037489092948058,0.18264214120078656,0.22551701395952214,0.1966547699719601,0.18439164561218901,0.17011691319304212,0.10727661623325523,0.07672343322756724,0.048400141291118394,0.0,0.0,0.0,0.0,0.0,0.0,0.0,0.0,0.005780252149350411,0.005780252149350411
1712899,Backdoor,Random,0.36132649705411524,0.17976778134244198,0.002530583852491975,0.3014791936326608,0.25433486474907335,0.2095512745585721,0.20955127455857211,0.20955127455857211,0.1571124120928683,0.14782410552585284,0.13297965783487137,0.09729318144055726,0.09590991816513236,0.0,0.0,0.0,0.0,0.0,0.0,0.0,0.0,0.004571834994613166,0.004571834994613166
1010603,Backdoor,LIME,0.8501071610692742,0.7295903221285066,0.035141897333479076,0.48152465986682885,0.24894205902826902,0.17327373255189674,0.09887243805299219,0.06372115747232819,0.03454151841871364,0.03454151841871364,0.03454151841871364,0.017604893589610267,0.017604893589610267,0.00745678155065046,0.022271589415679315,0.029154723321551765,0.03829244266712695,0.029701455726826875,0.03748796054400961,0.03748796054400961,0.03748796054400961,0.029701455726826875,0.029701455726826875
1010603,Backdoor,TreeSHAP,0.8501071610692742,0.5709101856638416,0.0047051753135398736,0.620168355353188,0.5343596570943676,0.45396003020685277,0.3933453049871967,0.26206443118634276,0.15832777240813137,0.11111077240269497,0.09750222669125302,0.08056560186214964,0.08056560186214964,0.0,0.0,0.0,0.0,0.0,0.0,0.009999758070316535,0.009999758070316535,0.009999758070316535,0.009999758070316535
1010603,Backdoor,Random,0.8501071610692742,0.46910729856310757,0.013177309925555334,0.7069564627724351,0.6161971240145925,0.42487313734299476,0.3875099363758717,0.3355151416787411,0.31730458076690193,0.31730458076690193,0.24027342257391865,0.23848961275996447,0.2255746260093437,0.00745678155065046,0.00745678155065046,0.00745678155065046,0.00745678155065046,0.00745678155065046,0.00745678155065046,0.00745678155065046,0.016686007690608795,0.016686007690608795,0.02645176907766731
1047750,Backdoor,LIME,0.44777983082930584,0.39656843764628896,0.042689975255803786,0.29440827797496566,0.16079788235276182,0.012674918005317426,0.01856969320336575,0.005132632058751555,0.005132632058751555,0.005132632058751555,0.005132632058751555,0.005132632058751555,0.0,0.0,0.0,0.0,0.005698760194802029,0.005698760194802029,0.010132229579932888,0.010132229579932888,0.038449434593119156,0.05452913974442687,0.06651654509449485
1047750,Backdoor,TreeSHAP,0.44777983082930584,0.39743462032005306,0.02889993118464815,0.08863122170192295,0.11255419454669946,0.06308969520567871,0.02875213092528085,0.04599131356123778,0.037539543827448445,0.06088309182113685,0.0355115488904125,0.020511134109263262,0.009988230503447307,0.0,0.005698760194802029,0.005698760194802029,0.005698760194802029,0.0,0.0,0.0,0.020504279844864696,0.04590375126956626,0.04590375126956626
1047750,Backdoor,Random,0.44777983082930584,0.38397658806209223,0.004478919751335884,0.08863122170192296,0.0858895213719042,0.08588952137190421,0.06079227383006575,0.06079227383006575,0.04841305093561994,0.054165266782336643,0.05416526678233663,0.054165266782336643,0.045128764283643104,0.0,0.0,0.0,0.0,0.0,0.0,0.0,0.006685233095170729,0.006685233095170729,0.006685233095170729
1049729,Backdoor,LIME,0.45645425479069046,0.4037749622574098,0.023433401628021308,0.29724765641842427,0.1588514574642343,0.012674918005317426,0.01856969320336575,0.01856969320336575,0.015746874979347663,0.005132632058751555,0.0,0.0,0.0,0.0,0.0,0.0,0.005698760194802029,0.010132229579932888,0.018226353799711856,0.018226353799711856,0.018226353799711856,0.018226353799711856,0.018226353799711856
1049729,Backdoor,TreeSHAP,0.45645425479069046,0.3990810951864252,0.02363105071158016,0.08863122170192295,0.11255419454669946,0.06308969520567871,0.02875213092528085,0.04599131356123778,0.0917195752116332,0.06088309182113685,0.045839857161335935,0.02628228540427921,0.009988230503447307,0.0,0.005698760194802029,0.005698760194802029,0.005698760194802029,0.003002983917547305,0.003002983917547305,0.003002983917547305,0.016190670750534895,0.016190670750534895,0.04937836258663559
1049729,Backdoor,Random,0.45645425479069046,0.2528367287620462,0.005690921825702301,0.30476846415467423,0.2874554426987971,0.24815031086098716,0.22548079145153424,0.2254807914515343,0.20363696136827955,0.17554314986515998,0.12058233234778974,0.12058233234778974,0.12449468373989633,0.0,0.0,0.0,0.0,0.0,0.0,0.0,0.00865881827007673,0.00865881827007673,0.00865881827007673
1607651,Backdoor,LIME,0.5567814244762919,0.4702789606864656,0.012116126472651242,0.3951614221601727,0.2203335700711255,0.05879587556011225,0.05879587556011225,0.05148364754317344,0.05148364754317343,0.01772531551779302,0.01124528394260082,0.0,0.0,0.0,0.0,0.0,0.0035940702666624833,0.0035940702666624833,0.0035940702666624833,0.012011273658947625,0.012011273658947625,0.012011273658947625,0.02064430978894635
1607651,Backdoor,TreeSHAP,0.5567814244762919,0.43540935477010334,0.0,0.27771433226319053,0.2733154217071746,0.18809094353919942,0.1172021062087012,0.1172021062087012,0.08239920330662417,0.04148933755160207,0.03331875904135223,0.041494243617669936,0.041494243617669936,0.0,0.0,0.0,0.0,0.0,0.0,0.0,0.0,0.0,0.0
1607651,Backdoor,Random,0.5567814244762919,0.27968543494829445,0.0,0.5436230001321134,0.4909350402648287,0.34712920207863573,0.24149351521926796,0.2386075539107382,0.21204868249939554,0.19287169917741795,0.19287169917741795,0.16227358977899492,0.14910591304116383,0.0,0.0,0.0,0.0,0.0,0.0,0.0,0.0,0.0,0.0
996567,Backdoor,LIME,0.40733483073600274,0.3307937857804912,0.08794712634547532,0.28206651235312497,0.1884511757071505,0.11975676951462548,0.051113505282441414,0.03881304654647854,0.030916634729122025,0.02613144220713161,0.01053675133502642,0.01053675133502642,0.007087860544988026,0.00745678155065046,0.00745678155065046,0.029154723321551765,0.03829244266712695,0.03133355846624901,0.04774825600132668,0.04774825600132668,0.04774825600132668,0.05935583038313085,0.04194439229318082
996567,Backdoor,TreeSHAP,0.40733483073600274,0.23566489521676606,0.007763617392733894,0.3606549222454024,0.2964347561145548,0.2581407789511049,0.17370569089023163,0.15453543326960031,0.14458930754884824,0.12160924154077535,0.07285641702668388,0.07799477126240666,0.05617803634275849,0.00745678155065046,0.00745678155065046,0.00745678155065046,0.0,0.0,0.0,0.0,0.0,0.0,0.009253573113732096
996567,Backdoor,Random,0.40733483073600274,0.242619389271805,0.026238425924722194,0.282066512353125,0.23906363328904678,0.23005820745903222,0.1812549336908945,0.18125493369089443,0.11388691475814305,0.10825208838598856,0.11721117466824266,0.09705300817330512,0.09705300817330512,0.00745678155065046,0.00745678155065046,0.00745678155065046,0.01739883013279422,0.01739883013279422,0.00994204858214376,0.00994204858214376,0.00994204858214376,0.00994204858214376,0.00994204858214376
1048137,Backdoor,LIME,0.39494442113819145,0.31790652700494054,0.09129425670780747,0.28099391068201657,0.2007985953182645,0.11582627230162096,0.0767471651633931,0.05983071140506687,0.0072364572924295675,0.0072364572924295675,0.0072364572924295675,0.0072364572924295675,0.0072364572924295675,0.00745678155065046,0.00745678155065046,0.029154723321551765,0.03829244266712695,0.021734393036726075,0.033689361793123346,0.04437536524860123,0.04437536524860123,0.06055232180003519,0.07347403746999807
1048137,Backdoor,TreeSHAP,0.39494442113819145,0.27947114700015946,0.015851041735743067,0.33065153514165097,0.16903026360358195,0.1282948141940683,0.04960891323345137,0.05969116042877659,0.10081610687912215,0.08138642794374705,0.09784821621838395,0.07443534608944793,0.06296995764808976,0.015108613563444208,0.015108613563444208,0.00745678155065046,0.0,0.003498345794062505,0.003498345794062505,0.003498345794062505,0.003498345794062505,0.003498345794062505,0.0074370673797521806
1048137,Backdoor,Random,0.39494442113819145,0.08818481174744962,0.004026372135006484,0.33286893510214327,0.3633690616547795,0.36336906165477956,0.3464791980408887,0.34271653879414943,0.3373315522787049,0.2709739674997543,0.2709739674997542,0.23142083654620904,0.20809297483625538,0.0,0.0,0.0,0.0,0.0,0.0,0.0,0.0,0.0,0.015901932121470796
1580263,Backdoor,LIME,0.7105964211591218,0.5580965086972816,0.0584746323990422,0.47406050508399794,0.2762197805806047,0.21765953815680547,0.14894961946113588,0.14894961946113594,0.0785239341081181,0.06405218266702502,0.03886131503319313,0.03886131503319313,0.03886131503319313,0.00745678155065046,0.022271589415679315,0.022271589415679315,0.02946997736157563,0.02946997736157563,0.03913330896951278,0.05305504437940702,0.0720797543771253,0.07015531114117032,0.07015531114117032
1580263,Backdoor,TreeSHAP,0.7105964211591218,0.2143572933641221,0.01049369421040285,0.7237354604748059,0.676098585607991,0.5214495271911744,0.4791037812647423,0.4701933027641789,0.4701933027641788,0.44714051290101653,0.410325969839513,0.37684040752329906,0.3873104276190969,0.00745678155065046,0.00745678155065046,0.00745678155065046,0.00745678155065046,0.00745678155065046,0.00745678155065046,0.00745678155065046,0.00745678155065046,0.00745678155065046,0.00745678155065046
1580263,Backdoor,Random,0.7105964211591218,0.3134925016169334,0.026630166908055152,0.7104682602315411,0.7104682602315411,0.6746833048213374,0.5453342378992798,0.32556330474585005,0.2743267582086164,0.20610216743283652,0.1746976339502938,0.1746976339502938,0.1746976339502938,0.00745678155065046,0.00745678155065046,0.00745678155065046,0.017120113158587604,0.024957092531133616,0.024957092531133616,0.024957092531133616,0.024957092531133616,0.024957092531133616,0.024957092531133616
1962085,Backdoor,LIME,0.3088730489182961,0.14832676864441743,0.7741692516731872,0.2506970335930203,0.22844310508830945,0.1916732884169451,0.1414711222460722,0.1644356976885736,0.15709731201161856,0.16049858029429845,0.11892028182555058,0.0903466514285239,0.10187973014587452,0.12753053236330758,0.17831189992712176,0.24698781393655836,0.2857543888860853,0.3057578814529729,0.3261618866192617,0.24362022655002505,0.24578927178240348,0.21564313495659712,0.21564313495659715
1962085,Backdoor,TreeSHAP,0.3088730489182961,0.07452189807306286,0.22913961074843514,0.21408660560620643,0.204865656489371,0.22782916655904187,0.24727869809757475,0.23265532640399375,0.24321568035576507,0.23776056714679022,0.25645849243221136,0.24830058319205522,0.23106073216932263,0.03038427538735301,0.03038427538735301,0.03934541651406834,0.05292598194499734,0.05292598194499734,0.09391294505970556,0.10525487147582055,0.10031585216942024,0.10557700879466282,0.09672389331982906
1962085,Backdoor,Random,0.3088730489182961,-0.007139353468032611,0.17603906279953094,0.3088730489182961,0.3031870476984712,0.2669197558778688,0.2800266090922544,0.31627014099387174,0.3601055684415125,0.34319178275659384,0.33242165196142237,0.32032014403852666,0.3288082740844694,0.014218347587063083,0.014598399383396354,0.020941621594352054,0.042443503978268786,0.0692630983722138,0.04872225640168125,0.05975580212220153,0.07975580212220153,0.09258222408668647,0.10145616490804028
1048424,Backdoor,LIME,0.4018691655213179,0.35414493028683897,0.03481695104676415,0.26370826173250717,0.14753811641443393,0.012674918005317426,0.012674918005317426,0.01856969320336575,0.015746874979347663,0.006329570004500597,0.0,0.0,0.0,0.0,0.0,0.0,0.0,0.010132229579932888,0.018226353799711856,0.018226353799711856,0.018226353799711856,0.03484497086123932,0.04026232879128907
1048424,Backdoor,TreeSHAP,0.4018691655213179,0.3421381248571861,0.017380539217471083,0.08863122170192295,0.11255419454669946,0.06308969520567871,0.02875213092528085,0.04599131356123778,0.0917195752116332,0.06816784751897015,0.045839857161335935,0.02628228540427921,0.02628228540427921,0.0,0.005698760194802029,0.005698760194802029,0.005698760194802029,0.0,0.0,0.01318768683298759,0.01318768683298759,0.01318768683298759,0.01318768683298759
1048424,Backdoor,Random,0.4018691655213179,0.20003661828181465,0.0,0.3570430073042521,0.3570430073042521,0.3103220665330128,0.2065739946317922,0.16675227004439017,0.14802441323559,0.15076364083868488,0.13231113427734467,0.09474596911285678,0.09474596911285678,0.0,0.0,0.0,0.0,0.0,0.0,0.0,0.0,0.0,0.0
1139085,Backdoor,LIME,0.9646560594918308,0.8219853205121093,0.03253340851629109,0.5585362436319975,0.281438600271356,0.12669223647585903,0.12669223647585903,0.12669223647585903,0.06842206361691186,0.049116886424685834,0.049116886424685834,0.02,0.02,0.00745678155065046,0.022271589415679315,0.022271589415679315,0.022271589415679315,0.022271589415679315,0.03193492102361646,0.04172474602368312,0.04172474602368312,0.050953972163641455,0.050953972163641455
1139085,Backdoor,TreeSHAP,0.9646560594918308,0.6732601926119767,0.005751010816515671,0.7245692117825833,0.5516983459072456,0.5072122684664331,0.32444287393697735,0.2071132017481101,0.24717161811280483,0.14507170979447237,0.07868364063143833,0.059702969956602486,0.06829282846187339,0.0,0.0,0.0,0.009246245720591507,0.009246245720591507,0.009246245720591507,0.009246245720591507,0.009246245720591507,0.009246245720591507,0.0
1139085,Backdoor,Random,0.9646560594918308,0.44657797909417873,0.004590552007191939,0.9554138856662278,0.8161776397197431,0.7289825178839588,0.6476137246817005,0.5512007260076116,0.4842231317434795,0.2884512089981684,0.2891825308610164,0.26918253086101646,0.15035290755359823,0.00745678155065046,0.017246606550717122,0.00978982500006666,0.00978982500006666,0.0,0.0,0.0,0.0,0.0,0.0
1712824,Backdoor,LIME,0.4371450576455708,0.36244999311782405,0.01832218532344401,0.2568528643406313,0.16357816958681032,0.09650238946618053,0.0714694006865386,0.07085008315830346,0.03932093177000275,0.025111778549022024,0.013515253044645648,0.007681622323694248,0.0020681523516392296,0.0,0.0,0.0,0.0,0.001869247017239166,0.004027090653404672,0.012121214873183643,0.015055334378995096,0.020457138030925203,0.026564502640349853
1712824,Backdoor,TreeSHAP,0.4371450576455708,0.25986529839168476,0.003082785030226681,0.2595537725217876,0.3300856137450064,0.30949138803265747,0.22551701395952214,0.1966547699719601,0.11927092384921062,0.10686204447229754,0.09518792046618302,0.061863157595097515,0.06831098792513828,0.0,0.0,0.0,0.0,0.0,0.0,0.0,0.0,0.004182468813321351,0.009293773584152103
1712824,Backdoor,Random,0.4371450576455708,0.2369807724308015,0.0011419193443436713,0.3930962731582038,0.35948800527071256,0.2985210740894837,0.2985210740894837,0.17789920612501675,0.12889634487482224,0.10991714726681394,0.07846021387770172,0.07846021387770172,0.07838329951775296,0.0,0.0,0.0,0.0,0.0,0.0,0.0,0.0,0.002495921988048533,0.002495921988048533
1330003,Backdoor,LIME,0.7574994542458933,0.5901283042090505,0.016521856678114368,0.5788472993614221,0.35647412739409323,0.2074650581346247,0.14653674007815554,0.1465367400781555,0.0988511653509484,0.08035414059764862,0.019548743124459988,0.019548743124459988,0.019548743124459988,0.00745678155065046,0.00745678155065046,0.00745678155065046,0.01465516949654678,0.01465516949654678,0.01465516949654678,0.00745678155065046,0.017120113158587604,0.017120113158587604,0.017120113158587604
1330003,Backdoor,TreeSHAP,0.7574994542458933,0.6135161782316776,0.0,0.450949216521634,0.1972470288384707,0.15750215516750876,0.13409809224470556,0.12068125418063536,0.09565115404270257,0.06575440050828886,0.07576620946125551,0.07109162458847795,0.07109162458847795,0.0,0.0,0.0,0.0,0.0,0.0,0.0,0.0,0.0,0.0
1330003,Backdoor,Random,0.7574994542458933,0.3868418730765594,0.009940985135296945,0.7038598102480556,0.6305064251436363,0.550896576809002,0.4257604917706248,0.4149814857334839,0.38761290301432544,0.21633840004954927,0.21633840004954927,0.08500523853475023,0.07527608034036228,0.00745678155065046,0.00745678155065046,0.00745678155065046,0.00745678155065046,0.00745678155065046,0.00745678155065046,0.00745678155065046,0.00745678155065046,0.007824327870668035,0.007824327870668035
1324018,Backdoor,LIME,0.9876141631068661,0.8415487852597231,0.028000840622127005,0.6191855245639439,0.319807648440948,0.22433143004346273,0.12476863180192535,0.07720639629842688,0.038231273387052386,0.038231273387052386,0.0,0.0,0.01889160054861926,0.00745678155065046,0.022271589415679315,0.029154723321551765,0.03829244266712695,0.029701455726826875,0.03748796054400961,0.03748796054400961,0.029701455726826875,0.029701455726826875,0.015284442549598693
1324018,Backdoor,TreeSHAP,0.9876141631068661,0.6844039052847369,0.0,0.7300272186711529,0.5714287513735148,0.5096888478675875,0.48175420746371245,0.2776437101798628,0.15495939070873707,0.09502464193754065,0.061083294421550416,0.06380859391864012,0.08668392167899278,0.0,0.0,0.0,0.0,0.0,0.0,0.0,0.0,0.0,0.0
1324018,Backdoor,Random,0.9876141631068661,0.4865946805267523,0.01606098078898693,0.8805484131111747,0.7805603769617181,0.6765676985893561,0.5853753881565629,0.5853753881565629,0.3894197117095352,0.3894197117095352,0.33085713789794596,0.2112102102674718,0.18086078924127577,0.017120113158587604,0.017120113158587604,0.017120113158587604,0.017120113158587604,0.017120113158587604,0.0,0.0,0.01978837359753455,0.025440326684528215,0.02779125493090703
1081413,Backdoor,LIME,0.9936014257818683,0.8481824997102774,0.043810369403802396,0.6355343063907899,0.39360116422594876,0.21620250623171391,0.061454958299867926,0.031208910588516273,0.031208910588516273,0.031208910588516273,0.021256531267346866,0.021256531267346866,0.011256531267346865,0.00745678155065046,0.022271589415679315,0.029154723321551765,0.03829244266712695,0.03133355846624901,0.038103349429165656,0.04971092381096982,0.07590776782473645,0.0661256213460475,0.07694369720430706
1081413,Backdoor,TreeSHAP,0.9936014257818683,0.8603306906711724,0.02525184788244662,0.43317623010911,0.24927677953705452,0.15681740136993091,0.11264132938800848,0.06531092004433445,0.056424314803862646,0.07392139449184844,0.07636431157709427,0.07274657074009525,0.036028099045619294,0.0,0.0,0.01638492198970714,0.02279718610341229,0.016412264113705152,0.052635992689287835,0.052635992689287835,0.026372035688381246,0.026372035688381246,0.03729229163409541
1081413,Backdoor,Random,0.9936014257818683,0.6723322369921843,0.006123575083067539,0.9736629080018748,0.6114425482375913,0.6114425482375911,0.335444089977854,0.17580252418404463,0.14976409972094737,0.12976453518594944,0.12083748463147646,0.05453589567271055,0.04999525404679993,0.00745678155065046,0.00745678155065046,0.00745678155065046,0.0,0.006412264113705152,0.006412264113705152,0.006412264113705152,0.006412264113705152,0.006412264113705152,0.006412264113705152
29559,Backdoor,LIME,0.2702812135479517,0.23733970325287385,0.21335967167992617,0.1640747544253461,0.09466948701213546,0.055090843322674686,0.009460680893939128,0.00611933729668287,0.0,0.0,0.0,0.0,0.0,0.00745678155065046,0.022271589415679315,0.022271589415679315,0.03862918709812042,0.0569207114239525,0.06671053642401915,0.10257777031810703,0.10325345581768124,0.0798487894473815,0.07673069892715896
29559,Backdoor,TreeSHAP,0.2702812135479517,0.12827176788629588,0.03805235569286959,0.1961041897197223,0.16112726544652703,0.16275515974812738,0.17470221725198834,0.17840147459855324,0.12676872378740422,0.12270690531934518,0.10941255644254926,0.09755593632813798,0.09056002797420325,0.015108613563444208,0.015108613563444208,0.015941796427042153,0.00745678155065046,0.00745678155065046,0.00745678155065046,0.00745678155065046,0.008954072997912876,0.008954072997912876,0.008954072997912876
29559,Backdoor,Random,0.2702812135479517,0.07025181000752641,0.040101100011136766,0.2607989727135993,0.2092574537153399,0.17371811399861087,0.23896117565251615,0.23896117565251612,0.19031265531642222,0.18592879643775703,0.18592879643775703,0.18592879643775703,0.13049809904197734,0.00745678155065046,0.00745678155065046,0.013093102258929401,0.013093102258929401,0.013093102258929401,0.013093102258929401,0.013093102258929401,0.013093102258929401,0.00745678155065046,0.00745678155065046
1769578,Backdoor,LIME,0.9640299387868009,0.7536204483787464,0.023682654399013334,0.7096730563980893,0.417371582955228,0.2141355914989553,0.2141355914989553,0.1370716721458517,0.12784244600589337,0.11229420681994216,0.10260254729078641,0.049131551858359795,0.019836657608483604,0.00745678155065046,0.00745678155065046,0.00745678155065046,0.00745678155065046,0.017120113158587604,0.026909938158654265,0.026909938158654265,0.0348603971591899,0.05394916729138252,0.03873119857682746
1769578,Backdoor,TreeSHAP,0.9640299387868009,0.8559865235607921,0.0028773729990878485,0.5441540086056519,0.307567203213994,0.10759165482269234,0.009862720039576205,0.029115502093439244,0.0,0.02804058360315514,0.018034159960526222,0.018034159960526222,0.018034159960526222,0.0,0.0,0.0,0.0,0.0,0.009246245720591507,0.009246245720591507,0.009246245720591507,0.0,0.0
1769578,Backdoor,Random,0.9640299387868009,0.4749213855921835,0.004922749765466124,0.9640299387868009,0.5441540086056519,0.5341817694786605,0.5416125117239702,0.5416125117239702,0.5416125117239702,0.4043596855473097,0.4043596855473097,0.2318011292374565,0.18336177957107389,0.00745678155065046,0.0,0.0,0.0,0.0,0.0,0.01,0.01,0.01,0.01
1046682,Backdoor,LIME,0.4723194455385038,0.42182351770043996,0.03991107677562382,0.3049885994206038,0.1635934356925994,0.012674918005317426,0.01856969320336575,0.005132632058751555,0.0,0.0,0.0,0.0,0.0,0.0,0.0,0.0,0.005698760194802029,0.005698760194802029,0.005698760194802029,0.013792884414581,0.030411501476108462,0.06069056496548261,0.06651654509449485
1046682,Backdoor,TreeSHAP,0.4723194455385038,0.41844789154820533,0.019830387696993804,0.08863122170192295,0.11255419454669946,0.06308969520567871,0.02875213092528085,0.04599131356123778,0.037539543827448445,0.06088309182113685,0.045839857161335935,0.037275682138547137,0.01815880901369715,0.0,0.005698760194802029,0.005698760194802029,0.005698760194802029,0.0,0.0,0.0,0.01318768683298759,0.01318768683298759,0.050191122968195535
1046682,Backdoor,Random,0.4723194455385038,0.24842946804237848,0.008861560896189218,0.32398313575015975,0.30618116900384856,0.30153082682086974,0.29805563071479096,0.2352602949115007,0.2352602949115007,0.15550961333697777,0.1347096339082114,0.12599960558455423,0.12240957001883934,0.0,0.0,0.0,0.0,0.008370975058187556,0.008370975058187556,0.008370975058187556,0.008370975058187556,0.008370975058187556,0.0
1877144,Backdoor,LIME,0.3948560266874477,0.30286486680837416,0.023715559104665645,0.2675463585366921,0.16931986638619712,0.11080220349422416,0.09045074955651837,0.0925706596313781,0.06436827803566518,0.05250362847377736,0.0280057053727283,0.022172074651776893,0.022172074651776893,0.0,0.0,0.0,0.0,0.001869247017239166,0.001869247017239166,0.012897490742829589,0.015055334378995096,0.020457138030925203,0.041493857200167794
1877144,Backdoor,TreeSHAP,0.3948560266874477,0.23478801515007852,0.0,0.27919814686614214,0.2608955568862388,0.1881207250834143,0.22551701395952214,0.19665476997196013,0.11927092384921063,0.10686204447229754,0.10727661623325523,0.06799499616257398,0.04888932188907656,0.0,0.0,0.0,0.0,0.0,0.0,0.0,0.0,0.0,0.0
1877144,Backdoor,Random,0.3948560266874477,0.23030190728724947,0.0,0.34994708653391576,0.27471480170428814,0.16893553983904996,0.16893553983904996,0.16893553983904996,0.16893553983904996,0.1274951373985932,0.09649530490223766,0.06967329361215274,0.05147341049459461,0.0,0.0,0.0,0.0,0.0,0.0,0.0,0.0,0.0,0.0
1434528,Backdoor,LIME,0.2767184321002243,0.21464091606882313,0.04176409074349185,0.1939324448603008,0.12348856927249088,0.069232339838785,0.05994004968556018,0.05963029921386495,0.045776669330295415,0.029607665579911333,0.018024787274398248,0.015528865286349716,0.0056134699720550175,0.0,0.0,0.0,0.0,0.0,0.008633036129998722,0.010790879766164227,0.026390958486367813,0.028260205503606983,0.041493857200167794
1434528,Backdoor,TreeSHAP,0.2767184321002243,0.13867023202528303,0.009175173495322856,0.22862373264896121,0.21329236238332583,0.19491659147299903,0.18089464216474282,0.16749437452504687,0.12348022409843008,0.10061309810070332,0.06353310675583015,0.060239831892324965,0.04739403670704828,0.0,0.0,0.0,0.0,0.0,0.0,0.0,0.008463132079577584,0.008463132079577584,0.008463132079577584
1434528,Backdoor,Random,0.2767184321002243,0.11776667040908713,0.0,0.2476003583162137,0.2476003583162137,0.2354480243009951,0.19974446322749453,0.14595775477853995,0.14595775477853995,0.11979503355046743,0.08247128988096908,0.08247128988096908,0.08247128988096908,0.0,0.0,0.0,0.0,0.0,0.0,0.0,0.0,0.0,0.0
1049280,Backdoor,LIME,0.4646529038335055,0.4129151712225826,0.031712982016099726,0.2993464224238126,0.17138839630047817,0.012674918005317426,0.01856969320336575,0.005132632058751555,0.005132632058751555,0.005132632058751555,0.0,0.0,0.0,0.0,0.0,0.0,0.005698760194802029,0.005698760194802029,0.005698760194802029,0.010132229579932888,0.01876526570993161,0.03484497086123932,0.06651654509449485
1049280,Backdoor,TreeSHAP,0.4646529038335055,0.4072797442292403,0.022544085331532585,0.08863122170192295,0.11255419454669946,0.06308969520567871,0.02875213092528085,0.04599131356123778,0.0917195752116332,0.06088309182113685,0.04583985716133593,0.02628228540427921,0.009988230503447307,0.0,0.005698760194802029,0.005698760194802029,0.005698760194802029,0.004041540399133882,0.004041540399133882,0.004041540399133882,0.01722922723212147,0.01722922723212147,0.04107239088961885
1049280,Backdoor,Random,0.4646529038335055,0.334890976217204,0.0022429648229306425,0.40980165801317076,0.3527265875611792,0.32390754574778186,0.06568374658817155,0.03681890445255791,0.036748710771480314,0.03366949057561444,0.01415963219501102,0.01415963219501102,0.00994336806303757,0.0,0.0,0.0,0.0,0.0,0.0015852158387325483,0.0015852158387325483,0.0015852158387325483,0.0015852158387325483,0.004081137826781081
1012830,Backdoor,LIME,0.3726429225954045,0.3199211324391059,0.01535728762549508,0.18878340027064847,0.052240847830140824,0.05311460157658847,0.041765984758976506,0.041765984758976506,0.041765984758976506,0.03505432986082533,0.0264653020195244,0.027663981798929826,0.018597483929398827,0.0,0.0,0.0,0.0,0.0,0.0,0.0,0.0,0.02618318494743603,0.031044660491591235
1012830,Backdoor,TreeSHAP,0.3726429225954045,0.21787071252699172,0.010393143416611883,0.44685926014203114,0.3047499244903936,0.1891118265917913,0.16876034622084582,0.08755242700520854,0.1298117102658002,0.0806897969132453,0.061921310660890364,0.050460304948453924,0.027805193445467356,0.0,0.0,0.0,0.0,0.0,0.0,0.0,0.0,0.012962918368594116,0.02576639500860028
1012830,Backdoor,Random,0.3726429225954045,0.17328073834041077,0.0,0.3269433860643858,0.3269433860643858,0.274849929167545,0.24280048410617705,0.17083888845172146,0.19493134001469026,0.19493134001469026,0.11090618899841029,0.07568357963546847,0.07479332003246264,0.0,0.0,0.0,0.0,0.0,0.0,0.0,0.0,0.0,0.0
1396760,Backdoor,LIME,0.9657024352064921,0.8474564187205358,0.04530207850060935,0.592464708200633,0.3059359952126511,0.17022025564276394,0.056681069143195505,0.05715813666031973,0.0,0.0,0.0,0.0,0.0,0.00745678155065046,0.022271589415679315,0.029154723321551765,0.03829244266712695,0.03829244266712695,0.036471246689743525,0.052885944224821194,0.052885944224821194,0.07447704232988016,0.08529511818813973
1396760,Backdoor,TreeSHAP,0.9657024352064921,0.8712522233007176,0.01223453482521333,0.4503937930185407,0.15473227265930137,0.1049407541378244,0.08786710409381411,0.055535232460630676,0.04318991298896206,0.01716573966396223,0.008195814383858743,0.003655172757948118,0.0188263228929031,0.0,0.0,0.0,0.0,0.0,0.0,0.02712136901622604,0.02712136901622604,0.02712136901622604,0.036785093694593346
1396760,Backdoor,Random,0.9657024352064921,0.6408822788775763,0.011863676773478058,0.9429109383865366,0.5013059191079842,0.5232586939063356,0.30118675322182065,0.2672676370041502,0.21138122146476282,0.15775487651168446,0.1143785078952947,0.1143785078952947,0.1143785078952947,0.00745678155065046,0.00745678155065046,0.00745678155065046,0.00745678155065046,0.00745678155065046,0.00745678155065046,0.01745678155065046,0.01745678155065046,0.01745678155065046,0.01745678155065046
1495286,Backdoor,LIME,0.8462390872677591,0.7486875486921412,0.04232828743092053,0.47698886644448185,0.21972905836206877,0.08482000926817564,0.03816544196043746,0.03816544196043746,0.04213572848831403,0.028265223255629066,0.028265223255629066,0.00949019638050309,0.00949019638050309,0.00745678155065046,0.022271589415679315,0.022271589415679315,0.03193492102361646,0.03193492102361646,0.04354249540542063,0.06263126553761325,0.07242109053767991,0.03186692965076981,0.03186692965076981
1495286,Backdoor,TreeSHAP,0.8462390872677591,0.6275987225469225,0.0,0.6173769795633699,0.5009705267994206,0.4326567636750201,0.2048088575024637,0.16587018822669594,0.09651887015590031,0.054103413795889226,0.03443160191608532,0.03486777997735382,0.04479866559616621,0.0,0.0,0.0,0.0,0.0,0.0,0.0,0.0,0.0,0.0
1495286,Backdoor,Random,0.8462390872677591,0.5959740798962725,0.016412468557364095,0.6787143346573419,0.5796009085626379,0.2379301720934887,0.20393175836234684,0.15526426505432034,0.12317583107981527,0.12317583107981527,0.12317583107981527,0.13884057087264273,0.13884057087264273,0.016686007690608795,0.016686917883903953,0.016686917883903953,0.03344806266000823,0.00923013633325349,0.00923013633325349,0.00923013633325349,0.00923013633325349,0.00923013633325349,0.00923013633325349
1162444,Backdoor,LIME,0.4142545035339388,0.3350982486476909,0.4434994391974928,0.2724538673386115,0.1575503213358686,0.0795828104417659,0.05855726884812894,0.054038729377366417,0.04932254740745801,0.04614202568154289,0.02717047014476147,0.027170470144761465,0.01957403814221335,0.08046532668239005,0.14927727451759534,0.12349643110142447,0.13920564162392332,0.18818802788152156,0.2174758815836251,0.19622096827174945,0.25462119717442994,0.2546211971744299,0.23364445401228737
1162444,Backdoor,TreeSHAP,0.4142545035339388,0.2866412171954347,0.088924348885772,0.13820033589275205,0.08465984588293457,0.11699744751095657,0.11273693785309806,0.1329401744770808,0.1329924371419039,0.11092189687801193,0.12360201189496435,0.13518033208292565,0.1879014437704128,0.024593707888876118,0.03003996608165822,0.014629942731484213,0.017178554086081134,0.018805192682045103,0.03314496307044749,0.041920870043779354,0.060295133693714316,0.06353235196708089,0.06423243775237558
1162444,Backdoor,Random,0.4142545035339388,0.1687516671943259,0.04744219326115522,0.3265769797272057,0.3222675702146504,0.32352280515054493,0.31671926496289193,0.32232053642939873,0.1837114701997759,0.16447959133384668,0.12262353216805665,0.17434534110869682,0.19846127210106104,0.002232341854689784,0.002232341854689784,0.012223621477871247,0.021451352499000452,0.026588983995054445,0.02659528051842394,0.02436293866373416,0.02436293866373416,0.023248980436165665,0.03323264219624666
30780,Backdoor,LIME,0.5081677970148439,0.33607165013838475,0.5027445637918468,0.4038783627122453,0.2591766016966951,0.22063091967194787,0.14149124914010058,0.13071845514660263,0.11709253641738472,0.11613167079751173,0.1148071035012429,0.11271734399840858,0.10431722568245258,0.12753053236330758,0.1783118999271218,0.24314877913542932,0.28944962426050114,0.33044988918559987,0.2476602763367619,0.2930015509978571,0.2735166203951143,0.3125263334507188,0.25919046838050347
30780,Backdoor,TreeSHAP,0.5081677970148439,0.16791620618146003,0.04345263825767555,0.2928995624975011,0.2718149455749582,0.2694301921331583,0.307225259307674,0.2903618926676621,0.3156990034517777,0.3405155132271103,0.4082760299436589,0.46345784063330064,0.44283566889703785,0.014283164539369207,0.013741640953611028,0.013741640953611028,0.014126967363822096,0.014126967363822096,0.017808394762867483,0.019764892062401278,0.019712996303824816,0.019712996303824816,0.07379265397170526
30780,Backdoor,Random,0.5081677970148439,0.21642940013523032,0.200002440767972,0.5081677970148439,0.35211376462433797,0.3155565724737665,0.2928710566433368,0.252251976249807,0.23333336094440224,0.24404557015278946,0.24404557015278946,0.24610006701685105,0.22889823352321184,0.014218347587063083,0.08262146736524877,0.09842163256139884,0.09386656329227919,0.1035836552639529,0.0871595225085708,0.11545892361547852,0.11545892361547852,0.14959608432058702,0.15596287709646378
1292187,Backdoor,LIME,0.6299336189795702,0.5131191566822989,0.06305884592604065,0.385913446396355,0.20141793271822675,0.15265808827296887,0.10314078669169607,0.09194502149924613,0.09194502149924613,0.054325740061773146,0.03455764195144023,0.02612047194088057,0.02612047194088057,0.00745678155065046,0.022271589415679315,0.022271589415679315,0.03681321436629262,0.029356432815642163,0.029356432815642163,0.03901976442357931,0.05294149983347356,0.07887078279601012,0.07887078279601012
1292187,Backdoor,TreeSHAP,0.6299336189795702,0.16817025476394037,0.01718253755870343,0.6299336189795701,0.6299336189795702,0.6299336189795702,0.5577986836932809,0.573918141167204,0.5650076626666406,0.3366891133567364,0.3129645313435093,0.22283454891568508,0.15862010407453186,0.00745678155065046,0.00745678155065046,0.00745678155065046,0.00745678155065046,0.00745678155065046,0.00745678155065046,0.00745678155065046,0.015603961227184281,0.015603961227184281,0.024833187367142618
1292187,Backdoor,Random,0.6299336189795702,0.2776792907751011,0.015218862616371103,0.6210231404790068,0.6134784685481542,0.574655247193619,0.3991378870912224,0.3534543732826816,0.2032211350963372,0.2032211350963372,0.18478396508577752,0.18478396508577755,0.18478396508577752,0.00745678155065046,0.00745678155065046,0.0,0.009056389912156418,0.009056389912156418,0.009056389912156418,0.009056389912156418,0.009056389912156418,0.017836609692376198,0.017836609692376198
1238883,Backdoor,LIME,0.3602487150827077,0.304809322048566,0.02331914641019132,0.24822269829255247,0.12169763326160343,0.03730390660612343,0.031314117063605075,0.02673259741612835,0.01673915271779563,0.024406874987861295,0.026603341562159048,0.013251053900148276,0.008122554533440542,0.0,0.0,0.0,0.0,0.0,0.010132229579932888,0.010132229579932888,0.010132229579932888,0.01876526570993161,0.03484497086123932
1238883,Backdoor,TreeSHAP,0.3602487150827077,0.29118534431209236,0.018821081991028072,0.1789908274233554,0.14873344200652117,0.10840267761131102,0.09919240243965716,0.038274648817382975,0.03987629816347447,0.018699534989813065,0.013165501353774223,0.0226491874504321,0.0226491874504321,0.0,0.005698760194802029,0.005698760194802029,0.005698760194802029,0.005698760194802029,0.005698760194802029,0.005698760194802029,0.005698760194802029,0.005698760194802029,0.022212624478925296
1238883,Backdoor,Random,0.3602487150827077,0.21777726928575164,0.0,0.3562732688088093,0.27107459482610347,0.181384673103348,0.17886831570481018,0.14865639206041834,0.12021387399352113,0.043453396375722216,0.04159664769894285,0.04159664769894285,0.041596647698942855,0.0,0.0,0.0,0.0,0.0,0.0,0.0,0.0,0.0,0.0
1061202,Backdoor,LIME,0.9476978816080986,0.803849927587236,0.033161370113684814,0.5971189941459591,0.2828961191389538,0.12713482020791644,0.12713482020791644,0.06842206361691186,0.06842206361691186,0.049116886424685834,0.049116886424685834,0.049116886424685834,0.02,0.00745678155065046,0.022271589415679315,0.022271589415679315,0.022271589415679315,0.03193492102361646,0.03193492102361646,0.04172474602368312,0.04172474602368312,0.04172474602368312,0.050953972163641455
1061202,Backdoor,TreeSHAP,0.9476978816080986,0.6587690465076153,0.005853919840932031,0.7065954766820606,0.5429390231938844,0.4984529457530719,0.3249701256859467,0.2071132017481101,0.24717161811280483,0.12132231230836403,0.08742424652414012,0.06844357584930426,0.08485582514714643,0.0,0.0,0.0,0.009246245720591507,0.009246245720591507,0.009246245720591507,0.009246245720591507,0.009246245720591507,0.009246245720591507,0.0
1061202,Backdoor,Random,0.9476978816080986,0.40999280649155656,0.011974749599681565,0.9478800877801276,0.9278800877801275,0.7224774144562638,0.6232031490792415,0.5484305398742373,0.5478729282189706,0.3772100661772482,0.33707836596976576,0.17250905591471904,0.17250905591471904,0.00745678155065046,0.00745678155065046,0.00745678155065046,0.00745678155065046,0.00745678155065046,0.00745678155065046,0.017185939745038424,0.017185939745038424,0.017185939745038424,0.017185939745038424
1465307,Backdoor,LIME,0.4915532468455413,0.4139421735081628,0.015611915169188192,0.3599848659182374,0.17179119195853804,0.04749227985083932,0.04749227985083932,0.045003615967981234,0.030544380692250142,0.030544380692250142,0.030544380692250142,0.012713357750599532,0.0,0.0,0.0,0.0,0.0035940702666624833,0.0035940702666624833,0.012227106396661205,0.012227106396661205,0.012227106396661205,0.012227106396661205,0.02064430978894635
1465307,Backdoor,TreeSHAP,0.4915532468455413,0.386073771429888,0.006109465428165325,0.2565283663295864,0.2640993126233571,0.18594597431261728,0.11531063860004025,0.057993223869823064,0.036692871172767545,0.036692871172767545,0.036692871172767545,0.02833157016324427,0.03650705473956198,0.0,0.0,0.0,0.0,0.0,0.0,0.0,0.009700282201822957,0.010165496737614776,0.010165496737614776
1465307,Backdoor,Random,0.4915532468455413,0.22095408968861435,0.0035125538018107912,0.36668397962012017,0.3479415910126618,0.33885606707265503,0.33885606707265503,0.27467966078625555,0.27095538529015295,0.2385910516914636,0.18174758312685968,0.18261800624000243,0.1650621796564434,0.0,0.0,0.0,0.0,0.008633036129998722,0.008633036129998722,0.0,0.0,0.0,0.0
1343890,Backdoor,LIME,0.4818486363097655,0.3855471050584376,0.0,0.27917690981630944,0.12649357798124794,0.1264935779812479,0.12939471054147478,0.11492088144154465,0.047826920276522814,0.03803813431192187,0.03803813431192187,0.03803813431192187,0.024594331539165966,0.0,0.0,0.0,0.0,0.0,0.0,0.0,0.0,0.0,0.0
1343890,Backdoor,TreeSHAP,0.4818486363097655,0.3999463187975914,0.003466595770298487,0.2591809803427112,0.1373433037570755,0.06652684868777563,0.029485192154953276,0.05036902959922474,0.04481876405502486,0.09377111114023577,0.06346861285800612,0.04828261867739411,0.025776713849339536,0.0,0.0,0.0,0.0,0.0,0.0,0.0,0.0,0.0,0.01670374444555527
1343890,Backdoor,Random,0.4818486363097655,0.33111738600438384,0.0,0.33018086628411825,0.32437598303385073,0.24117761790189313,0.17893740864913102,0.07797240278282179,0.0779724027828218,0.07639584370255,0.07639584370255,0.07630167943515458,0.04760245477892486,0.0,0.0,0.0,0.0,0.0,0.0,0.0,0.0,0.0,0.0
1434509,Backdoor,LIME,0.42059214238224313,0.31253568827844147,0.0968620374833812,0.29276042087816795,0.19557734605257404,0.1516071899918863,0.1376222973056237,0.07700149625646925,0.057854830195402884,0.0578548301954029,0.038085299764039224,0.038085299764039224,0.03411553063441111,0.00745678155065046,0.022271589415679315,0.022271589415679315,0.022271589415679315,0.022271589415679315,0.04056311374151139,0.05217068812331557,0.06978859334557905,0.06978859334557905,0.07853999083709157
1434509,Backdoor,TreeSHAP,0.42059214238224313,0.2291054936589864,0.018347920158974084,0.38163006134068495,0.2651759819742848,0.2263135537295725,0.19104362430508293,0.18421556368886904,0.18750427760158458,0.15085439673232867,0.1337995670697254,0.11722960169644744,0.0770998590939869,0.00745678155065046,0.00745678155065046,0.0,0.0,0.0,0.0,0.0,0.003457993197959816,0.008839875824830017,0.04995847835512182
1434509,Backdoor,Random,0.42059214238224313,0.15348118764200452,0.0,0.37447321596286826,0.3423802615778553,0.31940668184156834,0.26335868115332045,0.26335868115332045,0.2633586811533205,0.21901660617134636,0.21432931902854005,0.21402446215776028,0.19740295720248618,0.0,0.0,0.0,0.0,0.0,0.0,0.0,0.0,0.0,0.0
1547887,Backdoor,LIME,0.9940285248906231,0.8379023015004401,0.05228698303962208,0.6504206536335212,0.360890349016287,0.16478544114131202,0.09815698910097843,0.09815698910097843,0.07885181190875241,0.03,0.03,0.03,0.02,0.00745678155065046,0.022271589415679315,0.022271589415679315,0.03193492102361646,0.03193492102361646,0.04172474602368312,0.050953972163641455,0.10373300186733302,0.10373300186733302,0.10373300186733302
1547887,Backdoor,TreeSHAP,0.9940285248906231,0.702317808972771,0.0046508955674128705,0.7409191155146394,0.5930424939896569,0.538899065013823,0.35126512051336145,0.26888304839244925,0.16068846581269117,0.056730410891986105,0.07868364063143835,0.059702969956602486,0.06829282846187339,0.0,0.0,0.0,0.0,0.009246245720591507,0.009246245720591507,0.009246245720591507,0.009246245720591507,0.009246245720591507,0.0
1547887,Backdoor,Random,0.9940285248906231,0.3170831754672529,0.007843183436154966,0.9940285248906232,0.865305513695648,0.7159175858109159,0.686009878153146,0.686009878153146,0.6044123132513929,0.6044123132513928,0.6044123132513929,0.5344717160717811,0.4744734577042635,0.00745678155065046,0.00745678155065046,0.00745678155065046,0.00745678155065046,0.00745678155065046,0.00745678155065046,0.00745678155065046,0.00745678155065046,0.00745678155065046,0.01085244665902275
1877212,Backdoor,LIME,0.3675023541304713,0.30267915047097,0.025777474441207572,0.24234826777800983,0.1414803464398959,0.09312264261676283,0.051930734886000994,0.05131141735776586,0.027960885163565274,0.010019435588253078,0.010019435588253078,0.010019435588253078,0.010019435588253078,0.0,0.0,0.0,0.0,0.001869247017239166,0.004027090653404672,0.004027090653404672,0.015055334378995096,0.028260205503606983,0.041493857200167794
1877212,Backdoor,TreeSHAP,0.3675023541304713,0.20222063096516113,0.001824112020548778,0.2556909176626445,0.2134574278258895,0.24611123967187104,0.21724899568430905,0.1966547699719601,0.18439164561218901,0.10686204447229754,0.10727661623325524,0.07672343322756724,0.048400141291118394,0.0,0.0,0.0,0.0,0.0,0.0,0.0,0.0,0.0033518273087468327,0.0033518273087468327
1877212,Backdoor,Random,0.3675023541304713,0.18254707889206376,0.015229722427462093,0.3675023541304712,0.30269776028122497,0.2210366845245156,0.20449484653271446,0.15656064041448997,0.1277949551084335,0.12252509654516514,0.12252509654516514,0.12252509654516514,0.10189022175673008,0.0,0.0,0.0,0.0,0.008633036129998722,0.008633036129998722,0.008633036129998722,0.008633036129998722,0.008633036129998722,0.01280440779846594
1008461,Backdoor,LIME,0.23377883663130342,0.16282719568921597,0.9555392157518131,0.1767750939478078,0.11365444908055793,0.09347745898307423,0.06957729695691893,0.05678279163757107,0.0527444370645529,0.0527444370645529,0.03702459309140418,0.029552602775929037,0.027183248818505517,0.07325055954491103,0.13334180144786129,0.17288693693530505,0.22683556464292692,0.21958262777500767,0.2764905375868077,0.2721244273578818,0.2990122183852842,0.2777946274967786,0.2825291609677046
1008461,Backdoor,TreeSHAP,0.23377883663130342,0.14631513123429357,0.1226080042882851,0.11949691396786574,0.07092558922446546,0.0715642223358172,0.06487733826082755,0.08605509505446066,0.08605509505446067,0.08605509505446067,0.10022575070608018,0.09283288164478529,0.09654907266687551,0.022933234510117462,0.028853699101739426,0.028853699101739426,0.028853699101739426,0.028853699101739426,0.028853699101739426,0.028853699101739426,0.028853699101739426,0.028853699101739426,0.03286873871797863
1008461,Backdoor,Random,0.23377883663130342,0.09048156222422885,0.19999227275473688,0.2252980428639346,0.22529804286393465,0.21221982617996613,0.1994328773434184,0.16829186321628914,0.08804332744529858,0.08804332744529858,0.08564787824890105,0.07013149551090782,0.0705660629527966,0.025949331818861145,0.025949331818861145,0.025949331818861145,0.025949331818861145,0.06524298560338897,0.058105928354568764,0.058105928354568764,0.058105928354568764,0.0578062179161952,0.06637529273979204
1232837,Backdoor,LIME,0.6819984572761167,0.5774986479480945,0.05428092688403114,0.4289336146714799,0.23782266989721645,0.07969160082019797,0.07969160082019797,0.04752708867600317,0.035418406042612975,0.042841425333501194,0.034356140651893664,0.034356140651893664,0.024359405715225765,0.00745678155065046,0.022271589415679315,0.022271589415679315,0.022271589415679315,0.03193492102361646,0.04172474602368312,0.050953972163641455,0.050953972163641455,0.060166024062525386,0.060189898709472986
1232837,Backdoor,TreeSHAP,0.6819984572761167,0.5810886542833498,0.0010933722021062397,0.4209427132635608,0.2178749351384673,0.14492723477238012,0.07265291273063505,0.05037233461789122,0.022749373787228064,0.015624439248952477,0.0070198394763770645,0.023840274499428257,0.03309397239274964,0.00745678155065046,0.0,0.0,0.0,0.0,0.0,0.0,0.0,0.0,0.0
1232837,Backdoor,Random,0.6819984572761167,0.395654729472899,0.018587633953882857,0.5185338048226511,0.5168641810617682,0.49961215938064624,0.3294544141751593,0.22323288684655246,0.1775379662572802,0.1672565114678237,0.15233343455705528,0.15233343455705528,0.12627848490618576,0.00745678155065046,0.00745678155065046,0.016686007690608795,0.016686007690608795,0.016686007690608795,0.016686007690608795,0.016686007690608795,0.009229226139958337,0.009229226139958337,0.009965322975351194
1236366,Backdoor,LIME,0.9869077800246078,0.7820142902504343,0.009729190814875421,0.7459625874477638,0.5266242037510707,0.2585384896806173,0.15965084306770114,0.10955818082612387,0.10955818082612387,0.05965442641742334,0.04967628124133352,0.019754330924566462,0.009957373559009107,0.0,0.0,0.0,0.0,0.0,0.0,0.009205036883127057,0.019175381205913635,0.02885150106765886,0.038786221928745514
1236366,Backdoor,TreeSHAP,0.9869077800246078,0.7979247259266165,0.0010099478136937807,0.8259216601627526,0.3767673210538775,0.2649040357684766,0.14722793756743344,0.06828289526036194,0.0586539845203233,0.0586539845203233,0.0397309644263933,0.029763071184566562,0.019924686515405073,0.0,0.0,0.0,0.0,0.0,0.0,0.0,0.0,0.0,0.009967253547532352
1236366,Backdoor,Random,0.9869077800246078,0.6801882197828607,0.003999312751679746,0.6866020284254519,0.6057251629708139,0.46530119728723834,0.37613956034396895,0.28711795231829407,0.28711795231829407,0.11970628879292637,0.10974131638427752,0.07984697451179515,0.049897169064410864,0.0,0.0,0.0,0.0,0.0,0.0,0.0,0.01,0.01,0.01946952869384363
538709,Benign,LIME,1.0,0.027222854355361547,0.9650886591941907,1.0,1.0,1.0,1.0,0.99,0.9700038772692804,0.941941894794276,0.941941894794276,0.941941894794276,0.941941894794276,0.9501431971887355,0.9501431971887355,0.9501431971887355,0.9501431971887355,0.9601431971887355,0.9900283619150599,0.9900283619150599,0.9900283619150599,0.9600500527446079,0.9600354675084426
538709,Benign,TreeSHAP,1.0,0.030198972168277605,0.9720742960245301,1.0,1.0,1.0,1.0,0.9800038772692804,0.951941894794276,0.941941894794276,0.941941894794276,0.931564995496418,0.9506157211686974,0.9501431971887355,0.9501431971887355,0.9501431971887355,0.9501431971887355,0.9800283619150599,0.9800283619150599,0.9900283619150599,0.9900283619150599,0.9900283619150599,0.9900283619150599
538709,Benign,Random,1.0,0.03679429222345417,0.9357723407014589,0.9700912076557537,0.9700912076557537,0.9700912076557537,0.9700912076557537,0.9800912076557537,0.9700912076557537,0.9601274424983619,0.9402916538530947,0.9505453677397396,0.9505453677397396,0.9417666304828793,0.9417666304828793,0.9417666304828793,0.9417666304828793,0.9417666304828793,0.9417666304828793,0.941760668528214,0.9218003910560121,0.9217812822665441,0.9217812822665441
1073604,Benign,LIME,1.0,0.030067329720931145,0.863164265325484,1.0,1.0,1.0,1.0,0.99,0.9800154040623784,0.9519534215873741,0.942164844654327,0.9225412110354518,0.9126518214511572,0.9501431971887355,0.9501431971887355,0.9501431971887355,0.810215463724908,0.8401006284512326,0.8401006284512325,0.8401006284512325,0.8201243740088209,0.8201469315604224,0.8104244070407843
1073604,Benign,TreeSHAP,1.0,0.06731943657413893,0.9730742960245301,1.0,1.0,1.0,0.9634061594521509,0.9534061594521509,0.9419659446845078,0.9222478720640208,0.842302528145802,0.8517384852299892,0.8517384852299892,0.9501431971887355,0.9501431971887355,0.9501431971887355,0.9501431971887355,0.9800283619150599,0.9900283619150599,0.9900283619150599,0.9900283619150599,0.9900283619150599,0.9900283619150599
1073604,Benign,Random,1.0,0.062338582453704494,0.8262134976287291,0.99,0.9534061594521509,0.9634061594521509,0.9634061594521509,0.9334998269983251,0.9227818218459365,0.9227818218459365,0.9227818218459365,0.9030074404403208,0.901542964130047,0.9400491062458468,0.9400491062458468,0.8100904586735382,0.8100904586735382,0.8100904586735382,0.7901843462874596,0.7901944481565983,0.7901944481565983,0.7803625049091678,0.8008296402651583
1495300,Benign,LIME,1.0,0.015944049986786668,0.939203886506825,1.0,1.0,1.0,1.0,0.99000804528295,0.99000804528295,0.9801010330212706,0.9701010330212706,0.950170671761846,0.960170671761846,0.9501431971887355,0.9501431971887355,0.9501431971887355,0.9501431971887355,0.9601431971887355,0.9301559871241846,0.9301559871241846,0.920259200193986,0.9403804271611529,0.9103712775210633
1495300,Benign,TreeSHAP,1.0,0.016835434722178598,0.9571449146164376,1.0,1.0,1.0,1.0,0.9900929877383206,0.9801010330212706,0.9801010330212706,0.9801010330212706,0.9510862692190695,0.9501632967570122,0.9501431971887355,0.9501431971887355,0.9501431971887355,0.9501431971887355,0.9501431971887355,0.9601431971887355,0.9601431971887355,0.9601431971887355,0.9701517843272459,0.9701517843272459
1495300,Benign,Random,1.0,0.0,0.9431240074536562,1.0,1.0,1.0,1.0,1.0,1.0,1.0,1.0,1.0,1.0,0.9501431971887355,0.9500719010206028,0.9500719010206028,0.9400965614074641,0.9400965614074641,0.9400965614074641,0.9400965614074641,0.9400965614074641,0.9400965614074641,0.9403737068618357
148348,Benign,LIME,1.0,0.03981867712661978,0.9720742960245301,1.0,1.0,1.0,1.0,0.9600638519994767,0.9500791520904711,0.9401721398287917,0.9302166364376551,0.9106407241887038,0.9106407241887038,0.9501431971887355,0.9501431971887355,0.9501431971887355,0.9501431971887355,0.9800283619150599,0.9900283619150599,0.9900283619150599,0.9900283619150599,0.9900283619150599,0.9800283619150599
148348,Benign,TreeSHAP,1.0,0.03575966131093998,0.9690857795518978,1.0,1.0,1.0,1.0,0.9900929877383206,0.9501568397377973,0.9401721398287917,0.9206559533894848,0.9206559533894848,0.920669512806721,0.9501431971887355,0.9501431971887355,0.9501431971887355,0.9501431971887355,0.9501431971887355,0.9800283619150599,0.9900283619150599,0.9900283619150599,0.9900283619150599,0.9900283619150599
148348,Benign,Random,1.0,0.04380153723775123,0.9501557350051589,0.9803120701184435,0.9703404320335034,0.9603404320335034,0.9603041971908952,0.9501013696017055,0.9401111547774857,0.9401111547774857,0.960059280537608,0.9501522682759286,0.9501522682759286,0.9501357398661651,0.9601073779511051,0.9601014159964397,0.9601014159964397,0.9501790260581086,0.9501790260581086,0.9501790260581086,0.9401914406890378,0.9401914406890378,0.9401914406890378
1662917,Benign,LIME,1.0,0.02357446900662511,0.9710857795518978,1.0,1.0,1.0,1.0,0.9902286388265163,0.9602619715869097,0.9512489347016178,0.9512489347016178,0.9512489347016178,0.9600178954154696,0.9501431971887355,0.9501431971887355,0.9501431971887355,0.9501431971887355,0.9601431971887355,0.9900283619150599,0.9900283619150599,0.9900283619150599,0.9900283619150599,0.9900283619150599
1662917,Benign,TreeSHAP,1.0,0.01942459369053372,0.9650972630792654,1.0,1.0,1.0,1.0,1.0,0.9909869631147081,0.9610202958751014,0.9512489347016178,0.9512489347016178,0.9512489347016178,0.9501431971887355,0.9501431971887355,0.9501431971887355,0.9501431971887355,0.9501431971887355,0.9501431971887355,0.9800283619150599,0.9900283619150599,0.9900283619150599,0.9900283619150599
1662917,Benign,Random,1.0,0.0040000000000000036,0.9541431971887354,1.0,1.0,1.0,1.0,1.0,1.0,0.99,0.99,0.99,0.99,0.9501431971887355,0.9501431971887355,0.9501431971887355,0.9501431971887355,0.9501431971887355,0.9501431971887355,0.9601431971887355,0.9601431971887355,0.9601431971887355,0.9601431971887355
162798,Benign,LIME,1.0,0.02094629059745079,0.9710857795518978,1.0,1.0,1.0,1.0,0.99,0.9601074188050984,0.9601074188050984,0.9601074188050984,0.9601074188050984,0.9601074188050984,0.9501431971887355,0.9501431971887355,0.9501431971887355,0.9501431971887355,0.9601431971887355,0.9900283619150599,0.9900283619150599,0.9900283619150599,0.9900283619150599,0.9900283619150599
162798,Benign,TreeSHAP,1.0,0.01697932028145984,0.9670972630792652,1.0,1.0,1.0,1.0,1.0,0.99,0.9601074188050984,0.9600654013339639,0.9600169885231696,0.9600169885231696,0.9501431971887355,0.9501431971887355,0.9501431971887355,0.9501431971887355,0.9501431971887355,0.9601431971887355,0.9900283619150599,0.9900283619150599,0.9900283619150599,0.9900283619150599
162798,Benign,Random,1.0,0.0,0.9440845063755458,1.0,1.0,1.0,1.0,1.0,1.0,1.0,1.0,1.0,1.0,0.9501431971887355,0.9501431971887355,0.9501431971887355,0.9501431971887355,0.9400462573305295,0.9400462573305295,0.9400462573305295,0.9400462573305295,0.9400462573305295,0.9400409883478668
1696280,Benign,LIME,1.0,0.02097132664747705,0.9710857795518978,1.0,1.0,1.0,1.0,0.9900131099109369,0.9600547247228585,0.9600547247228586,0.9600547247228586,0.9600547247228585,0.9600547247228585,0.9501431971887355,0.9501431971887355,0.9501431971887355,0.9501431971887355,0.9601431971887355,0.9900283619150599,0.9900283619150599,0.9900283619150599,0.9900283619150599,0.9900283619150599
1696280,Benign,TreeSHAP,1.0,0.0189717114328933,0.9690857795518978,1.0,1.0,1.0,1.0,1.0,0.9700416148119217,0.9600547247228585,0.9600621820454289,0.9600621820454289,0.9600621820454289,0.9501431971887355,0.9501431971887355,0.9501431971887355,0.9501431971887355,0.9501431971887355,0.9800283619150599,0.9900283619150599,0.9900283619150599,0.9900283619150599,0.9900283619150599
1696280,Benign,Random,1.0,0.0,0.9501350558938343,1.0,1.0,1.0,1.0,1.0,1.0,1.0,1.0,1.0,1.0,0.9501431971887355,0.9501431971887355,0.9501431971887355,0.9501563070996724,0.9501563070996724,0.9501216706345581,0.9501216706345579,0.9501216706345581,0.9501216706345581,0.9501216706345581
1807777,Benign,LIME,0.9998680264842661,0.028805360937740665,0.7639739924127085,0.9998680264842661,0.9998680264842661,0.9999562906217037,0.9999562906217037,0.9808143572936706,0.9718013204083789,0.9718450297866751,0.951858631282544,0.9223237691258893,0.9123349133561569,0.9501431971887355,0.9501431971887355,0.9403583097721687,0.7802886898993283,0.7104343266939915,0.6807532612826728,0.6716113279546395,0.6517382865820294,0.6516305421138526,0.6516305421138526
1807777,Benign,TreeSHAP,0.9998680264842661,0.14648400631522432,0.9360012234322498,0.9998680264842661,0.9998680264842661,0.9999562906217037,0.8728253103313302,0.8728155343223921,0.8236242269940469,0.8136184310622583,0.7630385721838989,0.7142744227094496,0.673951360496806,0.9501431971887355,0.9501431971887355,0.9403583097721687,0.9403583097721687,0.9312163764441357,0.9312637703735949,0.9312749394206498,0.9213037169406872,0.9313575717498719,0.9313575717498719
1807777,Benign,Random,0.9998680264842661,0.18873694521544368,0.9006702512578407,0.8907982321006165,0.8511798881405792,0.8103817225435312,0.80121362047445,0.7911538996833093,0.7911976090616056,0.7911976090616056,0.7818520368426082,0.8011718112955712,0.8011643834843472,0.9501431971887355,0.9601148352736756,0.9600098811760195,0.8701859669869053,0.8902477304144121,0.8811084969520597,0.8811084969520597,0.8911969461422798,0.8606509252077967,0.86074739008871
236417,Benign,LIME,1.0,0.017972458615315722,0.9710857795518978,1.0,1.0,1.0,1.0,0.99,0.9700559114194082,0.9700559114194082,0.9600583352728571,0.9600583352728571,0.9700469204623122,0.9501431971887355,0.9501431971887355,0.9501431971887355,0.9501431971887355,0.9601431971887355,0.9900283619150599,0.9900283619150599,0.9900283619150599,0.9900283619150599,0.9900283619150599
236417,Benign,TreeSHAP,1.0,0.013972044290295926,0.9690857795518978,1.0,1.0,1.0,1.0,1.0,0.9800559114194081,0.9700559114194082,0.9700559114194082,0.9700559114194082,0.9700559114194082,0.9501431971887355,0.9501431971887355,0.9501431971887355,0.9501431971887355,0.9501431971887355,0.9800283619150599,0.9900283619150599,0.9900283619150599,0.9900283619150599,0.9900283619150599
236417,Benign,Random,1.0,0.019977310467952057,0.9581056362231184,1.0,1.0,0.9900283619150599,0.9800283619150599,0.9800283619150599,0.9700283619150599,0.9700283619150599,0.9700283619150599,0.9700283619150599,0.9700283619150599,0.9501431971887355,0.9501431971887355,0.9601148352736756,0.9601088733190102,0.9601067250339861,0.9601067250339861,0.9601067250339861,0.9601067250339861,0.9601067250339861,0.9600126340910974
512132,Benign,LIME,1.0,0.027222854355361547,0.9671081949525501,1.0,1.0,1.0,1.0,0.99,0.9700038772692804,0.941941894794276,0.941941894794276,0.941941894794276,0.941941894794276,0.9501431971887355,0.9501431971887355,0.9501431971887355,0.9501431971887355,0.9601431971887355,0.9900283619150599,0.9900283619150599,0.9900283619150599,0.9900283619150599,0.9502525159215836
512132,Benign,TreeSHAP,1.0,0.030198972168277605,0.9720742960245301,1.0,1.0,1.0,1.0,0.9800038772692804,0.951941894794276,0.941941894794276,0.941941894794276,0.931564995496418,0.9506157211686974,0.9501431971887355,0.9501431971887355,0.9501431971887355,0.9501431971887355,0.9800283619150599,0.9800283619150599,0.9900283619150599,0.9900283619150599,0.9900283619150599,0.9900283619150599
512132,Benign,Random,1.0,0.010998167191559327,0.9336078376430736,1.0,1.0,1.0,1.0,1.0,0.9900036656168814,0.9900036656168814,0.9700036656168813,0.9700036656168813,0.9700036656168813,0.9400491062458468,0.9400491062458468,0.9500462573305295,0.9500462573305295,0.9301288069759509,0.9301288069759509,0.9301288069759509,0.921833742783377,0.921833742783377,0.921833742783377
189264,Benign,LIME,1.0,0.01596879980432029,0.9710857795518978,1.0,1.0,1.0,1.0,0.99,0.97,0.97,0.97,0.9701560009783986,0.9701560009783986,0.9501431971887355,0.9501431971887355,0.9501431971887355,0.9501431971887355,0.9601431971887355,0.9900283619150599,0.9900283619150599,0.9900283619150599,0.9900283619150599,0.9900283619150599
189264,Benign,TreeSHAP,1.0,0.014000000000000012,0.9690857795518978,1.0,1.0,1.0,1.0,1.0,0.98,0.97,0.97,0.97,0.97,0.9501431971887355,0.9501431971887355,0.9501431971887355,0.9501431971887355,0.9501431971887355,0.9800283619150599,0.9900283619150599,0.9900283619150599,0.9900283619150599,0.9900283619150599
189264,Benign,Random,1.0,0.008974474276446053,0.9590472950757215,1.0,0.9900283619150599,0.9900283619150599,0.9900283619150599,0.9900283619150599,0.9900283619150599,0.9900283619150599,0.9900283619150599,0.9900283619150599,0.9900283619150599,0.9501431971887355,0.9601148352736756,0.9601095662910129,0.9600150502862559,0.9600150502862559,0.9600150502862559,0.9600150502862559,0.9600150502862559,0.9600150502862559,0.9600150502862559
1012594,Benign,LIME,1.0,0.021963587011331432,0.9710857795518978,1.0,1.0,1.0,1.0,0.9900312290898607,0.9600738626042561,0.9600738626042561,0.9600582525019763,0.9600582525019763,0.9500686705843602,0.9501431971887355,0.9501431971887355,0.9501431971887355,0.9501431971887355,0.9601431971887355,0.9900283619150599,0.9900283619150599,0.9900283619150599,0.9900283619150599,0.9900283619150599
1012594,Benign,TreeSHAP,1.0,0.01896619160685803,0.9690857795518978,1.0,1.0,1.0,1.0,1.0,0.9700426335143953,0.9600738626042561,0.9600738626042561,0.9600738626042561,0.9600738626042561,0.9501431971887355,0.9501431971887355,0.9501431971887355,0.9501431971887355,0.9501431971887355,0.9800283619150599,0.9900283619150599,0.9900283619150599,0.9900283619150599,0.9900283619150599
1012594,Benign,Random,1.0,0.008987850391045849,0.9501536191324282,1.0,0.990010418082384,0.990010418082384,0.990010418082384,0.990010418082384,0.990010418082384,0.9900173514194054,0.9900173514194054,0.9900173514194054,0.9900173514194054,0.9501431971887355,0.9501431971887355,0.9501431971887355,0.9501431971887355,0.95016056709489,0.95016056709489,0.95016056709489,0.95016056709489,0.95016056709489,0.95016056709489
784017,Benign,LIME,1.0,0.023980422075737584,0.9710857795518978,1.0,1.0,1.0,1.0,0.99,0.9600391558485248,0.9600391558485248,0.9500391558485248,0.9500391558485248,0.9500391558485248,0.9501431971887355,0.9501431971887355,0.9501431971887355,0.9501431971887355,0.9601431971887355,0.9900283619150599,0.9900283619150599,0.9900283619150599,0.9900283619150599,0.9900283619150599
784017,Benign,TreeSHAP,1.0,0.018978184878966485,0.9690857795518978,1.0,1.0,1.0,1.0,1.0,0.9700391558485247,0.9600391558485248,0.9600466131710952,0.9600466131710952,0.9600466131710952,0.9501431971887355,0.9501431971887355,0.9501431971887355,0.9501431971887355,0.9501431971887355,0.9800283619150599,0.9900283619150599,0.9900283619150599,0.9900283619150599,0.9900283619150599
784017,Benign,Random,1.0,0.0040000000000000036,0.9541431971887354,1.0,1.0,1.0,1.0,1.0,1.0,0.99,0.99,0.99,0.99,0.9501431971887355,0.9501431971887355,0.9501431971887355,0.9501431971887355,0.9501431971887355,0.9501431971887355,0.9601431971887355,0.9601431971887355,0.9601431971887355,0.9601431971887355
1832736,Benign,LIME,1.0,0.015982220275361413,0.9710857795518978,1.0,1.0,1.0,1.0,0.99,0.9700354288658534,0.9700354288658534,0.9700354288658534,0.9700354288658534,0.9700360817829724,0.9501431971887355,0.9501431971887355,0.9501431971887355,0.9501431971887355,0.9601431971887355,0.9900283619150599,0.9900283619150599,0.9900283619150599,0.9900283619150599,0.9900283619150599
1832736,Benign,TreeSHAP,1.0,0.009989371340243991,0.9631087466066329,1.0,1.0,1.0,1.0,1.0,1.0,0.99,0.9700354288658534,0.9700354288658534,0.9700354288658534,0.9501431971887355,0.9501431971887355,0.9501431971887355,0.9501431971887355,0.9501431971887355,0.9501431971887355,0.9601431971887355,0.9900283619150599,0.9900283619150599,0.9900283619150599
1832736,Benign,Random,1.0,0.0,0.9501075491046691,1.0,1.0,1.0,1.0,1.0,1.0,1.0,1.0,1.0,1.0,0.9501431971887355,0.9501431971887355,0.9501431971887355,0.9501431971887355,0.9501431971887355,0.9500719010206028,0.9500719010206028,0.9500719010206028,0.9500719010206028,0.9500719010206028
1344962,Benign,LIME,1.0,0.02424009229559998,0.9710857795518978,1.0,1.0,1.0,1.0,0.9906085374308613,0.9606085374308613,0.9515955005455694,0.9515955005455694,0.9515955005455694,0.9515955005455694,0.9501431971887355,0.9501431971887355,0.9501431971887355,0.9501431971887355,0.9601431971887355,0.9900283619150599,0.9900283619150599,0.9900283619150599,0.9900283619150599,0.9900283619150599
1344962,Benign,TreeSHAP,1.0,0.024162169962059464,0.9690857795518978,1.0,1.0,1.0,1.0,0.9909869631147081,0.9609869631147082,0.9515955005455694,0.9516029578681399,0.9516029578681399,0.9516029578681399,0.9501431971887355,0.9501431971887355,0.9501431971887355,0.9501431971887355,0.9501431971887355,0.9800283619150599,0.9900283619150599,0.9900283619150599,0.9900283619150599,0.9900283619150599
1344962,Benign,Random,1.0,0.007210429508233496,0.9501408124068693,1.0,1.0,0.9909869631147081,0.9909869631147081,0.9909869631147081,0.9909869631147081,0.9909869631147081,0.9909869631147081,0.9909869631147081,0.9909869631147081,0.9501431971887355,0.9501431971887355,0.9501431971887355,0.9501431971887355,0.9501431971887355,0.9501431971887355,0.9501372352340701,0.9501372352340701,0.9501372352340701,0.9501372352340701
655924,Benign,LIME,1.0,0.01689521456346359,0.9730742960245301,1.0,1.0,1.0,1.0,0.9801746423942274,0.9701746423942273,0.9701746423942273,0.9701746423942273,0.9701746423942273,0.9701746423942273,0.9501431971887355,0.9501431971887355,0.9501431971887355,0.9501431971887355,0.9800283619150599,0.9900283619150599,0.9900283619150599,0.9900283619150599,0.9900283619150599,0.9900283619150599
655924,Benign,TreeSHAP,1.0,0.009947607281731797,0.9631087466066329,1.0,1.0,1.0,1.0,1.0,1.0,0.99,0.9701746423942273,0.9701746423942273,0.9701746423942273,0.9501431971887355,0.9501431971887355,0.9501431971887355,0.9501431971887355,0.9501431971887355,0.9501431971887355,0.9601431971887355,0.9900283619150599,0.9900283619150599,0.9900283619150599
655924,Benign,Random,1.0,0.013899927151647729,0.9650857795518977,1.0,1.0,1.0,1.0,1.0,0.9801746423942274,0.9702136685340563,0.9702136685340563,0.9702136685340563,0.9701850804871264,0.9501431971887355,0.9501431971887355,0.9501431971887355,0.9501431971887355,0.9501431971887355,0.9800283619150599,0.9800283619150599,0.9800283619150599,0.9800283619150599,0.9800283619150599
1089862,Benign,LIME,1.0,0.02094370791274054,0.9710857795518978,1.0,1.0,1.0,1.0,0.990002410726314,0.9601121020292561,0.9601121020292561,0.9601121020292561,0.9601121020292561,0.9601121020292561,0.9501431971887355,0.9501431971887355,0.9501431971887355,0.9501431971887355,0.9601431971887355,0.9900283619150599,0.9900283619150599,0.9900283619150599,0.9900283619150599,0.9900283619150599
1089862,Benign,TreeSHAP,1.0,0.012966128318591763,0.9631087466066329,1.0,1.0,1.0,1.0,1.0,1.0,0.990002410726314,0.9601121020292561,0.9601121020292561,0.9601121020292561,0.9501431971887355,0.9501431971887355,0.9501431971887355,0.9501431971887355,0.9501431971887355,0.9501431971887355,0.9601431971887355,0.9900283619150599,0.9900283619150599,0.9900283619150599
1089862,Benign,Random,1.0,0.029890308697057888,0.9800283619150599,0.9701096913029421,0.9701096913029421,0.9701096913029421,0.9701096913029421,0.9701096913029421,0.9701096913029421,0.9701096913029421,0.9701096913029421,0.9701096913029421,0.9701096913029421,0.9800283619150599,0.9800283619150599,0.9800283619150599,0.9800283619150599,0.9800283619150599,0.9800283619150599,0.9800283619150599,0.9800283619150599,0.9800283619150599,0.9800283619150599
367103,Benign,LIME,1.0,0.0159819591085138,0.9710857795518978,1.0,1.0,1.0,1.0,0.99,0.9700360817829724,0.9700360817829724,0.9700360817829724,0.9700360817829724,0.9700360817829724,0.9501431971887355,0.9501431971887355,0.9501431971887355,0.9501431971887355,0.9601431971887355,0.9900283619150599,0.9900283619150599,0.9900283619150599,0.9900283619150599,0.9900283619150599
367103,Benign,TreeSHAP,1.0,0.00998917546510828,0.9631087466066329,1.0,1.0,1.0,1.0,1.0,1.0,0.99,0.9700360817829724,0.9700360817829724,0.9700360817829724,0.9501431971887355,0.9501431971887355,0.9501431971887355,0.9501431971887355,0.9501431971887355,0.9501431971887355,0.9601431971887355,0.9900283619150599,0.9900283619150599,0.9900283619150599
367103,Benign,Random,1.0,0.0,0.9501431971887355,1.0,1.0,1.0,1.0,1.0,1.0,1.0,1.0,1.0,1.0,0.9501431971887355,0.9501431971887355,0.9501431971887355,0.9501431971887355,0.9501431971887355,0.9501431971887355,0.9501431971887355,0.9501431971887355,0.9501431971887355,0.9501431971887355
1490660,Benign,LIME,1.0,0.02424009229559998,0.9710857795518978,1.0,1.0,1.0,1.0,0.9906085374308613,0.9606085374308613,0.9515955005455694,0.9515955005455694,0.9515955005455694,0.9515955005455694,0.9501431971887355,0.9501431971887355,0.9501431971887355,0.9501431971887355,0.9601431971887355,0.9900283619150599,0.9900283619150599,0.9900283619150599,0.9900283619150599,0.9900283619150599
1490660,Benign,TreeSHAP,1.0,0.024162169962059464,0.9690857795518978,1.0,1.0,1.0,1.0,0.9909869631147081,0.9609869631147082,0.9515955005455694,0.9516029578681399,0.9516029578681399,0.9516029578681399,0.9501431971887355,0.9501431971887355,0.9501431971887355,0.9501431971887355,0.9501431971887355,0.9800283619150599,0.9900283619150599,0.9900283619150599,0.9900283619150599,0.9900283619150599
1490660,Benign,Random,1.0,0.0009391462569138698,0.951157093113659,1.0,1.0,1.0,1.0,1.0,1.0,1.0,1.0,1.0,0.9906085374308613,0.9501431971887355,0.95016056709489,0.95016056709489,0.95016056709489,0.95016056709489,0.95016056709489,0.95016056709489,0.95016056709489,0.95016056709489,0.9601431971887355
886235,Benign,LIME,1.0,0.014937086112729125,0.9401944516255725,1.0,1.0,1.0,1.0,0.99000804528295,0.99000804528295,0.9801010330212706,0.960170671761846,0.970170671761846,0.960170671761846,0.9501431971887355,0.9501431971887355,0.9501431971887355,0.9501431971887355,0.9601431971887355,0.9301559871241846,0.9301559871241846,0.9502772140913516,0.9202680644512617,0.9103712775210633
886235,Benign,TreeSHAP,1.0,0.01593271303924908,0.9561440559025867,1.0,1.0,1.0,1.0,0.9900929877383206,0.9801010330212706,0.9801010330212706,0.9801010330212706,0.9601134860483647,0.9501632967570122,0.9501431971887355,0.9501431971887355,0.9501431971887355,0.9501431971887355,0.9501431971887355,0.9601431971887355,0.9601431971887355,0.9601431971887355,0.9601431971887355,0.9701517843272459
886235,Benign,Random,1.0,0.02391113885268773,0.9452063740993875,1.0,1.0,1.0,0.9700776840235253,0.9701016080430268,0.9701016080430268,0.9701016080430268,0.9601945957813475,0.9601945957813475,0.960116911757822,0.9501431971887355,0.9501431971887355,0.9501431971887355,0.950171974708773,0.9501485298016141,0.9501485298016141,0.9402783841242188,0.9402783841242188,0.9402783841242188,0.9303299627430092
762115,Benign,LIME,1.0,0.0159819591085138,0.9710857795518978,1.0,1.0,1.0,1.0,0.99,0.9700360817829724,0.9700360817829724,0.9700360817829724,0.9700360817829724,0.9700360817829724,0.9501431971887355,0.9501431971887355,0.9501431971887355,0.9501431971887355,0.9601431971887355,0.9900283619150599,0.9900283619150599,0.9900283619150599,0.9900283619150599,0.9900283619150599
762115,Benign,TreeSHAP,1.0,0.00998917546510828,0.9631087466066329,1.0,1.0,1.0,1.0,1.0,1.0,0.99,0.9700360817829724,0.9700360817829724,0.9700360817829724,0.9501431971887355,0.9501431971887355,0.9501431971887355,0.9501431971887355,0.9501431971887355,0.9501431971887355,0.9601431971887355,0.9900283619150599,0.9900283619150599,0.9900283619150599
762115,Benign,Random,1.0,0.022955540915180615,0.9730645804050141,1.0,1.0,0.9900283619150599,0.9900283619150599,0.9900283619150599,0.9600719010206028,0.9600719010206028,0.9600719010206028,0.9600719010206028,0.9600719010206028,0.9501461779590641,0.9501461779590641,0.9601178160440041,0.9601178160440041,0.9601178160440041,0.99,0.99,0.99,0.99,0.99
1739598,Benign,LIME,1.0,0.016953378478387203,0.9730742960245301,1.0,1.0,1.0,1.0,0.9800777025360213,0.9700777025360213,0.9700777025360213,0.9700777025360213,0.9700777025360213,0.9700777025360213,0.9501431971887355,0.9501431971887355,0.9501431971887355,0.9501431971887355,0.9800283619150599,0.9900283619150599,0.9900283619150599,0.9900283619150599,0.9900283619150599,0.9900283619150599
1739598,Benign,TreeSHAP,1.0,0.009976689239193603,0.9631087466066329,1.0,1.0,1.0,1.0,1.0,1.0,0.99,0.9700777025360213,0.9700777025360213,0.9700777025360213,0.9501431971887355,0.9501431971887355,0.9501431971887355,0.9501431971887355,0.9501431971887355,0.9501431971887355,0.9601431971887355,0.9900283619150599,0.9900283619150599,0.9900283619150599
1739598,Benign,Random,1.0,0.006000000000000005,0.9561768294102967,1.0,1.0,1.0,1.0,0.99,0.99,0.99,0.99,0.99,0.99,0.9501431971887355,0.9501431971887355,0.9501431971887355,0.9501431971887355,0.9601431971887355,0.9602104616318577,0.9602104616318577,0.9602104616318577,0.9602104616318577,0.9602104616318577
1685876,Benign,LIME,1.0,0.0229960012496202,0.9730742960245301,1.0,1.0,1.0,1.0,0.9700066645839663,0.9600066645839663,0.9600066645839663,0.9600066645839663,0.9600066645839663,0.9600066645839663,0.9501431971887355,0.9501431971887355,0.9501431971887355,0.9501431971887355,0.9800283619150599,0.9900283619150599,0.9900283619150599,0.9900283619150599,0.9900283619150599,0.9900283619150599
1685876,Benign,TreeSHAP,1.0,0.016996429886435606,0.9670972630792652,1.0,1.0,1.0,1.0,1.0,0.99,0.9600066645839663,0.9600141219065368,0.9600074573225704,0.9600074573225704,0.9501431971887355,0.9501431971887355,0.9501431971887355,0.9501431971887355,0.9501431971887355,0.9601431971887355,0.9900283619150599,0.9900283619150599,0.9900283619150599,0.9900283619150599
1685876,Benign,Random,1.0,0.0050000000000000044,0.9552709016405115,1.0,1.0,1.0,1.0,1.0,0.99,0.99,0.99,0.99,0.99,0.9501563070996724,0.9501563070996724,0.950330478822465,0.950330478822465,0.950330478822465,0.9603173689115282,0.9603173689115282,0.9603173689115282,0.9603173689115282,0.960135490092263
1440305,Benign,LIME,1.0,0.016911433222294603,0.9710857795518978,1.0,1.0,1.0,1.0,0.99,0.9701980578728825,0.9701980578728825,0.960291045611203,0.970099253210043,0.970099253210043,0.9501431971887355,0.9501431971887355,0.9501431971887355,0.9501431971887355,0.9601431971887355,0.9900283619150599,0.9900283619150599,0.9900283619150599,0.9900283619150599,0.9900283619150599
1440305,Benign,TreeSHAP,1.0,0.014894088768974977,0.9631087466066329,1.0,1.0,1.0,1.0,1.0,0.9900929877383206,0.9800929877383205,0.960291045611203,0.960291045611203,0.960291045611203,0.9501431971887355,0.9501431971887355,0.9501431971887355,0.9501431971887355,0.9501431971887355,0.9501431971887355,0.9601431971887355,0.9900283619150599,0.9900283619150599,0.9900283619150599
1440305,Benign,Random,1.0,0.0019971638084940067,0.9511343951391732,1.0,0.99,1.0,1.0,1.0,1.0,1.0,1.0,1.0,0.9900283619150599,0.9501431971887355,0.9501431971887355,0.9501357398661651,0.9501357398661651,0.9501357398661651,0.9501357398661651,0.9501357398661651,0.9501357398661651,0.9501357398661651,0.9601073779511051
1152155,Benign,LIME,1.0,0.020982275406203833,0.9710857795518978,1.0,1.0,1.0,1.0,0.9900038211647986,0.9600346849546326,0.9600346849546326,0.9600346849546326,0.9600346849546326,0.9600346849546326,0.9501431971887355,0.9501431971887355,0.9501431971887355,0.9501431971887355,0.9601431971887355,0.9900283619150599,0.9900283619150599,0.9900283619150599,0.9900283619150599,0.9900283619150599
1152155,Benign,TreeSHAP,1.0,0.018983039639163535,0.9690857795518978,1.0,1.0,1.0,1.0,1.0,0.9700308637898342,0.9600346849546326,0.9600346849546326,0.9600346849546326,0.9600346849546326,0.9501431971887355,0.9501431971887355,0.9501431971887355,0.9501431971887355,0.9501431971887355,0.9800283619150599,0.9900283619150599,0.9900283619150599,0.9900283619150599,0.9900283619150599
1152155,Benign,Random,1.0,0.0,0.9501504956864937,1.0,1.0,1.0,1.0,1.0,1.0,1.0,1.0,1.0,1.0,0.9501588461608128,0.9501588461608128,0.9501484080679137,0.9501484080679137,0.9501484080679137,0.9501484080679137,0.9501484080679137,0.9501484080679137,0.9501484080679137,0.9501484080679137
346542,Benign,LIME,1.0,0.02357384245945284,0.9710857795518978,1.0,1.0,1.0,1.0,0.9902286388265163,0.9602619715869097,0.951248934701618,0.9512489347016178,0.9512489347016178,0.960024160887192,0.9501431971887355,0.9501431971887355,0.9501431971887355,0.9501431971887355,0.9601431971887355,0.9900283619150599,0.9900283619150599,0.9900283619150599,0.9900283619150599,0.9900283619150599
346542,Benign,TreeSHAP,1.0,0.01942459369053372,0.9650972630792654,1.0,1.0,1.0,1.0,1.0,0.9909869631147081,0.9610202958751014,0.9512489347016178,0.9512489347016178,0.9512489347016178,0.9501431971887355,0.9501431971887355,0.9501431971887355,0.9501431971887355,0.9501431971887355,0.9501431971887355,0.9800283619150599,0.9900283619150599,0.9900283619150599,0.9900283619150599
346542,Benign,Random,1.0,0.0,0.9501588461608128,1.0,1.0,1.0,1.0,1.0,1.0,1.0,1.0,1.0,1.0,0.9501588461608128,0.9501588461608128,0.9501588461608128,0.9501588461608128,0.9501588461608128,0.9501588461608128,0.9501588461608128,0.9501588461608128,0.9501588461608128,0.9501588461608128
1512639,Benign,LIME,1.0,0.02099719206686662,0.9710857795518978,1.0,1.0,1.0,1.0,0.99,0.9600056158662668,0.9600056158662668,0.9600056158662668,0.9600056158662668,0.9600056158662668,0.9501431971887355,0.9501431971887355,0.9501431971887355,0.9501431971887355,0.9601431971887355,0.9900283619150599,0.9900283619150599,0.9900283619150599,0.9900283619150599,0.9900283619150599
1512639,Benign,TreeSHAP,1.0,0.01699551645672216,0.9670972630792652,1.0,1.0,1.0,1.0,1.0,0.99,0.9600056158662668,0.9600130731888372,0.9600130731888372,0.9600130731888372,0.9501431971887355,0.9501431971887355,0.9501431971887355,0.9501431971887355,0.9501431971887355,0.9601431971887355,0.9900283619150599,0.9900283619150599,0.9900283619150599,0.9900283619150599
1512639,Benign,Random,1.0,0.012977310467952053,0.963026416713799,1.0,1.0,0.9900283619150599,0.9900283619150599,0.9900283619150599,0.9800283619150599,0.9800283619150599,0.9800283619150599,0.9800283619150599,0.9800283619150599,0.9500491062458468,0.9500491062458468,0.9600207443307869,0.9600207443307869,0.9600207443307869,0.9700207443307869,0.9700207443307869,0.9700207443307869,0.9700207443307869,0.9700207443307869
791805,Benign,LIME,1.0,0.025471238492564517,0.757906457547496,1.0,1.0,1.0,1.0,0.9810120914083756,0.9628571211950507,0.9628571211950507,0.9628571211950507,0.9432728615798479,0.9324312985009791,0.9501431971887355,0.9501431971887355,0.9404465739096064,0.780376954036766,0.710522590831429,0.6808415254201102,0.6716995920920771,0.6518265507194669,0.6315554443052673,0.6115089497827659
791805,Benign,TreeSHAP,1.0,0.12743869338627062,0.9363233587065352,1.0,1.0,1.0,0.9900136454796687,0.8825826563202359,0.8136575366149095,0.7742760162970416,0.7742760162970416,0.7654940571866752,0.7253131379417213,0.9501431971887355,0.9501431971887355,0.9404465739096064,0.9313046405815733,0.9313046405815733,0.9320700072037504,0.9321600968555431,0.9321600968555431,0.9321712659025979,0.9313298707976939
791805,Benign,Random,1.0,0.017512582769069675,0.819790414712726,0.9711757251997432,0.9711757251997432,0.9711757251997432,0.99,0.99,1.0,0.990303376720871,0.9803478733297343,0.9803478733297343,0.9803478733297343,0.9501431971887355,0.9501431971887355,0.9501431971887355,0.7707401379197872,0.7707451861170039,0.7707451861170039,0.7613139944714908,0.7610239947545999,0.7610239947545999,0.7518820614265668
675546,Benign,LIME,1.0,0.022633373463781283,0.7599733738156035,1.0,1.0,1.0,1.0,0.9810120914083756,0.9628571211950507,0.9628571211950507,0.9628571211950507,0.9520414051843297,0.9520414051843297,0.9501431971887355,0.9501431971887355,0.9404465739096064,0.780376954036766,0.710522590831429,0.6808415254201102,0.6716995920920772,0.6518265507194669,0.6317479055180214,0.6319856512510866
675546,Benign,TreeSHAP,1.0,0.12357876536655006,0.9353984892518463,1.0,1.0,1.0,0.9900136454796687,0.8825826563202359,0.8136575366149095,0.8136575366149095,0.7742760162970416,0.7654940571866752,0.724530897821059,0.9501431971887355,0.9501431971887355,0.9404465739096064,0.9313046405815733,0.9313046405815733,0.9320700072037504,0.9320700072037503,0.9321600968555431,0.9321712659025979,0.9221712659025979
675546,Benign,Random,1.0,0.034722021666865735,0.8763359287203351,0.98,0.9700222979135085,0.9700222979135085,0.9700519993469184,0.9501870309689009,0.9501870309689009,0.9803553760677894,0.9606512500506054,0.9606512500506054,0.9606512500506054,0.9501431971887355,0.9500719010206028,0.9500719010206028,0.9500719010206028,0.9304571688424439,0.9304571688424439,0.780505064350405,0.7805269949725043,0.7705269949725043,0.7705269949725043
1775211,Benign,LIME,1.0,0.015912678802886326,0.9710857795518978,1.0,1.0,1.0,1.0,0.99,0.9701746423942273,0.9701746423942273,0.9701746423942273,0.9701746423942273,0.9701746423942273,0.9501431971887355,0.9501431971887355,0.9501431971887355,0.9501431971887355,0.9601431971887355,0.9900283619150599,0.9900283619150599,0.9900283619150599,0.9900283619150599,0.9900283619150599
1775211,Benign,TreeSHAP,1.0,0.009947607281731797,0.9631087466066329,1.0,1.0,1.0,1.0,1.0,1.0,0.99,0.9701746423942273,0.9701746423942273,0.9701746423942273,0.9501431971887355,0.9501431971887355,0.9501431971887355,0.9501431971887355,0.9501431971887355,0.9501431971887355,0.9601431971887355,0.9900283619150599,0.9900283619150599,0.9900283619150599
1775211,Benign,Random,1.0,0.001982535760577264,0.953131713661368,1.0,1.0,1.0,1.0,1.0,1.0,1.0,1.0,1.0,0.9801746423942274,0.9501431971887355,0.9501431971887355,0.9501431971887355,0.9501431971887355,0.9501431971887355,0.9501431971887355,0.9501431971887355,0.9501431971887355,0.9501431971887355,0.9800283619150599
1599583,Benign,LIME,0.9089360012096261,0.01442618486957381,0.27165284115796684,0.8169190989288093,0.7981255038211365,0.8991156134121735,0.9214803023241549,0.9215854575611502,0.9315854575611502,0.9333129009987613,0.9140978771558672,0.9144352873365014,0.8944406643008189,0.7005288770523408,0.4817697326578167,0.40299809453501007,0.23352486771277217,0.2033153050143043,0.1934475843951647,0.17349346106080912,0.03380081197850029,0.03348215302575484,0.012789584161088309
1599583,Benign,TreeSHAP,0.9089360012096261,0.8221250935758905,0.9790956845773022,0.3066723393530885,0.10923931185648306,0.04451137711329401,0.05280762560214036,0.030844429493305875,0.022274944173274865,0.052186949545253325,0.08333340690688969,0.08333340690688969,0.0829052853867375,0.9501431971887355,0.9225516066399854,0.9226416962917778,0.9126416962917778,0.9119162662764895,0.9119162662764895,0.8516318504773004,0.8419791684786797,0.8419791684786797,0.8319522470130294
1599583,Benign,Random,0.9089360012096261,0.40803742835421897,0.701833616634921,0.7822956428380118,0.3089156627021887,0.3089156627021887,0.6046721132157589,0.5946786020292535,0.5137107989202766,0.4854065235071612,0.4530792059227244,0.4623570001623117,0.4949545165541966,0.840228299775262,0.8016196203057581,0.8016306433237635,0.5822459303257247,0.5822459303257247,0.5822694888790337,0.5823007009955592,0.5721327258855006,0.5221434866269355,0.512401583743086
1701819,Benign,LIME,1.0,0.020962772497158833,0.9710857795518978,1.0,1.0,1.0,1.0,0.99,0.9600744550056823,0.9600744550056823,0.9600744550056823,0.9600744550056823,0.9600744550056823,0.9501431971887355,0.9501431971887355,0.9501431971887355,0.9501431971887355,0.9601431971887355,0.9900283619150599,0.9900283619150599,0.9900283619150599,0.9900283619150599,0.9900283619150599
1701819,Benign,TreeSHAP,1.0,0.012977598206583386,0.9631087466066329,1.0,1.0,1.0,1.0,1.0,1.0,0.99,0.9600744550056823,0.9600744550056823,0.9600751079228015,0.9501431971887355,0.9501431971887355,0.9501431971887355,0.9501431971887355,0.9501431971887355,0.9501431971887355,0.9601431971887355,0.9900283619150599,0.9900283619150599,0.9900283619150599
1701819,Benign,Random,1.0,0.00998298285096404,0.9601261800396994,1.0,1.0,1.0,1.0,0.9900283619150599,0.9900283619150599,0.9800283619150599,0.9800283619150599,0.9800283619150599,0.9800283619150599,0.9501431971887355,0.9501431971887355,0.9501431971887355,0.9501431971887355,0.9601148352736756,0.9601148352736756,0.9701148352736756,0.9701148352736756,0.9701148352736756,0.9701148352736756
632209,Benign,LIME,1.0,0.024594384132116343,0.7579257036687714,1.0,1.0,1.0,1.0,0.9810120914083756,0.9628571211950507,0.9628571211950507,0.9628571211950507,0.9520414051843297,0.9324312985009791,0.9501431971887355,0.9501431971887355,0.9404465739096064,0.780376954036766,0.710522590831429,0.6808415254201102,0.6716995920920772,0.6518265507194669,0.6317479055180214,0.6115089497827659
632209,Benign,TreeSHAP,1.0,0.12743869338627062,0.9363233587065352,1.0,1.0,1.0,0.9900136454796687,0.8825826563202359,0.8136575366149095,0.7742760162970416,0.7742760162970416,0.7654940571866752,0.7253131379417213,0.9501431971887355,0.9501431971887355,0.9404465739096064,0.9313046405815733,0.9313046405815733,0.9320700072037504,0.9321600968555431,0.9321600968555431,0.9321712659025979,0.9313298707976939
632209,Benign,Random,1.0,0.10746849156969387,0.8969238720229058,0.960309485465582,0.960309485465582,0.950309485465582,0.8904496823106142,0.8904496823106142,0.8904496823106142,0.8705662258424245,0.8705662258424245,0.8506545688099417,0.7912505604796819,0.9203478350813313,0.9203478350813313,0.9203478350813313,0.9204976806086235,0.9204976806086235,0.9204976806086235,0.8611910230517232,0.85204908972369,0.8520532462232369,0.8814088141605417
1973615,Benign,LIME,1.0,0.027887846732539013,0.759979300763989,1.0,1.0,1.0,1.0,0.980858066671967,0.9718450297866751,0.9718450297866751,0.951858631282544,0.9223237691258893,0.9223910060208594,0.9501431971887355,0.9501431971887355,0.9404465739096064,0.780376954036766,0.710522590831429,0.6808415254201101,0.6716995920920771,0.6518265507194669,0.6517188062512903,0.612074020001673
1973615,Benign,TreeSHAP,1.0,0.14651842410083718,0.9359483073700121,1.0,1.0,1.0,0.8728690197096263,0.8728155343223921,0.8236242269940469,0.8135024659726429,0.7638946938762798,0.7141584576198341,0.673951360496806,0.9501431971887355,0.9501431971887355,0.9404465739096064,0.9404465739096064,0.9313046405815733,0.9313520345110325,0.9313632035580873,0.9213919810781249,0.9314458358873096,0.9314458358873096
1973615,Benign,Random,1.0,0.05089514993207476,0.7853478062722135,0.9608783465397682,0.9608783465397682,0.9711042844169795,0.9511085697698627,0.9511085697698627,0.9511085697698627,0.9511196996884127,0.9511196996884127,0.9213112072481615,0.9213112072481615,0.9301487203939893,0.9210067870659563,0.7811849273487064,0.7812847473826255,0.7812847473826255,0.7712773036795195,0.721826306627852,0.721826306627852,0.721830257063258,0.7218079591497495
989598,Benign,LIME,1.0,0.02480826159674624,0.9710857795518978,1.0,1.0,1.0,1.0,0.99,0.9601017496911685,0.9504539085853423,0.9504539085853423,0.9504539085853423,0.9504539085853423,0.9501431971887355,0.9501431971887355,0.9501431971887355,0.9501431971887355,0.9601431971887355,0.9900283619150599,0.9900283619150599,0.9900283619150599,0.9900283619150599,0.9900283619150599
989598,Benign,TreeSHAP,1.0,0.016971778796823,0.9670972630792652,1.0,1.0,1.0,1.0,1.0,0.99,0.9601017496911685,0.9601017496911685,0.9600635627301136,0.9600151499193195,0.9501431971887355,0.9501431971887355,0.9501431971887355,0.9501431971887355,0.9501431971887355,0.9601431971887355,0.9900283619150599,0.9900283619150599,0.9900283619150599,0.9900283619150599
989598,Benign,Random,1.0,0.001994327616988012,0.9411382190275874,1.0,1.0,1.0,1.0,1.0,1.0,1.0,1.0,0.9900283619150599,0.9900283619150599,0.9501431971887355,0.9401533130971553,0.9300563732389493,0.9300563732389493,0.9400563732389493,0.940230544961742,0.940230544961742,0.940230544961742,0.950202183046682,0.9500227423412266
193128,Benign,LIME,1.0,0.024633373463781284,0.759950226511486,1.0,1.0,1.0,1.0,0.9810120914083756,0.9628571211950507,0.9528571211950507,0.9528571211950507,0.9520414051843297,0.9520414051843297,0.9501431971887355,0.9501431971887355,0.9404465739096064,0.780376954036766,0.710522590831429,0.6808415254201102,0.6716995920920772,0.6518265507194669,0.6317479055180214,0.6317541782099113
193128,Benign,TreeSHAP,1.0,0.12968460100388354,0.9343973723471409,1.0,1.0,1.0,0.9800136454796687,0.8827366810566446,0.8138115613513182,0.8138115613513182,0.7744300410334501,0.7238124526718148,0.71453804701695,0.9501431971887355,0.9501431971887355,0.9404465739096064,0.9313046405815733,0.9313046405815733,0.9320700072037503,0.9320700072037504,0.9321600968555431,0.9221600968555431,0.9221712659025979
193128,Benign,Random,1.0,0.10358470048976683,0.907191192267728,0.99,0.950309485465582,0.9003908284226867,0.9003908284226867,0.8605230579031131,0.8605230579031131,0.8605230579031132,0.8405366593989819,0.9004780098415275,0.9004780098415275,0.9501431971887355,0.9203478350813313,0.9401431971887355,0.9401431971887355,0.9501148352736756,0.9500435391055428,0.9500435391055428,0.9500435391055428,0.7604445217197191,0.7604445217197194
1924369,Benign,LIME,1.0,0.015912678802886326,0.9710857795518978,1.0,1.0,1.0,1.0,0.99,0.9701746423942273,0.9701746423942273,0.9701746423942273,0.9701746423942273,0.9701746423942273,0.9501431971887355,0.9501431971887355,0.9501431971887355,0.9501431971887355,0.9601431971887355,0.9900283619150599,0.9900283619150599,0.9900283619150599,0.9900283619150599,0.9900283619150599
1924369,Benign,TreeSHAP,1.0,0.009947607281731797,0.9631087466066329,1.0,1.0,1.0,1.0,1.0,1.0,0.99,0.9701746423942273,0.9701746423942273,0.9701746423942273,0.9501431971887355,0.9501431971887355,0.9501431971887355,0.9501431971887355,0.9501431971887355,0.9501431971887355,0.9601431971887355,0.9900283619150599,0.9900283619150599,0.9900283619150599
1924369,Benign,Random,1.0,0.0,0.9501431971887355,1.0,1.0,1.0,1.0,1.0,1.0,1.0,1.0,1.0,1.0,0.9501431971887355,0.9501431971887355,0.9501431971887355,0.9501431971887355,0.9501431971887355,0.9501431971887355,0.9501431971887355,0.9501431971887355,0.9501431971887355,0.9501431971887355
581627,Benign,LIME,1.0,0.022988025977197492,0.9710857795518978,1.0,1.0,1.0,1.0,0.990015618987581,0.9600166570151353,0.9600166570151353,0.9600166570151353,0.9500270750975192,0.9500270750975192,0.9501431971887355,0.9501431971887355,0.9501431971887355,0.9501431971887355,0.9601431971887355,0.9900283619150599,0.9900283619150599,0.9900283619150599,0.9900283619150599,0.9900283619150599
581627,Benign,TreeSHAP,1.0,0.018993233391190457,0.9690857795518978,1.0,1.0,1.0,1.0,1.0,0.9700010380275543,0.9600166570151353,0.9600166570151353,0.9600166570151353,0.9600166570151353,0.9501431971887355,0.9501431971887355,0.9501431971887355,0.9501431971887355,0.9501431971887355,0.9800283619150599,0.9900283619150599,0.9900283619150599,0.9900283619150599,0.9900283619150599
581627,Benign,Random,1.0,0.002991491425482018,0.9490980954032292,1.0,1.0,1.0,1.0,1.0,1.0,1.0,0.9900283619150599,0.9900283619150599,0.9900283619150599,0.9501431971887355,0.9501431971887355,0.9501431971887355,0.9501431971887355,0.9501431971887355,0.950135086949046,0.94003814709084,0.95000978517578,0.9500409744364745,0.9500409744364745
705606,Benign,LIME,1.0,0.020916082954948945,0.9710857795518978,1.0,1.0,1.0,1.0,0.9900038211647986,0.9601670698571424,0.9601670698571424,0.9601670698571424,0.9601670698571424,0.9601670698571424,0.9501431971887355,0.9501431971887355,0.9501431971887355,0.9501431971887355,0.9601431971887355,0.9900283619150599,0.9900283619150599,0.9900283619150599,0.9900283619150599,0.9900283619150599
705606,Benign,TreeSHAP,1.0,0.016932789940663183,0.9670972630792652,1.0,1.0,1.0,1.0,1.0,0.9900038211647986,0.9601670698571424,0.9601670698571424,0.9601670698571424,0.9601670698571424,0.9501431971887355,0.9501431971887355,0.9501431971887355,0.9501431971887355,0.9501431971887355,0.9601431971887355,0.9900283619150599,0.9900283619150599,0.9900283619150599,0.9900283619150599
705606,Benign,Random,1.0,0.006980146659458042,0.9571269614505254,1.0,1.0,1.0,0.9900283619150599,0.9900283619150599,0.9900283619150599,0.9900283619150599,0.9900283619150599,0.9900283619150599,0.9900283619150599,0.9501431971887355,0.9501431971887355,0.9501327590958364,0.9601043971807764,0.9601200461528537,0.9601200461528537,0.9601200461528537,0.9601200461528537,0.9601043971807764,0.9601614820589792
1887795,Benign,LIME,1.0,0.015951530070897002,0.9710857795518978,1.0,1.0,1.0,1.0,0.99,0.970096939858206,0.970096939858206,0.970096939858206,0.970096939858206,0.970096939858206,0.9501431971887355,0.9501431971887355,0.9501431971887355,0.9501431971887355,0.9601431971887355,0.9900283619150599,0.9900283619150599,0.9900283619150599,0.9900283619150599,0.9900283619150599
1887795,Benign,TreeSHAP,1.0,0.009970918042538201,0.9631087466066329,1.0,1.0,1.0,1.0,1.0,1.0,0.99,0.970096939858206,0.970096939858206,0.970096939858206,0.9501431971887355,0.9501431971887355,0.9501431971887355,0.9501431971887355,0.9501431971887355,0.9501431971887355,0.9601431971887355,0.9900283619150599,0.9900283619150599,0.9900283619150599
1887795,Benign,Random,1.0,0.0,0.9501452175254634,1.0,1.0,1.0,1.0,1.0,1.0,1.0,1.0,1.0,1.0,0.9501431971887355,0.9501431971887355,0.9501431971887355,0.9501460833840611,0.9501460833840611,0.9501460833840611,0.9501460833840611,0.9501460833840611,0.9501460833840611,0.9501460833840611
170208,Benign,LIME,1.0,0.013686527553410367,0.9412151227778139,1.0,1.0,1.0,1.0,0.99,0.99,0.9800583207030857,0.9701513084414063,0.9714613357339776,0.9614637595874267,0.9501431971887355,0.9501431971887355,0.9501431971887355,0.9501431971887355,0.9601431971887355,0.9301559871241846,0.920259200193986,0.920259200193986,0.9403804271611529,0.9403804271611529
170208,Benign,TreeSHAP,1.0,0.01867191760589022,0.9551449146164377,1.0,1.0,1.0,1.0,0.9900929877383206,0.9800929877383205,0.9800929877383205,0.9800929877383205,0.9414544364939078,0.9414544364939078,0.9501431971887355,0.9501431971887355,0.9501431971887355,0.9501431971887355,0.9501431971887355,0.9601431971887355,0.9601431971887355,0.9601431971887355,0.960151784327246,0.960151784327246
170208,Benign,Random,1.0,0.036823324794378484,0.9630859539103923,1.0,0.99,0.99,0.9801286842897374,0.960273011294413,0.9402730112944129,0.940273011294413,0.9402730112944129,0.940273011294413,0.950273011294413,0.9501431971887355,0.9601431971887355,0.9601372352340701,0.9601372352340701,0.9701088733190102,0.9600535554959992,0.9700119334608042,0.9700119334608042,0.9700119334608042,0.960100445060891
662613,Benign,LIME,1.0,0.02096244603859926,0.9710857795518978,1.0,1.0,1.0,1.0,0.99,0.9600751079228015,0.9600751079228015,0.9600751079228015,0.9600751079228015,0.9600751079228015,0.9501431971887355,0.9501431971887355,0.9501431971887355,0.9501431971887355,0.9601431971887355,0.9900283619150599,0.9900283619150599,0.9900283619150599,0.9900283619150599,0.9900283619150599
662613,Benign,TreeSHAP,1.0,0.012977467623159555,0.9631087466066329,1.0,1.0,1.0,1.0,1.0,1.0,0.99,0.9600751079228015,0.9600751079228015,0.9600751079228015,0.9501431971887355,0.9501431971887355,0.9501431971887355,0.9501431971887355,0.9501431971887355,0.9501431971887355,0.9601431971887355,0.9900283619150599,0.9900283619150599,0.9900283619150599
662613,Benign,Random,1.0,0.013989675629400889,0.9641260412783559,1.0,0.99,0.99,0.99,0.99,0.99,0.99,0.99,0.9800283619150599,0.9500748817909312,0.9501431971887355,0.9601431971887355,0.9601431971887355,0.9601431971887355,0.9601431971887355,0.9601431971887355,0.9601431971887355,0.9601431971887355,0.9701148352736756,1.0
186355,Benign,LIME,1.0,0.015946311024447435,0.9710857795518978,1.0,1.0,1.0,1.0,0.99,0.9701073779511051,0.9701073779511051,0.9701073779511051,0.9701073779511051,0.9701073779511051,0.9501431971887355,0.9501431971887355,0.9501431971887355,0.9501431971887355,0.9601431971887355,0.9900283619150599,0.9900283619150599,0.9900283619150599,0.9900283619150599,0.9900283619150599
186355,Benign,TreeSHAP,1.0,0.009967786614668461,0.9631087466066329,1.0,1.0,1.0,1.0,1.0,1.0,0.99,0.9701073779511051,0.9701073779511051,0.9701073779511051,0.9501431971887355,0.9501431971887355,0.9501431971887355,0.9501431971887355,0.9501431971887355,0.9501431971887355,0.9601431971887355,0.9900283619150599,0.9900283619150599,0.9900283619150599
186355,Benign,Random,1.0,0.010991491425482025,0.9611367751534475,1.0,1.0,0.99,0.99,0.99,0.99,0.99,0.9800283619150599,0.9800283619150599,0.9800283619150599,0.9501431971887355,0.9501431971887355,0.9601431971887355,0.960146177959064,0.960146177959064,0.960146177959064,0.960146177959064,0.9701178160440042,0.9701178160440042,0.9701178160440042
1182413,Benign,LIME,1.0,0.02644569269499829,0.9730801071688857,1.0,1.0,1.0,1.0,0.9902286388265163,0.9602619715869097,0.9512489347016178,0.9512489347016178,0.9412772966166778,0.9412772966166777,0.9501431971887355,0.9501431971887355,0.9501431971887355,0.9501431971887355,0.9601431971887355,0.9900283619150599,0.9900283619150599,0.9900283619150599,1.0,1.0
1182413,Benign,TreeSHAP,1.0,0.01942459369053372,0.9650972630792654,1.0,1.0,1.0,1.0,1.0,0.9909869631147081,0.9610202958751014,0.9512489347016178,0.9512489347016178,0.9512489347016178,0.9501431971887355,0.9501431971887355,0.9501431971887355,0.9501431971887355,0.9501431971887355,0.9501431971887355,0.9800283619150599,0.9900283619150599,0.9900283619150599,0.9900283619150599
1182413,Benign,Random,1.0,0.0037565850276554793,0.9541431971887354,1.0,1.0,1.0,1.0,1.0,1.0,0.9906085374308613,0.9906085374308613,0.9906085374308613,0.9906085374308613,0.9501431971887355,0.9501431971887355,0.9501431971887355,0.9501431971887355,0.9501431971887355,0.9501431971887355,0.9601431971887355,0.9601431971887355,0.9601431971887355,0.9601431971887355
129345,Benign,LIME,1.0,0.030065789314693316,0.8601757488528514,1.0,1.0,1.0,1.0,0.9900154040623783,0.9800154040623784,0.9519534215873741,0.942164844654327,0.9225412110354518,0.9126518214511572,0.9501431971887355,0.9501431971887355,0.9501431971887355,0.810215463724908,0.810215463724908,0.8401006284512325,0.8401006284512325,0.8201243740088209,0.8201469315604224,0.8104244070407841
129345,Benign,TreeSHAP,1.0,0.06731943657413893,0.9730742960245301,1.0,1.0,1.0,0.9634061594521509,0.9534061594521509,0.9419659446845078,0.9222478720640208,0.842302528145802,0.8517384852299892,0.8517384852299892,0.9501431971887355,0.9501431971887355,0.9501431971887355,0.9501431971887355,0.9800283619150599,0.9900283619150599,0.9900283619150599,0.9900283619150599,0.9900283619150599,0.9900283619150599
129345,Benign,Random,1.0,0.05671773391674055,0.8668358125670632,0.9634061594521509,0.9519659446845078,0.9619534215873741,0.9436959455571511,0.952227803629996,0.9322968498924205,0.9322968498924205,0.9322968498924205,0.9313414181220766,0.9313414181220766,0.9501431971887355,0.9601431971887355,0.810215463724908,0.8612970019148478,0.8412884477880972,0.8412979201189656,0.8412979201189656,0.8412979201189656,0.8606885287542057,0.8606885287542057
328082,Benign,LIME,1.0,0.01689521456346359,0.9730742960245301,1.0,1.0,1.0,1.0,0.9801746423942274,0.9701746423942273,0.9701746423942273,0.9701746423942273,0.9701746423942273,0.9701746423942273,0.9501431971887355,0.9501431971887355,0.9501431971887355,0.9501431971887355,0.9800283619150599,0.9900283619150599,0.9900283619150599,0.9900283619150599,0.9900283619150599,0.9900283619150599
328082,Benign,TreeSHAP,1.0,0.009947607281731797,0.9631087466066329,1.0,1.0,1.0,1.0,1.0,1.0,0.99,0.9701746423942273,0.9701746423942273,0.9701746423942273,0.9501431971887355,0.9501431971887355,0.9501431971887355,0.9501431971887355,0.9501431971887355,0.9501431971887355,0.9601431971887355,0.9900283619150599,0.9900283619150599,0.9900283619150599
328082,Benign,Random,1.0,0.0,0.9501431971887355,1.0,1.0,1.0,1.0,1.0,1.0,1.0,1.0,1.0,1.0,0.9501431971887355,0.9501431971887355,0.9501431971887355,0.9501431971887355,0.9501431971887355,0.9501431971887355,0.9501431971887355,0.9501431971887355,0.9501431971887355,0.9501431971887355
1102400,Benign,LIME,1.0,0.029208421654894012,0.9660872815263012,1.0,1.0,1.0,1.0,0.99,0.9700038772692804,0.941941894794276,0.941941894794276,0.941941894794276,0.9220862217989514,0.9501431971887355,0.9501431971887355,0.9501431971887355,0.9501431971887355,0.9601431971887355,0.9900283619150599,0.9900283619150599,0.9900283619150599,0.9600500527446079,0.9700216908295479
1102400,Benign,TreeSHAP,1.0,0.030198972168277605,0.9720742960245301,1.0,1.0,1.0,1.0,0.9800038772692804,0.951941894794276,0.941941894794276,0.941941894794276,0.931564995496418,0.9506157211686974,0.9501431971887355,0.9501431971887355,0.9501431971887355,0.9501431971887355,0.9800283619150599,0.9800283619150599,0.9900283619150599,0.9900283619150599,0.9900283619150599,0.9900283619150599
1102400,Benign,Random,1.0,0.010988949603559417,0.9332494198240949,1.0,1.0,0.9801105039644059,0.99,0.99,1.0,0.98,0.98,0.98,0.99,0.950171974708773,0.950171974708773,0.9501660127541078,0.9402164353249014,0.93016916792671,0.9203881521200696,0.930267923405127,0.930267923405127,0.930267923405127,0.9004067104822326
524775,Benign,LIME,1.0,0.020890584832667612,0.9710857795518978,1.0,1.0,1.0,1.0,0.9901105039644059,0.9601967295417836,0.9601967295417836,0.9601967295417836,0.9601967295417836,0.9601967295417836,0.9501431971887355,0.9501431971887355,0.9501431971887355,0.9501431971887355,0.9601431971887355,0.9900283619150599,0.9900283619150599,0.9900283619150599,0.9900283619150599,0.9900283619150599
524775,Benign,TreeSHAP,1.0,0.012929930741024331,0.9631087466066329,1.0,1.0,1.0,1.0,1.0,1.0,0.9901105039644059,0.9601967295417836,0.9601967295417836,0.9601967295417836,0.9501431971887355,0.9501431971887355,0.9501431971887355,0.9501431971887355,0.9501431971887355,0.9501431971887355,0.9601431971887355,0.9900283619150599,0.9900283619150599,0.9900283619150599
524775,Benign,Random,1.0,0.029927227311246772,0.9800283619150599,0.9700862255773777,0.9700862255773777,0.9700862255773777,0.9700862255773777,0.9700862255773777,0.9700862255773777,0.9700862255773777,0.9700862255773777,0.9700189611342555,0.9700189611342555,0.9800283619150599,0.9800283619150599,0.9800283619150599,0.9800283619150599,0.9800283619150599,0.9800283619150599,0.9800283619150599,0.9800283619150599,0.9800283619150599,0.9800283619150599
1372841,Benign,LIME,1.0,0.015944049986786668,0.939203886506825,1.0,1.0,1.0,1.0,0.99000804528295,0.99000804528295,0.9801010330212706,0.9701010330212706,0.950170671761846,0.960170671761846,0.9501431971887355,0.9501431971887355,0.9501431971887355,0.9501431971887355,0.9601431971887355,0.9301559871241846,0.9301559871241846,0.920259200193986,0.9403804271611529,0.9103712775210633
1372841,Benign,TreeSHAP,1.0,0.016835434722178598,0.9571449146164376,1.0,1.0,1.0,1.0,0.9900929877383206,0.9801010330212706,0.9801010330212706,0.9801010330212706,0.9510862692190695,0.9501632967570122,0.9501431971887355,0.9501431971887355,0.9501431971887355,0.9501431971887355,0.9501431971887355,0.9601431971887355,0.9601431971887355,0.9601431971887355,0.9701517843272459,0.9701517843272459
1372841,Benign,Random,1.0,0.03397345863287908,0.9171903355293123,0.9900239240195015,0.9800239240195014,0.9800239240195014,0.9800239240195014,0.9800239240195014,0.9700263478729505,0.9500263478729505,0.930031526290783,0.950030785768509,0.950030785768509,0.9201559871241846,0.9200878793657246,0.9200878793657246,0.9100826103830619,0.9100826103830619,0.9100826103830619,0.9301986682399925,0.9301986682399925,0.9104632209041594,0.9104632209041594
296427,Benign,LIME,1.0,0.015912678802886326,0.9710857795518978,1.0,1.0,1.0,1.0,0.99,0.9701746423942273,0.9701746423942273,0.9701746423942273,0.9701746423942273,0.9701746423942273,0.9501431971887355,0.9501431971887355,0.9501431971887355,0.9501431971887355,0.9601431971887355,0.9900283619150599,0.9900283619150599,0.9900283619150599,0.9900283619150599,0.9900283619150599
296427,Benign,TreeSHAP,1.0,0.009947607281731797,0.9631087466066329,1.0,1.0,1.0,1.0,1.0,1.0,0.99,0.9701746423942273,0.9701746423942273,0.9701746423942273,0.9501431971887355,0.9501431971887355,0.9501431971887355,0.9501431971887355,0.9501431971887355,0.9501431971887355,0.9601431971887355,0.9900283619150599,0.9900283619150599,0.9900283619150599
296427,Benign,Random,1.0,0.0,0.9501431971887355,1.0,1.0,1.0,1.0,1.0,1.0,1.0,1.0,1.0,1.0,0.9501431971887355,0.9501431971887355,0.9501431971887355,0.9501431971887355,0.9501431971887355,0.9501431971887355,0.9501431971887355,0.9501431971887355,0.9501431971887355,0.9501431971887355
1158565,DoS,LIME,0.9510213692898769,0.7795464751223335,0.2507258622732547,0.6483996321749117,0.398787377221087,0.2508943216585339,0.11529221773250954,0.09530060783267905,0.08826148765666039,0.05282516072997002,0.045022987784870266,0.009982574442106039,0.009982574442106039,0.057623761725126794,0.13553721372311284,0.19440154901144313,0.20463456066381713,0.24075423210227487,0.26333973099431457,0.2733849343360072,0.3135999793984326,0.3312035417402729,0.36997702486015577
1158565,DoS,TreeSHAP,0.9510213692898769,0.37287583793804246,0.026449759381283727,0.8910040777068375,0.8257187574276587,0.7928078141566466,0.7474538225273907,0.7457381072865187,0.530180558251854,0.530180558251854,0.37266708236521134,0.22190734127983036,0.12379719426454301,0.0,0.0,0.0,0.0,0.0,0.03705516182433798,0.03705516182433798,0.03225108687691984,0.0457312386853558,0.09945021463081057
1158565,DoS,Random,0.9510213692898769,0.45766080184603897,0.07923787425164437,0.6998127436147082,0.5999047203261573,0.5496911623198198,0.5496911623198198,0.5112030428879593,0.46897839864344265,0.46897839864344265,0.3718753595427959,0.37291668165052916,0.34055400448970474,0.050957314673509675,0.07095731467350967,0.07095731467350967,0.07095731467350967,0.07095731467350967,0.07095731467350967,0.07095731467350967,0.10178117324425999,0.1019017668354338,0.07318497390991748
1201022,DoS,LIME,0.7458762669572039,0.5908284217168476,0.2221262554795238,0.5055213393414374,0.3645832668891312,0.23586437094060345,0.13134037019525993,0.11376206588846674,0.06957898106891071,0.04153523885252385,0.024697789009511976,0.034697789009511974,0.028897241208204853,0.057623761725126794,0.13553721372311284,0.1534676038306163,0.19319809563757698,0.15126714694480467,0.13635890080905308,0.1931651251468454,0.20291746301661662,0.19347884375945867,0.23977286770928252
1201022,DoS,TreeSHAP,0.7458762669572039,0.4275138979682649,0.007329539804144075,0.6409012889413183,0.47439987403911643,0.4027739230576773,0.3429093529448106,0.30544974702210853,0.23767579133104946,0.22593969089437316,0.22664612950258764,0.14737424632517077,0.1795536458311772,0.002232341854689784,0.002232341854689784,0.002232341854689784,0.002232341854689784,0.002232341854689784,0.002232341854689784,0.007818811687038367,0.007818811687038367,0.007818811687038367,0.017818811687038368
1201022,DoS,Random,0.7458762669572039,0.37174748541098646,0.10525623131715592,0.45192404981748197,0.4125212137982403,0.5025024356029444,0.48406293846617204,0.36131838526730353,0.32978191936798945,0.32978191936798934,0.32978191936798934,0.307357360359243,0.232255674046821,0.002232341854689784,0.01779326785651975,0.023684572739673736,0.02368457273967373,0.1117598057072749,0.11000990244265772,0.11000990244265768,0.11000990244265772,0.11442671088950838,0.16147026977292842
1750824,DoS,LIME,0.7457455992578018,0.5772186500147353,0.27407836084905113,0.5023130000848447,0.34931532271555615,0.28619094277329565,0.17048518533822157,0.08990092246355655,0.08055287127668538,0.06206965160877103,0.05425083992173266,0.05425083992173266,0.03593991632626983,0.057623761725126794,0.13553721372311284,0.17526770553007348,0.19319809563757698,0.18324875099766832,0.2631544662629186,0.28727839479144995,0.2566214800502187,0.2664923977383907,0.2255050480931808
1750824,DoS,TreeSHAP,0.7457455992578018,0.3862384169057261,0.05727416689727094,0.7457455992578018,0.6190505760014722,0.5481277061536096,0.550830186351839,0.36666027144507524,0.29228108478631304,0.23200112246883098,0.1534333836610676,0.06214551329103786,0.024796380103709898,0.002232341854689784,0.002232341854689784,0.002232341854689784,0.002232341854689784,0.002232341854689784,0.0,0.007282335406791176,0.08721701744652367,0.1429146005088342,0.17854391651236878
1750824,DoS,Random,0.7457455992578018,0.37842480130410616,0.0790130667359626,0.7457455992578019,0.5023130000848447,0.43164567657391395,0.3751026583108105,0.33504988698670474,0.30327072209506567,0.2774667120433738,0.2948724927745155,0.2110325131639355,0.19670871824599095,0.002232341854689784,0.057623761725126794,0.09341858284837669,0.0944411815125174,0.07869301705525439,0.03611862413531774,0.04555178281519263,0.04555178281519263,0.06434136736816734,0.07126402589223581
1506711,DoS,LIME,0.46947266767039253,0.3109726886171552,0.5409219600355719,0.3547522341625421,0.24215041405878562,0.18373995909178212,0.12554211246116564,0.14328669778593248,0.10956147945545011,0.10956147945545011,0.11953311754039017,0.09446250306971322,0.10240979345116202,0.12753053236330758,0.1783118999271218,0.2431487791354293,0.28944962426050114,0.2698698939149331,0.28670409262431734,0.28670409262431734,0.28670409262431734,0.2737275790755856,0.2973301692441431
1506711,DoS,TreeSHAP,0.46947266767039253,0.04201164909629886,0.05160556218382871,0.49326526981851565,0.49326526981851565,0.4367797488225848,0.4389503804412653,0.44298505635532875,0.42096672151328773,0.4354347358548516,0.4260692067150324,0.33524922335087026,0.35164457305068453,0.014218347587063083,0.014218347587063083,0.014218347587063083,0.014218347587063083,0.014218347587063083,0.014218347587063083,0.014218347587063083,0.04416645182848662,0.04928956225639787,0.04928956225639787
1506711,DoS,Random,0.46947266767039253,0.08614737106991817,0.1473181193555486,0.46319672748320867,0.43113928002571156,0.3872774193291668,0.33644155694817557,0.36284433712413894,0.40057502415006185,0.4005750241500619,0.3812767963498838,0.38127679634988376,0.2886500040944508,0.014218347587063083,0.014218347587063083,0.014218347587063083,0.07677672623677628,0.09037508860624278,0.0987587240356945,0.0987587240356945,0.07767336675463829,0.0776733667546383,0.1289472657154729
1834768,DoS,LIME,0.7697612084897447,0.6358593388999092,0.22641066764082612,0.5060802398554419,0.2908356285564499,0.25900716890152686,0.10699169925069989,0.07819303993828941,0.07819303993828941,0.012283408882205577,0.0026222713395524784,0.004271589003634666,0.0005406102322651381,0.07842598667362242,0.15718770356153364,0.18259626991087155,0.15685868052975513,0.18791869794366234,0.18791869794366234,0.17635227576204357,0.167691898403553,0.21240448493858755,0.23546679571443074
1834768,DoS,TreeSHAP,0.7697612084897447,0.5463696614035892,0.003755134470650781,0.3832659764181606,0.1786826190907402,0.16642901985916658,0.1715282203755568,0.15232626451755713,0.21392211274275041,0.25201208797844993,0.22418007647330654,0.24578454670293312,0.24578454670293312,0.002232341854689784,0.007074869950403549,0.0,0.0,0.0,0.0,0.0,0.0,0.0,0.0195983566766031
1834768,DoS,Random,0.7697612084897447,0.38646981741543335,0.02199139685646037,0.45565084713559334,0.5015862557150694,0.5015862557150694,0.40130675111468506,0.40130675111468506,0.411603758619523,0.34340013199599506,0.34340013199599506,0.24183754616754816,0.23123548116895,0.002232341854689784,0.012232341854689783,0.012232341854689783,0.002232341854689784,0.002232341854689784,0.002232341854689784,0.002232341854689784,0.002232341854689784,0.056268445224139325,0.07515406214440748
1860645,DoS,LIME,0.4379160590971784,0.293873960031648,0.5841599152900463,0.30287397575843134,0.2527690233335736,0.2241519823885488,0.16682238984575232,0.12282592761294836,0.10799348032967919,0.1062404048916116,0.07637664299539107,0.035235188284584724,0.045131975214783245,0.12753053236330758,0.17831189992712182,0.24314877913542932,0.2894496242605011,0.33044988918559987,0.29340100444420014,0.3375157984774676,0.2890549835479649,0.24253221317973356,0.22673535534226072
1860645,DoS,TreeSHAP,0.4379160590971784,0.08651670487079548,0.08207219993718794,0.37977813880513134,0.33418933082082114,0.29368013876306426,0.3416958920286609,0.3405565055433742,0.3508845497137029,0.3505087981172422,0.3565921784004699,0.3839040004389323,0.38220400963242995,0.021418882982778185,0.021418882982778185,0.030346215740559842,0.03281502959206527,0.03281502959206527,0.028665261196384323,0.030790233089662267,0.035574857214529784,0.035574857214529784,0.08998809397393741
1860645,DoS,Random,0.4379160590971784,0.0052998659406164935,0.0982312656668375,0.377504744692109,0.377504744692109,0.40220987349986076,0.4022098734998608,0.42955621411065087,0.48313394784513775,0.4831339478451378,0.48093769403834363,0.4691883932239415,0.42078249811846796,0.014218347587063083,0.014218347587063083,0.014218347587063083,0.014218347587063083,0.01860791156583187,0.018672728518137994,0.018672728518137994,0.07407576485915708,0.0803505030579225,0.16291746054205464
1974112,DoS,LIME,0.871554086265637,0.74410630411223,0.4735766482187059,0.5999662005685891,0.36065002835974946,0.19687537865459837,0.07698621395113335,0.01,0.01,0.01,0.01,0.0,0.0,0.17140058091794866,0.2583421048096674,0.3395655165349383,0.38107158480076847,0.4408987900585884,0.44157710412980883,0.5060896142064403,0.5148690883280238,0.5368311226818939,0.5368311226818939
1974112,DoS,TreeSHAP,0.871554086265637,0.5437692210717532,0.31332028277216634,0.5999662005685891,0.4973363299578545,0.2910746622034334,0.27380454997921233,0.25711472946101815,0.27234415778896887,0.2712256250735333,0.25955539665432115,0.2777873190775459,0.27763968117436166,0.17140058091794866,0.16724507466008995,0.2557897396422702,0.25583124222103876,0.2762840698047533,0.3036887465176268,0.28319031727039523,0.3057111080958895,0.3637190165133216,0.34789583195653045
1974112,DoS,Random,0.871554086265637,0.18626077121744083,0.059322245830992056,0.8715345701517091,0.8715345701517091,0.7501256774657632,0.7113706989262454,0.7113706989262454,0.6472518912265838,0.6636180731003732,0.5733033217471231,0.55076884258598,0.5020548062002296,0.014218347587063083,0.014218347587063083,0.014218347587063083,0.014218347587063083,0.014218347587063083,0.09394233977508154,0.09274971274336778,0.087403620595159,0.08735172483658253,0.0844863217190515
1155705,DoS,LIME,0.5039727864095892,0.402242914346299,0.29788354269243694,0.3260868759601934,0.22569171912106856,0.1466036273941438,0.06919411604550474,0.04717780946076716,0.04717780946076716,0.036669970837393887,0.036669970837393887,0.035880786810823226,0.04614603470484632,0.07842598667362242,0.1571877035615336,0.18259626991087155,0.15685868052975513,0.15819830317126457,0.14385476278070522,0.12841102893789164,0.12841102893789164,0.1376175470908178,0.22969067876831903
1155705,DoS,TreeSHAP,0.5039727864095892,0.24537740077879594,0.017469623010280887,0.3528256668058097,0.25457059738511495,0.2083769785471549,0.18205676458924733,0.23382336969277243,0.2717447480513775,0.2662327850992477,0.2662327850992477,0.26623278509924764,0.28385737593871285,0.012709179020988082,0.012709179020988082,0.012709179020988082,0.012709179020988082,0.012709179020988082,0.004899250151044588,0.004899250151044588,0.004899250151044588,0.004899250151044588,0.004899250151044588
1155705,DoS,Random,0.5039727864095892,0.24424643708820953,0.15300095458224064,0.40548683008586456,0.28372607691417917,0.28372607691417917,0.28372607691417917,0.2517209808824248,0.2533093248718787,0.21548296586641336,0.21548296586641336,0.20230109744913222,0.20230109744913224,0.002232341854689784,0.08966472300774646,0.08966472300774646,0.08966472300774646,0.08349140844263252,0.09152937408876244,0.09701943865871586,0.09701943865871586,0.0658952431937693,0.06490176012086298
1282649,DoS,LIME,0.7885832370470007,0.6479745694889854,0.1765038424016922,0.5020924052446613,0.28623872554873414,0.20702472295711694,0.11323270818348917,0.07606664326790774,0.07606664326790774,0.04384120677758428,0.03384120677758428,0.03384120677758428,0.03384120677758428,0.08966472300774646,0.15718770356153364,0.13145011418041724,0.15685868052975513,0.15819830317126457,0.14385476278070522,0.15306128093363142,0.13435202862905216,0.12529908038532184,0.14195303674417356
1282649,DoS,TreeSHAP,0.7885832370470007,0.4352839116039027,0.011485405727782816,0.5666952605653607,0.5531868198765142,0.38781530448084434,0.30832036650543504,0.31441488084358277,0.35329847629379146,0.293180730720331,0.29368752290498273,0.2737420005374011,0.18865189170273744,0.002232341854689784,0.002232341854689784,0.002232341854689784,0.002232341854689784,0.002232341854689784,0.002232341854689784,0.002232341854689784,0.002232341854689784,0.002232341854689784,0.07048090758392331
1282649,DoS,Random,0.7885832370470007,0.22077782003085158,0.0050663023103309016,0.7842463280517468,0.6944197614281318,0.6818965611221176,0.6584976151174411,0.5774621139352358,0.5060214174284938,0.5060214174284938,0.46948637209119437,0.43628285450125376,0.36371972905738276,0.002232341854689784,0.002232341854689784,0.002232341854689784,0.002232341854689784,0.002232341854689784,0.002232341854689784,0.002232341854689784,0.00810853925818864,0.00810853925818864,0.00810853925818864
1751148,DoS,LIME,0.6563781390347081,0.5383935064711269,0.26764305209178335,0.5094630119582975,0.30876040712978686,0.1885222590076562,0.07371280498918167,0.07371280498918167,0.00641875939042713,0.00641875939042713,0.00641875939042713,0.00641875939042713,0.0,0.08014579385267583,0.13553721372311284,0.1534676038306163,0.19319809563757698,0.1850343554319379,0.17508501079202923,0.21666861127166914,0.20794424477561385,0.2119445983501188,0.19772495691039133
1751148,DoS,TreeSHAP,0.6563781390347081,0.3618486244939236,0.010542140348804262,0.49348302760471874,0.3500560814464222,0.29167162691971305,0.2495374240961924,0.2966634060529137,0.2814580423820648,0.2696784517115708,0.24832007221780045,0.23781210868679817,0.22661490428965045,0.002232341854689784,0.002232341854689784,0.002232341854689784,0.002232341854689784,0.01004448953619156,0.01004448953619156,0.01004448953619156,0.01004448953619156,0.01004448953619156,0.01004448953619156
1751148,DoS,Random,0.6563781390347081,0.20429781590144733,0.0013603998804547278,0.573243449402143,0.5399836878242908,0.5399836878242908,0.4622476129603888,0.4265934299022645,0.3840159542630751,0.3944365340354791,0.40009962504022517,0.40009962504022517,0.40009962504022517,0.002232341854689784,0.002232341854689784,0.002232341854689784,0.002232341854689784,0.0,0.0,0.0,0.0,0.0,0.0
1877091,DoS,LIME,0.4362639885802991,0.3290400778437546,0.11561390732594923,0.3208294683494754,0.18896140870223785,0.13882480726031401,0.12483991457405139,0.09127748387950632,0.057599337507303415,0.057599337507303415,0.03517716958531123,0.03171917638735142,0.02541100361259022,0.00745678155065046,0.022271589415679315,0.022271589415679315,0.022271589415679315,0.04056311374151139,0.04056311374151139,0.05217068812331557,0.06978859334557905,0.10913669360629917,0.11788809109781169
1877091,DoS,TreeSHAP,0.4362639885802991,0.21672577593419934,0.013797731215633722,0.3414016744536172,0.3021609780979434,0.2825437715235477,0.25585157190568525,0.2566369092577825,0.22178065186009607,0.19023926947786957,0.13494413108469383,0.11284196542905084,0.09698120337071066,0.00745678155065046,0.00745678155065046,0.00745678155065046,0.00745678155065046,0.0,0.005381882626870202,0.005381882626870202,0.005381882626870202,0.005381882626870202,0.008839875824830017
1877091,DoS,Random,0.4362639885802991,0.19467869030950985,0.026981131431805087,0.3973701874890376,0.36106908620772993,0.33985697764438,0.29303231433847465,0.211576426843107,0.18944807665930447,0.15943853369763036,0.1594385336976304,0.1594385336976304,0.1451843124329678,0.00745678155065046,0.00745678155065046,0.00745678155065046,0.017246606550717122,0.017246606550717122,0.014127045479033333,0.014127045479033333,0.014127045479033333,0.014127045479033333,0.004337220478966672
1766857,DoS,LIME,0.7082034829070952,0.5398651803661151,0.519043463326051,0.47912833583522535,0.3637558053182292,0.28046870189775114,0.13773645018979852,0.12088962414643664,0.10067248543650739,0.06394047217163087,0.06394047217163087,0.03501402179421266,0.037836656448378636,0.17140058091794866,0.2583421048096674,0.3395655165349384,0.38107158480076847,0.38007776564633194,0.44920847562222316,0.44866573295550416,0.4486657329555042,0.3971709068048672,0.40171548402895146
1766857,DoS,TreeSHAP,0.7082034829070952,0.268756938339984,0.1460575352768354,0.5521587867052965,0.4594826811794989,0.493677215195464,0.5183194736851157,0.3546037795947188,0.40188556807144693,0.4530126066335825,0.45280805762759985,0.40108584779170914,0.30743142918667987,0.014218347587063083,0.014218347587063083,0.02634516213102812,0.02634516213102812,0.13940218692164744,0.16344944096122407,0.16563562799590706,0.15545731870413143,0.12616151716546833,0.20315144069424693
1766857,DoS,Random,0.7082034829070952,0.3092857079068752,0.2297208114530193,0.4791283358352254,0.47912833583522535,0.4791283358352253,0.37148651768679253,0.37148651768679253,0.38490112345047434,0.38490112345047434,0.34633915340733007,0.3463391534073301,0.34633915340733007,0.17140058091794866,0.17140058091794866,0.17140058091794866,0.16564002820783558,0.16564002820783558,0.16680755782903392,0.16675830968242497,0.14928104033058273,0.14928104033058273,0.14928104033058273
1394195,DoS,LIME,0.5206783595489902,0.4184554625747171,0.37219776130041327,0.3557840295624981,0.22751545798979186,0.16994137661457273,0.08187052108840973,0.08011795709082026,0.03837509603354395,0.019655526877411397,0.019655526877411397,0.019655526877411397,0.00965795073086044,0.057623761725126794,0.13553721372311284,0.17526770553007354,0.193198095637577,0.1850343554319379,0.17508501079202923,0.1785411013505081,0.24830189916109355,0.282292040515212,0.30707201395038713
1394195,DoS,TreeSHAP,0.5206783595489902,0.37068905948244896,0.10419110400185252,0.3629764105923099,0.23320266785898217,0.19941447757877578,0.13290459579947525,0.1465009312634088,0.09454611853870137,0.08217020815254333,0.08654562981384462,0.08145852923477676,0.08017343183259412,0.0,0.0,0.0,0.0,0.0,0.06413542668662452,0.12074187017895471,0.12091323653938382,0.11806559438860881,0.11864440331925614
1394195,DoS,Random,0.5206783595489902,0.21360114911195233,0.1542486930992943,0.5181565792188211,0.5241286003717488,0.445928110255537,0.2849534271503066,0.2477816568279787,0.24165437633307182,0.20986164414378666,0.20986164414378666,0.19422303296267082,0.19422303296267082,0.002232341854689784,0.002232341854689784,0.02283294030076143,0.09450951206222571,0.1021652564607163,0.11834804573871749,0.1283480457387175,0.11260808771425504,0.10993149656519455,0.10993149656519455
1090425,DoS,LIME,0.9025459195562848,0.7397199437782725,0.15706951623046883,0.5720036243744294,0.3020777389662362,0.2068882364508397,0.1216071007008264,0.09280964596577586,0.09280964596577586,0.09280964596577586,0.07367865102940263,0.03678773418053036,0.03678773418053036,0.07842598667362242,0.15718770356153364,0.18259626991087155,0.15685868052975513,0.15819830317126457,0.15819830317126457,0.14385476278070522,0.12841102893789164,0.1376175470908178,0.11627592377716629
1090425,DoS,TreeSHAP,0.9025459195562848,0.5213451207962108,0.011633694821513487,0.7017805021163565,0.6204270541148343,0.4600984954118934,0.3520745358501094,0.32187473954305257,0.33498336558326175,0.2955261226532748,0.2824499320516851,0.24298116389028013,0.19981207638599263,0.002232341854689784,0.002232341854689784,0.002232341854689784,0.002232341854689784,0.002232341854689784,0.002232341854689784,0.002232341854689784,0.002232341854689784,0.012077375166039208,0.07506332790164331
1090425,DoS,Random,0.9025459195562848,0.21536616193928487,0.0070308666846100034,0.8812699113679205,0.8812699113679204,0.7660136237813905,0.7455014632100103,0.7455014632100103,0.6854072225576405,0.5880088455490327,0.5262750450420247,0.5262750450420247,0.5262750450420247,0.002232341854689784,0.002232341854689784,0.002232341854689784,0.00810853925818864,0.00810853925818864,0.00810853925818864,0.00810853925818864,0.00810853925818864,0.00810853925818864,0.00810853925818864
1088595,DoS,LIME,0.5704084373006636,0.43831777453937626,0.3154885231888699,0.4183418358406445,0.3045193192666421,0.1913085251499037,0.11375634499654742,0.08732250008074102,0.072447640697491,0.048331072162458216,0.03413813815104113,0.0253706256337021,0.0253706256337021,0.057623761725126794,0.13553721372311284,0.1534676038306163,0.19319809563757698,0.18324875099766832,0.15837298926614335,0.2203236296817066,0.20291746301661662,0.25458257942785495,0.24030106767815185
1088595,DoS,TreeSHAP,0.5704084373006636,0.31866456480198846,0.02431337670835545,0.5292831050612447,0.4522577553123535,0.3928182158962834,0.24526980060185352,0.2636020390180592,0.14199033689466714,0.16726769318046283,0.1262002371583388,0.09399410669608638,0.10475543516740142,0.00810853925818864,0.00810853925818864,0.01858537642448694,0.028248418036878768,0.028248418036878768,0.009663041612391829,0.009663041612391829,0.009663041612391829,0.009663041612391829,0.00873409467296476
1088595,DoS,Random,0.5704084373006636,0.2657404702319394,0.10455436166732598,0.41720974904495106,0.3490507098203291,0.34905070982032904,0.34905070982032904,0.3415100291104818,0.31439035992958664,0.2888264912867061,0.294944111969703,0.17676102325821066,0.16588577662661508,0.002232341854689784,0.08471436084441333,0.08471436084441333,0.08471436084441333,0.059826426750699595,0.05065016873150649,0.06062405314859564,0.06062405314859564,0.05414338717447551,0.05414338717447551
1724142,DoS,LIME,0.6440372407691995,0.514260728938708,0.21920084429700357,0.43417396625506827,0.22683924585351678,0.17727923963905837,0.0942410393368853,0.0820568517793482,0.0796770862345977,0.07328668212898556,0.0655410901623643,0.038591783173069924,0.026078133742021878,0.08966472300774646,0.1571877035615336,0.13145011418041724,0.15685868052975513,0.15819830317126457,0.1215276573913744,0.1060839235485608,0.18203872659724157,0.16256615543880756,0.1461590819265098
1724142,DoS,TreeSHAP,0.6440372407691995,0.34974109112034185,0.021632490500467904,0.5742056297345871,0.5000882030197963,0.4969293261167885,0.3298636769636346,0.3352768387819522,0.2722193381118071,0.16138746279760302,0.10713173346431444,0.09709629369215624,0.06876299380593746,0.002232341854689784,0.002232341854689784,0.002232341854689784,0.002232341854689784,0.002232341854689784,0.002232341854689784,0.0,0.0,0.01,0.115927243800734
1724142,DoS,Random,0.6440372407691995,0.3274297456032549,0.0295773858125015,0.5443692494676328,0.5227830998796241,0.4124194263070109,0.2636805057994107,0.2716942670774898,0.2716942670774898,0.2615444928657933,0.2615444928657933,0.25966702188419627,0.09667812843500549,0.002232341854689784,0.002232341854689784,0.011895383467081612,0.009663041612391829,0.028543254797831853,0.028543254797831853,0.03412233910864325,0.03412233910864325,0.02446985694433243,0.014665225932359714
43503,DoS,LIME,0.598671330665557,0.5028388931133917,0.2894835110151702,0.3694693410959146,0.2161569666241628,0.18813083814964235,0.07503810986879492,0.05281275108963962,0.04638447852247573,0.0012236209495342975,0.004677774943979172,0.004080736524439304,0.0003497577530697766,0.08966472300774646,0.1571877035615336,0.18259626991087155,0.15685868052975513,0.18791869794366234,0.18925832058517178,0.167691898403553,0.21240448493858755,0.18539154108138198,0.20408246748963066
43503,DoS,TreeSHAP,0.598671330665557,0.4129890968105158,0.0056897731094144735,0.11776485317546459,0.11145959241358523,0.1478977219997745,0.1730148491122803,0.16006544412046833,0.2220939998166707,0.2360336589041223,0.22135383615255655,0.22135383615255655,0.24578454670293315,0.002232341854689784,0.002232341854689784,0.0,0.0,0.0,0.0,0.0,0.0,0.01,0.0195983566766031
43503,DoS,Random,0.598671330665557,0.19006181119250193,0.05671788064142186,0.5547013126438891,0.4935631350142529,0.493563135014253,0.5016970748228298,0.5411319931916584,0.3093430466497489,0.3278391622163192,0.3278391622163192,0.2682218790022868,0.2681952939589932,0.002232341854689784,0.002232341854689784,0.002232341854689784,0.002232341854689784,0.002232341854689784,0.07590885434322234,0.06673259632402924,0.06673259632402924,0.06450025446933945,0.05451768002723342
1455512,DoS,LIME,0.9076365206432446,0.7217485062687616,0.18535948675941333,0.6473353687859251,0.4637648576473469,0.28512523824631864,0.17256367276833082,0.10090088876144207,0.07369181830402871,0.029869717803054106,0.02543581673368405,0.03009638234734963,0.03009638234734963,0.057623761725126794,0.13553721372311284,0.15346760383061628,0.19319809563757698,0.18324875099766832,0.15837298926614335,0.22032362968170663,0.20291746301661662,0.19347884375945867,0.18422204466728836
1455512,DoS,TreeSHAP,0.9076365206432446,0.5271821194193622,0.023996187473585947,0.7154814861455201,0.6264766562594617,0.4871012179379007,0.4183625356683255,0.3711074195385162,0.3262301281795403,0.2871777814527101,0.2445414415310842,0.21378144527427512,0.11428390025149054,0.002232341854689784,0.0,0.0,0.0,0.0,0.0,0.0,0.0593683040495067,0.09241254094880307,0.06378497421928606
1455512,DoS,Random,0.9076365206432446,0.21519321681903963,0.015454337494887633,0.9076365206432445,0.9076365206432446,0.8686656604091906,0.7935045740266287,0.7935045740266287,0.6942864682132527,0.6942864682132527,0.5625977055716185,0.37750426405158877,0.3248102824434004,0.002232341854689784,0.002232341854689784,0.002232341854689784,0.002232341854689784,0.002232341854689784,0.004161222122764111,0.004161222122764111,0.03150033250898667,0.03723897338888489,0.05204575171021377
1271970,DoS,LIME,0.40908574020757144,0.28761896130665676,0.02479907718651762,0.2797087835252753,0.20451565354489237,0.20451565354489237,0.16286690491045236,0.1151250370657044,0.06747159289226182,0.05333746911127463,0.05333746911127463,0.0444875151670694,0.02930171013604954,0.0,0.0,0.0,0.0,0.0,0.009684983536294272,0.01815673723431924,0.01815673723431924,0.01815673723431924,0.03729429323386059
1271970,DoS,TreeSHAP,0.40908574020757144,0.28769438964340444,0.006631847665117463,0.3212894341346686,0.27763942517486023,0.20806667263237386,0.12266600940133236,0.118394117652078,0.08657982326524248,0.04204541558517194,0.025078837570945502,0.00607688511249884,0.00607688511249884,0.0,0.0,0.0,0.0,0.0,0.0,0.0,0.0,0.0,0.027129943110284317
1271970,DoS,Random,0.40908574020757144,0.2583576786545915,0.004220648769433171,0.3316986922324239,0.31365802644817165,0.1943699959029893,0.17067229222465316,0.1252616645749533,0.12819556836289325,0.09490287215882393,0.05616311075338236,0.046179196435754105,0.046179196435754105,0.0,0.0,0.0,0.0,0.0,0.0,0.0,0.0,0.008633036129998722,0.008633036129998722
1574871,DoS,LIME,0.9101985590488536,0.7401651865993424,0.14978133847782016,0.579101033054592,0.320089567175723,0.23196108783534022,0.14741820925809326,0.1403718739452115,0.09168280111515821,0.07316505581244423,0.04827204814927495,0.04827204814927495,0.02,0.07842598667362242,0.1571877035615336,0.18259626991087155,0.15685868052975513,0.1425151401391958,0.14320235023665012,0.12512624538476427,0.13388036913423396,0.13388036913423396,0.10963446984434441
1574871,DoS,TreeSHAP,0.9101985590488536,0.6422404407357675,0.03059395113650033,0.5860230989917357,0.38603268517266565,0.33647154692310316,0.22691360423979454,0.1821140292315338,0.21561277818945357,0.20347107079366009,0.15498707891383603,0.17137152942188777,0.2165837612531909,0.002232341854689784,0.002232341854689784,0.002232341854689784,0.002232341854689784,0.002232341854689784,0.002232341854689784,0.002232341854689784,0.07965583699512074,0.08619536235124758,0.09698811007133959
1574871,DoS,Random,0.9101985590488536,0.34666909671633217,0.008341961504792047,0.9101985590488536,0.9101985590488536,0.9101985590488536,0.6899683056150296,0.5783846981271694,0.3622962692753694,0.3622962692753694,0.29668785542889475,0.3043357715709602,0.31072977688586095,0.002232341854689784,0.002232341854689784,0.002232341854689784,0.002232341854689784,0.009864483052127728,0.009864483052127728,0.009864483052127728,0.009864483052127728,0.009864483052127728,0.017676630733629507
1491512,DoS,LIME,0.5981483414200984,0.454379540944692,0.26432808117855006,0.4224389103277517,0.31750754625608435,0.22723118549143417,0.11646057285607593,0.07965762389699363,0.06625803857242293,0.03931701546408666,0.05874087576076877,0.05874087576076877,0.05133536036767723,0.057623761725126794,0.13553721372311284,0.1534676038306163,0.19319809563757698,0.18324875099766827,0.141317802304896,0.20128471209348675,0.17183150475543102,0.17183150475543102,0.1717330836537226
1491512,DoS,TreeSHAP,0.5981483414200984,0.29732710070980417,0.006656009514971477,0.5717807978855467,0.40120373178251695,0.38063065822176234,0.3511407244301946,0.3361371447964392,0.23957637370774004,0.2126625504475081,0.15429318161331662,0.1659416326429845,0.19484561157493324,0.002232341854689784,0.002232341854689784,0.002232341854689784,0.002232341854689784,0.002232341854689784,0.002232341854689784,0.0,0.0,0.01,0.01641875939042713
1491512,DoS,Random,0.5981483414200984,0.20617585260253915,0.04170707427755297,0.56171790590128,0.5575422505097903,0.5481941993229192,0.41503792740517775,0.41503792740517775,0.38511757506510624,0.32627764053163866,0.30727059899170184,0.22607620718489344,0.1774526558579074,0.0,0.0,0.0,0.0,0.0,0.022045192020542816,0.034418791145147926,0.041330031757979474,0.041001793747189846,0.11067436437517156
1208754,DoS,LIME,0.7450694206139359,0.613841673534244,0.2715443704721667,0.42283239394839256,0.1694453630507882,0.09508180752751402,0.09508180752751402,0.10723372171292964,0.10723372171292964,0.10652221797125033,0.0943495823073306,0.07799366746628275,0.0365031875719866,0.07842598667362242,0.14927727451759534,0.17791663673566419,0.1779166367356642,0.21690213916046452,0.21690213916046452,0.27770094558785385,0.2611724315825386,0.23397986848110464,0.23300000915176
1208754,DoS,TreeSHAP,0.7450694206139359,0.377962040433136,0.13157482773102291,0.7099009851208871,0.7029865529875875,0.5438316682764076,0.36471502523933674,0.32748176815373253,0.2787262636688313,0.2711688308981522,0.2509642933688839,0.11227273165756012,0.10902568243661996,0.002232341854689784,0.007809928869943495,0.0,0.08900554386214075,0.09445130937325669,0.10503414723317263,0.14080246282708583,0.1323903520169671,0.20429886030603023,0.20429886030603023
1208754,DoS,Random,0.7450694206139359,0.4115698495996051,0.0863719539802294,0.40482965928612247,0.40482965928612247,0.3873804489619274,0.3706063856434171,0.370606385643417,0.3138654766839741,0.28360261511520707,0.28360261511520707,0.2555021196708249,0.26017034473708905,0.08046532668239005,0.08046532668239005,0.06880288390533291,0.05910352807849387,0.05910352807849387,0.049209892218270795,0.05684203341570874,0.05684203341570874,0.06473196697038819,0.06796449764625331
1458722,DoS,LIME,0.5235047206430652,0.43373788695657234,0.11917983843622441,0.2726577086777316,0.25515889352582244,0.12402531578520522,0.08611999988135087,0.05984866855336026,0.015315386847063185,0.01983748432575191,0.018828798805671402,0.027047281657299825,0.018828798805671402,0.004615997368240966,0.011466527201335154,0.021253863376357082,0.021451248440841352,0.041722514046868386,0.07926480912086722,0.08915796815515842,0.13726222270497992,0.10685055975562557,0.11086637009813899
1458722,DoS,TreeSHAP,0.5235047206430652,0.3873836717938364,0.02953130247590005,0.1793908892906061,0.17939088929060612,0.19961384292028186,0.26649969526075,0.1252427027379541,0.07319284627161435,0.08241949749669172,0.10300112796937505,0.10300112796937505,0.04945786928503297,0.0,0.0,0.011429452714004397,0.0034733120605731018,0.034236320305397264,0.034236320305397264,0.021222888233560472,0.010059997669627962,0.010059997669627962,0.029879473570530734
1458722,DoS,Random,0.5235047206430652,0.3266521424895027,0.0104489175262861,0.30764064063045743,0.29392386436718254,0.28036077573181567,0.22896322088148502,0.20360107469310004,0.15126035462750487,0.12810923301313384,0.12719268290600558,0.12719268290600558,0.12028125177893485,0.011429452714004397,0.011429452714004397,0.0014294527140043983,0.0014294527140043983,0.005228235561644129,0.0054893032038013925,0.004059850489796994,0.004735125464982739,0.004735125464982739,0.004735125464982739
1775172,DoS,LIME,0.3772596573672584,0.2819273060052413,0.03347308237670634,0.2720899392173585,0.1673810904688153,0.1673810904688153,0.14252452081037018,0.08992506187658382,0.04053428591719733,0.021999122521396595,0.021999122521396595,0.014744639909118989,0.014744639909118989,0.0,0.0,0.0,0.0,0.0,0.009684983536294272,0.019551993155888913,0.019551993155888913,0.038745733018275205,0.038745733018275205
1775172,DoS,TreeSHAP,0.3772596573672584,0.3087462546949714,0.013153702397525065,0.2220041307376406,0.14322543769430843,0.10469784183805105,0.08763723739199991,0.06008807704233406,0.022214937252884523,0.01435503374766217,0.01435503374766217,0.00827814863516333,0.00827814863516333,0.0,0.0,0.0,0.0,0.0,0.0,0.0,0.009995973721999884,0.009995973721999884,0.02963166515201215
1775172,DoS,Random,0.3772596573672584,0.12464593187780552,0.0,0.36735003105357417,0.36735003105357417,0.36735003105357417,0.3233877171481051,0.20199838668674666,0.20199838668674666,0.20199838668674666,0.20199838668674666,0.1463529489193574,0.1463529489193574,0.0,0.0,0.0,0.0,0.0,0.0,0.0,0.0,0.0,0.0
1914309,DoS,LIME,0.5347313941872769,0.37893745055190103,0.5059333655301425,0.3805664141923416,0.2360024000853896,0.19586616133605464,0.14174723352328972,0.11015540839064697,0.11804271424702473,0.11511379151932206,0.08177267448602095,0.08933631928683436,0.08933631928683436,0.12753053236330758,0.17831189992712182,0.2431487791354293,0.2894496242605011,0.33044988918559987,0.29340100444420014,0.2940793185154206,0.3399243533063921,0.31041659854166825,0.2986725394783019
1914309,DoS,TreeSHAP,0.5347313941872769,0.1121818548852835,0.04674982029306258,0.5121566927233259,0.5101184368670794,0.4897717269743535,0.3726318855706385,0.35890980895362906,0.36772603242370394,0.3501772453663563,0.39692477817137095,0.396924778171371,0.47015400779810546,0.021418882982778185,0.031335797963507404,0.031335797963507404,0.027186029567826463,0.026709322934374405,0.023538596144844832,0.015489625804479538,0.0243239708239406,0.0243239708239406,0.0243239708239406
1914309,DoS,Random,0.5347313941872769,0.21824330691161314,0.27747419430967935,0.5347313941872769,0.38056641419234166,0.33637095333672545,0.2787461987690806,0.2787461987690806,0.2787461987690806,0.265334268478581,0.26533426847858105,0.28546255470105353,0.2608424230748363,0.014218347587063083,0.12753053236330758,0.19256135290061607,0.1607270984385656,0.1607270984385656,0.1607270984385656,0.16410236646626916,0.16410236646626916,0.16179265423626177,0.17725271240657847
1137787,DoS,LIME,0.6754725952945165,0.5643283496793876,0.20780194238022762,0.45133808385405916,0.25780572949375524,0.17373741829733597,0.1085939366165309,0.019994547981601357,0.019994547981601357,0.019994547981601357,0.019994547981601357,0.019994547981601357,0.019994547981601357,0.057623761725126794,0.13553721372311284,0.17526770553007354,0.19319809563757698,0.18324875099766832,0.141317802304896,0.14220694114600385,0.13554763556944985,0.11984863331711569,0.11984863331711569
1137787,DoS,TreeSHAP,0.6754725952945165,0.439927526858473,0.1551112998058349,0.45133808385405905,0.3939703584771676,0.35531845495914105,0.2967933977458504,0.2270214015359038,0.15736817693634803,0.1380506467635952,0.13362449242358768,0.09763575300760653,0.1043299186571762,0.057623761725126794,0.06329695485581674,0.06957597781294976,0.07507661326684162,0.056836644146195416,0.12858653429387817,0.13066609440280663,0.1530822298211717,0.16532600691352894,0.14766350515521545
1137787,DoS,Random,0.6754725952945165,0.2113083528051721,0.003304859250013612,0.590063691526752,0.5991610960287712,0.5061762431788286,0.47725516995325257,0.43167601363634533,0.45013132146714313,0.39577000873064777,0.3741367812397835,0.3741367812397835,0.44313531789213667,0.002232341854689784,0.002232341854689784,0.002232341854689784,0.002232341854689784,0.002232341854689784,0.002232341854689784,0.002232341854689784,0.002232341854689784,0.002232341854689784,0.002232341854689784
1046186,DoS,LIME,0.44216943497150923,0.3629291881606588,0.08657187593890106,0.30464058704440655,0.1916294020845903,0.11758438713179699,0.07647428161559762,0.06589152376996593,0.0072364572924295675,0.0072364572924295675,0.0072364572924295675,0.0072364572924295675,0.0072364572924295675,0.00745678155065046,0.00745678155065046,0.029154723321551765,0.03829244266712695,0.021734393036726075,0.033689361793123346,0.04437536524860123,0.04437536524860123,0.0672116225583707,0.08904753770787258
1046186,DoS,TreeSHAP,0.44216943497150923,0.32636358677394556,0.018378866850953888,0.3306515351416509,0.16903026360358195,0.1282948141940683,0.04960891323345137,0.05969116042877659,0.1073307165345821,0.07819755888360397,0.09784821621838394,0.07443534608944793,0.06296995764808976,0.015108613563444208,0.015108613563444208,0.00745678155065046,0.0,0.006608833574300043,0.006608833574300043,0.006608833574300043,0.006608833574300043,0.006608833574300043,0.01054755515998972
1046186,DoS,Random,0.44216943497150923,0.16343251549065071,0.016803522566467857,0.4421694349715093,0.4120872227486286,0.4059949182812931,0.3128483137615994,0.27845293524937875,0.2644732483373298,0.22459543033507828,0.16202887035531013,0.1423594103842289,0.1423594103842289,0.00745678155065046,0.00745678155065046,0.00745678155065046,0.00745678155065046,0.0,0.0,0.0,0.01,0.017236457292429567,0.017236457292429567
1055420,DoS,LIME,0.5009802845679064,0.42928702368744026,0.017607595299193805,0.3124332708594467,0.18078446669834766,0.1080541692609407,0.04543259823859183,0.030012282441628693,0.01704315435566837,0.009595193935342014,0.004721111006420228,0.004721111006420228,0.004135251001855541,0.0,0.0,0.0,0.0,0.0,0.010163315753239843,0.010163315753239843,0.02246533548595481,0.02246533548595481,0.022953278557077142
1055420,DoS,TreeSHAP,0.5009802845679064,0.43324882654871166,0.0011612907420077505,0.26922754303779906,0.18656328634152694,0.11285498512473639,0.06886680371446513,0.034507080700076374,0.00105897625466888,0.00105897625466888,0.00105897625466888,0.00105897625466888,0.00105897625466888,0.0,0.0,0.0,0.0,0.0,0.0,0.0,0.0,0.0029089188319855906,0.0029089188319855906
1055420,DoS,Random,0.5009802845679064,0.2573833161422586,0.0,0.3124332708594467,0.3124332708594467,0.2897828410813129,0.25263101674300714,0.25263101674300714,0.2355124534592357,0.2355124534592357,0.2355124534592357,0.2085040118443488,0.10101689574820147,0.0,0.0,0.0,0.0,0.0,0.0,0.0,0.0,0.0,0.0
1048475,DoS,LIME,0.45442342136377484,0.4007634465788338,0.02758502321080353,0.29378352272530517,0.16185714955645478,0.012674918005317426,0.01856969320336575,0.01856969320336575,0.015746874979347663,0.005132632058751555,0.005132632058751555,0.005132632058751555,0.0,0.0,0.0,0.0,0.005698760194802029,0.010132229579932888,0.018226353799711856,0.018226353799711856,0.018226353799711856,0.022931849834567784,0.03191090525008656
1048475,DoS,TreeSHAP,0.45442342136377484,0.39705026175950964,0.017715307124634844,0.08863122170192295,0.11255419454669946,0.06308969520567871,0.02875213092528085,0.04599131356123778,0.0917195752116332,0.06088309182113685,0.045839857161335935,0.02628228540427921,0.009988230503447307,0.0,0.005698760194802029,0.005698760194802029,0.005698760194802029,0.0,0.0,0.0,0.01318768683298759,0.01318768683298759,0.03703085049048496
1048475,DoS,Random,0.45442342136377484,0.29405804792117146,0.0034788827533892607,0.3442700485918772,0.29498213106190735,0.23970130929714137,0.16799486437797395,0.1262506812133692,0.11843070699980285,0.11570241447640355,0.06544052613585287,0.06544052613585287,0.06544052613585287,0.0,0.0,0.0,0.0,0.0,0.0,0.0,0.005269619344395258,0.005269619344395258,0.005269619344395258
1896371,DoS,LIME,0.3196346073864627,0.24530271816868518,0.87487417999359,0.19741516806546255,0.11697740240981552,0.10241517524736878,0.05695570707399952,0.05782470054238264,0.04999140258231852,0.03620773340950832,0.03938725299874959,0.03938725299874959,0.046757096849420726,0.12753053236330758,0.1783118999271218,0.24314877913542932,0.28944962426050114,0.3206458483762384,0.3004469333777127,0.3509799744519095,0.29639089212115005,0.35021642522944907,0.33927974110522724
1896371,DoS,TreeSHAP,0.3196346073864627,0.0500240508970165,0.10808204309549913,0.32493114240028603,0.24513578493942081,0.1897208285687389,0.1644006557949125,0.19907327532028993,0.18149822537964588,0.23341619702202973,0.38317406629914363,0.3595490316152338,0.4152063575547607,0.014283164539369207,0.014283164539369207,0.014283164539369207,0.024142669798492264,0.023601146212734084,0.02637949323218982,0.02637949323218982,0.016715431638947016,0.08788294752448923,0.09751693884641618
1896371,DoS,Random,0.3196346073864627,0.03243421745310936,0.35199826417773794,0.353652483931815,0.35889606168292765,0.4079923256947653,0.3747785721858041,0.307251656940438,0.22478455226573804,0.2227461492085984,0.22274614920859837,0.19505429123029014,0.2041016569845586,0.020500240476968565,0.09028633223634572,0.07072388527825298,0.0616522797718262,0.06165227977182621,0.16432874704041392,0.16432874704041392,0.174251136978745,0.16174752658963606,0.15563709452724783
1392263,DoS,LIME,0.6094492660809558,0.4758227183820676,0.5551675230887998,0.4572082756917218,0.329195160086086,0.2425795823943926,0.09727639508191721,0.09356090065288063,0.07604940579759954,0.023743265547229265,0.008286444077873326,0.004183023829591153,0.004183023829591153,0.17140058091794866,0.2583421048096674,0.3395655165349384,0.3810715848007684,0.3700777656463319,0.31290064395162176,0.35232967162096407,0.38149832771459935,0.4354909849654206,0.38078721402225113
1392263,DoS,TreeSHAP,0.6094492660809558,0.2797961603636906,0.2800194230298246,0.5635376988035724,0.5381837841677571,0.5511251682429963,0.3580506148544321,0.26090335481522237,0.24201275981559953,0.20161547527269608,0.19525324270829614,0.17551787791365434,0.2103310805784264,0.014218347587063083,0.014218347587063083,0.02634516213102812,0.150094046904967,0.2519363664145801,0.2333135646900885,0.2503638197306203,0.2410155036598759,0.26596896052157715,0.25910219931252976
1392263,DoS,Random,0.6094492660809558,0.17750149312271474,0.2575685300170921,0.609449266080956,0.45720827569172173,0.42864381815777686,0.4371708404870496,0.43717084048704963,0.4026199132850583,0.4125685096143845,0.41200698608235414,0.38082078680530285,0.34181849289075744,0.014218347587063083,0.17140058091794866,0.18359203716462352,0.16555281901170968,0.1655528190117097,0.16536863306132368,0.17752963366209382,0.17705106738477294,0.18520228170620961,0.16428129633722005
1217886,DoS,LIME,0.9175132932190292,0.871523445536285,0.19719878115713205,0.33254317479452566,0.06277143271698642,0.026932354266504133,0.018825757524712876,0.018825757524712876,0.0,0.0,0.0,0.0,0.0,0.07842598667362242,0.1571877035615336,0.18259626991087155,0.15685868052975513,0.15819830317126457,0.20912597644891157,0.18787106313703592,0.24784814603682562,0.2159152008878465,0.21529770082492167
1217886,DoS,TreeSHAP,0.9175132932190292,0.697631408672518,0.10640842596735417,0.8798917784744874,0.30471431957746353,0.2735423166666738,0.2649934864121053,0.15467475285246257,0.11446767711258345,0.03772604869988526,0.03772604869988526,0.060539650401181054,0.07054276656838318,0.002232341854689784,0.07842598667362242,0.07842598667362242,0.059857258007204074,0.10154873427360346,0.07616483655618009,0.1480936428909669,0.1480936428909669,0.13690299096117792,0.14656603257356976
1217886,DoS,Random,0.9175132932190292,0.2901313729817601,0.018639907012269266,0.8362104063183408,0.7985888915737992,0.7985888915737993,0.7985888915737991,0.6048398836443486,0.6095419937198826,0.5810481830941844,0.4595692326565705,0.45704382332795973,0.32979900489000663,0.002232341854689784,0.002232341854689784,0.002232341854689784,0.002232341854689784,0.002232341854689784,0.002232341854689784,0.002232341854689784,0.04809107795475079,0.04809107795475079,0.05921507578890643
1242761,DoS,LIME,0.9448974260090027,0.7904638207991647,0.19574059111752867,0.6650933275370527,0.43708394070197776,0.26874827221478476,0.10345120970357403,0.019981112392804937,0.009995637909637147,0.009995637909637147,0.009995637909637147,0.009995637909637147,0.009995637909637147,0.057623761725126794,0.13553721372311284,0.15346760383061628,0.19496788635400655,0.19501705538965378,0.19501705538965378,0.2264713987026323,0.2264713987026323,0.22273140370513356,0.24224302960176705
1242761,DoS,TreeSHAP,0.9448974260090027,0.2631948645646968,0.028745066640038223,0.9142694501553501,0.8647549699680869,0.8299466703159143,0.7700248895155041,0.7400695514084529,0.7287400705026869,0.5122389926265795,0.49225623605230157,0.4823623919490915,0.48236239194909136,0.002232341854689784,0.009052948243730312,0.009052948243730312,0.0,0.0,0.0,0.06281828911103583,0.06281828911103583,0.06281828911103583,0.06281828911103583
1242761,DoS,Random,0.9448974260090027,0.5067960651219142,0.13275700913873983,0.6941815023913798,0.6105562808912522,0.6105525190324481,0.5763752847602174,0.3924670802948153,0.29826401311628503,0.2949931801941574,0.2949931801941573,0.30476598947513994,0.3038645785210331,0.038027162977939684,0.0404753511013763,0.0443571675854892,0.0443571675854892,0.15291245876369639,0.1997943297650654,0.18362416279298688,0.18362416279298688,0.18362416279298688,0.18362143604047232
1632351,DoS,LIME,0.5576374800055175,0.46370558052905775,0.3024188179340281,0.3478708967882364,0.16748342335371597,0.09006045639876792,0.06920283023973432,0.05920283023973433,0.05817980476367433,0.04817980476367433,0.03914379592395917,0.02999757614655096,0.02999757614655096,0.07842598667362242,0.1571877035615336,0.13145011418041724,0.15685868052975513,0.18791869794366234,0.18925832058517178,0.16800340727329613,0.22705455164676266,0.1951216064977835,0.19512160649778354
1632351,DoS,TreeSHAP,0.5576374800055175,0.2775826629188319,0.005993269473737966,0.5372835554749005,0.34187817006405496,0.2723955400830269,0.23301615368131898,0.22766701552915197,0.2530103905054265,0.2530103905054265,0.2442512564002567,0.22758245436274702,0.21045324426054576,0.002232341854689784,0.007074869950403549,0.007074869950403549,0.017038635107795456,0.0,0.0,0.0,0.0,0.0,0.0
1632351,DoS,Random,0.5576374800055175,0.233620287707265,0.0921311868972424,0.5276405961727196,0.5075912244849224,0.3178215251004392,0.3178215251004392,0.2682410243645805,0.2582434482180296,0.27038025572415614,0.2678341100105822,0.2528034239125743,0.25179478989408155,0.002232341854689784,0.002232341854689784,0.06847664203371374,0.06847664203371374,0.053803544920358,0.04384699524317554,0.06903654294176671,0.059395238455122346,0.059395238455122346,0.08686250112060404
1126551,DoS,LIME,0.5548949878160643,0.415630114999246,0.1325554970761384,0.3855451356561894,0.2816807372584249,0.21201213110909697,0.1666576033303649,0.10538560039807755,0.08260110737644076,0.0697051870320209,0.030516612161280997,0.029272306923143133,0.029272306923143133,0.0,0.014205143450052417,0.02297821367477941,0.021701591486955715,0.030474879320832135,0.07767181414633426,0.07026079868286028,0.12163363203429087,0.168113683548402,0.20850405300565455
1126551,DoS,TreeSHAP,0.5548949878160643,0.28378419759545814,0.008419859661969434,0.4964939390007125,0.4589310496339791,0.3786309061068131,0.2840767404256526,0.21168648181363334,0.21522185002137434,0.20721994353664325,0.17373200893828308,0.1528256259754115,0.1322893567535591,0.0,0.0,0.0,0.0,0.0,0.0,0.0,0.0,0.016789372644181427,0.02993200660123357
1126551,DoS,Random,0.5548949878160643,0.2527699441907012,0.016612822902485804,0.4677130975521137,0.46000371014690217,0.397613762968916,0.3488530854039106,0.2943468388850634,0.2943468388850634,0.20304123378513658,0.20304123378513658,0.20304123378513658,0.14924940105625162,0.0,0.0006752749751857452,0.0006752749751857452,0.0,0.01678134143392159,0.01678134143392159,0.010243829761284663,0.010243829761284663,0.010243829761284663,0.026538999518584277
1736916,DoS,LIME,0.5840304051223913,0.4635734480517337,0.6430703657216188,0.38863463348143534,0.2801773850700754,0.1917573900540868,0.09866873758157471,0.10529599430269747,0.06468794736191355,0.035364834274198335,0.01,0.01,0.019982648580594568,0.17140058091794866,0.2583421048096674,0.3395655165349383,0.3810715848007684,0.38007776564633194,0.44920847562222305,0.4486657329555042,0.3971709068048672,0.4611635640556884,0.46906022999807645
1736916,DoS,TreeSHAP,0.5840304051223913,0.34334920235054145,0.44951308276630914,0.38863463348143534,0.3148431941692882,0.31166739987707104,0.22565255244311938,0.18856134227157098,0.20010811944426318,0.17623498107092606,0.19981934105719856,0.20870587236651503,0.1925845915371117,0.17140058091794866,0.1814991731814211,0.18983179273408163,0.31680907335032804,0.31541045229055564,0.3152267299190937,0.2714259938858258,0.27876097403329153,0.28613513211118713,0.29879317593449245
1736916,DoS,Random,0.5840304051223913,0.08403218714470914,0.16762870470135496,0.5883623978278552,0.5699752189086467,0.5498742073817985,0.5491967335632656,0.48454887679905634,0.47304078147563927,0.4822940763557391,0.4887752213589169,0.4069573330529523,0.40695733305295234,0.010500240476968565,0.010500240476968565,0.07034036377417575,0.11448088945292838,0.13040345981728674,0.1239056212572284,0.14114758314324977,0.13296577332521783,0.12237921572235823,0.12237921572235823
1439727,DoS,LIME,0.9744402243329122,0.7520856563308811,0.19947716059981196,0.7037824813915892,0.49938478730595137,0.33037734624701476,0.2041568132087531,0.13697723984896729,0.1169772398489673,0.08724863554014389,0.05803965401583541,0.05803965401583541,0.02856182859725262,0.057623761725126794,0.13553721372311284,0.1534676038306163,0.19319809563757698,0.18324875099766827,0.24655450858832154,0.21038747296944305,0.2545928521710053,0.25459285217100525,0.25458257942785495
1439727,DoS,TreeSHAP,0.9744402243329122,0.6347030500759214,0.03316930024791247,0.5651346208516108,0.4066189061363639,0.35083295696505706,0.3550488453211162,0.3256621183218519,0.3495791449853878,0.3467191768718239,0.2734592903025157,0.274683274493352,0.14963340832082803,0.002232341854689784,0.002232341854689784,0.002232341854689784,0.007809928869943495,0.007809928869943495,0.007809928869943495,0.0,0.06856643743282154,0.08300138819053543,0.14152036594815864
1439727,DoS,Random,0.9744402243329122,0.5333649067743684,0.020768545969479617,0.9101515233294896,0.6311338527775998,0.562569582969612,0.562569582969612,0.42048527937728514,0.3440104107229485,0.32217710449241,0.255118527530727,0.2241156183331409,0.17842169308261416,0.002232341854689784,0.002232341854689784,0.002232341854689784,0.002232341854689784,0.002232341854689784,0.002232341854689784,0.012232341854689783,0.05806772970958238,0.04841486449891291,0.07026807874435742
1362406,DoS,LIME,0.6928879562845194,0.576432038164716,0.22805555380244766,0.45195390155836107,0.2232307119433358,0.14925666172582916,0.07821667313953422,0.052982893372926096,0.052982893372926096,0.052982893372926096,0.03925652304435101,0.03184801483392256,0.03184801483392256,0.07842598667362242,0.1571877035615336,0.18259626991087155,0.15685868052975513,0.15819830317126457,0.14385476278070525,0.17643725042722416,0.16676921037174655,0.16103805209392097,0.19880324641447783
1362406,DoS,TreeSHAP,0.6928879562845194,0.34806257508160315,0.02717597969320754,0.6207652926361656,0.5203392090280125,0.4995771739348953,0.37459656868579083,0.3159969916749081,0.32010568679175416,0.2864080358768631,0.15640286246863325,0.17733249944791055,0.17672949148422937,0.002232341854689784,0.002232341854689784,0.002232341854689784,0.0,0.0,0.0,0.0,0.05532370178798408,0.05532370178798408,0.07095466115652421
1362406,DoS,Random,0.6928879562845194,0.15893702675560198,0.01077324019335254,0.6442980934154136,0.6209507422076002,0.6209507422076002,0.5803705815749673,0.5638654103535294,0.4734237518826933,0.4851949211512266,0.4641697801158604,0.4688213923842376,0.41746387999604556,0.002232341854689784,0.002232341854689784,0.002232341854689784,0.002232341854689784,0.0037213244567331685,0.0037213244567331685,0.0037213244567331685,0.002232341854689784,0.021161958662448258,0.03115884249524614
1069485,DoS,LIME,0.4604383258008427,0.3334552807372895,0.8499559599472543,0.34040016736009093,0.2681449122036741,0.20142628451050715,0.10563134455189709,0.09116490010824282,0.08713029039511978,0.07718685380058952,0.04855012247876878,0.03506691142551213,0.015128663801130088,0.17140058091794866,0.2583421048096674,0.3395655165349384,0.38107158480076847,0.3800777656463319,0.44920847562222305,0.5118174130094285,0.5060518708050147,0.4552089934675066,0.46077868641179065
1069485,DoS,TreeSHAP,0.4604383258008427,0.22481716754590794,0.45919087186114904,0.3404001673600909,0.29469809142939396,0.21448647432457835,0.206122252793265,0.22795339841464016,0.22558104976665694,0.26081941178857737,0.24139018762231945,0.19020511944998167,0.15455542959984395,0.17140058091794866,0.1814991731814211,0.288260676753904,0.2375834497726246,0.24082606284632405,0.2146471960222643,0.2160030634896265,0.1777643627311553,0.20261094235261562,0.18369525455988353
1069485,DoS,Random,0.4604383258008427,0.0888185602192762,0.24095157636734515,0.4628538081750794,0.4304115968590632,0.4575901578201292,0.4522749169510347,0.45227491695103467,0.37744413993909703,0.30268799519292316,0.300326664736307,0.2357867015671016,0.24454675762389516,0.014218347587063083,0.014218347587063083,0.01860791156583187,0.018782424053575667,0.018782424053575667,0.12494180592231718,0.18341790174690722,0.18606665764883548,0.26269610975058555,0.26770147430078833
1741245,DoS,LIME,0.6458490903006662,0.5345731363575975,0.21884823150701524,0.4607416055524158,0.2871441871629866,0.17914687428885195,0.07500840434102443,0.022690973817202042,0.022690973817202042,0.016334130112750898,0.016334130112750898,0.016334130112750898,0.016334130112750898,0.057623761725126794,0.13553721372311284,0.17526770553007348,0.193198095637577,0.18324875099766832,0.141317802304896,0.134658496728342,0.13465849672834196,0.12895949447600782,0.12895949447600782
1741245,DoS,TreeSHAP,0.6458490903006662,0.4955921447183453,0.12849156126467567,0.31661119583484165,0.2638857355828512,0.1735240704319193,0.16024559779418454,0.12618223704564405,0.09160404780120474,0.09160404780120474,0.10165348262073139,0.09336529570987832,0.08389374520074883,0.002232341854689784,0.002232341854689784,0.06879759030970861,0.07507661326684162,0.088399756283093,0.15989117060691083,0.1370949438216847,0.11851026012251696,0.08560476970668046,0.09202179171421529
1741245,DoS,Random,0.6458490903006662,0.22997848179694894,0.0011480237751064336,0.6127615958850875,0.6127615958850874,0.5156143922144633,0.37135517397535184,0.37135517397535184,0.37135517397535184,0.35709740761857334,0.333880368640725,0.30389125573569614,0.3086339471314847,0.0,0.0,0.0,0.0,0.0,0.0,0.0,0.0,0.0,0.007414501107960267
1936178,DoS,LIME,0.7314207454878635,0.5582593735656232,0.24059483974841672,0.46411074746989867,0.304543706982167,0.2221659728903495,0.17088578584356276,0.1158226104763124,0.1016473605257515,0.10140176754496466,0.09801127172283979,0.07946559431054412,0.07355890145601314,0.07842598667362242,0.15718770356153364,0.13145011418041724,0.15685868052975516,0.1441349222212145,0.13547454486272392,0.22477193713933727,0.24816440275364265,0.2188818171801679,0.26441046139078533
1936178,DoS,TreeSHAP,0.7314207454878635,0.31935997526995974,0.02916666272288288,0.6672797368956798,0.6928050001546331,0.6595754536589175,0.5419198790093508,0.41160806474486056,0.3696168813466149,0.27130159387402064,0.21614337140035458,0.1829767174065993,0.10738100368800683,0.002232341854689784,0.002232341854689784,0.002232341854689784,0.002232341854689784,0.012232341854689783,0.012232341854689783,0.010527234796151662,0.016410976241755658,0.026407010547801105,0.12659174920779365
1936178,DoS,Random,0.7314207454878635,0.4390722207425545,0.1016815635901419,0.5534787560371569,0.36007514346721625,0.36007514346721636,0.36007514346721625,0.26182292093342646,0.26182292093342646,0.21296259835924858,0.19279830349780583,0.19476532712340372,0.16560899016697403,0.009963765157391908,0.0,0.0,0.0,0.10474925971908788,0.10474925971908788,0.12917519259333432,0.12278384782057632,0.14794360311033902,0.12435512231491447
1460502,DoS,LIME,0.43371734234365633,0.2972729526336514,0.6006380789812427,0.27177660419144156,0.1989049632147902,0.16776333675012087,0.13538069653058277,0.13333136582181504,0.10697514809380967,0.0729736576330962,0.07955917021378818,0.1038894773253023,0.0938894773253023,0.12753053236330758,0.17831189992712182,0.24314877913542937,0.2894496242605011,0.33044988918559987,0.29340100444420014,0.3002688518669832,0.3087908016741756,0.2503075047010096,0.28341262570310877
1460502,DoS,TreeSHAP,0.43371734234365633,0.12198134776430183,0.06520661091416428,0.32469542003198604,0.30817197864378276,0.2911128274986287,0.27146784176464134,0.2931536718886075,0.3576576332578205,0.3378632302444746,0.3434026217744405,0.31975178620073635,0.27008293448842674,0.014283164539369207,0.014283164539369207,0.014283164539369207,0.014283164539369207,0.014283164539369207,0.014283164539369207,0.014283164539369207,0.058335607792637495,0.058335607792637495,0.06615901252842246
1460502,DoS,Random,0.43371734234365633,0.0664842032865805,0.09171054314724522,0.4265465980295637,0.4148351724451594,0.4261794344578751,0.4261794344578751,0.42821533399447026,0.3459097194080251,0.3459097194080252,0.35038917890925236,0.2633829462505,0.2447838532100121,0.014218347587063083,0.014218347587063083,0.014889804455737352,0.014889804455737352,0.014889804455737352,0.029445850512261264,0.02944585051226127,0.026533388302517773,0.11179704150433509,0.12743629101445056
1370283,DoS,LIME,0.4048442545056538,0.3634324879595452,0.15385424021880106,0.206391776153898,0.12717961005470255,0.07148069884866118,0.00811169092871113,0.00047694473755652815,0.00047694473755652815,0.0,0.0,0.0,0.0,0.00745678155065046,0.022271589415679315,0.022271589415679315,0.03862918709812042,0.0569207114239525,0.06852828580575666,0.07831811080582332,0.12404488869214549,0.1147205741917197,0.0897083334396158
1370283,DoS,TreeSHAP,0.4048442545056538,0.3460528256583788,0.03698052409065805,0.19816535958718745,0.09759121249012745,0.058483067916220245,0.0321988777939585,0.0466401600036329,0.04143538003333171,0.036040740196486246,0.028582933141890386,0.021739142712885334,0.027037414597029782,0.015108613563444208,0.015108613563444208,0.015108613563444208,0.00765183201279375,0.0,0.0011314513228715473,0.00964547764330377,0.016973788362614674,0.034492568517595974,0.034492568517595974
1370283,DoS,Random,0.4048442545056538,0.11548925042372438,0.012354518709472087,0.4048442545056538,0.389290622973511,0.37481208635335134,0.3466932936776149,0.35953582109990384,0.3100067628402396,0.2921569008342836,0.15049587234423872,0.1328572130952487,0.1328572130952487,0.00745678155065046,0.00745678155065046,0.00745678155065046,0.0,0.0,0.0,0.0,0.008187898126396483,0.009729158194387964,0.009729158194387964
1465498,DoS,LIME,0.8461898837550228,0.6982494455118033,0.16285101583579958,0.5284515518541335,0.30040257456493363,0.2101290908020276,0.13064522204721318,0.09927804610694613,0.06294597092543326,0.06294597092543326,0.04705001716820782,0.01877796901893287,0.01877796901893287,0.07842598667362242,0.15718770356153364,0.13145011418041724,0.15685868052975513,0.15819830317126457,0.16630001437667918,0.15195647398611983,0.13388036913423396,0.10963446984434441,0.13413670613685622
1465498,DoS,TreeSHAP,0.8461898837550228,0.6222705392902524,0.054499644785209654,0.5197060452630957,0.3368857027656298,0.22915911857663882,0.2077863695344985,0.1667667838513555,0.2002655328092753,0.1981238254134818,0.15889353806787285,0.1085538141936116,0.1130527141722434,0.002232341854689784,0.002232341854689784,0.002232341854689784,0.002232341854689784,0.002232341854689784,0.002232341854689784,0.002232341854689784,0.07965583699512074,0.17618276578050357,0.1897054850964131
1465498,DoS,Random,0.8461898837550228,0.3994112075254141,0.061516380898029015,0.730212811097581,0.6624791350540977,0.5987650215370166,0.47041021785181897,0.44099713754289893,0.4409971375428989,0.39336790364113466,0.36372990777643727,0.2410985806100455,0.12572890964215752,0.02283294030076143,0.02283294030076143,0.02283294030076143,0.05108321758446375,0.05108321758446375,0.05108321758446375,0.053315165068052374,0.04469240351712535,0.06068365669396906,0.14010569307650642
994229,DoS,LIME,0.3937859462647387,0.2998556109458984,0.34647232476426165,0.27805835571109255,0.16410357626921818,0.11780315051271753,0.09422128303195851,0.06447972197417622,0.06447972197417622,0.04768860228846987,0.044862405722690485,0.03516304989585144,0.028443485808051085,0.08966472300774646,0.15718770356153364,0.13145011418041724,0.15685868052975513,0.15819830317126457,0.15819830317126457,0.142754569328451,0.12841102893789164,0.1376175470908178,0.10401834963924383
994229,DoS,TreeSHAP,0.3937859462647387,0.17998137693370914,0.025900487297203525,0.29608848100982366,0.24367432472553494,0.22646528082092035,0.2179228795788423,0.21535431536290284,0.19273232076021482,0.13776148455165457,0.1466584912312346,0.23524762829136758,0.22614048697779995,0.002232341854689784,0.002232341854689784,0.002232341854689784,0.009271462030708444,0.007039120176018659,0.007039120176018659,0.016783961600354558,0.016783961600354558,0.016783961600354558,0.02159386624259253
994229,DoS,Random,0.3937859462647387,0.17680775551813582,0.20288055332233285,0.29608848100982366,0.3095796978317296,0.26725878192351266,0.20926380639685097,0.20926380639685097,0.20747944061378992,0.21055859499190457,0.18638192961916192,0.14797854108036362,0.12592882760204066,0.002232341854689784,0.002232341854689784,0.002232341854689784,0.09054384708447087,0.09054384708447087,0.09039685719017534,0.09760057216501022,0.09760057216501022,0.1452635373526825,0.18026884808159674
1125246,DoS,LIME,0.7323576954148145,0.6109940717930655,0.20853199069544479,0.4271466890197747,0.2669168577182144,0.19615534599218176,0.08306348354692966,0.058676032286985154,0.058676032286985154,0.04927467838931672,0.031061441864916453,0.021332837556093043,0.021332837556093043,0.07842598667362242,0.1571877035615336,0.13145011418041724,0.15685868052975516,0.14141494668694155,0.1270714062963822,0.12841102893789164,0.1376175470908178,0.22969067876831903,0.23907198853411404
1125246,DoS,TreeSHAP,0.7323576954148145,0.2878149471580869,0.04384307044970761,0.7319560520914176,0.7352337612511027,0.6174879299103734,0.47399813877852986,0.40919152913800994,0.3691310197471032,0.3691310197471033,0.3596813878040179,0.23492948510542397,0.14468715899419476,0.002232341854689784,0.002232341854689784,0.002232341854689784,0.002232341854689784,0.002232341854689784,0.002232341854689784,0.002232341854689784,0.002232341854689784,0.09350020801034853,0.20972915749670548
1125246,DoS,Random,0.7323576954148145,0.2035585007766342,0.006925392035981838,0.7323576954148148,0.6972880926726904,0.5946777555210954,0.5979554646807804,0.4581617930586676,0.4495466107421579,0.4495466107421579,0.4495466107421579,0.4495466107421579,0.4093647020651234,0.002232341854689784,0.002232341854689784,0.002232341854689784,0.002232341854689784,0.002232341854689784,0.002232341854689784,0.002232341854689784,0.002232341854689784,0.002232341854689784,0.030627564820949634
1895557,DoS,LIME,0.541587551825366,0.44967749448952005,0.017017631511895594,0.3614737391004479,0.20046020157137767,0.05954550986641956,0.05450819302471925,0.042996274271199744,0.042996274271199744,0.042996274271199744,0.05184500869916354,0.02977942921041808,0.03249966907231352,0.0,0.0,0.0,0.005698760194802029,0.005698760194802029,0.005698760194802029,0.010132229579932888,0.010132229579932888,0.01876526570993161,0.03603936842973389
1895557,DoS,TreeSHAP,0.541587551825366,0.4292524628680331,0.009470092431104523,0.2323337774877353,0.16873728351648473,0.15188499069632275,0.1404942853994454,0.11270654666155816,0.0855321367772326,0.09053491424881135,0.06377677472909618,0.04889792058869826,0.028452259467944163,0.0,0.005698760194802029,0.005698760194802029,0.005698760194802029,0.005698760194802029,0.005698760194802029,0.005698760194802029,0.005698760194802029,0.005698760194802029,0.005698760194802029
1895557,DoS,Random,0.541587551825366,0.31352300589984783,0.0020598340015242837,0.46794720482558405,0.4037052593258693,0.33930293871694295,0.2778726105996248,0.24675684257089409,0.18127456857067548,0.1747958741677987,0.1498742129434254,0.02333913246030606,0.01577681507406069,0.0,0.0,0.0,0.0,0.0,0.0,0.0,0.0,0.0055779022702609204,0.0055779022702609204
1205080,DoS,LIME,0.6368338220215619,0.5000284664769185,0.2802089466433229,0.5101146082809748,0.34301485318552993,0.19944452717143724,0.12659362307817218,0.08799381419569997,0.0431202421626744,0.026955024101923308,0.005059746631981896,0.012878558319020263,0.012878558319020263,0.08014579385267583,0.13553721372311284,0.1534676038306163,0.19319809563757698,0.18324875099766832,0.2286691062961419,0.2203236296817066,0.20291746301661662,0.19347884375945867,0.19347884375945867
1205080,DoS,TreeSHAP,0.6368338220215619,0.40306185333768674,0.16092852903925062,0.4854787005323413,0.43401993299152863,0.41941840554313137,0.31679830173623713,0.22559900198181296,0.1662099827319885,0.10887991668823258,0.08108678112079437,0.04908634524486107,0.0511423182678238,0.0,0.0,0.0,0.06856199956240293,0.06243015488718148,0.1395503575441275,0.19805523912837816,0.18776419376464595,0.17576689964270067,0.192718457674302
1205080,DoS,Random,0.6368338220215619,0.2747126090372114,0.10260410481886773,0.5820872603129778,0.43634934237862283,0.4363493423786229,0.4081556608618033,0.4081556608618033,0.3208843644433142,0.2678798281177718,0.2678798281177718,0.2774653566355814,0.21600548573523562,0.002232341854689784,0.06823378816935198,0.06823378816935198,0.07995018631234103,0.07995018631234103,0.06307731239802694,0.06219888639164745,0.06219888639164745,0.06760967377813254,0.09973259249147487
1248049,DoS,LIME,0.46878605913809496,0.36612984401037857,0.7686538920646411,0.33122678967620844,0.2218907256803259,0.19593576661912263,0.11429687197548356,0.05125909197070231,0.026761412906210206,0.02129787311227771,0.021297873112277713,0.021297873112277713,0.02129787311227771,0.17140058091794866,0.2583421048096674,0.3335822687477641,0.37949383589087626,0.3563393501257917,0.416235601646036,0.4005521631782281,0.40246692191628525,0.464238416473545,0.42069104531527385
1248049,DoS,TreeSHAP,0.46878605913809496,0.2869692277522934,0.5177890358566601,0.33122678967620844,0.22189072568032586,0.2119529102526309,0.2338040264684824,0.14845574978137266,0.1484415486853287,0.1521318727937946,0.14092297582549795,0.12243148511093294,0.10691022958344112,0.17140058091794866,0.2583421048096674,0.2583421048096674,0.21466988700851566,0.2269087899523196,0.21493172000724242,0.21265637891612177,0.26666440841216094,0.26950317909123417,0.33390366191669657
1248049,DoS,Random,0.46878605913809496,-0.021752239184489507,0.04629501264988714,0.4618238379561626,0.45719481132245304,0.4560725221925842,0.4560725221925842,0.4784196038720502,0.5173467065172521,0.5173467065172521,0.5279572919482117,0.5353831842490477,0.4977657964582467,0.015752066404338117,0.015752066404338117,0.015752066404338117,0.015752066404338117,0.015752066404338117,0.015752066404338117,0.015752066404338117,0.012033959294243602,0.01613211820067139,0.07859402305360667
1269983,DoS,LIME,0.6775379156613175,0.4946404168665083,0.232588850987269,0.5059723671452985,0.32693786325108964,0.24233730531242398,0.20432952750437736,0.1687035829232418,0.10349218489531697,0.08483410826827593,0.0691964848941992,0.06827722208712292,0.05489434166674559,0.07842598667362242,0.1571877035615336,0.13145011418041724,0.15685868052975513,0.15819830317126457,0.13547454486272392,0.22930052820726793,0.19244039399505136,0.18258766529545936,0.15395373256265463
1269983,DoS,TreeSHAP,0.6775379156613175,0.33250850607219984,0.006527206470829977,0.499791904632989,0.49796863547236336,0.493964528640619,0.3771336523934842,0.35428522477034513,0.2870407331109339,0.2781184425962645,0.2781184425962645,0.15837897045297442,0.22549356122493866,0.002232341854689784,0.002232341854689784,0.002232341854689784,0.002232341854689784,0.002232341854689784,0.002232341854689784,0.002232341854689784,0.002232341854689784,0.004216752509471189,0.02214881132638261
1269983,DoS,Random,0.6775379156613175,0.29418507641083946,0.01583172108444883,0.6587640440915676,0.4307995523619784,0.4014398957957971,0.3837957885697162,0.3837957885697162,0.3136913966191487,0.32341793619903286,0.31787762427525196,0.30997318301128574,0.30997318301128574,0.002232341854689784,0.002232341854689784,0.002232341854689784,0.016304295030649882,0.016304295030649882,0.013592059484703762,0.013592059484703762,0.013592059484703762,0.013592059484703762,0.013592059484703762
1851042,Exploits,LIME,0.9995652101714448,0.7992804473991385,0.3782720693763981,0.7197052236530466,0.4898226881994918,0.3397117888355179,0.1299091695596316,0.13990916955963162,0.042507589586636224,0.042507589586636224,0.03250758958663622,0.03313340957791747,0.03313340957791747,0.17140058091794866,0.2583421048096674,0.3235822687477641,0.3694938358908763,0.36533936940791284,0.42453912564622853,0.4250582237370083,0.47772094164152434,0.4827997772415684,0.4827997772415684
1851042,Exploits,TreeSHAP,0.9995652101714448,0.5586536602298621,0.19551092097939574,0.9076536741285129,0.7948383049678575,0.579389088443468,0.5288350465775187,0.3360265417329588,0.2496121153221183,0.25171780037410296,0.25171780037410296,0.25178678721503744,0.25753834028014994,0.01416645182848662,0.009971638084940046,0.1804645414572053,0.16213849753849532,0.23677206614226237,0.2658752146797956,0.2544071268527627,0.2544071268527626,0.2749249515768914,0.3011315331822224
1851042,Exploits,Random,0.9995652101714448,0.035548166412173524,0.008140654023771716,0.9995652101714448,0.9836739052882908,0.9781062327547896,0.9781062327547896,0.9776912545816997,0.9776004241413312,0.9776004241413312,0.9472108103520981,0.9371951153866478,0.8834208280202904,0.014218347587063083,0.014218347587063083,0.010500240476968565,0.010500240476968565,0.010500240476968565,0.011607619195258725,0.0016359811103186783,0.0016359811103186783,0.0016359811103186783,0.004918166370797306
1118520,Exploits,LIME,0.9993403434148048,0.8209316434773596,0.3300973402493514,0.6998730459468296,0.44989907772989146,0.3172411743042797,0.12481156907828073,0.12982733480762174,0.019971638084940048,0.010388227996943082,0.011298475431778343,0.010388227996943082,0.010388227996943082,0.17140058091794866,0.2583421048096674,0.3235822687477641,0.3598449953745284,0.37404667106286177,0.4232464273011774,0.38697448187071076,0.3390668149953313,0.3311457742855075,0.33114577428550745
1118520,Exploits,TreeSHAP,0.9993403434148048,0.5048199829414814,0.2179606153224919,0.9408807852796797,0.8859945572767728,0.6309611608781676,0.6014829150377615,0.38097646275467606,0.3565287506802276,0.32874561361256943,0.301041567284555,0.2666119172028225,0.2519798747260019,0.01416645182848662,0.009971638084940046,0.1804645414572053,0.14996990206404262,0.26447461181966436,0.26447461181966436,0.2947652858854643,0.3270362623163286,0.371960158042241,0.30088489835477517
1118520,Exploits,Random,0.9993403434148048,0.3788166602758684,0.10156529488900456,0.9993403434148048,0.8618373290983484,0.8181222352027351,0.5994989725304591,0.5594791343815312,0.5197332331095719,0.4757088243270539,0.4627871106049259,0.4627871106049259,0.4459425381150081,0.014218347587063083,0.03038427538735301,0.03477383936612179,0.12673612075943821,0.11637537921560172,0.11637537921560172,0.13711691756428754,0.14633423587952346,0.14633423587952346,0.14633423587952346
1878083,Exploits,LIME,0.4017548769096049,0.337214912845227,0.016368371107700536,0.2385561681065319,0.14012723472213306,0.07899323878053294,0.06377408634501698,0.03612910343536227,0.031162688807348304,0.01584180057323483,0.01584180057323483,0.01584180057323483,0.009131718727148946,0.0,0.0,0.0,0.0001678089058201051,0.0001678089058201051,0.0001678089058201051,0.010163315753239843,0.010163315753239843,0.02246533548595481,0.02246533548595481
1878083,Exploits,TreeSHAP,0.4017548769096049,0.3536080972011232,0.0,0.241262137644761,0.11239665045770865,0.06705457373512887,0.035623789466673175,0.015338311204123234,0.005274043296491471,0.002004470273058746,0.002004470273058746,0.0,0.0005093507338131482,0.0,0.0,0.0,0.0,0.0,0.0,0.0,0.0,0.0,0.0
1878083,Exploits,Random,0.4017548769096049,0.15012448870866385,0.0,0.5053974734623818,0.5053974734623818,0.4295247578478124,0.2496705678066161,0.1794904570692724,0.15694145937435222,0.1569414593743522,0.1298533290593403,0.10383080312588364,0.09925610142701728,0.0,0.0,0.0,0.0,0.0,0.0,0.0,0.0,0.0,0.0
1428371,Exploits,LIME,0.35807526374234255,0.19337478757080623,0.6834797363529294,0.32781285315332453,0.2489126480628741,0.2079800530087073,0.13800950721783514,0.1549906225197904,0.15493901702642104,0.1099451118592317,0.1123544725435032,0.10090318879781762,0.09115728752585828,0.12753053236330758,0.17831189992712182,0.24698781393655833,0.2857543888860853,0.3057578814529729,0.3261618866192617,0.2770687152894975,0.22570187788624596,0.21676422761646802,0.25733264459370003
1428371,Exploits,TreeSHAP,0.35807526374234255,0.08573138638912356,0.2411193401522998,0.38323529997371564,0.38323529997371575,0.30969019638580003,0.2714381920902581,0.24065587883669348,0.22335185617133327,0.21969771430443633,0.26646045680267927,0.2189330812255674,0.2067407977679908,0.04634516213102812,0.04634516213102812,0.05094162159435205,0.059345416514068335,0.04934541651406834,0.05076355014216048,0.1011276666863332,0.16443431527993424,0.14964822412384726,0.14509217806732336
1428371,Exploits,Random,0.35807526374234255,0.032204647016867226,0.277149539872983,0.3642241963466575,0.3642241963466574,0.3348829578404526,0.4004225054509153,0.360796258883332,0.3243125411200184,0.3015453704114606,0.3015453704114607,0.27826870195958064,0.22848406848421812,0.014218347587063083,0.014218347587063083,0.11252276909451699,0.10255617750160667,0.10802976363503164,0.11859596185576216,0.11859596185576216,0.11859596185576216,0.12908613691300266,0.15598451797530216
1463275,Exploits,LIME,0.9960169580544556,0.7679294681328886,0.3651866532210043,0.7078715685523471,0.4469611106429656,0.3631569313733965,0.1618405895346484,0.15037761677762082,0.12825171214121503,0.11910977881318194,0.10910977881318196,0.0470979062835558,0.0470979062835558,0.17140058091794866,0.2583421048096674,0.32751852829269346,0.35624698474391303,0.38041747117155206,0.41964841667056196,0.38709457835018996,0.42011389339813193,0.43545471564682103,0.4810837206312414
1463275,Exploits,TreeSHAP,0.9960169580544556,0.603849092168897,0.2649217149330026,0.9099268081957435,0.6538727573519381,0.586031388636071,0.3617185919895592,0.35520121158201867,0.2912345150848675,0.22444831321355108,0.19852714389358286,0.17845771985853204,0.16226020904972202,0.01416645182848662,0.1703659491937329,0.1804645414572053,0.2871054211757631,0.2871054211757631,0.3099924208421304,0.3521320186373267,0.3258432750966881,0.30284434298424423,0.40864536391004846
1463275,Exploits,Random,0.9960169580544556,0.3248027269167081,0.12528501448117185,0.9507029062517871,0.8910116934008968,0.8304817066560886,0.7760714521766858,0.7696420499276626,0.7696420499276624,0.6303509152879666,0.42964865503927724,0.3440424228180942,0.3205484598913537,0.023689745195034563,0.08282045517092587,0.08282045517092587,0.08282045517092587,0.07910234806083136,0.07910234806083136,0.0822816710610343,0.20233763731911641,0.2664424374619132,0.2664424374619132
1810130,Exploits,LIME,0.9280611471841244,0.7857084968379026,0.40971710854735655,0.633410432772122,0.4137288015647882,0.25427412798121485,0.09951975273192805,0.009994788243982856,0.009994788243982856,0.0006509529810499161,0.0006509529810499161,0.0006509529810499161,0.0006509529810499161,0.17140058091794866,0.2583421048096674,0.3395655165349384,0.3810715848007684,0.4408987900585884,0.4039811892217383,0.4313849926633636,0.4289492743496769,0.4411412768318478,0.5056899876056832
1810130,Exploits,TreeSHAP,0.9280611471841244,0.56328990755256,0.2435367725140927,0.7779907725564529,0.4983835859648292,0.4448287454534928,0.3855708756916919,0.27777945188737824,0.25769552554536784,0.2576955255453679,0.24840789706086078,0.23176251695697914,0.2675974996532227,0.01416645182848662,0.16724507466008995,0.16730887515236695,0.1735060745594046,0.2727518026785173,0.2970566500333706,0.2670965222147508,0.29958982550462687,0.28376664094783577,0.3176822472300304
1810130,Exploits,Random,0.9280611471841244,0.22887986968724178,0.025455393044562843,0.9184561006760745,0.8807944562748884,0.7822280632317983,0.7720990381810734,0.6760509129430216,0.6525793877577027,0.6525793877577029,0.6589825281605489,0.5111280779016666,0.4869148220843486,0.014218347587063083,0.014218347587063083,0.014218347587063083,0.010500240476968565,0.010500240476968565,0.012502688237028077,0.012502688237028077,0.012502688237028077,0.07330674135091259,0.06177128293247455
1742089,Exploits,LIME,0.9739784284383829,0.7844414158478208,0.38236226800722334,0.6725933762740928,0.45557212266920366,0.2949215066747934,0.12999687229435616,0.12089201514482083,0.06984575814768038,0.03993320547762827,0.03993320547762827,0.03993320547762827,0.031748858267788956,0.17140058091794866,0.2583421048096674,0.3395655165349384,0.3810715848007684,0.395856877556175,0.4649875875320662,0.38645379794229195,0.38645379794229195,0.4497146841426262,0.4902794766993372
1742089,Exploits,TreeSHAP,0.9739784284383829,0.5065043535317294,0.22146601795504137,0.866285540607536,0.6146658753844513,0.6255658164057462,0.5458312071423778,0.5189478194565048,0.44725649267804873,0.32667200383749295,0.2940212409461159,0.2173494263420693,0.21814532626619174,0.014218347587063083,0.1749436087666703,0.1749436087666703,0.2012077822968667,0.20118826618293906,0.22519154489249757,0.19839013231729383,0.23024317174055792,0.3692572988023145,0.3674474798507054
1742089,Exploits,Random,0.9739784284383829,0.26465978508461474,0.021332432392227513,0.9739784284383829,0.921103992525644,0.821739118651519,0.8217391186515189,0.7310782043975756,0.7107935639777645,0.49836234374315064,0.5232026712874714,0.5455944959323271,0.5455944959323271,0.014218347587063083,0.014218347587063083,0.013741640953611028,0.013741640953611028,0.023689745195034563,0.023612135133365644,0.03357965054168572,0.023657260603354636,0.023657260603354636,0.023657260603354636
1853426,Exploits,LIME,0.8726657003920465,0.7040313581165665,0.43467849788705043,0.6085108371130855,0.42440801593295424,0.2624006791101973,0.11089296463129907,0.0889023972261057,0.054296013816147806,0.054296013816147806,0.027545500369620904,0.027545500369620904,0.027545500369620904,0.17140058091794866,0.2583421048096674,0.3395655165349384,0.3810715848007684,0.38007776564633194,0.44920847562222316,0.5118174130094285,0.43393557223278306,0.43393557223278306,0.43393557223278306
1853426,Exploits,TreeSHAP,0.8726657003920465,0.47106069567720077,0.2318980578273827,0.7242559144407152,0.6409667560636413,0.4565274371572166,0.4509001857821403,0.4201974618941837,0.31433927831663305,0.3124692721191298,0.2993563562365456,0.2002129935778699,0.19682439156038242,0.014218347587063083,0.013741640953611028,0.2012077822968667,0.2012077822968667,0.21717309536029528,0.19035216667116384,0.19839013231729383,0.23024317174055792,0.3742978273552541,0.3828628639559096
1853426,Exploits,Random,0.8726657003920465,0.38697328273503384,0.16364584547786323,0.7574317650169684,0.7574317650169684,0.6818346975129975,0.6167290585748259,0.43652833892779896,0.37278881205367725,0.3878435114585439,0.33724443052875364,0.24720380486520235,0.2618879926143904,0.07681728732343435,0.07681728732343435,0.07819534997777834,0.07811773991610943,0.13864233196146983,0.1610754902084138,0.16945354667302887,0.15711882215663334,0.2578140039748709,0.23402930408670827
1817762,Exploits,LIME,0.9918543134039355,0.791830874701908,0.4010239953946433,0.7218852160183105,0.4720379357792293,0.3220457805701155,0.142355751889816,0.09448061050835746,0.05769834733010573,0.05898967770859269,0.052432094808299086,0.03159361332953616,0.046715359077910704,0.17140058091794866,0.2583421048096674,0.3395655165349383,0.3810715848007684,0.39843390781762855,0.4675646177935199,0.46914404917620706,0.47757161883806576,0.5080686854861067,0.506411129931718
1817762,Exploits,TreeSHAP,0.9918543134039355,0.5389064005169802,0.22004882681875224,0.9889320847295916,0.7117835032911829,0.6764072079481148,0.45654636588169056,0.3309833037623956,0.3221423828251545,0.30266154476803486,0.23779012450710674,0.2632333132181103,0.23899929793817054,0.02634516213102812,0.15322031372141479,0.15143638459220207,0.25346178406695435,0.2541875140758861,0.26696910325478973,0.28279194509966354,0.2768099379636758,0.24416910502124614,0.2731725304696891
1817762,Exploits,Random,0.9918543134039355,0.33619953487411103,0.10721116308015981,0.956508402245312,0.9565084022453121,0.8884224755792914,0.7499204673826279,0.7499204673826279,0.5395411405471735,0.4487147785098532,0.4432708245663771,0.411870413419835,0.411870413419835,0.014218347587063083,0.014218347587063083,0.014218347587063083,0.05503662330607588,0.05503662330607588,0.1599876183713757,0.16365451055396693,0.16488705036489354,0.21106053839875774,0.21106053839875774
1561316,Exploits,LIME,0.9548474078057403,0.7000080253700423,0.28427475590501955,0.6839884196872988,0.41988382222284626,0.34844518236937255,0.19103892590238908,0.17148287874594956,0.15941070966888593,0.1510359714400596,0.1410359714400596,0.1410359714400596,0.1410359714400596,0.12753053236330758,0.1783118999271218,0.2431487791354293,0.28944962426050114,0.33044988918559987,0.33873864651388397,0.26939486517808,0.3121568172424942,0.3121568172424942,0.3130522667562634
1561316,Exploits,TreeSHAP,0.9548474078057403,0.5374849162496498,0.05444931777885319,0.6747142030235105,0.6541862558216678,0.56616937779965,0.47112220002526145,0.41397044278024836,0.3574774004161835,0.2711202842029277,0.23816755120336242,0.2735069047599483,0.2531902955281465,0.014283164539369207,0.014283164539369207,0.03468481946721447,0.06202409537762941,0.05295707297656014,0.051970109861851944,0.06075241215058844,0.0707240502355285,0.06950462735523769,0.0887243828759408
1561316,Exploits,Random,0.9548474078057403,0.41009651894914845,0.04430592727528648,0.8637087431032847,0.86880755546157,0.6135873884576137,0.5761539965356623,0.4916697467881705,0.4711444825089464,0.4358238588332462,0.40936035594709297,0.3586263804651662,0.35862638046516615,0.014218347587063083,0.014218347587063083,0.014218347587063083,0.014218347587063083,0.014218347587063083,0.07019179126117624,0.07019179126117624,0.07019179126117624,0.07069344318676266,0.07069344318676264
1050647,Exploits,LIME,0.9995194364401453,0.8009704309424167,0.38760020702115056,0.7197675413553223,0.48979384827481043,0.3396970663285705,0.12996104379950943,0.13996104379950944,0.042507589586636224,0.03250758958663622,0.03313340957791747,0.03408046133418716,0.024080461334187165,0.17140058091794866,0.2583421048096674,0.3235822687477641,0.3694938358908763,0.36533936940791295,0.4245391256462285,0.47720184355074446,0.48228067915078854,0.5345438954536579,0.46741570128305115
1050647,Exploits,TreeSHAP,0.9995194364401453,0.5557227200203468,0.19956681730698259,0.9101936514335829,0.7973930047798748,0.5787142763027231,0.5281255917080144,0.3360124243152247,0.25275491345582163,0.25275491345582163,0.25571592908315705,0.2582845801891549,0.2680178794746098,0.01416645182848662,0.009971638084940046,0.1804645414572053,0.16213849753849532,0.23677206614226237,0.2658752146797956,0.2658752146797956,0.25413578876065374,0.2934501736763396,0.3118595408203127
1050647,Exploits,Random,0.9995194364401453,0.2836023863114591,0.08040447999234794,0.9796867384235042,0.8654626504113523,0.8457622432019192,0.8457622432019193,0.7727640301373724,0.7281452410120625,0.6576203259496034,0.6764570566955541,0.4416603229260254,0.34584964932754886,0.014218347587063083,0.020941621594352054,0.019461381603683894,0.019461381603683894,0.07034459623863648,0.07032897725105554,0.06985227061760349,0.0599041448574813,0.20620813466280097,0.252937549275785
1361311,Exploits,LIME,0.9999635658552188,0.8256283624329257,0.36414983849341453,0.6999809172746244,0.4499809172746243,0.28631751469298505,0.12356625622053602,0.12350642876016145,0.03,0.02,0.01,0.0,0.0,0.17140058091794866,0.2583421048096674,0.3235822687477641,0.3598449953745284,0.37404667106286177,0.4232464273011774,0.43595539783670384,0.43563783059082267,0.42965471670664734,0.42965471670664734
1361311,Exploits,TreeSHAP,0.9999635658552188,0.5478541622566038,0.22032115497919777,0.9145450597554552,0.8197293898471045,0.582397369127953,0.3605610352487929,0.3504120348333185,0.33511524149869387,0.32101325508321665,0.29560948507155876,0.29558194322801307,0.24612922229204365,0.01416645182848662,0.009971638084940046,0.1804645414572053,0.2871054211757631,0.24604275091740874,0.24604275091740874,0.27562599813507016,0.3078969745659344,0.28657534645636096,0.3492394041248111
1361311,Exploits,Random,0.9999635658552188,0.34653458625284006,0.0948507888593121,0.9145450597554552,0.8163299015507355,0.7063299015507356,0.6974362600114112,0.6974362600114112,0.6972822352750024,0.6667631371842228,0.6294926943614348,0.4428443856226786,0.2658299607006998,0.01416645182848662,0.07119929263422795,0.09089591591335697,0.09019449491760803,0.09019449491760803,0.08560206466676284,0.08560206466676284,0.07467322884097456,0.12081298028866261,0.22513234184493158
1567369,Exploits,LIME,0.6495343609474582,0.4351484418280666,0.4101162352948976,0.4441381699127321,0.31926133498342835,0.24493739487170707,0.1904439314651696,0.1894555634918918,0.1654077635824393,0.1573808428321163,0.1451858798968409,0.1527088200374911,0.1349394901200985,0.12753053236330758,0.17831189992712182,0.24314877913542932,0.28944962426050114,0.3174425151093399,0.37836376843469693,0.3375157984774676,0.27821086769161624,0.2521745725296374,0.2616975101353693
1567369,Exploits,TreeSHAP,0.6495343609474582,0.20628290421108772,0.021551987860252902,0.5966399840748525,0.49999963190304547,0.486931601246756,0.3995131901245137,0.38933293170199773,0.37621376377611654,0.3892536518980144,0.3938814173194593,0.4216655772723069,0.4790828180466425,0.014218347587063083,0.014218347587063083,0.01436532390277462,0.014283164539369207,0.014973328096005423,0.014973328096005423,0.014973328096005423,0.014973328096005423,0.011423841356120512,0.011585229263155245
1567369,Exploits,Random,0.6495343609474582,0.17676836329328882,0.030101824065180215,0.619430059253684,0.5998350385027864,0.4899399887714463,0.45707740786365847,0.39382777390140206,0.4491166366459683,0.4570680712390113,0.4570680712390114,0.4021484645623628,0.40214846456236275,0.014218347587063083,0.014218347587063083,0.014218347587063083,0.014908511143699298,0.014973328096005423,0.024596961714880503,0.024596961714880503,0.024596961714880503,0.024596961714880503,0.024596961714880503
1916191,Exploits,LIME,0.961645647246582,0.8017222088338658,0.41144443600805747,0.6906215905887295,0.45366841630108967,0.28367957770164104,0.12128431564962877,0.03,0.01,0.0,0.0,0.0,0.00998048388607236,0.17140058091794866,0.2583421048096674,0.3395655165349383,0.3810715848007684,0.4408987900585884,0.46286082441245846,0.44868664828990723,0.5112983674766934,0.5112983674766933,0.4312147249320686
1916191,Exploits,TreeSHAP,0.961645647246582,0.4407167610298588,0.2005767865170973,0.9511822547370454,0.8806157458639722,0.6439070141859612,0.5613376959217107,0.5613298803243343,0.4930672655617821,0.30829774125606574,0.3066512512294266,0.25354621698829066,0.24935379609864267,0.014218347587063083,0.014218347587063083,0.17140834785774495,0.16725284159988626,0.16725284159988626,0.16719065702758126,0.2724680070981267,0.311735533273223,0.3173906614305426,0.3257023518676176
1916191,Exploits,Random,0.961645647246582,0.4124620682777186,0.2009636303157322,0.6906215905887295,0.6287218486501013,0.6057194179187794,0.6057194179187794,0.5916629837492264,0.5916629837492264,0.5751559691227719,0.49052428028181827,0.35602364885460025,0.35602364885460025,0.17140058091794866,0.15640960102479876,0.15620528370695463,0.15620528370695463,0.15620528370695463,0.15620528370695463,0.15620528370695463,0.23528411944296812,0.2942186417797313,0.2942186417797313
1647670,Exploits,LIME,0.9960167078753495,0.8173367715087266,0.34371909415311086,0.6966614452715305,0.4485576617013733,0.2951165521750584,0.11325431265753469,0.12335120143603008,0.029971638084940046,0.019971638084940048,0.019971638084940048,0.019971638084940048,0.019971638084940048,0.17140058091794866,0.2583421048096674,0.3235822687477641,0.35984499537452846,0.37404667106286177,0.4232464273011774,0.43595539783670384,0.3545978719607934,0.38624500031349274,0.3362382875978499
1647670,Exploits,TreeSHAP,0.9960167078753495,0.5350174434996626,0.23072895435293397,0.9201684615729074,0.8360985310482397,0.5993938963058634,0.36884097505537883,0.35325245296546437,0.3416665799847107,0.32909710976015133,0.3036588405253528,0.30363129868180716,0.25418449785699243,0.01416645182848662,0.009971638084940046,0.1804645414572053,0.2871054211757631,0.26447461181966436,0.26447461181966436,0.2946137192779767,0.32422611900972553,0.30290449090015215,0.35569732988773245
1647670,Exploits,Random,0.9960167078753495,0.37231254236878114,0.11157344183911977,0.9960167078753495,0.8342971723979563,0.8129255393914596,0.7889499445490813,0.7386824621930481,0.5321861643954877,0.5359415848823506,0.3719857425775397,0.3300973801125194,0.2959589566908908,0.014218347587063083,0.014218347587063083,0.04669093895838035,0.04297993744166851,0.04292804168309205,0.10164039633771381,0.09459375637412595,0.22174840002602145,0.25417266692577956,0.2780992893483106
1973640,Exploits,LIME,0.7917509148154619,0.6585511749416764,0.5013136754639064,0.5592726715360168,0.35248146292510496,0.22133545134504892,0.09555136741536976,0.017226074252718968,0.017226074252718968,0.017226074252718968,0.017226074252718968,0.017226074252718968,0.017226074252718968,0.17140058091794866,0.2583421048096674,0.3395655165349384,0.3810715848007684,0.4408987900585884,0.4408987900585884,0.45316711888405264,0.45284955163817153,0.5154807869388854,0.5154807869388853
1973640,Exploits,TreeSHAP,0.7917509148154619,0.42758877013678476,0.3130953793515002,0.7917509148154619,0.5592726715360168,0.35248146292510496,0.35246194681117726,0.3104907448245172,0.28602920924341896,0.254885838928445,0.25488620462062617,0.24454419749220246,0.2348182555898008,0.014218347587063083,0.17140058091794866,0.2583421048096674,0.2583421048096674,0.25578973964227025,0.2859526715306414,0.2936939870655457,0.31825244636705596,0.30862059401535846,0.3143229535152256
1973640,Exploits,Random,0.7917509148154619,0.183693165307412,0.13116861827346332,0.7917509148154618,0.7878012735299592,0.7214663272037892,0.721466327203789,0.6486749739158613,0.6486749739158613,0.4625073056952502,0.45327284275246155,0.45327284275246155,0.39168971329560365,0.014218347587063083,0.014218347587063083,0.01002353384351651,0.01002353384351651,0.09388020021963174,0.09388020021963174,0.19514996911120558,0.19444083947214183,0.19511915354336223,0.2175746097038147
1441920,Exploits,LIME,0.9901116590596053,0.8423018693740125,0.40035116764926665,0.6729753723407245,0.43334938741084505,0.265846822680928,0.10592631442343035,0.0,0.0,0.0,0.0,0.0,0.0,0.17140058091794866,0.2583421048096674,0.3395655165349384,0.3810715848007684,0.4408987900585884,0.50541130013522,0.45842262422301544,0.46406948944219517,0.46289281709271163,0.48184878006160203
1441920,Exploits,TreeSHAP,0.9901116590596053,0.6118408372533487,0.26611604990376453,0.6729753723407244,0.5720746913342927,0.36457282176985556,0.35808923650735963,0.3485781538667774,0.3347094665819813,0.3144131867877562,0.29751267309873053,0.26943288919226327,0.2503497265828243,0.17140058091794866,0.16724507466008995,0.25578973964227025,0.26175897203899257,0.28496359946275807,0.3137247513306691,0.2747430255848341,0.29477769262006887,0.2869882111579051,0.32345438931051357
1441920,Exploits,Random,0.9901116590596053,0.272778273825929,0.09198232600700189,0.9814144022180112,0.9694159602674959,0.9548424408783882,0.8472429718077699,0.8472429718077698,0.5726041163664121,0.5291137807209818,0.5187840363945037,0.476336585937715,0.476336585937715,0.014218347587063083,0.014218347587063083,0.014218347587063083,0.01002353384351651,0.01002353384351651,0.1777761249450181,0.1806231299667517,0.1641133984287182,0.16275648514041546,0.16275648514041546
1911217,Exploits,LIME,0.9641514403730866,0.8063780884646006,0.4195530545997347,0.6772202915842074,0.41761262827188866,0.2579486463828056,0.10745918403438968,0.02,0.02,0.02,0.02,0.02,0.0174927688115699,0.17140058091794866,0.2583421048096674,0.3395655165349384,0.3810715848007684,0.4408987900585884,0.4447849241116184,0.50929743418825,0.50929743418825,0.4982764682139282,0.4921919812286664
1911217,Exploits,TreeSHAP,0.9641514403730866,0.44784479423084755,0.19430788556200157,0.9641254358047869,0.8806197453977489,0.8651804517856313,0.623411783602967,0.3615169433192835,0.2981293707638827,0.290723475633279,0.2840176771913342,0.2918364888783726,0.30350508904510387,0.014218347587063083,0.014218347587063083,0.014218347587063083,0.0999853801740847,0.26282224566394624,0.25980964682484115,0.26948003989983976,0.30874756607493614,0.3144972498124183,0.31542510619327147
1911217,Exploits,Random,0.9641514403730866,0.20225107128988692,0.010831301785775637,0.9441636286964559,0.8404764168704808,0.8308713703624311,0.7697735892129441,0.7599166779204896,0.7599166779204896,0.7663596024721315,0.6562618415146766,0.6562618415146766,0.6350020443472214,0.014218347587063083,0.01002353384351651,0.01002353384351651,0.01002353384351651,0.01002353384351651,0.01002353384351651,0.01002353384351651,0.01002353384351651,0.01002353384351651,0.01002353384351651
1711475,Exploits,LIME,0.9984296021652264,0.7833694686290986,0.40537586307101947,0.7084521558676168,0.44844208970964694,0.33845283059137443,0.14991072462871596,0.1195935235402105,0.09305535129563218,0.08294768239466432,0.072952849890874,0.06839706372127105,0.06839706372127105,0.17140058091794866,0.2583421048096674,0.3395655165349384,0.3810715848007684,0.39843390781762866,0.4675646177935199,0.46914404917620706,0.481443937242804,0.5080686854861067,0.5723576323542433
1711475,Exploits,TreeSHAP,0.9984296021652264,0.48478390002535826,0.23845588387102853,0.9950519874886052,0.9322796751855784,0.6923642887683843,0.4524773745537519,0.4505318351314361,0.44782419652031763,0.43675470575946035,0.26628982755047703,0.22696843088310217,0.23591469955756839,0.03634516213102812,0.03634516213102812,0.17143638459220203,0.27327710498340896,0.286933607431534,0.26675731645794903,0.33648650422101617,0.3074142784630951,0.33312373030961323,0.33269488195220936
1711475,Exploits,Random,0.9984296021652264,0.30303848366972225,0.062293574865113555,0.9112625790720164,0.9112625790720164,0.8275413086068483,0.7288371486289377,0.6773505842635879,0.6293045594914982,0.5936521938909866,0.5779280350495094,0.5483860984398201,0.5483860984398201,0.027303683031449456,0.027303683031449456,0.0361219917985713,0.06250869009667469,0.07565693388119543,0.08565693388119541,0.08638989891057434,0.07957016267093542,0.07072275719910262,0.07072275719910262
1897211,Exploits,LIME,0.9972184490020507,0.8155725994889111,0.3379391758245277,0.6985355311289502,0.4488558072091275,0.3181679257967277,0.11797520972744659,0.13300439232080224,0.03994563351664045,0.029973995431700397,0.01,0.01,0.01,0.17140058091794866,0.2583421048096674,0.3235822687477641,0.3598449953745284,0.37404667106286177,0.4232464273011774,0.3869744818707108,0.40251213108272954,0.33114577428550745,0.3388963722747726
1897211,Exploits,TreeSHAP,0.9972184490020507,0.5356896257963785,0.23646403979830832,0.9301784517956243,0.8555919288396923,0.6010270133065673,0.3805607065925567,0.36109051645415546,0.3457937231195309,0.32062211149004993,0.29260970638229933,0.2666119172028225,0.26120215687342396,0.01416645182848662,0.009971638084940046,0.1804645414572053,0.2871054211757631,0.26447461181966436,0.26447461181966436,0.2946137192779767,0.32422611900972553,0.369280615817165,0.3492852998336914
1897211,Exploits,Random,0.9972184490020507,0.17057213979949362,0.030793135987072444,0.9887952684634514,0.9887952684634514,0.9018459712992046,0.9018459712992046,0.885832260326406,0.902676880810553,0.8131173095572923,0.6331727538420533,0.6331727538420533,0.6172086541219008,0.014218347587063083,0.014218347587063083,0.014218347587063083,0.014218347587063083,0.014218347587063083,0.05433168724851857,0.05433168724851857,0.04722111385682273,0.04722111385682273,0.03287749294337803
1952406,Exploits,LIME,0.7919031971235734,0.6049638915252459,0.4450477363250252,0.5589321656765506,0.4001808044233507,0.29203590927676837,0.1671072692172376,0.1249169781251087,0.09288539692827058,0.081084132072757,0.050299223751718664,0.050299223751718664,0.05165195275979467,0.17140058091794866,0.2583421048096674,0.3395655165349384,0.38107158480076847,0.3800777656463319,0.44920847562222305,0.37067468603244885,0.3912163362166854,0.3912163362166854,0.39157386588626814
1952406,Exploits,TreeSHAP,0.7919031971235734,0.3541139894822137,0.20413442961743883,0.7525983902251238,0.7217834745316207,0.5193981140396683,0.43971530940466846,0.45896051283731754,0.32883772014847146,0.306651239166541,0.2721101518579918,0.30803072942540055,0.2698064347767936,0.014218347587063083,0.014218347587063083,0.16623441553525312,0.16554745156714273,0.16554745156714273,0.2368002640747714,0.2366927066702527,0.2031295564385779,0.19729941455652078,0.2168591189866814
1952406,Exploits,Random,0.7919031971235734,0.15833513542564837,0.14193592527101478,0.7919031971235734,0.7568214860080879,0.7568214860080879,0.7568214860080879,0.7568214860080879,0.5475398452955393,0.5475398452955392,0.4866046628649726,0.47662201428437806,0.4581851080828961,0.014218347587063083,0.020500240476968565,0.020500240476968565,0.020500240476968565,0.010528602392028519,0.1564935545457153,0.1564935545457153,0.22627964630509248,0.24627964630509247,0.25220105697647943
1174845,Exploits,LIME,0.938104012709039,0.716603956639374,0.31375597304164066,0.6488454559935032,0.4071339849294813,0.34172300147948453,0.2130393496660606,0.1330393496660606,0.13331254310222262,0.10134976311393279,0.10134976311393278,0.0913497631139328,0.0438575865180378,0.12753053236330758,0.1783118999271218,0.2431487791354293,0.28944962426050114,0.33044988918559987,0.378363768434697,0.3375157984774677,0.3663535580495062,0.36876211287843064,0.32347141050586004
1174845,Exploits,TreeSHAP,0.938104012709039,0.35842187825051985,0.01693731777948623,0.9178349350191267,0.714958319483511,0.714958319483511,0.5804348812123572,0.5722381417141202,0.5478557980529253,0.4825991127748208,0.4457861821165928,0.4497077643235933,0.37044789040463355,0.014218347587063083,0.014218347587063083,0.014218347587063083,0.014908511143699298,0.014908511143699298,0.015055487459410837,0.015055487459410837,0.015435539255744108,0.015435539255744108,0.025435539255744107
1174845,Exploits,Random,0.938104012709039,0.4664671750354172,0.10860289493698706,0.6783012698104827,0.6783012698104827,0.602914070234555,0.5651480937117378,0.5651480937117378,0.4109524137616915,0.3362664974695672,0.3106430133579151,0.29660179823970123,0.27209185662834634,0.03882386517973658,0.03882386517973658,0.03882386517973658,0.03882386517973658,0.03882386517973658,0.133289182674855,0.13681513362512374,0.19193674880019412,0.1850503801612174,0.1775973441619843
976674,Exploits,LIME,0.7091668557521368,0.5483535222752064,0.5141315920878018,0.5031225950911395,0.35104032806907864,0.25224361715917676,0.1391321451393191,0.13166067005918392,0.08719981632780073,0.04985723051224291,0.04985723051224291,0.019955503391136706,0.024064198507982724,0.17140058091794866,0.2583421048096674,0.3395655165349383,0.38107158480076847,0.38007776564633194,0.44920847562222305,0.44271116236732233,0.44271116236732233,0.39121633621668545,0.38974615675425717
976674,Exploits,TreeSHAP,0.7091668557521368,0.3656788755571455,0.3282046460658595,0.6879969038403955,0.5505204113195,0.4864417080745087,0.3175529660161399,0.32050638501540746,0.23139291712106055,0.22704105215978654,0.22241314370182494,0.21419362715222648,0.17682068754906216,0.013741640953611028,0.013741640953611028,0.01002353384351651,0.2248172608067667,0.21703483235717125,0.3493266815343957,0.3629386013098901,0.39261785279766664,0.37673108402449,0.3665454403565658
976674,Exploits,Random,0.7091668557521368,0.11400356407259146,0.025314274737400805,0.7091668557521368,0.7091668557521368,0.6818969265651813,0.6310806986274438,0.6412282090213638,0.6412282090213638,0.6104115381257995,0.5394658105375089,0.3924638874917419,0.3955239259007767,0.014218347587063083,0.014218347587063083,0.014218347587063083,0.013741640953611028,0.013741640953611028,0.013741640953611028,0.023741640953611025,0.023741640953611025,0.024078599341219194,0.024078599341219194
1904836,Exploits,LIME,0.9963142722149092,0.8120224168304393,0.39425649605916,0.6999327221657273,0.4299419711123313,0.27996226240289374,0.10989512199432847,0.08645270767237202,0.0752440560554995,0.07545006575441289,0.03532921251684508,0.025355217085144675,0.025355217085144675,0.17140058091794866,0.2583421048096674,0.3395655165349383,0.38107158480076847,0.39843390781762866,0.38978406776928914,0.42756572163842693,0.4814439372428041,0.5080686854861067,0.5723576323542434
1904836,Exploits,TreeSHAP,0.9963142722149092,0.59155212765947,0.23152186939446717,0.6999327221657273,0.6707009063568478,0.6509962912993419,0.39857302641994274,0.39857302641994274,0.29345576050473926,0.20992935942323496,0.24442256091805808,0.22744926180839165,0.25358853023816563,0.17140058091794866,0.15207014014816583,0.1601768873453085,0.26243158482577905,0.26240039556508477,0.23750465935935966,0.23505498836917713,0.2636752867696256,0.2776462188105336,0.2843246859648554
1904836,Exploits,Random,0.9963142722149092,0.46113987255200684,0.11995165469532279,0.9963142722149094,0.9250879201763479,0.6686501990770268,0.6072248229686542,0.49433666369544654,0.4313424312216552,0.40465366626690935,0.2809400890069014,0.2809400890069014,0.26225384299427085,0.014218347587063083,0.07404555284488304,0.09032744573478851,0.060523653550483746,0.10689686022066652,0.11009951342689459,0.12368525488899813,0.20383048511700572,0.2038304851170057,0.2076378569996572
1718805,Exploits,LIME,0.7096360560296507,0.5898452406614014,0.5577850614078836,0.4966986734899972,0.32432608855214423,0.18345837398477816,0.09006857213925888,0.017226074252718968,0.017226074252718968,0.017226074252718968,0.017226074252718968,0.017226074252718968,0.017226074252718968,0.17140058091794866,0.2583421048096674,0.3395655165349383,0.3810715848007684,0.4408987900585884,0.4415771041298088,0.44157710412980883,0.4528495516381716,0.5154807869388853,0.5154807869388853
1718805,Exploits,TreeSHAP,0.7096360560296507,0.3345597782809058,0.32094536819176056,0.7096360560296507,0.4966986734899972,0.5392691043435109,0.5292820772433026,0.3084730935771114,0.256160839568956,0.2210940587943367,0.23044923286052732,0.22590404958010624,0.2337955919999505,0.014218347587063083,0.17140058091794866,0.17178558204289324,0.17178558204289324,0.2535669503525006,0.2636529638059483,0.29369398706554567,0.31825244636705596,0.30862059401535846,0.31056701864864356
1718805,Exploits,Random,0.7096360560296507,0.12906742771276192,0.09024362285545645,0.7096360560296507,0.7096360560296507,0.7000310095216011,0.6890704651088939,0.5872618936592193,0.577860147291301,0.6700098053238644,0.4312234893166824,0.36520562753621244,0.365751733351812,0.004246709502123035,0.004246709502123035,0.004246709502123035,0.004246709502123035,0.020528602392028517,0.020528602392028517,0.020528602392028517,0.17669964703572455,0.19394118204591798,0.1911878117835134
1561116,Exploits,LIME,0.9307342198727724,0.7878069111040503,0.39797926734173134,0.6547361545198137,0.42431570716274125,0.2533304568610005,0.0968907691436658,0.0,0.0,0.0,0.0,0.0,0.0,0.17140058091794866,0.2583421048096674,0.3395655165349384,0.38107158480076847,0.44089879005858834,0.404451799429755,0.4051301135009755,0.3903102848559431,0.4542811096492036,0.4586773445906502
1561116,Exploits,TreeSHAP,0.9307342198727724,0.5171708600405884,0.2609265138853259,0.6547361545198137,0.5718456669575164,0.5593254340104941,0.5112008162256327,0.351902240632375,0.3419602457907674,0.32777648965001843,0.30475584557700286,0.27359012396940807,0.23854058098881062,0.17140058091794866,0.16724507466008995,0.16728657723885854,0.17348377664589612,0.2762840698047533,0.3137247513306691,0.27474302558483404,0.2669535441226703,0.29395656383557534,0.32345438931051357
1561116,Exploits,Random,0.9307342198727724,0.30639034687620603,0.13355195433717051,0.9307342198727724,0.9066103597797529,0.8113885269725347,0.7103943105941813,0.6972382645468029,0.47311861276195666,0.49080305238634253,0.46166295765521315,0.3807442126980536,0.3807442126980535,0.014218347587063083,0.013025720555349327,0.012549013921897272,0.020250817554892955,0.020876331358243138,0.20923084111942958,0.21287463111256344,0.2128746311125634,0.2635567030014516,0.2635567030014516
52554,Exploits,LIME,0.6536272255904254,0.4638246453058791,0.39536171103469214,0.4738212485489561,0.27729699114200085,0.2524587234172173,0.1438095600890539,0.15017946209134114,0.14072839154384933,0.12566459745958036,0.12827023262658035,0.10289829796344209,0.10289829796344209,0.12753053236330758,0.17831189992712182,0.2431487791354293,0.28944962426050114,0.33044988918559987,0.2934010044442001,0.3375157984774677,0.2884167783542916,0.2435743169366889,0.2523931597982846
52554,Exploits,TreeSHAP,0.6536272255904254,0.26018358639592065,0.04151137555097632,0.4552272368630437,0.4024948363111649,0.34774158856055737,0.3156296132436433,0.3285452305698854,0.35485942580524865,0.4084442354579646,0.41520071560320104,0.46345784063330064,0.4428356688970378,0.014218347587063083,0.014218347587063083,0.015430796678470013,0.022702782080326358,0.022702782080326358,0.022702782080326358,0.02750233070714831,0.027502330707148314,0.024641266013904102,0.07970788679649275
52554,Exploits,Random,0.6536272255904254,0.2566401269733959,0.18279047573003188,0.645505186884596,0.6455051868845962,0.5781964046529002,0.3313811938293174,0.3199021526448764,0.2874713207306032,0.2874713207306032,0.3126896796499368,0.2969348933539746,0.2648136468088909,0.015752066404338117,0.015752066404338117,0.07278490721007944,0.13485964037756848,0.13475499641216648,0.16332173363587998,0.16332173363587998,0.16521582003636903,0.17942261781239272,0.1495827332287349
68650,Exploits,LIME,0.9993456584326887,0.8130160123591068,0.333360071779674,0.6998588448507858,0.4498848766338475,0.3172411743042797,0.12481156907828073,0.12982733480762174,0.1001197490732318,0.010388227996943082,0.010388227996943082,0.010388227996943082,0.010388227996943082,0.17140058091794866,0.2583421048096674,0.3235822687477641,0.3598449953745284,0.37404667106286177,0.3475454542013686,0.3869744818707108,0.40251213108272965,0.3311457742855075,0.3760249419251802
68650,Exploits,TreeSHAP,0.9993456584326887,0.5060755114636311,0.2179594560993956,0.9408861002975634,0.8860140733907005,0.6309611608781676,0.597307259646272,0.3768008073631865,0.35235309528873804,0.3287456136125695,0.30104156728455506,0.2666119172028225,0.2519798747260019,0.01416645182848662,0.009971638084940046,0.1804645414572053,0.14996990206404262,0.26447461181966436,0.26447461181966436,0.2947652858854643,0.3270362623163286,0.371960158042241,0.30088489835477517
68650,Exploits,Random,0.9993456584326887,0.2762596449167852,0.11946881051166393,0.964207982366693,0.9525517449748048,0.7028318754859073,0.6943792575237034,0.6943792575237034,0.6843792575237034,0.6843792575237034,0.6843792575237034,0.5876608055997824,0.5817114391133307,0.03634516213102812,0.03634516213102812,0.14084987188664994,0.13754465474883618,0.13754465474883618,0.13754465474883618,0.13754465474883618,0.11857607962657861,0.15945385952805707,0.15215761673080272
1772338,Exploits,LIME,0.7508272201228715,0.6307727321668571,0.5385188951091786,0.5312074673303233,0.3492533152606159,0.2053856047766975,0.07339658623040612,0.01,0.01,0.01,0.01,0.0006509529810499161,0.0006509529810499161,0.17140058091794866,0.2583421048096674,0.3395655165349384,0.38107158480076847,0.4408987900585884,0.50541130013522,0.4598332887909164,0.4783206267073707,0.5217879772947254,0.486714679934504
1772338,Exploits,TreeSHAP,0.7508272201228715,0.4517219170225002,0.3369383839559165,0.5932825114853247,0.39537827448375734,0.2623970733544391,0.22352303565266393,0.2521208404114933,0.2521208404114933,0.27962797673911505,0.2329490719008124,0.2504331972238396,0.24922020934077493,0.01416645182848662,0.16724507466008995,0.25578973964227025,0.2859526715306414,0.2727518026785173,0.2509562331007324,0.3070425918860483,0.3359724278211205,0.3278856465960097,0.3120624620392186
1772338,Exploits,Random,0.7508272201228715,0.11340936552696428,0.06201626012366696,0.7592867321301762,0.7592867321301762,0.7592867321301762,0.6419631884533818,0.6419631884533818,0.6516879691724717,0.5783180667777934,0.5783180667777934,0.5020339349668608,0.5020339349668608,0.014218347587063083,0.014218347587063083,0.014218347587063083,0.014218347587063083,0.014218347587063083,0.01860791156583187,0.09833190375385033,0.09833190375385033,0.08963575245092482,0.08963575245092482
69386,Exploits,LIME,0.9474023691137454,0.7579424498756937,0.3635968232009303,0.6575943402568767,0.4468724082450719,0.28031628627146365,0.13290528945429947,0.111707420336003,0.06938300843871281,0.06938300843871281,0.03824096377412031,0.03824096377412031,0.049955503391136705,0.17140058091794866,0.2583421048096674,0.3395655165349384,0.3810715848007684,0.3800777656463319,0.44920847562222305,0.44920847562222316,0.3706746860324489,0.32189969708827865,0.32327602995310106
69386,Exploits,TreeSHAP,0.9474023691137454,0.49815613899598865,0.22695136405631583,0.8002679349826005,0.7089371587362421,0.5130970781772262,0.5542632556071447,0.47617139883325765,0.3955879378639973,0.3221593623923835,0.2559975886848552,0.23867231659918592,0.22730826930067544,0.014218347587063083,0.014218347587063083,0.1749436087666703,0.16725471273581705,0.20118826618293906,0.2251915448924976,0.24282265870068112,0.3674645544671171,0.36592087405277096,0.3769196848328778
69386,Exploits,Random,0.9474023691137454,0.5763606908332062,0.2952264924996084,0.6575943402568767,0.44687240824507185,0.434954599483621,0.3650685597979215,0.34290852219917606,0.3054362840789483,0.3021799493195435,0.2940088188262948,0.2806966502989695,0.28069665029896945,0.17140058091794866,0.2583421048096674,0.2680064720244667,0.24598868855091013,0.2816051519132597,0.34033843102385314,0.3163656099405057,0.3024489211242173,0.30624341194393734,0.30624341194393734
1611520,Exploits,LIME,0.9972927183538773,0.8110446382172869,0.3661209626615263,0.7077537522961304,0.4586345667764922,0.2934004586080359,0.11286502164086444,0.11798295089342688,0.04237741856901576,0.03237741856901576,0.03237741856901576,0.032377418569015756,0.032334376874890935,0.17140058091794866,0.2583421048096674,0.3235822687477641,0.3694938358908763,0.3836955115792095,0.4428952678175253,0.49555798572204124,0.4100152632554005,0.4105343613461803,0.38578052090390563
1611520,Exploits,TreeSHAP,0.9972927183538773,0.5460965606847271,0.2303014133103292,0.9082060251404488,0.8023709561379297,0.5690322384810851,0.35964923067425536,0.3495983457556152,0.3495983457556152,0.32642043093536727,0.3118692013385529,0.25949064341955624,0.27572615905307557,0.01416645182848662,0.009971638084940046,0.1804645414572053,0.2871054211757631,0.24604275091740874,0.24604275091740874,0.27562599813507016,0.31774439474762095,0.3696724395142248,0.3499428384318521
1611520,Exploits,Random,0.9972927183538773,0.3840849026997306,0.17347387629393607,0.8984549093233873,0.855884249502771,0.5835580632515748,0.5767994226300402,0.5767994226300402,0.5709857278085552,0.5510479123808601,0.5510479123808601,0.48375026831668927,0.48375026831668927,0.07404555284488304,0.04105254629644737,0.1732445689140382,0.19336565517786558,0.19336565517786558,0.19991567385031,0.21147937337275696,0.211479373372757,0.21607159283266114,0.2160223446860522
1055081,Exploits,LIME,0.2466403004247796,0.19168506552412407,0.01263426245805417,0.17173309014920332,0.13521761992749662,0.09139345566779897,0.06673842876347591,0.05384545757799447,0.010717985163883236,0.010717985163883236,0.0038621617650711937,0.0038621617650711937,0.00146400306267725,0.0,0.0,0.0,0.0001678089058201051,0.0001678089058201051,0.0001678089058201051,0.0001678089058201051,0.010163315753239843,0.010163315753239843,0.010163315753239843
1055081,Exploits,TreeSHAP,0.2466403004247796,0.22213290772347682,0.001944660867071344,0.09647932443725604,0.06561165191081762,0.03248004676674143,0.022404098637666337,0.01796521120538625,0.007365769149383056,0.000946631593350829,0.000946631593350829,0.00043728085953768085,0.00043728085953768085,0.0,0.0,0.0,0.0,0.0,0.0,0.0,0.0,0.0023981587023939434,0.0023981587023939434
1055081,Exploits,Random,0.2466403004247796,0.1434278088176661,0.0,0.169602209357174,0.15810828453402093,0.15810828453402095,0.12616981397747773,0.09269513628083759,0.09269513628083759,0.06325795518093592,0.06325795518093594,0.0541150703724472,0.0541150703724472,0.0,0.0,0.0,0.0,0.0,0.0,0.0,0.0,0.0,0.0
1871458,Exploits,LIME,0.633205147188663,0.41553819455733476,0.38243443184240966,0.5025418337274687,0.33298792665596927,0.26056139505429293,0.18646092842038825,0.17771711508036148,0.1766061252098639,0.17538203218319576,0.14758348240253746,0.1296565936719358,0.0871720939072696,0.12753053236330758,0.17831189992712176,0.24698781393655836,0.2857543888860853,0.3057578814529729,0.3261618866192617,0.25620520887851106,0.2821648985614569,0.21676422761646805,0.19595576880611346
1871458,Exploits,TreeSHAP,0.633205147188663,0.19765924309969116,0.10604128557634997,0.6287316683448454,0.6238865615108992,0.6238865615108992,0.4783621558897895,0.3598501063786872,0.33113519246937384,0.2708750911162854,0.341135377212851,0.3374812353459541,0.36011509111013423,0.04634516213102812,0.04809975050846606,0.048099750508466065,0.05094162159435205,0.059345416514068335,0.059345416514068335,0.04934541651406834,0.051975598560651835,0.09262299924804011,0.16533774632126813
1871458,Exploits,Random,0.633205147188663,0.17773889754741604,0.037439515477088875,0.6110022832787431,0.5845273277557622,0.5845273277557622,0.4479847058954315,0.43187167362356166,0.43187167362356166,0.3718578914473902,0.3715168988464557,0.3715168988464557,0.34798581533934614,0.014598399383396354,0.014598399383396354,0.014598399383396354,0.014598399383396354,0.014598399383396354,0.014598399383396354,0.02374532636881938,0.03776716102788942,0.03776716102788942,0.05019889435844657
1974617,Exploits,LIME,0.6520106661520273,0.5207398308184196,0.5344199809486366,0.46064186044481487,0.32262246373790193,0.22245888365018898,0.11698514550317184,0.03,0.04,0.03,0.03,0.03,0.03,0.17140058091794866,0.2583421048096674,0.3395655165349383,0.3810715848007684,0.4408987900585884,0.38115066078236715,0.3750713591758881,0.3747537919300069,0.36307620630712817,0.39914468251544216
1974617,Exploits,TreeSHAP,0.6520106661520273,0.35400518256737123,0.4754529610378257,0.460641860444815,0.32262246373790193,0.33264098783329615,0.31134293181430633,0.2762318421203274,0.2762318421203274,0.2681632681845247,0.2729360003133152,0.2283409884028976,0.2309026508748494,0.17140058091794866,0.2583421048096674,0.288260676753904,0.2859526715306414,0.3386393772286882,0.33848982608489786,0.3385252335710287,0.35334309452909757,0.36315175204973665,0.36389870102665584
1974617,Exploits,Random,0.6520106661520273,0.19025051858935668,0.17483784255949836,0.617180172338194,0.5837596482319247,0.5819526232610578,0.5819526232610578,0.39924018610231987,0.39220400437742853,0.38032805451368085,0.36032805451368083,0.36032805451368083,0.36032805451368083,0.014218347587063083,0.024115134517261598,0.024166451828486618,0.024166451828486618,0.15769463345028928,0.17110277414592492,0.18116592633714665,0.18112697013665607,0.18112697013665607,0.18107772199004707
1969101,Exploits,LIME,0.8286236442420725,0.6417176368340779,0.40441666914810387,0.5823499231395762,0.3982118943453525,0.28079710923834716,0.1581621628260245,0.13642811914880307,0.09466579510572584,0.08217062525014673,0.06021227388396413,0.038031085571002494,0.038031085571002494,0.17140058091794866,0.2583421048096674,0.3395655165349384,0.3810715848007684,0.38007776564633194,0.44920847562222305,0.36417802068739463,0.3383826537608188,0.3177134778214981,0.3511519612158333
1969101,Exploits,TreeSHAP,0.8286236442420725,0.41272168309562607,0.29875427605213967,0.7468124165132811,0.6633326121604263,0.47053630106490546,0.47106083654059133,0.4446954749246635,0.30054815314731026,0.32399895760508585,0.2907756928424632,0.22616126923826896,0.22109789742746816,0.013741640953611028,0.01002353384351651,0.2249165676094001,0.20750500979534026,0.22513612360352378,0.34148878566385166,0.35034721085097564,0.36519124874383907,0.3685992242441018,0.3685992242441018
1969101,Exploits,Random,0.8286236442420725,0.3367334264403567,0.07721775891019234,0.7232780689026389,0.5700190038891546,0.5080020174954525,0.5080020174954525,0.5080020174954525,0.412441478701964,0.42913526356324766,0.39493218575266636,0.4362913608624275,0.4287987638587014,0.014218347587063083,0.03038427538735301,0.03038427538735301,0.03038427538735301,0.03038427538735301,0.09594352333679222,0.09486421710694426,0.11075318095572415,0.10043162450764193,0.10209661284011559
1757384,Exploits,LIME,0.9968849021685575,0.8186489948076489,0.34720892009154236,0.6974129490137625,0.4491064272406231,0.28933139700941907,0.11327661057104313,0.12337349934953852,0.029971638084940046,0.019971638084940048,0.019971638084940048,0.019971638084940048,0.019971638084940048,0.17140058091794866,0.2583421048096674,0.3235822687477641,0.3598449953745284,0.3740466710628617,0.4232464273011774,0.43595539783670373,0.3545978719607934,0.3865893405648426,0.3736676447987891
1757384,Exploits,TreeSHAP,0.9968849021685575,0.5174257733634227,0.22042836768662674,0.9236051624345228,0.8444341992992292,0.6076128740058767,0.5812045540454405,0.3623835811801217,0.3106683877249171,0.303447137332993,0.3034195954894473,0.30363129868180716,0.25418449785699243,0.01416645182848662,0.009971638084940046,0.1804645414572053,0.14996990206404262,0.26447461181966436,0.2946137192779767,0.32422611900972553,0.30290449090015215,0.316783041375428,0.339842601746956
1757384,Exploits,Random,0.9968849021685575,0.09204098988382867,0.03682210033117797,0.9968849021685577,0.9968849021685577,0.9968849021685577,0.9713366245121755,0.9713033246966555,0.8630837393728303,0.8169370321168284,0.8088622155237585,0.8179607935907207,0.8083006865286464,0.014218347587063083,0.014218347587063083,0.014218347587063083,0.04669093895838035,0.04669093895838035,0.049188091939401414,0.049188091939401414,0.049188091939401414,0.041736381183358685,0.041736381183358685
1058048,Exploits,LIME,0.7451450104929057,0.6338506418579393,0.446259188766166,0.4206456809049989,0.11759462054612997,0.08767223060779891,0.08767223060779891,0.10128488318555037,0.07275373298553345,0.07275373298553345,0.05467944014169247,0.05467944014169247,0.04320769424293471,0.17140058091794866,0.24849612954607614,0.31767255302910224,0.31767255302910224,0.34957222787206915,0.3405473259068322,0.38906247011133954,0.37792299611567953,0.41206324473422823,0.4008679976948252
1058048,Exploits,TreeSHAP,0.7451450104929057,0.5649680390797969,0.31676649467889945,0.6479683143260531,0.357809771150504,0.11286782354498291,0.11920190362832113,0.12039655855364291,0.1093390246472323,0.1093390246472323,0.08842614638724834,0.06846478841830646,0.06795635882756414,0.023914970866192112,0.1810972041970777,0.2581927528252051,0.2588762952823109,0.2588762952823109,0.27967452880103144,0.27967452880103144,0.27967452880103144,0.27970289071609145,0.26068573444081244
1058048,Exploits,Random,0.7451450104929057,0.18060329179432882,0.04708618352335413,0.6479683143260531,0.6104783527869978,0.5693265389646301,0.5789740205515914,0.5853484578284394,0.5595568648659429,0.5271490445667585,0.4744823547769175,0.5334504089945613,0.5586828293238767,0.023914970866192112,0.023914970866192112,0.023943332781252064,0.023943332781252064,0.023943332781252064,0.023943332781252064,0.03392381666732442,0.03392381666732442,0.05637014007138405,0.08303930089238054
57820,Exploits,LIME,0.8666175695226355,0.696362166012088,0.4409649951087307,0.6185859415385608,0.4043250607169756,0.2520720001478453,0.12912895648315093,0.05218118831296163,0.06215282639790168,0.06215282639790168,0.052152826397901676,0.03987526723619894,0.029927141476076752,0.17140058091794866,0.2583421048096674,0.3395655165349383,0.3810715848007684,0.4408987900585884,0.4408987900585884,0.44157710412980883,0.4477873361656746,0.4331588233309504,0.46677949224995724
57820,Exploits,TreeSHAP,0.8666175695226355,0.4338458138411106,0.2044001642614187,0.8113501621268706,0.71564163776968,0.6630392205987797,0.4651585479738108,0.424597930152693,0.37046939199786766,0.24512802717313453,0.22474116326909194,0.19731286062643114,0.2102786151268887,0.014218347587063083,0.014218347587063083,0.014218347587063083,0.17728012572045354,0.18369276418117256,0.1740636348167081,0.298763024635075,0.3082330161189995,0.29414749780666266,0.2925326295823204
57820,Exploits,Random,0.8666175695226355,0.27012627515037496,0.09588016280939275,0.8666175695226355,0.8058306897938504,0.6882467577645395,0.6671580720928073,0.6434241610605019,0.5974178408481144,0.4337982710333737,0.43419322452532394,0.43419322452532394,0.3940331325561343,0.014218347587063083,0.014218347587063083,0.02421834758706308,0.024166451828486618,0.024166451828486618,0.024166451828486618,0.17666795433302002,0.17666795433302,0.17666795433302,0.1757560753473963
1078612,Exploits,LIME,0.9999771118035626,0.8353506883020602,0.3888666678741801,0.719999409717071,0.46999940971707105,0.2800663899741117,0.10996535727124072,0.019013036885291795,0.009013036885291793,0.009013036885291793,0.009013036885291793,0.009013036885291793,0.011168483909071159,0.17140058091794866,0.2583421048096674,0.3235822687477641,0.3694938358908763,0.4193900874111207,0.4739563780050628,0.453236612620478,0.45973626431157455,0.5089099657392753,0.4505295757212106
1078612,Exploits,TreeSHAP,0.9999771118035626,0.5645016058344929,0.21888626391580623,0.8929467641166761,0.8023952118492005,0.5912966298058424,0.3796544442918987,0.38179783229332964,0.36626436054723227,0.28803142198918796,0.28532673843527506,0.1836009163694699,0.1834407399925843,0.01416645182848662,0.009971638084940046,0.1804645414572053,0.2871054211757631,0.2871054211757631,0.2457714128252998,0.29321553458256394,0.26400714086090393,0.29320814081398094,0.3137968372350959
1078612,Exploits,Random,0.9999771118035626,0.26170174309319705,0.021433655972342102,0.9309530357877547,0.826458702600977,0.8507714779106479,0.8507714779106479,0.8507714779106479,0.7575959966332771,0.6893192753956153,0.5384825973839225,0.5429474615041702,0.5446821840659956,0.014218347587063083,0.014218347587063083,0.02419883147313544,0.02419883147313544,0.02419883147313544,0.02414693571455898,0.02414693571455898,0.02414693571455898,0.02042882860446446,0.02042882860446446
1609885,Exploits,LIME,0.9992053825444546,0.7916375088608666,0.3942876463770929,0.7099893343545696,0.44999645201267396,0.2999974844751093,0.13982210326336475,0.12146036527274533,0.10043559417921494,0.06844274428464998,0.06844274428464998,0.05854595735445147,0.05854595735445147,0.17140058091794866,0.2583421048096674,0.3395655165349384,0.38107158480076847,0.39843390781762855,0.38978406776928914,0.46914404917620706,0.469144049176207,0.5315875457754919,0.5312699785296108
1609885,Exploits,TreeSHAP,0.9992053825444546,0.5471645723644136,0.26534217718372405,0.7099893343545696,0.6947020782209465,0.6902454932995181,0.44018321651381115,0.4253731387037184,0.3996806679646554,0.3911918802057535,0.26642609753125407,0.24680940035867308,0.25580679464750916,0.17140058091794866,0.1652755232017153,0.16441753003095033,0.2698632571439385,0.2935030976086287,0.31852854935021013,0.3111821578332528,0.2998020704314939,0.32805486733909733,0.329285682723179
1609885,Exploits,Random,0.9992053825444546,0.302816719083236,0.03300958557014282,0.9278089645211341,0.8290133703377153,0.7495514425883428,0.7206990006947852,0.7206990006947852,0.7114432606762497,0.7154090795822,0.6395536648985144,0.4899976745719705,0.4597111760464885,0.013741640953611028,0.013741640953611028,0.013741640953611028,0.013741640953611028,0.013741640953611028,0.013741640953611028,0.013741640953611028,0.013741640953611028,0.10665485669943064,0.11324557144416579
1767691,Exploits,LIME,0.9986051091169728,0.7959055295233671,0.3476952941836497,0.6890851230178479,0.42940913850327417,0.32489532552751355,0.1337226340601091,0.12875401877703105,0.0924370499137753,0.06708840221693282,0.06712106744504054,0.04724151823726558,0.04724151823726558,0.17140058091794866,0.2583421048096674,0.3235822687477641,0.35984499537452835,0.37404667106286177,0.3475454542013685,0.3869744818707108,0.4023170601863755,0.41615253359240273,0.4318968211135866
1767691,Exploits,TreeSHAP,0.9986051091169728,0.6211107510955827,0.26983454367988674,0.924638110311779,0.6250475819009532,0.558234102996305,0.3337580361209877,0.28421338021924275,0.28421338021924275,0.2480992796527474,0.21400103755031882,0.1515605709446967,0.15117810029762813,0.01416645182848662,0.1703659491937329,0.1804645414572053,0.2871054211757631,0.30999242084213047,0.3099924208421304,0.2946137192779767,0.32422611900972553,0.4113010558564714,0.39235343986619564
1767691,Exploits,Random,0.9986051091169728,0.3192787910429226,0.03652384159564124,0.9005988611314234,0.8153364109903795,0.8153364109903795,0.7624839904267587,0.6294992522137416,0.6221332901736685,0.6195468357076519,0.5510336496926859,0.566601945544972,0.5106925338688406,0.014218347587063083,0.01860791156583187,0.01860791156583187,0.01860791156583187,0.03477383936612179,0.044773839366121795,0.04985567299532449,0.04985567299532449,0.06609837190125024,0.049329469311161944
1355103,Exploits,LIME,0.9840286075094623,0.8025478651637611,0.3579432536355533,0.6945293190610345,0.444783293747663,0.2958899753554545,0.1299133398011339,0.1398645360040986,0.04992857576349238,0.029954580331791988,0.019954580331791986,0.009989223060551252,0.0,0.17140058091794866,0.2583421048096674,0.3235822687477641,0.3598449953745284,0.37404667106286177,0.4232464273011774,0.43595539783670384,0.43563783059082267,0.35428030471491234,0.38592743306761157
1355103,Exploits,TreeSHAP,0.9840286075094623,0.4980908805770915,0.19411910979981814,0.9069701461474119,0.8156498624398221,0.5819814152807317,0.5719143835374154,0.35078856926662644,0.33549177593200186,0.3367645044774818,0.3453898926681571,0.33539422487546316,0.2790324946985965,0.01416645182848662,0.009971638084940046,0.1804645414572053,0.131538041161787,0.24604275091740874,0.24604275091740874,0.2757775647425577,0.26014563482271286,0.2587482280260136,0.2872899711143939
1355103,Exploits,Random,0.9840286075094623,0.2634201583758876,0.04483233328957509,0.9461731002360011,0.9461731002360011,0.8801544510620347,0.7405341435241243,0.7151664885499207,0.7493617662589459,0.7508044764606729,0.5555858642553452,0.46103639002480756,0.4610947107278933,0.014889804455737352,0.004918166370797306,0.014918166370797306,0.036130324002949334,0.0361108078890217,0.026130324002949335,0.026130324002949335,0.08170139532512072,0.0998266985495075,0.10040697401357704
1770715,Exploits,LIME,0.8866210308400078,0.745867537080265,0.4403094630524821,0.6212586662582367,0.3819837255614644,0.252751549396637,0.10790681024316866,0.0009106796854222865,0.004556046056523916,0.004556046056523916,0.004556046056523916,0.014527684141463963,0.014527684141463963,0.17140058091794866,0.2583421048096674,0.3395655165349384,0.3810715848007684,0.4408987900585884,0.4313784335135199,0.43137843351351995,0.49589094359015135,0.49589094359015135,0.4580589688727661
1770715,Exploits,TreeSHAP,0.8866210308400078,0.5686669016620473,0.29292042944052693,0.6212586662582367,0.48994152189123524,0.3979227181300231,0.2611443529774544,0.23807621218194433,0.22138725267554496,0.22958649848116386,0.20952246730201732,0.25395760858624816,0.25674399329573716,0.17140058091794866,0.16724507466008995,0.1641657027052156,0.25271036768739585,0.2731631952711103,0.3136729264543699,0.27805424326626155,0.3008975153825643,0.34580385462920626,0.32998067007241505
1770715,Exploits,Random,0.8866210308400078,0.2600501174785845,0.12186375130212536,0.7670189719203967,0.7461082922349743,0.7027742530197527,0.6713307373495379,0.6791792278809119,0.6814469992634185,0.6814469992634185,0.6140831213124457,0.3643065582391379,0.3580139731302394,0.07681728732343436,0.08681728732343437,0.08681728732343434,0.0759842539261236,0.08271240886958779,0.08271240886958779,0.08271240886958779,0.07573760436775409,0.2103064828580229,0.2198522182842401
1110130,Exploits,LIME,0.47999714747001065,0.34979174512116107,0.5737679808839455,0.38149901791951807,0.2753304345592229,0.17235515866888457,0.10013107586153676,0.06178090393054852,0.07167769086074703,0.07167769086074703,0.06178090393054852,0.05557537617925573,0.050245770717486794,0.12753053236330758,0.1783118999271218,0.24314877913542932,0.28944962426050114,0.33044988918559987,0.29304735861855113,0.2927443458207117,0.3392296910100705,0.3293329040798719,0.3308249169380499
1110130,Exploits,TreeSHAP,0.47999714747001065,0.17657505133831125,0.030099695968630658,0.4765550186406077,0.4100792614132488,0.4081824892127368,0.3430416473364253,0.26901275822498677,0.22731299523883938,0.22430316907408912,0.212436067002249,0.2260611694531909,0.2372363857206201,0.014218347587063083,0.014218347587063083,0.014218347587063083,0.014218347587063083,0.01416645182848662,0.01416645182848662,0.01416645182848662,0.01503497873762026,0.01503497873762026,0.01503497873762026
1110130,Exploits,Random,0.47999714747001065,0.20735374080948196,0.40210008543554965,0.38149901791951807,0.3772028866395849,0.3270106467181782,0.33422006490103795,0.2501968024824423,0.2254682991403418,0.2146678137275908,0.2146678137275908,0.20075036067450086,0.20075036067450086,0.12753053236330758,0.12753053236330758,0.12635247448884251,0.12635247448884251,0.19756785490378273,0.21989191050512044,0.23992366478974586,0.2498460547280769,0.2575367207170441,0.25753672071704414
1535352,Exploits,LIME,0.8648294638055153,0.6394308751667128,0.29561585046340916,0.561679459354199,0.3503532041333565,0.3031910648689478,0.2220808572934406,0.1905752839544822,0.15981579873169466,0.1386957402885494,0.10510801184036969,0.10535792737802595,0.1171285385449588,0.12753053236330758,0.17831189992712182,0.24314877913542932,0.28944962426050114,0.3304498891855999,0.29340100444420014,0.3375157984774677,0.2782108676916163,0.2521745725296374,0.22638000647193418
1535352,Exploits,TreeSHAP,0.8648294638055153,0.3842920010065929,0.016365367770554168,0.7188543200570264,0.5711754917350503,0.5346850459151226,0.44551715965615524,0.41394531399489487,0.43791015941909833,0.391264990873954,0.41605152117138045,0.4379853125832707,0.43798531258327084,0.014218347587063083,0.014218347587063083,0.014218347587063083,0.01416645182848662,0.01416645182848662,0.01416645182848662,0.014094531023308779,0.014094531023308779,0.014094531023308779,0.014094531023308779
1535352,Exploits,Random,0.8648294638055153,0.4886803454960241,0.16285304872350562,0.6570146248661974,0.5766041409173482,0.4730476105528571,0.36322939600622745,0.33437134426231674,0.3343713442623168,0.27483363733596383,0.27483363733596383,0.27483363733596383,0.19835181021975617,0.03882386517973658,0.03634516213102812,0.04979830429821441,0.13140967999775546,0.13337171435162554,0.13337171435162554,0.18538104221027396,0.1854094041253339,0.1854094041253339,0.32908085729550085
1592204,Exploits,LIME,0.7050980287799561,0.4933084543907542,0.3966621426917037,0.4774745281749795,0.33212429597507653,0.27867734576553155,0.18172304818575635,0.1365320098332043,0.14709882360369136,0.145530684505947,0.145530684505947,0.145530684505947,0.12767363883593805,0.12753053236330758,0.1783118999271218,0.24314877913542932,0.28944962426050114,0.33044988918559987,0.29340100444420014,0.33728873972847206,0.33796705379969244,0.3041360610057233,0.35517336518549186
1592204,Exploits,TreeSHAP,0.7050980287799561,0.17239223475188825,0.028375463945285787,0.6574367903327581,0.5953852616347772,0.5958093961188127,0.5414560721318493,0.5612958114526923,0.6018034023300012,0.467208790926263,0.4608878743630568,0.44754045447029606,0.3982340865201717,0.014218347587063083,0.014218347587063083,0.014218347587063083,0.014283164539369207,0.014283164539369207,0.02198496817236489,0.02198496817236489,0.02198496817236489,0.02198496817236489,0.04091359240599
1592204,Exploits,Random,0.7050980287799561,0.2292185138055584,0.061547807575736246,0.6574367903327579,0.5933025587815782,0.491433513677282,0.4579945460808551,0.45606210010980086,0.45839781435587135,0.4229282248423021,0.422928224842302,0.40234504747996674,0.3959663292412606,0.014218347587063083,0.04669093895838035,0.0477056295747782,0.0477056295747782,0.0393836750086558,0.06415385765861054,0.05108772219898983,0.04111608411404978,0.040955246649245484,0.040955246649245484
1723770,Exploits,LIME,0.5496267462362084,0.37037587642502834,0.4721891571452307,0.3776312959317653,0.24403239995823886,0.20268380005729056,0.1697464446088637,0.14331872195994402,0.1625081510582059,0.13075147059362602,0.1269942584252137,0.12242107775932627,0.11242107775932628,0.12753053236330758,0.17831189992712182,0.24314877913542932,0.28944962426050114,0.33044988918559987,0.29340100444420014,0.2998710206199617,0.3107011322347802,0.25553936553042655,0.26687465279618033
1723770,Exploits,TreeSHAP,0.5496267462362084,0.20440143174229403,0.03342193342324422,0.27915537224608716,0.28032807460605746,0.2868280643234669,0.32725601935688414,0.33079579733257397,0.29879237321924745,0.4024306762078153,0.44542197674430645,0.4010113045247356,0.40023348637797,0.014283164539369207,0.014283164539369207,0.014283164539369207,0.014283164539369207,0.014283164539369207,0.014283164539369207,0.014283164539369207,0.014283164539369207,0.013741640953611028,0.055688927934844375
1723770,Exploits,Random,0.5496267462362084,0.13510569493745211,0.08137255574848917,0.5496267462362086,0.5042235164532947,0.47573237920185124,0.4414181874749108,0.44182029144232504,0.44182029144232493,0.30219900643516184,0.30219900643516184,0.3471539527752693,0.33901713509105497,0.014218347587063083,0.014218347587063083,0.014218347587063083,0.014218347587063083,0.014218347587063083,0.014218347587063083,0.0887665479110229,0.0887665479110229,0.09716600019006112,0.08723614895518046
1669264,Exploits,LIME,0.9968849021685575,0.8142879698611762,0.3425918777315188,0.6974129490137624,0.4491064272406232,0.28933139700941907,0.11327661057104313,0.12337349934953852,0.10358188754966514,0.019971638084940048,0.009971638084940048,0.009971638084940048,0.009971638084940048,0.17140058091794866,0.2583421048096674,0.3235822687477641,0.35984499537452846,0.37404667106286177,0.3864549974252272,0.43595539783670373,0.43563783059082267,0.3542803047149123,0.3157015536808388
1669264,Exploits,TreeSHAP,0.9968849021685575,0.5174257733634227,0.22042836768662674,0.9236051624345228,0.8444341992992291,0.6076128740058768,0.5812045540454405,0.3623835811801217,0.3106683877249171,0.303447137332993,0.3034195954894473,0.30363129868180716,0.2541844978569925,0.01416645182848662,0.009971638084940046,0.1804645414572053,0.14996990206404262,0.26447461181966436,0.2946137192779767,0.32422611900972553,0.30290449090015215,0.316783041375428,0.339842601746956
1669264,Exploits,Random,0.9968849021685575,0.3144425310121336,0.059511623546112585,0.8988672651668671,0.7989037382042532,0.7504859977145619,0.6589334396425656,0.6491674362849406,0.6221773627303313,0.6222246926953527,0.6304850326479078,0.5965893732387298,0.59658937323873,0.014218347587063083,0.06404555284488303,0.06843511682365182,0.06841674660751268,0.06841674660751268,0.0642219328639661,0.0642219328639661,0.049875074810058,0.06570546957898564,0.06570546957898564
1200517,Exploits,LIME,0.9728450178419752,0.8280991940407659,0.4118423680698037,0.6642365444989972,0.4246518670806126,0.25469082328110315,0.10387900315137934,0.0,0.0,0.0,0.0,0.0,0.0,0.17140058091794866,0.2583421048096674,0.3395655165349384,0.3810715848007684,0.44089879005858834,0.4408987900585884,0.44157710412980883,0.5060896142064403,0.5241686266131212,0.5025752469996246
1200517,Exploits,TreeSHAP,0.9728450178419752,0.5933758292394409,0.234888959341818,0.6642365444989972,0.6223717304635379,0.5312929010523366,0.33495808298968305,0.31864149553149146,0.27903357266016504,0.27307375118521754,0.25197885633852,0.25337389986721637,0.2657310514381787,0.17140058091794866,0.16832120896307434,0.16728657723885854,0.2558312422210387,0.21485839547901997,0.22482013831796496,0.25567453183169553,0.27570919886693035,0.2756018322906041,0.27560183229060414
1200517,Exploits,Random,0.9728450178419752,0.16749369504089157,0.022838609588007906,0.9933831008133924,0.9240105479181631,0.9243869142992881,0.8625143049207084,0.8112187561816009,0.8107560317021814,0.7332492111978377,0.7189468458454088,0.7113523962311161,0.5636951189011392,0.014218347587063083,0.014218347587063083,0.014218347587063083,0.014218347587063083,0.01860791156583187,0.01860791156583187,0.01416645182848662,0.012973824796772863,0.010448344718392101,0.09050644069774695
1615917,Exploits,LIME,0.9495561579036681,0.7973763745229702,0.4092862285375004,0.659879788162935,0.402979605925432,0.26220823345452343,0.10750352591258298,0.01979410102371347,0.01979410102371347,0.01979410102371347,0.009948125760122188,0.009948125760122188,0.009948125760122188,0.17140058091794866,0.2583421048096674,0.3395655165349384,0.3810715848007684,0.4408987900585884,0.4408987900585884,0.4413784335135199,0.46334046786738986,0.47086549559300983,0.4786408223750959
1615917,Exploits,TreeSHAP,0.9495561579036681,0.5287181414522616,0.2553636500673737,0.9399258978279634,0.659879788162935,0.402979605925432,0.37936331550062585,0.37934379938669816,0.33243801160512915,0.31374305346075126,0.2692266163194225,0.26574003816255376,0.26574003816255376,0.014218347587063083,0.17140058091794866,0.2583421048096674,0.26281447872415,0.26282224566394624,0.2598096468248412,0.2693330794986136,0.30869359341203056,0.3086935934120305,0.30869359341203056
1615917,Exploits,Random,0.9495561579036681,0.18684088981107902,0.015288333939711355,0.8692111047586937,0.8492955872445072,0.8396717901795049,0.7419275751195421,0.7326303337334674,0.7258934681108983,0.7258934681108983,0.7077583910293788,0.7174354813195001,0.7174354813195001,0.01416645182848662,0.01416645182848662,0.01416645182848662,0.013689745195034565,0.013689745195034565,0.014313428144198156,0.014313428144198156,0.014313428144198156,0.014313428144198156,0.018038757913084003
1004305,Fuzzers,LIME,0.8172487679532938,0.6819116040659654,0.0905736950147655,0.4828197784130732,0.24179304096571794,0.1945673015010081,0.15647617405974434,0.1171938199596724,0.07819619330237489,0.033914110324231916,0.01,0.01920561017373069,0.01920561017373069,0.004668597247783226,0.014205143450052417,0.02297821367477941,0.021701591486955715,0.030474879320832135,0.07767181414633426,0.07026079868286028,0.12163363203429087,0.168113683548402,0.20850405300565455
1004305,Fuzzers,TreeSHAP,0.8172487679532938,0.4862786281015691,0.003670852887931734,0.4463057149363256,0.4362514475191837,0.40423447586579997,0.38679548185339363,0.3059910724056637,0.31464601091550887,0.3085964351937066,0.317041468023755,0.21809820205947564,0.17174108974443467,0.0,0.0,0.0,0.0,0.0,0.0,0.0,0.01,0.01,0.01
1004305,Fuzzers,Random,0.8172487679532938,0.41801472266201944,0.004004608828593606,0.8072084332537622,0.6176132741013984,0.6176132741013983,0.3622250992041429,0.36626979598670184,0.3031371657656642,0.2919889393852823,0.2822918759293678,0.17396648055359218,0.17002611463143372,0.0,0.0,0.0,0.004668597247783226,0.004950416024864197,0.004668597247783226,0.004668597247783226,0.005971488497829481,0.006152699328821445,0.00164722071816527
1171242,Fuzzers,LIME,0.9342407263958864,0.7862223270260706,0.06564078278963907,0.6220503870311124,0.31387451652710213,0.174643054004707,0.12658909779713798,0.0927205700297637,0.06369378169971211,0.05145222050485019,0.02948771287692334,0.004409121962731507,0.0012635312641175675,0.004668597247783226,0.014205143450052417,0.02297821367477941,0.021701591486955715,0.030474879320832135,0.07767181414633426,0.07026079868286028,0.12163363203429087,0.11193176585802936,0.13771649004395237
1171242,Fuzzers,TreeSHAP,0.9342407263958864,0.6721156069405351,0.005861193464315553,0.49934489124560927,0.3322310609222893,0.2842209647305899,0.24379228071312226,0.2702342303448122,0.2236777145222373,0.20643175882960973,0.1998631848589969,0.19881301416728142,0.16264209421896567,0.0,0.0,0.0,0.0,0.0,0.0,0.008747537080016007,0.008747537080016007,0.008747537080016007,0.028515045156441814
1171242,Fuzzers,Random,0.9342407263958864,0.6259566457786956,0.012466454924866643,0.5438569225528083,0.3215381244730034,0.3215381244730034,0.31266034661841036,0.2950360797316811,0.28120269875568926,0.2646233070333016,0.2746173229290247,0.27393490609961146,0.19383297350537568,0.011429452714004397,0.01,0.01,0.01,0.01,0.01,0.01,0.01,0.01,0.0250372463318855
1499743,Fuzzers,LIME,0.8850449077828457,0.6315028498496552,0.07896011993894414,0.6712388523811041,0.5394065528957719,0.3991838649310502,0.2991194695091825,0.21007826449859945,0.15328038124732113,0.1035838938062402,0.06351078491570479,0.061264484307276934,0.03475403083965392,0.004668597247783226,0.014205143450052417,0.02297821367477941,0.021701591486955715,0.030474879320832135,0.07767181414633426,0.07026079868286028,0.12163363203429087,0.168113683548402,0.16712416710656217
1499743,Fuzzers,TreeSHAP,0.8850449077828457,0.48406720273092435,0.0,0.6500425384803171,0.6002333891162335,0.5142685584133717,0.4573311853659836,0.41195011452905744,0.33136205748626735,0.30163209813694575,0.27632323674893927,0.230423781042212,0.23621009119988604,0.0,0.0,0.0,0.0,0.0,0.0,0.0,0.0,0.0,0.0
1499743,Fuzzers,Random,0.8850449077828457,0.3909087961772749,0.021660512565676478,0.8003293202779761,0.7839714033012103,0.6422079786762095,0.4885627132528166,0.39545720223902997,0.40744627892915036,0.3835168176795398,0.3715593239183958,0.37449934605523644,0.293810731726143,0.0,0.0,0.009866804561096995,0.009866804561096995,0.012057947924981112,0.012057947924981112,0.028603278975442015,0.0378364636392692,0.039381809053770006,0.042034206821545614
1535112,Fuzzers,LIME,0.9988027525830054,0.8003298873259919,0.059587462203873696,0.6491367789899596,0.3496919701765233,0.24974769268555186,0.16984248139148803,0.17654166598809728,0.14521688460102614,0.0885378981051951,0.05867109354409811,0.04867109354409811,0.04867109354409811,0.004615997368240966,0.014152543570510157,0.021253863376357082,0.021451248440841352,0.03175230267189431,0.04145053654558988,0.08011681733484848,0.11530955109360325,0.12773622178681984,0.13732213049794315
1535112,Fuzzers,TreeSHAP,0.9988027525830054,0.7340517519156239,0.016188452457495575,0.8069356458003987,0.447619396669584,0.31159828621278884,0.1988390053335683,0.1747115382453924,0.1782017460572099,0.1613570013516028,0.1181019110292843,0.1504388910185814,0.09970658495540523,0.0,0.009866804561096999,0.01997605861377837,0.01941538940046694,0.01941538940046694,0.01941538940046694,0.01941538940046694,0.014654670205191275,0.014898499966475938,0.02463311779764668
1535112,Fuzzers,Random,0.9988027525830054,0.39864654449061127,0.005798697292966367,0.9988027525830054,0.9716298483076368,0.8719688499011781,0.553013132891105,0.5329584788695025,0.41265725608275383,0.41265079359253337,0.41265079359253337,0.4325955289433143,0.4026346461603787,0.0,0.0,0.0,0.004615997368240966,0.004615997368240966,0.009737110687924475,0.009737110687924475,0.009737110687924475,0.009737110687924475,0.009737110687924475
1937800,Fuzzers,LIME,0.9951946789321533,0.8082677610631757,0.0573231569795382,0.6372902673871512,0.36730312886245386,0.2677167527041769,0.1777224478955507,0.16058817263812541,0.10180297641952345,0.05130652957391615,0.04553890320887805,0.03,0.03,0.004615997368240966,0.014152543570510157,0.021253863376357082,0.021451248440841352,0.03175230267189431,0.05052593448622518,0.0702236583005573,0.10155038349882464,0.12747553817141924,0.12747553817141924
1937800,Fuzzers,TreeSHAP,0.9951946789321533,0.8116608618868147,0.012044414941300983,0.790322803807574,0.44580871136931194,0.11190811874532437,0.11294816350965027,0.04239275568930159,0.10665690545059898,0.07412452170485456,0.06877985668971792,0.04119816674352604,0.04119816674352604,0.0,0.009976058613778371,0.01997605861377837,0.01997605861377837,0.01941538940046694,0.009976058613778371,0.009976058613778371,0.009976058613778371,0.010296817760599725,0.010296817760599725
1937800,Fuzzers,Random,0.9951946789321533,0.4764760368894601,0.005981594525134524,0.9359890687584226,0.9059717751569706,0.7102533354150529,0.5549104796678092,0.5064184744282252,0.47117756190725785,0.29024295454561455,0.29024295454561455,0.2791282948950204,0.24285152110694422,0.0,0.0,0.0,0.0056975198365117555,0.0056975198365117555,0.00550598681283889,0.015470117671354932,0.015470117671354932,0.00550598681283889,0.0061812617880246355
1064371,Fuzzers,LIME,0.5917375178514562,0.5000742614542365,0.12304835274709638,0.35022852263495424,0.1481459733322643,0.13147522318460098,0.11264023590247861,0.06983396688475735,0.045095415512734445,0.01154826289457992,0.01154826289457992,0.018058350365623716,0.018058350365623716,0.0,0.014152543570510157,0.021253863376357082,0.021451248440841352,0.03400396433154857,0.08154625940554741,0.0914394184398386,0.11693936410853054,0.1635247305961876,0.18381187603341098
1064371,Fuzzers,TreeSHAP,0.5917375178514562,0.2913031597313495,0.0037793132157490396,0.38248771847928537,0.2876349106019233,0.2556637283964086,0.29212097782266705,0.3021626985684342,0.28389291397452704,0.3181625037816456,0.2989515888501041,0.29895158885010403,0.2843149518759678,0.011429452714004397,0.0014294527140043983,0.0032562064459930305,0.0036836772880945393,0.00042747084210150875,0.00042747084210150875,0.00042747084210150875,0.00042747084210150875,0.00042747084210150875,0.00042747084210150875
1064371,Fuzzers,Random,0.5917375178514562,0.3695874836898591,0.021778125469472137,0.5007636816394687,0.3971124452172863,0.18739602590814616,0.20520624476129395,0.18720507975548678,0.18533573034692677,0.1853357303469267,0.15352008895292507,0.13256774793345574,0.08705756675405521,0.0022516616596542677,0.0022516616596542677,0.0022516616596542677,0.009205610173730689,0.009205610173730689,0.009205610173730689,0.009205610173730689,0.009652597662880338,0.009652597662880338,0.06598671808798401
1177713,Fuzzers,LIME,0.943924566051037,0.7210642704469125,0.1032734008969038,0.6629241175786427,0.4461697586496217,0.33368140237137917,0.22793817508424244,0.23095894138202677,0.1448957367127999,0.05282572020075251,0.0405103504434218,0.04434937680917925,0.04434937680917925,0.004615997368240966,0.014152543570510157,0.021253863376357082,0.021451248440841352,0.03175230267189431,0.09786695079744437,0.11660441434088628,0.18425013118778868,0.24602854567365587,0.236847003834628
1177713,Fuzzers,TreeSHAP,0.943924566051037,0.48011789704644076,0.012833299015047038,0.8521930789116433,0.6883056603949254,0.6045018327787992,0.6067063485754285,0.39561769778791683,0.34404924055377156,0.3379310964774321,0.32222327074546053,0.3243763885286379,0.1621620752919469,0.0,0.0,0.0,0.009635784893446636,0.01373959674949324,0.01373959674949324,0.01373959674949324,0.01373959674949324,0.02373959674949324,0.03280289339690194
1177713,Fuzzers,Random,0.943924566051037,0.37185743717431824,0.015990348821648733,0.9290619257164989,0.8547765789664132,0.7031440561155682,0.7031440561155682,0.5818024793905967,0.5113073805426217,0.4303094470880681,0.3862650539896684,0.32194611232628945,0.29891419851589496,0.0,0.0,0.0068505298330941876,0.0068505298330941876,0.016835125770715755,0.01710679644760688,0.025823462210070976,0.025823462210070976,0.025823462210070976,0.025823462210070976
1267792,Fuzzers,LIME,0.9695442868577473,0.7335160602388144,0.07824062729233776,0.7228602713446858,0.49604267674180064,0.3508636407852254,0.2465064601504266,0.1491559254592256,0.12342148027601892,0.0934468397356562,0.07925898256434252,0.059259236066818585,0.03946675306512772,0.004668597247783226,0.014205143450052417,0.02297821367477941,0.021701591486955715,0.030474879320832135,0.07767181414633426,0.0886259239994395,0.12163363203429087,0.16811368354840206,0.20850405300565455
1267792,Fuzzers,TreeSHAP,0.9695442868577473,0.5997961662668859,0.007201957607295777,0.7933438760231187,0.6783112537459065,0.4730935438765982,0.3899755734770219,0.31147158976636186,0.26402646642230737,0.2454608620464427,0.20308158599273451,0.16629306019338994,0.17242339436473167,0.0,0.0,0.0,0.0,0.0,0.0,0.0,0.0,0.009991436324661356,0.05983473219879176
1267792,Fuzzers,Random,0.9695442868577473,0.590450898284635,2.0358540312169383e-05,0.6810041390489171,0.5939678445346576,0.5197793780839222,0.4488348488393196,0.4488348488393196,0.293301227769001,0.222351423740613,0.20970285832142138,0.20283233660443564,0.17032497994951576,0.0,0.0,0.0,0.0,0.0,0.0,0.0,0.0,0.0,0.00019738506448426966
1795765,Fuzzers,LIME,0.9874483468401495,0.7785962312247335,0.06087502958009816,0.6536925397998129,0.37685169515083417,0.3073054959032898,0.2377427828227485,0.19141377981937707,0.11320693425270839,0.11898068757543151,0.061732572594635354,0.013797334117661654,0.013797334117661654,0.004615997368240966,0.014152543570510157,0.021253863376357082,0.021451248440841352,0.03175230267189431,0.08890435522656531,0.08025037194253037,0.11990065144792345,0.10565466281906259,0.11317347636320563
1795765,Fuzzers,TreeSHAP,0.9874483468401495,0.4180052993027223,0.007325640305126819,0.6617159964504304,0.682859452353759,0.6713939366107816,0.6917061743660926,0.5165423640212068,0.49284256415777494,0.6464475978034318,0.552435402070329,0.37711294856762523,0.40137403897284074,0.011429452714004397,0.011429452714004397,0.011429452714004397,0.011429452714004397,0.0014294527140043983,0.005037930103681691,0.005037930103681691,0.005037930103681691,0.005037930103681691,0.005037930103681691
1795765,Fuzzers,Random,0.9874483468401495,0.40063513437538506,0.00581275724733686,0.9874483468401494,0.7799102885065053,0.6879767189374116,0.5784870482956487,0.5784870482956486,0.5620396143423664,0.5016279105116087,0.4217347558801495,0.411817221658584,0.35860317137957165,0.0,0.0,0.0,0.0009808207644825939,0.0009808207644825939,0.010968835724448163,0.010968835724448163,0.011166220788932433,0.011166220788932433,0.011166220788932433
1268735,Fuzzers,LIME,0.9695442868577474,0.7329312994542528,0.07634642549407848,0.7228602713446858,0.49604267674180064,0.3508636407852254,0.2465064601504266,0.1491559254592256,0.12342148027601892,0.09929444758127377,0.07925898256434252,0.059259236066818585,0.03946675306512772,0.004668597247783226,0.014205143450052417,0.02297821367477941,0.021701591486955715,0.030474879320832135,0.07767181414633426,0.07026079868286028,0.12163363203429085,0.168113683548402,0.20850405300565455
1268735,Fuzzers,TreeSHAP,0.9695442868577474,0.599796166266886,0.007201957607295776,0.793343876023119,0.6783112537459065,0.4730935438765982,0.3899755734770219,0.3114715897663619,0.26402646642230737,0.24546086204644268,0.20308158599273451,0.16629306019338994,0.1724233943647317,0.0,0.0,0.0,0.0,0.0,0.0,0.0,0.0,0.009991436324661356,0.05983473219879176
1268735,Fuzzers,Random,0.9695442868577474,0.559520344497588,0.013372234131470487,0.8505422650015848,0.6412581811472848,0.6412581811472848,0.4568680962195612,0.40398129921574977,0.33561094890887816,0.23679800881464286,0.2363913020407433,0.15635613518835778,0.14117500591750598,0.0,0.004668597247783226,0.004668597247783226,0.012268392397712572,0.012268392397712572,0.012268392397712572,0.025725440255455156,0.025725440255455156,0.01572544025545515,0.016331039591844197
1010147,Fuzzers,LIME,0.9834490415136858,0.8207288036923692,0.07282450672927755,0.5857678892379472,0.2787180199224983,0.24876839629647915,0.20890578256350892,0.13957185750307421,0.0841015136061144,0.025998926563817557,0.018655821077051365,0.018655821077051365,0.018058350365623716,0.004615997368240966,0.014152543570510157,0.021253863376357082,0.021451248440841352,0.03400396433154857,0.08154625940554741,0.0914394184398386,0.11693936410853054,0.14697737834132402,0.18381187603341098
1010147,Fuzzers,TreeSHAP,0.9834490415136858,0.6364398001923883,0.004834471597514347,0.6468245641689024,0.42674505361080844,0.4020479375629948,0.3923059174299401,0.42867472053045874,0.3478365889737594,0.2342110947454112,0.2610047041732863,0.17499020206021335,0.15545162995720183,0.011429452714004397,0.011429452714004397,0.011429452714004397,0.01325620644599303,0.0,0.0,0.0,0.0,0.0,0.0
1010147,Fuzzers,Random,0.9834490415136858,0.556460984635114,0.006003509621659069,0.9834490415136858,0.5846240728799991,0.4793142464455298,0.45868883745638184,0.3090747824778807,0.31539363718155283,0.28432458181468395,0.28432458181468395,0.2853433936006604,0.28534339360066047,0.0,0.0,0.0,0.0,0.0014294527140043983,0.0021047276891901436,0.013876819357048369,0.013876819357048369,0.013876819357048369,0.013876819357048369
1481108,Fuzzers,LIME,0.9780691755084576,0.808586320543953,0.06531904518751644,0.5923382677544635,0.27962678421585674,0.24962678421585674,0.20962731099197188,0.14631229612576116,0.09160883902640123,0.05442786860884178,0.02630228881442143,0.02630228881442143,0.018655821077051365,0.0,0.014152543570510157,0.021253863376357082,0.021451248440841352,0.03400396433154857,0.08154625940554741,0.06954560490246765,0.10919102576818479,0.1298282092599695,0.15789272766011236
1481108,Fuzzers,TreeSHAP,0.9780691755084576,0.6252270189087582,0.005047835015793106,0.7066459653164808,0.4306818338001272,0.40203447009548277,0.37698545941399414,0.3717500800525784,0.3539959469104885,0.2390415938212084,0.28883209743328137,0.18491927219085508,0.1735348469624977,0.011429452714004397,0.011429452714004397,0.01325620644599303,0.01325620644599303,0.0,0.0,0.0,0.0,0.0,0.0
1481108,Fuzzers,Random,0.9780691755084576,0.6392279468910776,0.007712674023181901,0.5860259358632913,0.45716929671785644,0.4171692967178565,0.33533269502807433,0.3253326950280744,0.2676085810390767,0.2676085810390767,0.2676085810390767,0.2676085810390767,0.19694804266234048,0.004615997368240966,0.004615997368240966,0.004813382432725236,0.004813382432725236,0.004813382432725236,0.007469600324569992,0.007469600324569992,0.007469600324569992,0.007469600324569992,0.021884743895252603
1852343,Fuzzers,LIME,0.8947796642360728,0.7390300433720397,0.07062202225597225,0.5331772877617074,0.3045425427428366,0.2447104864070729,0.19487266181500773,0.10656555029240793,0.07431320521276538,0.04194077216853831,0.01402564597921948,0.01707122304352145,0.02627683321725214,0.004615997368240966,0.014152543570510157,0.021253863376357082,0.021451248440841352,0.03400396433154857,0.08154625940554741,0.06729394324281338,0.11693936410853054,0.09415183675666718,0.17650247301765645
1852343,Fuzzers,TreeSHAP,0.8947796642360728,0.633143079014971,0.0023693277817558446,0.5780695153298137,0.3956622636718712,0.329840819166307,0.2126617092973892,0.2112510829257922,0.19505124163655682,0.2574128361873635,0.1935073938009074,0.12145449509750807,0.12145449509750804,0.0,0.0,0.0,0.005300065792561735,0.005300065792561735,0.005300065792561735,0.005300065792561735,0.0,0.0,0.0
1852343,Fuzzers,Random,0.8947796642360728,0.45315897272705996,0.005848808973844404,0.8947796642360727,0.6866757741004484,0.46279632890269695,0.4025593792728423,0.4025593792728423,0.4025593792728423,0.3172826714550528,0.30543633357181094,0.265344588445873,0.27621341655964693,0.0,0.0,0.00048008093152190803,0.0,0.0,0.0,0.0,0.015191429034334342,0.020539219735068608,0.016123223597049395
1050619,Fuzzers,LIME,0.670342045889357,0.5655115593167472,0.14175461767793932,0.4314409221173755,0.2592228148005063,0.12654592647112609,0.07681641112156172,0.07867029762083297,0.03299608258361439,0.021944724435051213,0.007422890563572873,0.01324479601245606,0.0,0.004615997368240966,0.014152543570510157,0.021253863376357082,0.021451248440841352,0.03175230267189431,0.09768765419413722,0.112467613780088,0.15473080899702216,0.2142049171824554,0.2779238547033879
1050619,Fuzzers,TreeSHAP,0.670342045889357,0.500728502929151,0.049267578486903565,0.40761242111021334,0.2757605371332092,0.1877980629338267,0.14244360258215197,0.14100916854769727,0.14100916854769727,0.11351487984678724,0.10399492358224129,0.09706602744665593,0.085926637871579,0.0,0.009250727224666301,0.009250727224666301,0.02031757917399852,0.019325558489847645,0.019325558489847645,0.0369134274739667,0.04903911415607887,0.07844615437325443,0.08839244698292761
1050619,Fuzzers,Random,0.670342045889357,0.12977786649664974,0.006051772914822572,0.670342045889357,0.670342045889357,0.6666866881653237,0.6666866881653237,0.6704129665336948,0.4837596958644504,0.4268250685629096,0.42682506856290964,0.36188076314687334,0.36188076314687334,0.0,0.0,0.0,0.0,0.0,0.006079506123483798,0.008325806731911651,0.008325806731911651,0.008918229391246252,0.008918229391246252
1073332,Fuzzers,LIME,0.9966219738294881,0.8290921441061473,0.0750585554119128,0.5778783583695047,0.30906757565945264,0.2689958094725505,0.2095169192301939,0.13952622905622067,0.08875848627191524,0.039632878932394394,0.029650272632743748,0.0015330787173506266,0.010738688891081316,0.004615997368240966,0.014152543570510157,0.021253863376357082,0.021451248440841352,0.03400396433154857,0.09120089915705071,0.1010940581913419,0.14919831274116344,0.11714577401085169,0.19393339528619954
1073332,Fuzzers,TreeSHAP,0.9966219738294881,0.5850355722630328,0.003810961808304606,0.9866377685700897,0.620864805885356,0.48559658730932137,0.4224374633026206,0.42243746330262055,0.310639082546341,0.310639082546341,0.14305470693269526,0.22326182254298874,0.1902952327261781,0.0,0.0,0.01,0.0,0.0,0.0,0.0,0.009326960931937774,0.009326960931937774,0.009326960931937774
1073332,Fuzzers,Random,0.9966219738294881,0.5119117365420748,0.005772893999220383,0.7054850855302441,0.7064649272802042,0.706464927280204,0.4145468568890024,0.4145468568890024,0.4145468568890023,0.4137103213259966,0.3652104097489093,0.35796279202620473,0.34816333901536334,0.0,0.0,0.0,0.01564942539033977,0.01564942539033977,0.01564942539033977,0.004641381350524345,0.004641381350524345,0.0,0.0013028912500462548
1761103,Fuzzers,LIME,0.9342407263958864,0.7861837668672597,0.07369827755659743,0.6220503870311124,0.31387451652710213,0.174643054004707,0.12658909779713798,0.0927205700297637,0.06369378169971211,0.03948662122061485,0.02948771287692334,0.004409121962731507,0.013614732136462195,0.004668597247783226,0.014205143450052417,0.02297821367477941,0.021701591486955715,0.030474879320832135,0.07767181414633426,0.0886259239994395,0.12163363203429087,0.11193176585802936,0.19462776236751542
1761103,Fuzzers,TreeSHAP,0.9342407263958864,0.672115606940535,0.005861193464315553,0.49934489124560927,0.33223106092228927,0.2842209647305899,0.24379228071312226,0.2702342303448122,0.2236777145222373,0.2064317588296098,0.1998631848589969,0.19881301416728145,0.16264209421896567,0.0,0.0,0.0,0.0,0.0,0.0,0.008747537080016007,0.008747537080016007,0.008747537080016007,0.028515045156441814
1761103,Fuzzers,Random,0.9342407263958864,0.607234270960179,0.01262780485254985,0.5438569225528084,0.5423656506282052,0.4205444879325244,0.4354511991796696,0.28000286533920316,0.28000286533920316,0.22019041892815816,0.22019041892815816,0.1625723808483914,0.1648873446807515,0.011429452714004397,0.011429452714004397,0.011429452714004397,0.011429452714004397,0.01945248178526099,0.01945248178526099,0.0047893448424775635,0.0047893448424775635,0.009439236000350475,0.014333395670471556
1148600,Fuzzers,LIME,0.9938472259148868,0.8248961501836352,0.07718142195791429,0.5772841965071296,0.308025042021091,0.2681510731737798,0.20860672551838427,0.11951864509564317,0.08939468766802669,0.07654902998391445,0.02970958973611534,0.0015330787173506266,0.010738688891081316,0.004615997368240966,0.014152543570510157,0.021253863376357082,0.021451248440841352,0.05456049522373327,0.09120089915705071,0.09955289187544628,0.14919831274116344,0.11714577401085169,0.19393339528619954
1148600,Fuzzers,TreeSHAP,0.9938472259148868,0.6023646022131606,0.0028154108666002967,0.983863020655488,0.6109436106063701,0.387030449560209,0.4047838034190706,0.4047838034190706,0.3016526200751497,0.3016526200751497,0.13406824446150392,0.21537252664115247,0.17067553810409886,0.0,0.0,0.0,0.0,0.0,0.0,0.0,0.009326960931937774,0.009326960931937774,0.009326960931937774
1148600,Fuzzers,Random,0.9938472259148868,0.40005750877415486,0.0045971130601532425,0.7904594080400326,0.8004480530753172,0.8004480530753172,0.7720820846138544,0.7112082006433282,0.5946430863552375,0.3974699498759325,0.3611999506521121,0.3611999506521121,0.3487384344240757,0.0,0.0,0.0,0.0,0.0,0.0,0.01013843802547894,0.011849947531675007,0.011849947531675007,0.011849947531675007
980937,Fuzzers,LIME,0.7395526376392476,0.6347245330347373,0.006829477291749596,0.4716029712633625,0.23575891729381176,0.13192002220095053,0.09420349563219574,0.07646950937160553,0.03099516729856235,0.007330962984615453,0.0,0.0,0.0,0.0,0.0,0.0,0.0,0.0,0.0,0.0,0.0002500399936070235,0.021779594730408258,0.028477944724092315
980937,Fuzzers,TreeSHAP,0.7395526376392476,0.6294629005048409,0.0,0.4241487217847012,0.2119384623803208,0.15991481649849196,0.11363310787459534,0.11363310787459534,0.05300715887033738,0.019179927655956126,0.0,0.0,0.0054420684050706745,0.0,0.0,0.0,0.0,0.0,0.0,0.0,0.0,0.0,0.0
980937,Fuzzers,Random,0.7395526376392476,0.4955114125624074,0.0,0.7225567513899578,0.47250026026178354,0.3846526994045723,0.23817550941135124,0.2134617339546355,0.11871180486501318,0.07672938179615703,0.07672938179615703,0.06844736394438689,0.06844736394438689,0.0,0.0,0.0,0.0,0.0,0.0,0.0,0.0,0.0,0.0
1828041,Fuzzers,LIME,0.8424631750768427,0.7240476463195736,0.07005796725972008,0.4596635839345585,0.20145099083586623,0.1791217118555194,0.1469335988984737,0.08778706437889852,0.05481971376521549,0.01833657176018614,0.01833657176018614,0.008852740191893029,0.008852740191893029,0.004615997368240966,0.014152543570510157,0.021253863376357082,0.021451248440841352,0.03400396433154857,0.08154625940554741,0.0914394184398386,0.11693936410853054,0.09245732824055913,0.11235258808855879
1828041,Fuzzers,TreeSHAP,0.8424631750768427,0.499524597307317,0.0008606292152704657,0.5259215607945648,0.3300194112851156,0.32490144990533887,0.35070986102300766,0.3703569439167994,0.3417325543867451,0.3181625037816456,0.2989515888501041,0.28431495187596784,0.28431495187596784,0.0,0.0014294527140043983,0.0032562064459930305,0.0,0.00042747084210150875,0.00042747084210150875,0.00042747084210150875,0.00042747084210150875,0.00042747084210150875,0.00042747084210150875
1828041,Fuzzers,Random,0.8424631750768427,0.5311162470129484,0.026702081430242663,0.8303322576718525,0.44967005942619226,0.4496700594261923,0.4276342560700884,0.23780500582855182,0.20825544315011157,0.22049217740664204,0.14790107692378018,0.07719987874222,0.06450906599331213,0.0,0.004615997368240966,0.004615997368240966,0.004615997368240966,0.03115903293672976,0.02972958022272536,0.019729580222725362,0.02151736333189176,0.05448714376786871,0.054484510442162494
1901624,Fuzzers,LIME,0.9959631982135049,0.7977002628959209,0.057434161586680986,0.6671354340362845,0.3886896549499692,0.25958453575982765,0.16985788583625044,0.17148920089588254,0.09973429471421348,0.07975584712175808,0.06898300970303335,0.0386997450793109,0.0386997450793109,0.004615997368240966,0.014152543570510157,0.021253863376357082,0.021451248440841352,0.03175230267189431,0.04145053654558988,0.08011681733484848,0.1017573597238984,0.12773622178681984,0.12773622178681981
1901624,Fuzzers,TreeSHAP,0.9959631982135049,0.800768078972206,0.006464844002632339,0.8140823211414769,0.35113743575132766,0.1659101723175555,0.09816904337083959,0.08577363837997183,0.10351729275524589,0.09956690295003381,0.09290067925677288,0.08036828440131691,0.06052542208844765,0.0,0.009866804561096999,0.009439330786688566,0.01941538940046694,0.01941538940046694,0.001224392684246042,0.001224392684246042,0.001224392684246042,0.0013529822024273943,0.001224392684246042
1901624,Fuzzers,Random,0.9959631982135049,0.6116923850528545,0.011561950586320261,0.9127368587939632,0.7337705011084232,0.3963641201382375,0.3264119743197558,0.267325079259779,0.263606129242186,0.23562336718603966,0.23562336718603966,0.23562336718603966,0.23562336718603966,0.0,0.005968339262264994,0.005968339262264994,0.006165724326749265,0.01468866963300417,0.01769880304409989,0.016165724326749266,0.016165724326749266,0.016165724326749266,0.016165724326749266
1353040,Fuzzers,LIME,0.994651396025363,0.808068722312551,0.08726920996551611,0.6657459251443482,0.3759322042741715,0.26834075770316906,0.1897012326278305,0.14714411305522404,0.11951076023734825,0.07630447910586452,0.018260464428504,0.0,0.004886800551659592,0.004615997368240966,0.014152543570510157,0.021253863376357082,0.021451248440841352,0.03175230267189431,0.12566254981745945,0.12251886140364325,0.1877108348417612,0.16686627392717931,0.1720399398044242
1353040,Fuzzers,TreeSHAP,0.994651396025363,0.7257667108689198,0.007426545813959748,0.48286578736488706,0.45597597948357754,0.24802546000231743,0.3209381625463232,0.3127363701935566,0.3344309830170296,0.2589304382622281,0.1287604244214541,0.08697450619548373,0.05920874007757517,0.0,0.013135215336101527,0.0014294527140043983,0.0014294527140043983,0.014636703411776546,0.014636703411776546,0.014636703411776546,0.004654670205191275,0.004654670205191275,0.004654670205191275
1353040,Fuzzers,Random,0.994651396025363,0.4476651959954584,0.0015491964121328394,0.8926254837453476,0.7702818930841966,0.6605955130133259,0.569071900075224,0.5690719000752239,0.5690719000752239,0.43585265201605156,0.3618179568332403,0.33582827565860895,0.30564452572260303,0.0,0.0,0.00019738506448426966,0.00019738506448426966,0.00019738506448426966,0.00019738506448426966,0.00019738506448426966,0.0009684087740946603,0.001513224910575396,0.011940544733362719
1463596,Fuzzers,LIME,0.9970684560993942,0.8585400730598408,0.07589824985907498,0.6085123991828553,0.30952355315108515,0.20031907415663483,0.08349422566333478,0.07423713215243956,0.051666551027966995,0.028645437131452147,0.010016358868935829,0.010016358868935829,0.008852740191893029,0.004615997368240966,0.014152543570510157,0.021253863376357082,0.021451248440841352,0.03175230267189431,0.09768765419413722,0.10574348247084357,0.15538890333656075,0.14120459243870034,0.1635069202082537
1463596,Fuzzers,TreeSHAP,0.9970684560993942,0.6244249125000061,0.020739592767945896,0.9870695468369003,0.8221594911248039,0.5594601719194512,0.39570097382845626,0.2262849446855997,0.17250471626409036,0.18749695279277603,0.13186707744245407,0.12260374965910593,0.12128781144024296,0.0,0.0,0.013135215336101527,0.0014294527140043983,0.0014294527140043983,0.029733470252920266,0.029733470252920266,0.05023764613477722,0.04054461500396585,0.04054461500396585
1463596,Fuzzers,Random,0.9970684560993942,0.5345564911364769,0.023462401022499933,0.947641830195807,0.8675908530582955,0.5387687421243094,0.43331119549350483,0.41344232533674563,0.2968061425797486,0.2968061425797486,0.2868375421569955,0.2868375421569955,0.2570773339470244,0.0,0.0,0.0007432068804749135,0.012311139976424627,0.012311139976424627,0.04682081095779788,0.04682081095779788,0.04682081095779788,0.04630513743657584,0.021803142495594906
1148577,Fuzzers,LIME,0.953124235162651,0.7873240368069934,0.09180479475302288,0.6230808171155475,0.38850210989604217,0.24876678788734782,0.13901144194002468,0.1095378631401892,0.04617241088920311,0.03403685495594328,0.03344443229660868,0.025464669498048372,0.009984595937621568,0.004615997368240966,0.014152543570510157,0.021253863376357082,0.021451248440841352,0.03175230267189431,0.09768765419413722,0.10508052949162903,0.15473080899702216,0.182530621348714,0.24175817837304459
1148577,Fuzzers,TreeSHAP,0.953124235162651,0.5795874014948561,0.033616188203846126,0.9363406137089852,0.8180763423347165,0.5856664855925241,0.4200414595270247,0.39067500367726704,0.1976181626399263,0.13497690654143846,0.10756386138110857,0.09480406389085808,0.04960543738410126,0.0,0.0,0.00919418458398693,0.030429307245706597,0.030429307245706597,0.0369134274739667,0.0369134274739667,0.04903911415607887,0.04903911415607887,0.07844615437325443
1148577,Fuzzers,Random,0.953124235162651,0.35534766046353133,0.005755059617359694,0.9363406137089854,0.9363406137089854,0.8467012787812047,0.5274445816234872,0.5274445816234873,0.5274445816234873,0.501223558173271,0.4219031990623175,0.40912073998659787,0.3438019986993733,0.0,0.0,0.0,0.007836123994444881,0.007836123994444881,0.007836123994444881,0.007836123994444881,0.007836123994444881,0.007836123994444881,0.007836123994444881
1050525,Fuzzers,LIME,0.9742811628862362,0.8125382430631536,0.09298493110438892,0.6165958582881658,0.3798122856379025,0.2301902310717618,0.13153833154241124,0.08652489560701523,0.07331239340540745,0.03444412510847639,0.02307916868889646,0.02307916868889646,0.01885274019189303,0.004615997368240966,0.014152543570510157,0.021253863376357082,0.021451248440841352,0.04925683792056827,0.09768765419413722,0.10574348247084357,0.15538890333656075,0.19036422244608103,0.24601991494866543
1050525,Fuzzers,TreeSHAP,0.9742811628862362,0.5897815040442955,0.023055334195047128,0.9265845541135057,0.8528888702910459,0.6142110285786608,0.43300894742235313,0.36406063585096626,0.1759274529061597,0.13633657598260612,0.1429811671606101,0.11558251300516682,0.08341484310833218,0.0,0.0,0.0,0.0051973155526546045,0.011701077662959615,0.025585518107455272,0.03555322429660701,0.03555322429660701,0.03969008838812679,0.07134332979840291
1050525,Fuzzers,Random,0.9742811628862362,0.3737448962964851,0.0006385304550938514,0.9742811628862362,0.9265845541135057,0.8148926786551434,0.6516676862116342,0.653813202084513,0.4392949769988334,0.4193796948909684,0.4120434534288333,0.3820847387137868,0.33132051791405714,0.0,0.0,0.00153463719671998,0.0,0.0,0.0009372889493102345,0.0009372889493102345,0.0009372889493102345,0.0009372889493102345,0.0009372889493102345
1766305,Fuzzers,LIME,0.8439277185859453,0.6153824142943789,0.0833017907320404,0.6032510629487627,0.48167000510917773,0.3574355592474173,0.2668282529038065,0.18112082201469748,0.13520427754693398,0.09668326886273361,0.0769219672346354,0.048130639199832445,0.03820718784766612,0.0,0.014205143450052417,0.02297821367477941,0.021701591486955715,0.030474879320832135,0.07767181414633426,0.07026079868286028,0.12163363203429087,0.1466218655788002,0.19745896369124175
1766305,Fuzzers,TreeSHAP,0.8439277185859453,0.5072284634381053,0.0017774054455838508,0.3751286527527648,0.354905596098243,0.3754911233294802,0.37515430179980264,0.3270962909202423,0.3400063697617339,0.360558532744963,0.3218853475794146,0.269581156610111,0.26718517988164453,0.0,0.0,0.0,0.0,0.0,0.0,0.0,0.0,0.009736321820500089,0.005263695406438058
1766305,Fuzzers,Random,0.8439277185859453,0.3804850281823741,0.000388489787838112,0.8439277185859453,0.7945448588397729,0.4286399288914474,0.39794235466867794,0.3979423546686779,0.37161280314693435,0.3711229828663277,0.3711229828663277,0.3363733551909821,0.32119756431061863,0.0,0.0,0.0,0.0,0.0,0.0,0.0,0.0,0.0016392865017207789,0.0016392865017207789
1130670,Fuzzers,LIME,0.9803018687798192,0.7999724796451256,0.058933085949979126,0.6292877851843651,0.3296093433019687,0.2896103193717027,0.24968453414028957,0.13995304607982997,0.09974349208813658,0.02884811046653211,0.018851780330324176,0.008852740191893029,0.008852740191893029,0.004615997368240966,0.014152543570510157,0.021253863376357082,0.021451248440841352,0.03400396433154857,0.08154625940554741,0.0914394184398386,0.11693936410853054,0.09415183675666718,0.09816764709918059
1130670,Fuzzers,TreeSHAP,0.9803018687798192,0.6036858603818783,0.000915434070648113,0.662166794445193,0.3977167326273132,0.36758825730447625,0.36758825730447625,0.3752868634720001,0.4055832666817786,0.30861563128228464,0.3086156312822846,0.28868369770363367,0.28431495187596784,0.0,0.0014294527140043983,0.0014294527140043983,0.0014294527140043983,0.0014294527140043983,0.0032562064459930305,0.0,0.0,0.0,0.0
1130670,Fuzzers,Random,0.9803018687798192,0.36603300470155387,0.0001077929914397589,0.9752827993444174,0.9752827993444174,0.8743665210175656,0.8743665210175657,0.5537356051449229,0.4346927445717862,0.42013737887292296,0.39709620110464194,0.31886403518220663,0.3188640351822065,0.0,0.0,0.0,0.0,0.0,0.0,0.00014017443479821443,0.00014017443479821443,0.00014017443479821443,0.0006361734051029837
1744800,Fuzzers,LIME,0.5866960904282285,0.4895222847539869,0.10789639036569582,0.34793846095032693,0.1873267612944023,0.14667473724840774,0.1237141041586765,0.10275620616409252,0.05273241895283503,0.010297683986837393,0.0002976839868373948,0.0,0.0,0.004668597247783226,0.014205143450052417,0.02297821367477941,0.021701591486955715,0.030474879320832135,0.07767181414633426,0.0886259239994395,0.12163363203429087,0.11263969222116328,0.13842441640708633
1744800,Fuzzers,TreeSHAP,0.5866960904282285,0.3373817062884151,0.02523115075794057,0.2916155922906978,0.2776535703271672,0.2543698753340251,0.3193252593522595,0.358557158283268,0.2968710742161635,0.3087950052200496,0.19364322047236027,0.10255319425963584,0.08975989164250726,0.0,0.0,0.0,0.0,0.0034733120605731018,0.021979689759352557,0.019935830412783854,0.029776420539461102,0.020776249263225494,0.05208867303149353
1744800,Fuzzers,Random,0.5866960904282285,0.3079733505418561,0.013773421457587446,0.2916155922906978,0.3470151295507279,0.33570778902315396,0.32496131409552304,0.3239626316530672,0.26985502786996735,0.23495165961930858,0.23495165961930858,0.2440375408022251,0.18016905433974417,0.0,0.0,0.0,0.0,0.0,0.008105583847326554,0.018078657845899716,0.018078657845899716,0.018078657845899716,0.01846656782484255
1331791,Fuzzers,LIME,0.968752368646292,0.7598617792559921,0.0714368770200966,0.6674860602447317,0.41516085244701495,0.3251658279806847,0.23666949036373905,0.1920209478569152,0.12585422268769222,0.058650871867342594,0.03805844920800798,0.019839966356379555,0.009999204890490861,0.004615997368240966,0.014152543570510157,0.021253863376357082,0.021451248440841352,0.03400396433154857,0.08154625940554741,0.06729394324281338,0.11693936410853054,0.14697737834132402,0.18381187603341098
1331791,Fuzzers,TreeSHAP,0.968752368646292,0.7376074953010672,0.0,0.37529880385552467,0.31230009554923494,0.2651559225103587,0.22112265240299286,0.2231408483953994,0.24232982458194033,0.20150258378530553,0.22001057451893571,0.12276832981046264,0.12781909804209401,0.0,0.0,0.0,0.0,0.0,0.0,0.0,0.0,0.0,0.0
1331791,Fuzzers,Random,0.968752368646292,0.5011817825031125,0.022458099648352426,0.8290485232007583,0.7358090567645366,0.7070179249910242,0.5627473307344006,0.389060964681637,0.389060964681637,0.34174590082854084,0.26476241975064674,0.26476241975064674,0.19169035604796697,0.0068505298330941876,0.0068505298330941876,0.01679682244276737,0.0068505298330941876,0.03357684944971467,0.03357684944971467,0.028926958291841755,0.02804476772101256,0.02804476772101256,0.02804476772101256
1008333,Fuzzers,LIME,0.4912500139448568,0.37929846079369833,0.08136857455560155,0.33897456606240617,0.2132175416143778,0.15693194276396297,0.14294705007770037,0.07289412738180653,0.05306790463584932,0.05306790463584932,0.02919195719833291,0.025222188068704802,0.03400034907259414,0.00745678155065046,0.022271589415679315,0.022271589415679315,0.022271589415679315,0.022271589415679315,0.04056311374151139,0.05217068812331557,0.06978859334557905,0.07853999083709157,0.06211760859025854
1008333,Fuzzers,TreeSHAP,0.4912500139448568,0.26012123422763606,0.004553759596322876,0.45196940699101473,0.3187095299266881,0.27633143007299144,0.217908355909406,0.2240063740869379,0.2209192838143577,0.21657996145119537,0.17256349576227695,0.11948252401791538,0.09281743513942436,0.00745678155065046,0.00745678155065046,0.00745678155065046,0.0,0.0,0.0,0.0,0.0,0.0,0.0
1008333,Fuzzers,Random,0.4912500139448568,0.19005031328248045,0.015179198654409587,0.4364567994451851,0.39407869959148845,0.3483285407512608,0.34832854075126085,0.30018144278111425,0.2682772093857581,0.24907257509747574,0.24907257509747574,0.2091003118613721,0.2091003118613721,0.00745678155065046,0.00745678155065046,0.00745678155065046,0.00745678155065046,0.00745678155065046,0.00745678155065046,0.00745678155065046,0.00745678155065046,0.00745678155065046,0.00745678155065046
1351932,Fuzzers,LIME,0.9863858248577337,0.7915479550943442,0.05525404568827282,0.6413799791324685,0.34657404950552684,0.3065746740440964,0.2665756296588961,0.1566864049416103,0.11646484416177466,0.06756585547541294,0.028851780330324178,0.008852740191893029,0.008852740191893029,0.004615997368240966,0.014152543570510157,0.021253863376357082,0.021451248440841352,0.03400396433154857,0.08154625940554741,0.06954560490246765,0.10919102576818479,0.09262087841166376,0.0966366887541772
1351932,Fuzzers,TreeSHAP,0.9863858248577337,0.6159346422797972,0.0008051479862999767,0.6397527971529382,0.417644614188355,0.316668758213944,0.31942864695664364,0.3538261928639854,0.33620561058275994,0.35149170674489505,0.35149170674489505,0.33007743480652524,0.28792435752442425,0.0,0.0014294527140043983,0.0032562064459930305,0.0032562064459930305,0.0,0.0,0.0,0.0,0.0,0.0
1351932,Fuzzers,Random,0.9863858248577337,0.5295158068232524,0.01935811279710995,0.9764885237992549,0.9221974464331626,0.5559791351260858,0.48414727052492074,0.3252560258187545,0.27648989202664104,0.2696621968216866,0.2600800072426402,0.24919984127583336,0.24919984127583336,0.0006752749751857452,0.0006752749751857452,0.0021047276891901436,0.01198280981157695,0.024172119641567225,0.034165444573426754,0.034165444573426754,0.034165444573426754,0.02441956988883872,0.02441956988883872
1795899,Fuzzers,LIME,0.9803018687798191,0.7961008011303943,0.061858722154603495,0.6292877851843652,0.3296093433019687,0.2896103193717027,0.2496845341402896,0.13995304607982997,0.0997434920881366,0.057565855475412944,0.018851780330324176,0.018851780330324176,0.008852740191893029,0.004615997368240966,0.014152543570510157,0.021253863376357082,0.021451248440841352,0.03400396433154857,0.08154625940554741,0.06729394324281338,0.11693936410853054,0.14697737834132396,0.09816764709918062
1795899,Fuzzers,TreeSHAP,0.9803018687798191,0.6036858603818782,0.0009154340706481131,0.662166794445193,0.3977167326273132,0.3675882573044763,0.36758825730447625,0.3752868634720001,0.4055832666817786,0.3086156312822846,0.3086156312822846,0.28868369770363367,0.28431495187596784,0.0,0.0014294527140043983,0.0014294527140043983,0.0014294527140043983,0.0014294527140043983,0.0032562064459930305,0.0,0.0,0.0,0.0
1795899,Fuzzers,Random,0.9803018687798191,0.5602266174083661,0.01943935873089011,0.9175747555805793,0.8317151889777062,0.6238002060948393,0.5539354785655837,0.31670261311352177,0.21021858867701204,0.21021858867701204,0.18036503706030366,0.1781110284839857,0.17811102848398577,0.00019738506448426966,0.00019738506448426966,0.00019738506448426966,0.0070479148975784575,0.026940500116924823,0.02608374171499239,0.02608374171499239,0.03141164815505529,0.03620234756236626,0.03620234756236626
1148785,Fuzzers,LIME,0.9970684560993942,0.8582792340030311,0.07625806197640894,0.608338551679439,0.30952355315108515,0.20031907415663483,0.08349422566333478,0.07423713215243956,0.051666551027966995,0.03026405652592397,0.010016358868935829,0.010016358868935829,0.010016358868935829,0.0,0.014152543570510157,0.021253863376357082,0.021451248440841352,0.03175230267189431,0.09768765419413723,0.112467613780088,0.15538890333656075,0.14120459243870034,0.16498635939041065
1148785,Fuzzers,TreeSHAP,0.9970684560993942,0.6244249125000061,0.020739592767945896,0.9870695468369003,0.8221594911248039,0.5594601719194512,0.39570097382845626,0.2262849446855997,0.17250471626409034,0.18749695279277603,0.13186707744245407,0.12260374965910593,0.12128781144024296,0.0,0.0,0.013135215336101527,0.0014294527140043983,0.0014294527140043983,0.029733470252920266,0.029733470252920266,0.05023764613477722,0.04054461500396585,0.04054461500396585
1148785,Fuzzers,Random,0.9970684560993942,0.506889254873421,0.009221684508244524,0.8844323014549795,0.7009953569458908,0.7107596801412813,0.465430518772921,0.4444563267069136,0.36995919004673083,0.3525539707629217,0.3525539707629217,0.3523643375775998,0.2682863590875725,0.0,0.0,0.0,0.013135215336101527,0.013135215336101527,0.013135215336101527,0.013135215336101527,0.013135215336101527,0.013135215336101527,0.013135215336101527
979823,Fuzzers,LIME,0.9998197894096124,0.8104742972410879,0.05947578835854991,0.6498221774153915,0.3498400258944115,0.24994280640814476,0.16997264030335704,0.17700651624051583,0.08600955745360558,0.08011872322421279,0.050223578820879126,0.04025944796236308,0.04025944796236308,0.004615997368240966,0.014152543570510157,0.021253863376357082,0.021451248440841352,0.03175230267189431,0.05052593448622518,0.08011681733484848,0.11530955109360325,0.12773622178681981,0.12773622178681981
979823,Fuzzers,TreeSHAP,0.9998197894096124,0.7148342970717557,0.01384477088796729,0.8262482546575162,0.44248980563733986,0.2880792618815375,0.24690054116163385,0.2701383541205259,0.16453104284682074,0.14242532616558198,0.19196955158282744,0.1608198548062578,0.1162529305185238,0.0,0.009866804561096999,0.01997605861377837,0.01997605861377837,0.009976058613778371,0.01941538940046694,0.01941538940046694,0.00024382976128466352,0.014898499966475938,0.024654670205191277
979823,Fuzzers,Random,0.9998197894096124,0.18902843362241867,0.00013507933776435674,0.9998197894096124,0.9998197894096124,0.9677007341068671,0.906557330398726,0.9065573303987259,0.9065344054593442,0.8642064413675986,0.5542701841590769,0.5366899202360056,0.46575763292636824,0.0,0.0,0.0,0.0,0.0,0.0,0.0,0.0,0.0006752749751857452,0.0006752749751857452
1531533,Fuzzers,LIME,0.9992684955899891,0.8011306797695639,0.0635314939305557,0.6495807827082072,0.3496605969010305,0.24980454759849444,0.16981060485946184,0.17644196819723987,0.14657736573243266,0.0898107793270106,0.07982874612042534,0.04987175823405429,0.01999100852589475,0.004615997368240966,0.014152543570510157,0.021253863376357082,0.021451248440841352,0.03175230267189431,0.04145053654558988,0.0702236583005573,0.10155038349882464,0.12747553817141924,0.20092413168147416
1531533,Fuzzers,TreeSHAP,0.9992684955899891,0.7260684612409788,0.014318216772863759,0.834015116146509,0.43211860969292565,0.2759747842423762,0.2345222713061297,0.2416351524502334,0.1481734855063908,0.1559151066387827,0.10866542678025383,0.16084243023886396,0.14013796048763852,0.0,0.009866804561096999,0.01997605861377837,0.01997605861377837,0.009976058613778371,0.01941538940046694,0.01941538940046694,0.014654670205191275,0.014898499966475938,0.014898499966475938
1531533,Fuzzers,Random,0.9992684955899891,0.43334939997130634,0.01404745037547328,0.9128575167042142,0.7445378335567078,0.7088316964642675,0.7088260502497945,0.659194140051178,0.5268653989541833,0.43648000177717305,0.3541145075107927,0.3541145075107927,0.25336930340772335,0.0006752749751857452,0.007525804808279933,0.0066436142374507404,0.006915284914341865,0.006144261204731474,0.01509233250253097,0.023085698801873673,0.026995453426181055,0.026995453426181055,0.020298567738985612
1449444,Fuzzers,LIME,0.9342407263958864,0.7849872069388362,0.07173249670400837,0.6220503870311124,0.31387451652710213,0.174643054004707,0.12658909779713798,0.0927205700297637,0.06369378169971211,0.05145222050485019,0.02948771287692334,0.004409121962731507,0.013614732136462195,0.004668597247783226,0.014205143450052417,0.02297821367477941,0.021701591486955715,0.03047487932083213,0.07767181414633426,0.07026079868286028,0.12163363203429087,0.11193176585802936,0.19462776236751542
1449444,Fuzzers,TreeSHAP,0.9342407263958864,0.672115606940535,0.005861193464315553,0.49934489124560927,0.33223106092228927,0.28422096473058994,0.24379228071312226,0.27023423034481225,0.2236777145222373,0.2064317588296098,0.1998631848589969,0.19881301416728145,0.16264209421896567,0.0,0.0,0.0,0.0,0.0,0.0,0.008747537080016007,0.008747537080016007,0.008747537080016007,0.028515045156441814
1449444,Fuzzers,Random,0.9342407263958864,0.575863200603271,0.0004779837756231409,0.7307013507788872,0.45666198072250275,0.3964417676382334,0.396848459141286,0.3502862324197864,0.3502862324197864,0.3054700690857236,0.22462746651731627,0.19324541075233273,0.17920628845029946,0.0,0.0,0.0,0.0,0.0,0.0,0.0,0.0,0.0022327595487180575,0.0022327595487180575
1669817,Fuzzers,LIME,0.5923696017468079,0.4280621267621507,0.1538633726224633,0.4360630404761548,0.3585246894566246,0.23323853933802816,0.19328048586102636,0.20202750946293524,0.11576760166690782,0.03856341564020356,0.028488834725838155,0.018560316609426464,0.018560316609426464,0.004615997368240966,0.011466527201335154,0.021253863376357082,0.021451248440841352,0.03175230267189431,0.09786695079744435,0.11660441434088628,0.1842501311877887,0.2196692797390334,0.2025091325140712
1669817,Fuzzers,TreeSHAP,0.5923696017468079,0.3521704660262065,0.028377906072971453,0.22745646325986585,0.22100072339480664,0.27650417979738534,0.25794828031804384,0.2590275318855047,0.3519451093570607,0.22428759636789933,0.22413304287293848,0.1856376809961455,0.17405074895636344,0.0,0.0,0.009866804561096995,0.009866804561096995,0.00999765283816575,0.019022966014437356,0.019609139456393986,0.023734716263971087,0.025954097030098718,0.05004990846328332
1669817,Fuzzers,Random,0.5923696017468079,0.08855510292120351,0.008967511844001644,0.5640271207271379,0.5992906152662559,0.5317928547407255,0.5507967362737151,0.47282065277364216,0.4719396041161222,0.4687510564371527,0.4721804469917963,0.4522448267068588,0.4543010742226371,0.0,0.0,0.0005924226593346023,0.0005924226593346023,0.00453941750241078,0.00453941750241078,0.003946994843076177,0.003946994843076177,0.013434684315150663,0.021528459872116573
1493757,Fuzzers,LIME,0.42706491827527776,0.3278448501450913,0.5245143023456134,0.2870750515278029,0.17914563593383773,0.1342235644033382,0.10954210689359505,0.08316667941315439,0.06164149866340416,0.049668176822108424,0.02376621647045988,0.03404399180949618,0.029927759364667867,0.08605782236007864,0.13334180144786129,0.17288693693530505,0.2268355646429269,0.36744511726770546,0.27649053758680764,0.2647682126259186,0.2821607377257045,0.21374778897428537,0.21628205708784393
1493757,Fuzzers,TreeSHAP,0.42706491827527776,0.25019420841714274,0.06875364315900133,0.3667448088804857,0.3607028375899949,0.2557641237992672,0.17613351849785833,0.17379022899332472,0.10323124542319174,0.07775718439368533,0.08590947218745704,0.08590947218745706,0.08276420662862863,0.025949331818861145,0.025949331818861145,0.025949331818861145,0.025949331818861145,0.025949331818861145,0.025949331818861145,0.03448167476377456,0.03448167476377456,0.03448167476377456,0.03448167476377456
1493757,Fuzzers,Random,0.42706491827527776,0.11791041502149735,0.09486252012494704,0.41890429466442974,0.41890429466442974,0.40461275660710655,0.3524070578428541,0.27768920128873215,0.2562223893277247,0.2679394568388236,0.2679394568388236,0.2590577863127922,0.16786833815208793,0.026417137011596897,0.026417137011596897,0.026417137011596897,0.016417137011596895,0.015977733169306407,0.04500768513950301,0.04609894285847326,0.04609894285847326,0.03991398982677383,0.11635870214655662
29850,Fuzzers,LIME,0.9695442868577474,0.737458038244841,0.07778587686322007,0.7228602713446858,0.4960426767418007,0.35086364078522536,0.2465064601504266,0.1491559254592256,0.12342148027601892,0.0934468397356562,0.07925898256434252,0.03946675306512772,0.01983945600655351,0.004668597247783226,0.014205143450052417,0.02297821367477941,0.021701591486955715,0.03047487932083213,0.07767181414633426,0.0886259239994395,0.12163363203429087,0.17474976605784337,0.19745896369124172
29850,Fuzzers,TreeSHAP,0.9695442868577474,0.599796166266886,0.007201957607295776,0.7933438760231187,0.6783112537459067,0.4730935438765982,0.389975573477022,0.3114715897663619,0.26402646642230737,0.2454608620464427,0.20308158599273454,0.16629306019338994,0.1724233943647317,0.0,0.0,0.0,0.0,0.0,0.0,0.0,0.0,0.009991436324661356,0.05983473219879176
29850,Fuzzers,Random,0.9695442868577474,0.48268439571204036,0.0001516543681785462,0.7596490525410683,0.6906620100614316,0.5309465746112743,0.42903046428233027,0.4290304642823303,0.4174178683873878,0.41741786838738776,0.40148153630128675,0.40148153630128675,0.3914815363012866,0.0,0.0,0.0,5.259987954226058e-05,5.259987954226058e-05,0.00027303130067215744,0.00027303130067215744,0.00027303130067215744,0.00027303130067215744,0.00027303130067215744
1460835,Fuzzers,LIME,0.6898009831879938,0.5682675742830889,0.08375200340064083,0.41664181995332383,0.2331260690745314,0.19770735909620568,0.14815861321243162,0.09849755375522372,0.06544590161510523,0.024025645979219478,0.01402564597921948,0.008852740191893029,0.008852740191893029,0.004615997368240966,0.014152543570510157,0.021253863376357082,0.021451248440841352,0.03400396433154857,0.08154625940554741,0.0914394184398386,0.11693936410853054,0.09415183675666718,0.09816764709918062
1460835,Fuzzers,TreeSHAP,0.6898009831879938,0.43065680462719147,0.001775394673563448,0.5796228603905215,0.4160664792882029,0.2581010186294075,0.22980027232816724,0.25279139441762927,0.17358085367467443,0.17358085367467443,0.19751773973100573,0.12145449509750804,0.18892581837623157,0.0,0.0,0.0034733120605731018,0.0034733120605731018,0.005300065792561735,0.0,0.0,0.0,0.0,0.0
1460835,Fuzzers,Random,0.6898009831879938,0.43716188266448375,0.019818768933189165,0.4878512201347446,0.3623852338967707,0.2996479743320475,0.30179752528961695,0.28177109453986476,0.19577575574727493,0.19714065615309306,0.13891786150493712,0.13891786150493712,0.12218582213181332,0.0,0.01,0.0,0.0,0.0006752749751857452,0.03201243325263947,0.03201243325263947,0.012184306762306515,0.012184306762306515,0.03764130795181782
1350973,Fuzzers,LIME,0.7796702233736208,0.6053812526730804,0.09283633230723175,0.5301339406828346,0.3604397649186806,0.26052340070064695,0.1739410609120603,0.16360198070585366,0.1082772755834874,0.06780083040483775,0.025935314784167288,0.021349796055282894,0.03088634225755208,0.004615997368240966,0.014152543570510157,0.021253863376357082,0.021451248440841352,0.03175230267189431,0.08890435522656531,0.0987975142608565,0.11990065144792345,0.13908972347564894,0.18389903963283266
1350973,Fuzzers,TreeSHAP,0.7796702233736208,0.47260108987047234,0.004006662117506888,0.5580663542560889,0.41120953775613367,0.3773380886264191,0.3186111876899577,0.25162201355072117,0.22864527915953103,0.21473124936820637,0.265602082738332,0.265602082738332,0.17926345914776143,0.0,0.0,0.0,0.0,0.0,0.0,0.00780968787034805,0.00780968787034805,0.00780968787034805,0.00780968787034805
1350973,Fuzzers,Random,0.7796702233736208,0.33244557917279816,0.003697623889914983,0.7796702233736208,0.7049988904849798,0.5954557734124034,0.5954557734124034,0.47159708659564026,0.42430446744250033,0.3479034994288321,0.18275975363099575,0.18275975363099572,0.18734122059585512,0.0,0.0,0.0,0.0,0.0,0.0,0.0,0.009609757480672172,0.009609757480672172,0.009609757480672172
65162,Fuzzers,LIME,0.9701862493648201,0.8285135573122255,0.09415706717851811,0.6188132767247716,0.3372427525781969,0.1820728597416381,0.10309827691220591,0.05027649696218647,0.037345614322728954,0.035084684501574336,0.025881868225125903,0.018058350365623716,0.008852740191893029,0.004615997368240966,0.014152543570510157,0.021253863376357082,0.021451248440841352,0.03175230267189431,0.12836246844838703,0.11676688380240885,0.20007956896032414,0.17906595551322005,0.19599808641899505
65162,Fuzzers,TreeSHAP,0.9701862493648201,0.7270640867741799,0.019876414529268752,0.7728558154500286,0.5218273255271058,0.5218273255271056,0.2738485849681184,0.1276654949472236,0.09175399989069132,0.03675067764348894,0.028127948679503252,0.02788193921783764,0.0286825140552996,0.0,0.01961176801920571,0.01961176801920571,0.021252643800163097,0.0014294527140043983,0.021393535238472313,0.011429452714004397,0.0214294527140044,0.0214294527140044,0.055250714696652256
65162,Fuzzers,Random,0.9701862493648201,0.5490709171172521,0.0,0.6835422839174228,0.445664718491533,0.445664718491533,0.43574506382012707,0.4153444914547865,0.40761543693844776,0.3542057015228904,0.33439638543291883,0.33439638543291883,0.3545781369731028,0.0,0.0,0.0,0.0,0.0,0.0,0.0,0.0,0.0,0.0
1741743,Fuzzers,LIME,0.9994328184334839,0.7928243328839274,0.05187951352710392,0.6595064940273031,0.3499127871844795,0.24999394273903264,0.17,0.18634894614872735,0.1553789334292542,0.09833242235231376,0.08835038914572849,0.05835038914572849,0.04991055132299695,0.0,0.014152543570510157,0.021253863376357082,0.021451248440841352,0.03175230267189431,0.04145053654558988,0.0702236583005573,0.10155038349882464,0.12747553817141924,0.0891908096575214
1741743,Fuzzers,TreeSHAP,0.9994328184334839,0.7323570822543208,0.015753007744414727,0.8343944968801063,0.4472028087964642,0.2973982217344469,0.26581580314412867,0.17200313780148302,0.14984210322332517,0.10048221208844939,0.11822035531277175,0.1681905998071403,0.11720762300331508,0.0,0.009866804561096999,0.01997605861377837,0.01997605861377837,0.01941538940046694,0.01941538940046694,0.014654670205191275,0.014654670205191275,0.014898499966475938,0.02458318832160296
1741743,Fuzzers,Random,0.9994328184334839,0.33713400272495975,0.0016555525628142746,0.9994328184334839,0.9963069789214134,0.896310898982733,0.723320975333575,0.5665283223599764,0.52949053695868,0.52949053695868,0.5092656327413398,0.48397238502525125,0.38886907137010884,0.0,0.0,0.0,0.0009367033525912976,0.0009367033525912976,0.0009367033525912976,0.0009367033525912976,0.0009367033525912976,0.0009367033525912976,0.01092591552363469
1004346,Fuzzers,LIME,0.8586841013398266,0.7234995816604074,0.08903720988359001,0.5051825816894207,0.2428754650885387,0.18287820290142098,0.14563317215644056,0.11382603108349496,0.0765640558703611,0.03647446765705392,0.01,0.01920561017373069,0.01920561017373069,0.004668597247783226,0.014205143450052417,0.02297821367477941,0.021701591486955715,0.05481083826984763,0.07767181414633426,0.07026079868286028,0.12163363203429087,0.168113683548402,0.20850405300565455
1004346,Fuzzers,TreeSHAP,0.8586841013398266,0.503483143507746,0.0032161765519618675,0.4225807848487375,0.4318527611842247,0.4299610260227765,0.4622389301604102,0.43188678641530176,0.37687759051783204,0.3096026416860583,0.317041468023755,0.22871618793103393,0.14125140153067647,0.0,0.0,0.0,0.0034733120605731018,0.0034733120605731018,0.0,0.0,0.0,0.003455064305087024,0.01721510829648276
1004346,Fuzzers,Random,0.8586841013398266,0.4658620093652731,0.02919850843315816,0.8367779952234183,0.6859302178256559,0.5671071604031088,0.35837376566131623,0.28798354304238377,0.26506136203262526,0.2622588570740259,0.22208677653210582,0.22208677653210582,0.22055446541878893,0.0,0.023404193008166076,0.03252200243733688,0.016875972534361808,0.028262324581091215,0.02829198025830463,0.028563650935195754,0.028563650935195754,0.028563650935195754,0.035675524119049756
1374096,Fuzzers,LIME,0.9465321606344419,0.7962655026383366,0.11657191905173542,0.5941971280827849,0.3551024919544116,0.23761966745184435,0.1447242682926167,0.09702907818430116,0.0613714806119482,0.010911094563445335,0.0017113708197001479,0.0,0.0,0.004615997368240966,0.014152543570510157,0.021253863376357082,0.021451248440841352,0.03175230267189431,0.12836246844838703,0.11676688380240885,0.20007956896032414,0.24519785324915097,0.31975797420530905
1374096,Fuzzers,TreeSHAP,0.9465321606344419,0.7321139301826487,0.027374593002841806,0.6177602475687425,0.34939652528705184,0.34043844780776494,0.1347705059941498,0.09076330676347658,0.13448545276098442,0.13072497771613661,0.12628821465137338,0.12327369110537384,0.09628093486287868,0.0,0.01961176801920571,0.01961176801920571,0.010549198264236009,0.03063892323206512,0.029883631950525524,0.029883631950525524,0.039724222077202775,0.03960309155085844,0.03960309155085844
1374096,Fuzzers,Random,0.9465321606344419,0.4536975741360771,0.0005817009756064005,0.6177602475687425,0.5630249911023201,0.5375543578303625,0.5268802184553824,0.5021350604785709,0.5021350604785709,0.5087706155374546,0.47964464044320393,0.38437710904122385,0.306063564047816,0.0,0.0,0.0,0.0,0.0,0.0,0.0,0.0,0.0,0.00550598681283889
1818275,Fuzzers,LIME,0.825162823390975,0.6890659769235217,0.09216908416338386,0.5056501918355039,0.2545551119322329,0.19743214384518182,0.1377302377331549,0.11216496256980368,0.08515555266989563,0.029304299858532,0.009923451352166327,0.009923451352166327,0.019129061525897016,0.0,0.014205143450052417,0.02297821367477941,0.021701591486955715,0.03047487932083213,0.07767181414633426,0.0886259239994395,0.12163363203429085,0.17474976605784337,0.20850405300565455
1818275,Fuzzers,TreeSHAP,0.825162823390975,0.4517290600126371,0.010190098679054174,0.4647926849516585,0.4305790839440386,0.3952009540925324,0.4065285875062735,0.427478110601768,0.40893169710855887,0.4118654409966627,0.34380509869992537,0.24575654409850145,0.19939943178346048,0.0,0.0,0.0,0.0,0.02141148592058967,0.02124396733181582,0.011429452714004397,0.01,0.01,0.01
1818275,Fuzzers,Random,0.825162823390975,0.427085094039659,0.013918471705472868,0.6592007732927118,0.5092309263202288,0.436211446946571,0.436211446946571,0.436211446946571,0.4009685521056484,0.3473912673606971,0.2483957473157885,0.2483957473157885,0.25855993896258406,0.0005924226593346023,0.0005924226593346023,0.0025854620916114816,0.0025854620916114816,0.0025854620916114816,0.011746913922852124,0.011746913922852122,0.027669139105960205,0.027669139105960205,0.027076716446625602
1169185,Fuzzers,LIME,0.9342407263958864,0.7862223270260706,0.06564078278963906,0.6220503870311124,0.31387451652710213,0.174643054004707,0.12658909779713798,0.0927205700297637,0.06369378169971211,0.05145222050485019,0.02948771287692334,0.004409121962731507,0.0012635312641175675,0.004668597247783226,0.014205143450052417,0.02297821367477941,0.021701591486955715,0.030474879320832135,0.07767181414633426,0.07026079868286028,0.12163363203429085,0.11193176585802936,0.13771649004395237
1169185,Fuzzers,TreeSHAP,0.9342407263958864,0.6721156069405351,0.005861193464315553,0.49934489124560927,0.33223106092228927,0.2842209647305899,0.24379228071312223,0.2702342303448122,0.22367771452223736,0.2064317588296098,0.19986318485899687,0.19881301416728142,0.16264209421896567,0.0,0.0,0.0,0.0,0.0,0.0,0.008747537080016007,0.008747537080016007,0.008747537080016007,0.028515045156441814
1169185,Fuzzers,Random,0.9342407263958864,0.4860340195861517,0.011529015191024958,0.8543481186927027,0.7371549773859511,0.5171784341160609,0.5355681089139123,0.5592683159949438,0.4763211339131154,0.27622508472424917,0.21388613728698122,0.21366331587024331,0.09845344119918754,0.0,0.00019738506448426966,0.00019738506448426966,0.00019738506448426966,0.00019738506448426966,0.00019738506448426966,0.007973012969088023,0.011977122543213854,0.018476790984925735,0.0682949034472747
1896224,Fuzzers,LIME,0.9834490415136856,0.8195711172789768,0.06937881908240959,0.5857678892379472,0.2787180199224983,0.24876839629647915,0.20890578256350892,0.1395718575030742,0.0841015136061144,0.04678140087147172,0.018655821077051365,0.018655821077051365,0.008852740191893029,0.004615997368240966,0.014152543570510157,0.021253863376357082,0.021451248440841352,0.03400396433154857,0.08154625940554741,0.06729394324281338,0.11693936410853054,0.14217028722261157,0.17887786021247
1896224,Fuzzers,TreeSHAP,0.9834490415136856,0.636439800192388,0.004834471597514348,0.6468245641689024,0.42674505361080844,0.4020479375629948,0.39230591742994003,0.42867472053045874,0.3478365889737594,0.23421109474541127,0.2610047041732863,0.17499020206021335,0.15545162995720183,0.011429452714004397,0.011429452714004397,0.011429452714004397,0.01325620644599303,0.0,0.0,0.0,0.0,0.0,0.0
1896224,Fuzzers,Random,0.9834490415136856,0.5739477623448977,0.004224314078360975,0.895733510989243,0.5359262021972175,0.3722443808890042,0.3522967560532315,0.3522967560532316,0.3522967560532315,0.32064649190922084,0.34419077333063314,0.3031988478544713,0.266182316358394,0.0,0.004615997368240966,0.004615997368240966,0.004615997368240966,0.004615997368240966,0.004615997368240966,0.004615997368240966,0.004615997368240966,0.004615997368240966,0.004615997368240966
1354542,Fuzzers,LIME,0.9448506982749351,0.78140934393807,0.07158628631585873,0.5515845352292026,0.29370452912484185,0.23740178524513816,0.17886807557938242,0.12221465189147918,0.09990751824361574,0.0609522039309911,0.029926748041333363,0.029926748041333363,0.029926748041333363,0.004615997368240966,0.014152543570510157,0.021253863376357082,0.021451248440841352,0.03400396433154857,0.08154625940554741,0.06729394324281338,0.11693936410853054,0.14217028722261157,0.1729560550574845
1354542,Fuzzers,TreeSHAP,0.9448506982749351,0.7086421100735321,0.000928546475030697,0.5792252166264006,0.3614629423762197,0.22805429830335158,0.20598368826454547,0.1991099255535198,0.1858621428621138,0.19399280109138606,0.2038265353459907,0.12145449509750807,0.08311383649299316,0.0,0.0,0.0034733120605731018,0.005300065792561735,0.0,0.0,0.0,0.0,0.0,0.0
1354542,Fuzzers,Random,0.9448506982749351,0.27198074199228434,0.00018801548049885724,0.8663226523360639,0.8663226523360636,0.7916351620261162,0.7916351620261161,0.6678749598828019,0.6678749598828019,0.574833083433004,0.5726956905363799,0.5566639132848867,0.37284132708227324,0.00019738506448426966,0.00019738506448426966,0.00019738506448426966,0.00019738506448426966,0.00019738506448426966,0.00019738506448426966,0.00019738506448426966,0.00019738506448426966,0.00019738506448426966,0.0
1533168,Fuzzers,LIME,0.9383273877679622,0.7377037123926617,0.061238953540801715,0.6440214720415699,0.40928553534877915,0.29421664969534705,0.20574836424476728,0.16485829254157938,0.11244848659133799,0.0632762764574071,0.050465825752084505,0.030957925540066586,0.030957925540066586,0.004615997368240966,0.014152543570510157,0.021253863376357082,0.021451248440841352,0.03175230267189431,0.05052593448622518,0.0702236583005573,0.09549968835389785,0.12778036388809658,0.13736627259921988
1533168,Fuzzers,TreeSHAP,0.9383273877679622,0.7427280173462462,0.013224557974228038,0.7897154522641137,0.36079011229854296,0.1623303202466484,0.1517511908712036,0.09617073479603486,0.08333035909179029,0.0858909736521336,0.09520691843555656,0.06957661192402136,0.06123103063711433,0.0,0.009866804561096999,0.009439330786688566,0.009439330786688566,0.01941538940046694,0.01941538940046694,0.01941538940046694,0.01343607603984441,0.01343607603984441,0.010225862967869934
1533168,Fuzzers,Random,0.9383273877679622,0.4197339001247732,0.007306149042340642,0.80555311572464,0.704107329673136,0.704107329673136,0.6490300243502756,0.6242282123557171,0.53356544401389,0.4361110873710936,0.30752263581650296,0.2108548487267494,0.21085484872674937,0.0,0.0,0.0,0.0,0.0,0.00019738506448426966,0.0007898077238188719,0.010753938582334914,0.028407233042395435,0.028407233042395435
994531,Fuzzers,LIME,0.8513022692204342,0.6146260327291094,0.08695059714521637,0.6210807028911745,0.4923780389775753,0.36017518362401935,0.26868273512120244,0.18282542131967897,0.13678316431970167,0.09774984510757577,0.0771932915897251,0.07494699098129724,0.054946990981297246,0.004668597247783226,0.014205143450052417,0.02297821367477941,0.021701591486955715,0.030474879320832135,0.07767181414633426,0.07026079868286028,0.12163363203429087,0.16811368354840206,0.20850405300565453
994531,Fuzzers,TreeSHAP,0.8513022692204342,0.5082736174746529,0.0029057057571443014,0.3900621948422088,0.36556545583623057,0.3861509830674678,0.383153773502433,0.33509576262287266,0.361081811888317,0.360558532744963,0.311851666461564,0.269581156610111,0.26718517988164453,0.0,0.0,0.0,0.0,0.0,0.0,0.0,0.009736321820500089,0.009736321820500089,0.005263695406438058
994531,Fuzzers,Random,0.8513022692204342,0.48671513729964355,0.0,0.7058723226931163,0.6047196907962885,0.6047196907962886,0.3097465473061767,0.23852795262549392,0.22543724849795677,0.2345950422171497,0.2345950422171497,0.24382889102914318,0.24382889102914318,0.0,0.0,0.0,0.0,0.0,0.0,0.0,0.0,0.0,0.0
1786394,Generic,LIME,0.7376849185460034,0.5805225335487485,0.3773689554156715,0.49435013462025135,0.2855683420729472,0.23429402841038738,0.14519728243810165,0.11093680199321561,0.09375877681556431,0.07307102298881235,0.06698611892611918,0.033730670853574896,0.033730670853574896,0.08605782236007864,0.14630653086733827,0.19421091060473716,0.24348222965969502,0.31034130594437775,0.36051352392671426,0.3601193723144616,0.34861104782532926,0.3660524888508966,0.36809863902237194
1786394,Generic,TreeSHAP,0.7376849185460034,0.2256917057127623,0.052264590300826405,0.674956642927707,0.5863871440023414,0.5288975692995264,0.5504001419642297,0.5198538978664246,0.5009600529837638,0.4735396045585516,0.47056128372188566,0.4431243064614206,0.3712514845465602,0.025949331818861145,0.025949331818861145,0.03112481649473231,0.03112481649473231,0.03112481649473231,0.023130396768130092,0.032213247302088396,0.032213247302088396,0.032213247302088396,0.12050474859273916
1786394,Generic,Random,0.7376849185460034,0.24083858118220033,0.08350368337908913,0.6865131656480256,0.6865131656480254,0.6673426523384429,0.5201226436454196,0.437154140967766,0.4605595110717085,0.412089849685201,0.38498096933256265,0.38514422899542067,0.3280430463054582,0.025949331818861145,0.025949331818861145,0.025949331818861145,0.025944120939682843,0.06153126228875986,0.07268223060892394,0.08315151519308621,0.09207383954230376,0.09207383954230376,0.11068927514630233
1833477,Generic,LIME,0.9547905701418731,0.7487346168459552,0.25164457094687,0.7514423797077587,0.4516706292341641,0.28392439575591727,0.11608279337489379,0.09086240790275867,0.09086240790275867,0.08480078975581616,0.08480078975581616,0.05790693765738636,0.04820600191190914,0.05615923204920855,0.09323523991458132,0.1131166086305812,0.14271245953893888,0.3162336897864594,0.32220748270763333,0.31742892702411635,0.3271845670799817,0.3601518191436942,0.35424860779949546
1833477,Generic,TreeSHAP,0.9547905701418731,0.37719968835662065,0.019194333058061817,0.8939532853302821,0.8840360875480137,0.8055845992325229,0.7593775863910226,0.5243487400993307,0.5147823573904851,0.44955073083413377,0.3783467948713872,0.37834679487138717,0.18758184128395883,0.025949331818861145,0.025949331818861145,0.025949331818861145,0.025949331818861145,0.01976437878716171,0.01976437878716171,0.010248542743184265,0.009989561907100973,0.009989561907100973,0.009711930632844206
1833477,Generic,Random,0.9547905701418731,0.2219371110796272,0.023148542750260875,0.8614906009479977,0.8382999222833567,0.8382999222833566,0.7747344167382773,0.7075607470572838,0.6855342060173224,0.6855342060173224,0.6855342060173224,0.6848512360951463,0.5666951271650731,0.025955293773526487,0.025955293773526487,0.025955293773526487,0.025955293773526487,0.025955293773526487,0.015808634888652414,0.015808634888652414,0.015808634888652414,0.015808634888652414,0.0280090948825089
56059,Generic,LIME,0.9968446354782148,0.7903188708036605,0.24180630470644057,0.706844635478215,0.45684463547821486,0.299758390389683,0.13,0.08018834070074499,0.07018834070074499,0.07860561346864942,0.07828243262490069,0.08744239307481669,0.07710286482957279,0.0630253396842339,0.09323523991458132,0.1131166086305812,0.14271245953893888,0.3162336897864594,0.32220748270763333,0.33151279798358374,0.3303745074925428,0.3166305669597444,0.3813844840159598
56059,Generic,TreeSHAP,0.9968446354782148,0.6762588066254417,0.035224617138703326,0.9467186070631535,0.4999434570289806,0.5050652126367288,0.26685189526274933,0.21200387947284663,0.18036770462879367,0.1848376026178902,0.18231576078624684,0.1306920908613449,0.09706207816899617,0.025949331818861145,0.031246809532333216,0.031246809532333216,0.031246809532333216,0.03834594789925376,0.03834594789925376,0.03834594789925376,0.03834594789925376,0.03903057715101405,0.03903057715101405
56059,Generic,Random,0.9968446354782148,0.2223116348282271,0.04066504000261928,0.9068446354782148,0.9068446354782148,0.8611677949981882,0.8611677949981882,0.8551097505014918,0.7978684691713741,0.717878907264273,0.717878907264273,0.5685118369248263,0.5520572744208326,0.025949331818861145,0.025949331818861145,0.03594933181886115,0.03594933181886115,0.03594933181886115,0.03594933181886115,0.03594933181886115,0.03594933181886115,0.06523406727778423,0.07253854795250698
990517,Generic,LIME,0.9941073952305591,0.7314620067999891,0.22158930896713208,0.7250193933783935,0.45583929048973204,0.29749550411339887,0.23765402302197156,0.22767309058095012,0.19779333601594526,0.16921056926312236,0.1438677719026452,0.11963425206524342,0.05226665347429897,0.08605782236007864,0.13334180144786129,0.17288693693530505,0.22683556464292692,0.36744511726770557,0.2764905375868077,0.2300185206495649,0.25765769147754064,0.24441117370333917,0.20769054141142262
990517,Generic,TreeSHAP,0.9941073952305591,0.7860214395261134,0.051334692919335866,0.5106541099587444,0.5106143624721884,0.30945945336243263,0.22394187207136337,0.1270145197905615,0.08083065445684662,0.08083065445684662,0.09625327771652682,0.06008982338620279,0.08117082937274482,0.02008860990583229,0.02008860990583229,0.02008860990583229,0.019829629069749003,0.04982049280504812,0.03793609063640296,0.03793609063640296,0.031499126147335736,0.13651735980879023,0.13651735980879023
990517,Generic,Random,0.9941073952305591,0.4511167907407785,0.04059382484768289,0.7542861315231271,0.6991888891896079,0.6519731121198565,0.5927339722723924,0.5935706190382564,0.5751862104626978,0.4176146084623249,0.40763350049988667,0.36885950066482837,0.36885950066482837,0.016174514938800403,0.016174514938800403,0.019927258514009318,0.025877088659410647,0.00594983014540133,0.011236869765974378,0.054078459489217724,0.054078459489217724,0.09966566100570161,0.10038355787122233
1655343,Generic,LIME,0.9357117920269559,0.7027857775778115,0.3501593654832944,0.6879552138927213,0.46470901605557347,0.3406303249578737,0.2151112734938458,0.16683752721929146,0.13268916308739448,0.09902586816548886,0.1001889038414507,0.0709341063972219,0.05117874738058273,0.08605782236007864,0.14630653086733827,0.19421091060473716,0.24348222965969502,0.4027009647403038,0.42033802165472617,0.43279902889686617,0.4471998653829299,0.44349657733352,0.4598905222137574
1655343,Generic,TreeSHAP,0.9357117920269559,0.29202306933004946,0.02990364197958433,0.935711792026956,0.7884040016265825,0.7884040016265825,0.7136035468186677,0.7136035468186676,0.6167807703127751,0.5953168489687065,0.5534008397061659,0.37566725852647437,0.35599462053748615,0.025949331818861145,0.025949331818861145,0.025949331818861145,0.025949331818861145,0.025949331818861145,0.025949331818861145,0.02642305768198467,0.026164076845901375,0.03146155455937345,0.04006722424806717
1655343,Generic,Random,0.9357117920269559,0.5330887159575365,0.1496590041594001,0.6879552138927213,0.46470901605557347,0.46470901605557347,0.3943860348793776,0.34327026014043244,0.3314285225218761,0.3314285225218761,0.3314285225218761,0.3314285225218761,0.34548712958301203,0.08605782236007864,0.14630653086733827,0.14630653086733827,0.1486428746710774,0.13551041596458585,0.1427401285342319,0.1427401285342319,0.1427401285342319,0.1427401285342319,0.16659226088227325
1041063,Generic,LIME,0.9927995520385973,0.7315072257633586,0.22192939990457405,0.7043308132553053,0.4554609770817576,0.29726966156861956,0.23748337598529076,0.22750244354426935,0.17900429059463516,0.16903992222644162,0.14369712486596445,0.11946360502856265,0.07967104860154049,0.07325055954491103,0.13334180144786129,0.17288693693530505,0.2268355646429269,0.36744511726770546,0.30900828172966593,0.2300185206495649,0.2576576914775407,0.24441117370333917,0.1884584406957379
1041063,Generic,TreeSHAP,0.9927995520385973,0.7847573336665412,0.05140231757580166,0.5102167366348471,0.5106143624721884,0.30945945336243263,0.22394187207136337,0.1270145197905615,0.08083065445684662,0.08083065445684662,0.09625327771652684,0.06008982338620279,0.08117082937274481,0.02008860990583229,0.02008860990583229,0.02008860990583229,0.019829629069749003,0.04982049280504812,0.03793609063640296,0.03793609063640296,0.031499126147335736,0.13651735980879023,0.13651735980879023
1041063,Generic,Random,0.9927995520385973,0.4109708258567166,0.017447168864088834,0.9269434334332446,0.8250425537720056,0.7625671389743651,0.7434310699703451,0.5681633890445147,0.5339082256975136,0.5219154073163885,0.35099286484508346,0.29375781041048965,0.2915653683548558,0.026417137011596897,0.01460412061677417,0.010217358800888188,0.010217358800888188,0.009958377964804897,0.009958377964804897,0.022896680140267987,0.022982001008688763,0.022982001008688763,0.022982001008688763
1639858,Generic,LIME,0.7733264959134238,0.6987810270711923,0.3679278984677448,0.4029987646783666,0.1480010142294333,0.0803025816690128,0.022661477452943512,0.023760497839110793,0.02995512876613211,0.007293651313188596,0.006194630927021316,0.006194630927021316,0.01809231062008509,0.08487566632287859,0.14630653086733827,0.19421091060473716,0.24348222965969502,0.4027009647403038,0.3358382379611302,0.33204061259636725,0.3726125100837781,0.3901820743781117,0.34303418749417075
1639858,Generic,TreeSHAP,0.7733264959134238,0.41372026996757477,0.10423425061452608,0.7116093648221811,0.6247567261281295,0.5635708414462526,0.5462155322878843,0.5207107591747244,0.2549167207659187,0.09700573926085067,0.08575885852418319,0.09575885852418319,0.09575885852418319,0.025949331818861145,0.025949331818861145,0.025949331818861145,0.025949331818861145,0.025949331818861145,0.08773921081907538,0.16220601632397696,0.141947033657873,0.15008812991905648,0.13434402800464348
1639858,Generic,Random,0.7733264959134238,0.23911781381155847,0.024420549373491637,0.7064470984459671,0.6713779493018346,0.6045209126550175,0.5585494747683083,0.5585494747683082,0.5585494747683083,0.5029985714802305,0.39945669506655945,0.39945669506655945,0.38218047469756017,0.03464280372060355,0.03148135678424198,0.024502106790394818,0.01687882257475261,0.01687882257475261,0.01687882257475261,0.01687882257475261,0.008584209378682334,0.008584209378682334,0.013540602401214996
1450893,Generic,LIME,0.6645497464991589,0.5113813287129874,0.3797201440758592,0.4707701440031118,0.279063900828572,0.20651547897658096,0.13643128174578759,0.10815331951317626,0.07483644649952895,0.06521127249074132,0.05752237645988804,0.06192133321666094,0.07125862412766831,0.08487566632287859,0.14630653086733827,0.19421091060473716,0.243482229659695,0.29365444764203136,0.36051352392671426,0.3413759368479024,0.3496740956626412,0.25345044409020173,0.25588546923822336
1450893,Generic,TreeSHAP,0.6645497464991589,0.4454842188030015,0.01258847579198816,0.448338370955545,0.29685878741175686,0.2932614076657482,0.24330344433377524,0.23178416569686708,0.16258073171128845,0.14619651843612302,0.1487885480817845,0.10031029869662828,0.11923300397205723,0.025949331818861145,0.018696556242747315,0.009515836043977446,0.009515836043977446,0.009989561907100973,0.0,0.0,0.0,0.009989561907100973,0.0
1450893,Generic,Random,0.6645497464991589,0.34572624401797436,0.05445877201847921,0.5236674591306364,0.5178243388729886,0.39084019564832606,0.39084019564832617,0.3399204675052394,0.2587163687960232,0.2587163687960232,0.2562960369915085,0.15030879958672935,0.10110479383604404,0.025949331818861145,0.025949331818861145,0.025949331818861145,0.025949331818861145,0.025949331818861145,0.018696556242747315,0.018696556242747315,0.018696556242747315,0.08737017283023679,0.08869913074257395
1185595,Generic,LIME,0.9073622826508914,0.7715257611862781,0.26814644638584656,0.5892499759513699,0.31420732054980566,0.16987345989176486,0.11015311963172633,0.07776674656202759,0.03999869404561622,0.02014701375721534,0.014024396500908143,0.00908500610387933,0.01385948165181883,0.08487566632287859,0.14630653086733827,0.19421091060473716,0.24348222965969502,0.31034130594437775,0.36051352392671426,0.3446019456614696,0.26487896564921326,0.2403155106149967,0.2435331275224451
1185595,Generic,TreeSHAP,0.9073622826508914,0.5567466162441458,0.01635684191538361,0.6424932959944963,0.5245306592579302,0.3820730129233766,0.2802788184481969,0.27128523674317706,0.252691267350325,0.24712590862265574,0.2472562494233728,0.3316976675481865,0.3267245477557384,0.015700789075676878,0.015700789075676878,0.02149948419797045,0.011464770032852118,0.011464770032852118,0.011464770032852118,0.011464770032852118,0.011464770032852118,0.019912579048561842,0.018278322610875884
1185595,Generic,Random,0.9073622826508914,0.5385911411737215,0.13618607439420644,0.7690824820815624,0.4909080219693321,0.4160408121528099,0.3809352194165448,0.3809352194165448,0.3809352194165448,0.3609352194165448,0.17533126219586984,0.17533126219586984,0.15727669651007528,0.025949331818861145,0.08605782236007864,0.07079669833945501,0.10717996476665519,0.10717996476665519,0.10717996476665519,0.1171799647666552,0.2083393471457916,0.20833934714579164,0.1974986673993137
1206487,Generic,LIME,0.847476076224451,0.6312536921381865,0.30943923334003043,0.6063687897210422,0.39186139208293774,0.31815060384062954,0.2248333559368076,0.15372094979104373,0.10743871410712962,0.10743871410712963,0.10669949428682486,0.07845560575710303,0.06725622123199798,0.08487566632287859,0.14630653086733827,0.19421091060473716,0.24348222965969502,0.31034130594437775,0.36051352392671426,0.36051352392671426,0.3672149827380215,0.2790164428069911,0.27594835621164454
1206487,Generic,TreeSHAP,0.847476076224451,0.5188653700570767,0.01678217304195854,0.5706426042009686,0.379542513161945,0.33398934402339236,0.3116478355811785,0.26922445822816443,0.263396403610502,0.25934438317400743,0.2559866623469673,0.28473620628699553,0.3575966510596234,0.015700789075676878,0.015700789075676878,0.015700789075676878,0.015700789075676878,0.017800858087659303,0.008285022043681858,0.008285022043681858,0.008285022043681858,0.00618495303169943,0.03058086804807604
1206487,Generic,Random,0.847476076224451,0.46544137975533817,0.019735829505074524,0.8240012416994101,0.5326039268493591,0.4158349322604337,0.3416959251225038,0.3209723341915785,0.30215080026827473,0.30234177284796426,0.2646133825085059,0.26461338250850586,0.2515192664345912,0.025949331818861145,0.015700789075676878,0.015700789075676878,0.015700789075676878,0.015700789075676878,0.015700789075676878,0.015700789075676878,0.015700789075676878,0.015700789075676878,0.015700789075676878
1007701,Generic,LIME,0.9937842773306833,0.7333312542666399,0.22037261955379575,0.7046133868697677,0.4555161725898561,0.2973248570767181,0.2374833759852908,0.22750244354426935,0.1976226889792645,0.16903992222644162,0.14369712486596445,0.11946360502856265,0.05226665347429896,0.07325055954491103,0.13334180144786129,0.17288693693530505,0.22683556464292692,0.36744511726770546,0.27649053758680764,0.2300185206495649,0.25765769147754064,0.24441117370333917,0.20769054141142262
1007701,Generic,TreeSHAP,0.9937842773306833,0.7857306334162251,0.051351383823534325,0.5103309920588684,0.5106143624721884,0.30945945336243263,0.2239418720713634,0.1270145197905615,0.08083065445684662,0.08083065445684662,0.0962532777165268,0.06008982338620279,0.08117082937274481,0.02008860990583229,0.02008860990583229,0.02008860990583229,0.019829629069749003,0.04982049280504812,0.03793609063640296,0.03793609063640296,0.031499126147335736,0.13651735980879023,0.13651735980879023
1007701,Generic,Random,0.9937842773306833,0.6304205128751286,0.16152624157188478,0.8944284561368399,0.7062735417061602,0.6365638485295109,0.38712916212730547,0.20806504917509877,0.19889185213395055,0.15560514960909028,0.15560514960909028,0.14617059650361797,0.14490483902488374,0.06475779370940032,0.08552673986676444,0.10537242354857025,0.18843553254788337,0.18450023919998376,0.18450023919998376,0.19450728420853516,0.1945072842085352,0.18369556369691098,0.21941929231800156
1727775,Generic,LIME,0.9931062905659164,0.7939427805602779,0.2372058273482052,0.7042847566426125,0.46605639683800637,0.3065334592322745,0.12908871659996557,0.06442621705532985,0.05442621705532985,0.06358617750524587,0.07417807900305994,0.07417807900305994,0.05487700112150055,0.0630253396842339,0.09323523991458132,0.1131166086305812,0.14271245953893888,0.3162336897864594,0.32220748270763333,0.31742892702411635,0.307325251683794,0.307325251683794,0.37309574232982035
1727775,Generic,TreeSHAP,0.9931062905659164,0.6505564065481486,0.03101422714168449,0.8933793038711667,0.443637620593396,0.443637620593396,0.2929320913929838,0.2794694265416763,0.2461675229368748,0.20615031000685427,0.1970070433795163,0.19590802299334903,0.2272098778684654,0.025949331818861145,0.031246809532333216,0.031246809532333216,0.031246809532333216,0.031246809532333216,0.031246809532333216,0.031246809532333216,0.031068264399363145,0.03175289365112343,0.03175289365112343
1727775,Generic,Random,0.9931062905659164,0.5336077805512677,0.08798325138839463,0.9133952327395878,0.9133952327395876,0.9133952327395878,0.4203388019207287,0.2842672163922895,0.2842672163922895,0.2891226250918381,0.21797450792472645,0.21707300743076208,0.14175602677508986,0.025949331818861145,0.025949331818861145,0.025949331818861145,0.03595976991176017,0.09783256906174273,0.09783256906174273,0.09649509832648723,0.1151205635511716,0.1243785042359589,0.22830013457712428
1781665,Generic,LIME,0.3203362008982367,0.25917835654078564,0.026740138579086834,0.21925636754267658,0.12188494031690045,0.048815755347626284,0.03879642480463969,0.034808691830395214,0.03687934156255033,0.03687934156255033,0.03050803046047796,0.03050803046047796,0.01324151968621582,0.0,0.0,0.0,0.0019762957456929213,0.005698760194802029,0.005698760194802029,0.008007748345369783,0.016101872565148754,0.024087453496677493,0.024087453496677493
1781665,Generic,TreeSHAP,0.3203362008982367,0.24763071112583884,0.03212739761951121,0.17933304230774386,0.13444763349966085,0.10332691551274398,0.054990240084217684,0.06526621193514673,0.04716290970812469,0.043404327692383136,0.043404327692383136,0.03408316723666378,0.021636122054911066,0.0,0.005698760194802029,0.005698760194802029,0.005698760194802029,0.0,0.01318768683298759,0.01663593758518612,0.01663593758518612,0.01663593758518612,0.022723904808860707
1781665,Generic,Random,0.3203362008982367,0.20586924137273344,0.011241290506906254,0.29279304451395616,0.10729960493356591,0.12611830413129854,0.12957646836148048,0.12957646836148048,0.10622866717930296,0.078441173691796,0.07240188515730119,0.05565443538514602,0.04657954353970499,0.0,0.0,0.0,0.0,0.0,0.0,0.0069590475340316725,0.0069590475340316725,0.0069590475340316725,0.015132780339662614
1692963,Generic,LIME,0.9218588395314812,0.700017318831393,0.25931616541003016,0.6192969361259937,0.4187383690244092,0.32971680215976834,0.247959426739137,0.1759192021568463,0.13851407688091513,0.09279377251461138,0.08370445220003368,0.055886084599583524,0.055886084599583524,0.08605782236007864,0.14630653086733827,0.19421091060473716,0.243482229659695,0.31034130594437775,0.36051352392671426,0.2531177450657005,0.24729539257645083,0.27460176608067405,0.27460176608067405
1692963,Generic,TreeSHAP,0.9218588395314812,0.5590361447167578,0.03005207448493966,0.6051191770894466,0.43804849021506664,0.3648458391208853,0.3123178818315073,0.2924268563257187,0.32370431900298646,0.3130566426306649,0.3498331477811745,0.3256160540672526,0.303258540082531,0.015700789075676878,0.015700789075676878,0.025700789075676876,0.025700789075676876,0.025700789075676876,0.025700789075676876,0.035592265242992055,0.035869095249059686,0.03070661609554161,0.040664994060346495
1692963,Generic,Random,0.9218588395314812,0.3380649919923403,0.028613654885416052,0.7579334065642811,0.7344793899575204,0.6591785566517677,0.6591785566517677,0.6591785566517676,0.5893916267135345,0.5590300915377608,0.4298567693088785,0.4298567693088785,0.35985475204525197,0.025949331818861145,0.025949331818861145,0.025949331818861145,0.025949331818861145,0.025949331818861145,0.025949331818861145,0.025949331818861145,0.01595976991176017,0.01595976991176017,0.05021264431869102
1859121,Generic,LIME,0.9868351035615764,0.8421981207824956,0.2758650678140518,0.5841553972102228,0.3062074027344973,0.21767560246783238,0.11908920862837176,0.07937486987712167,0.047952296523747925,0.02797354354080416,0.02797354354080416,0.017983981633703187,0.017983981633703187,0.08487566632287859,0.14630653086733827,0.19421091060473716,0.24348222965969502,0.31034130594437775,0.30000092599384404,0.3413759368479024,0.3496740956626412,0.3681796107292927,0.383886115020304
1859121,Generic,TreeSHAP,0.9868351035615764,0.5133718250704605,0.041353980254434014,0.8411135294490673,0.7298417539881453,0.6704935551051489,0.5504854602178841,0.5088780529199205,0.41542517656963523,0.27102921861481266,0.2598041348241285,0.24442514882215735,0.24313675440025911,0.025949331818861145,0.024881509274446746,0.024881509274446746,0.02535523513757027,0.02442791550148591,0.018233926716308906,0.058518266692806936,0.06621712317153099,0.06810041229619943,0.07153036398702067
1859121,Generic,Random,0.9868351035615764,0.27520835019704565,0.026138048012396917,0.9886649425585329,0.9158069608553739,0.8440270159687635,0.7789436223041862,0.6539382240927216,0.6366947264999987,0.5725778817855166,0.5752047198600714,0.5752047198600714,0.5752047198600714,0.025949331818861145,0.025949331818861145,0.025949331818861145,0.025949331818861145,0.02569035098277785,0.02569035098277785,0.02569035098277785,0.02569035098277785,0.02569035098277785,0.02569035098277785
1012234,Generic,LIME,0.9928639894443321,0.7266515532084097,0.22504253975457295,0.7242723799740998,0.4550922770854383,0.29745575662684287,0.23761427553541556,0.22763334309439412,0.19775358852938926,0.1691708217765664,0.1438280244160892,0.11959450457868741,0.089709390742302,0.08605782236007864,0.13334180144786129,0.17288693693530505,0.2268355646429269,0.36744511726770546,0.27649053758680764,0.2300185206495649,0.2576576914775407,0.24441117370333917,0.23922117208297033
1012234,Generic,TreeSHAP,0.9928639894443321,0.7854778918834056,0.05139898153780597,0.5036555285235521,0.5106143624721884,0.30945945336243263,0.22394187207136343,0.1270145197905615,0.08083065445684662,0.08083065445684662,0.09625327771652684,0.06008982338620279,0.08117082937274481,0.02008860990583229,0.02008860990583229,0.02008860990583229,0.019829629069749003,0.04982049280504812,0.03793609063640296,0.03793609063640296,0.031499126147335736,0.13651735980879023,0.13651735980879023
1012234,Generic,Random,0.9928639894443321,0.3841498015933035,0.06549628287248578,0.9336280995930342,0.9336280995930342,0.6749029498082152,0.5686045718297205,0.5541498624847594,0.5541498624847594,0.5389857639294333,0.44616253666447464,0.4468698025822123,0.43606032954064267,0.029761529871844324,0.029761529871844324,0.09301050172430542,0.06977010495205516,0.08958672017888615,0.08542472164021317,0.07563755577389865,0.052771569935303825,0.052771569935303825,0.07179320318185226
1313792,Generic,LIME,0.9687428897006284,0.775305848579742,0.23879947206766813,0.6851468642353241,0.45238950660080546,0.29798802133029956,0.12655514631901987,0.059702754118657435,0.04970275411865743,0.04970275411865743,0.05886271456857345,0.07715994789943424,0.07715994789943424,0.0630253396842339,0.09323523991458132,0.1131166086305812,0.14271245953893888,0.3162336897864594,0.32220748270763333,0.32220748270763333,0.31742892702411635,0.307325251683794,0.31586042462020136
1313792,Generic,TreeSHAP,0.9687428897006284,0.5693577400606025,0.03125607873479071,0.8977395498066862,0.8979573499975,0.48184508130410664,0.24421170613899346,0.18558053897810103,0.28811626636993504,0.2818220435888535,0.25239397489968907,0.22990131266577277,0.23428367265062078,0.025949331818861145,0.025949331818861145,0.031246809532333216,0.031246809532333216,0.031720535395456745,0.031720535395456745,0.031068264399363145,0.031068264399363145,0.031068264399363145,0.03175289365112343
1313792,Generic,Random,0.9687428897006284,0.23593686624064944,0.03063235760642307,0.8874224931002963,0.8874224931002963,0.8874224931002963,0.8755221528106694,0.8266287107772797,0.669405988411726,0.669405988411726,0.5830852240401976,0.5525818468858529,0.48916284396144877,0.025949331818861145,0.025949331818861145,0.025949331818861145,0.02569035098277785,0.02569035098277785,0.025632991353042228,0.025632991353042228,0.025632991353042228,0.025632991353042228,0.06498812342558505
1309489,Generic,LIME,0.9475908985606857,0.753873702923053,0.10744445551874499,0.6983433344409137,0.42603230552099064,0.2635812257978875,0.10608482923211701,0.08609219956040373,0.09499317917423646,0.08080316844588543,0.07106214928196872,0.05821253085546891,0.051967034066454136,0.05615923204920855,0.09323523991458132,0.1131166086305812,0.14271245953893888,0.10429473639992107,0.08477880883038846,0.0936003427536923,0.09977193573499657,0.09950258729577638,0.130961930355627
1309489,Generic,TreeSHAP,0.9475908985606857,0.4677217247469797,0.027423321509483997,0.9100743227054267,0.47745878805643577,0.44700734910630613,0.4385935414721669,0.43354100576105287,0.4181359904297568,0.4436274762340285,0.4179406674075079,0.4330803211565599,0.37923227580781765,0.025949331818861145,0.025949331818861145,0.025949331818861145,0.025949331818861145,0.02642305768198467,0.02642305768198467,0.02642305768198467,0.02577078668589107,0.025511805849807775,0.025511805849807775
1309489,Generic,Random,0.9475908985606857,0.3706556267296528,0.04210616857662546,0.8084523015675147,0.8064475466279508,0.676120614108352,0.6302876742482251,0.6302876742482252,0.4772547639372133,0.4772547639372133,0.4772547639372132,0.40668688376170464,0.37930573193671635,0.025891972189125517,0.02589197218912552,0.025632991353042228,0.025632991353042228,0.025632991353042228,0.025632991353042228,0.025632991353042228,0.025632991353042228,0.09824231183990595,0.09517001682831201
1205409,Generic,LIME,0.6840317558697021,0.534222420458571,0.1564531352967324,0.511331688865275,0.30042658076789475,0.1896830497036732,0.10289438588236796,0.08343590946812615,0.06742692931395718,0.06742692931395718,0.06060280302888179,0.06060280302888179,0.05426227473829611,0.05615923204920855,0.09323523991458132,0.1131166086305812,0.14271245953893888,0.10429473639992107,0.11996298860100739,0.1199629886010074,0.10388518481120534,0.10388518481120534,0.11297450512578307
1205409,Generic,TreeSHAP,0.6840317558697021,0.5527439863331235,0.04468119387065178,0.45052243433759076,0.26404434317193465,0.11404649673451786,0.10382312564313154,0.09368072955119298,0.03800712518768604,0.04632692566510089,0.06534050640575356,0.07534050640575356,0.06174550226312412,0.025949331818861145,0.025949331818861145,0.025949331818861145,0.025949331818861145,0.025949331818861145,0.025949331818861145,0.01595976991176017,0.01595976991176017,0.01595976991176017,0.10205825432851767
1205409,Generic,Random,0.6840317558697021,0.14158415138340227,0.03490608676119201,0.644750183030753,0.644750183030753,0.6349855947037901,0.6349855947037901,0.6349855947037901,0.4459090756869141,0.4459090756869142,0.4459090756869142,0.4459090756869141,0.4463825919424652,0.025949331818861145,0.025949331818861145,0.025775160096068332,0.025775160096068332,0.025775160096068332,0.025775160096068332,0.025775160096068332,0.025775160096068332,0.025775160096068332,0.006443933867782723
980216,Generic,LIME,0.4523902900170732,0.38844136422677444,0.5189928463485683,0.30454222772463274,0.12783312319600074,0.08091909396919268,0.052896874403155734,0.027186575388523072,0.017222272644296533,0.007222272644296532,0.007222272644296532,0.007222272644296532,0.007222272644296532,0.08487566632287859,0.14630653086733827,0.19421091060473716,0.24348222965969502,0.31034130594437775,0.36051352392671426,0.24575496691331714,0.26268920438455823,0.24611255836283,0.2535863457777049
980216,Generic,TreeSHAP,0.4523902900170732,0.1925158154118391,0.019295473223219187,0.33025856601823017,0.2464419544468591,0.23849788722695517,0.25150937387543193,0.23917525780886564,0.26257866245198325,0.2604245277034439,0.24095252647338947,0.27294221230667265,0.2559637777405099,0.015700789075676878,0.015700789075676878,0.009515836043977446,0.0,0.0,0.0,0.00820214850863056,0.00820214850863056,0.01966691854148268,0.01030221752061299
980216,Generic,Random,0.4523902900170732,0.2528539389274336,0.12451719335436852,0.3919127318113804,0.24535517341360724,0.24535517341360724,0.242358270808241,0.2233762619302085,0.16909406313020658,0.1257659515901489,0.1257659515901489,0.11318996660442393,0.11318996660442393,0.00977481688006074,0.054702737961334756,0.054702737961334756,0.049055435775537906,0.049055435775537906,0.07496433531683866,0.07912633385551163,0.07912633385551163,0.06093595735622515,0.051859567399054424
1659520,Generic,LIME,0.8286760184095034,0.6099270341690832,0.2657869125512164,0.5571212200561828,0.3244495700175799,0.28359135098286375,0.21658109548093477,0.1915412155240728,0.1608281149921258,0.14511227098078575,0.10829721249507035,0.09963274060152685,0.10033505127305814,0.08605782236007864,0.13334180144786129,0.17288693693530505,0.2268355646429269,0.36744511726770546,0.27649053758680764,0.2647682126259186,0.2821607377257045,0.21374778897428534,0.17877788481637563
1659520,Generic,TreeSHAP,0.8286760184095034,0.5870495961185821,0.043493285113128013,0.639155052213226,0.5570494224649084,0.4025290450304471,0.2246580027520129,0.15961926140452612,0.09360361761582035,0.08506667042473069,0.08590947218745706,0.08590947218745704,0.08276420662862863,0.025949331818861145,0.025949331818861145,0.025949331818861145,0.02569035098277785,0.04281334615193353,0.04281334615193353,0.04281334615193353,0.04281334615193353,0.04281334615193353,0.04281334615193353
1659520,Generic,Random,0.8286760184095034,0.5308717699146505,0.09436975933581608,0.5571212200561828,0.5571212200561828,0.43712717118371214,0.40107153312484944,0.31367535480866066,0.1717176240979765,0.15559467969364746,0.1456009451653699,0.10808151315653715,0.13093122360541157,0.08605782236007864,0.08605782236007864,0.09605434057289776,0.06750636511851608,0.030412112787137516,0.08840111658170503,0.08697327714886027,0.08697327714886027,0.08469574304689807,0.0688876871216392
1724735,Generic,LIME,0.8801488253394517,0.6914227060048721,0.2916233345335989,0.6914297779927467,0.41571902956912693,0.2732589445494359,0.14155710357184434,0.061004680369910066,0.04331578433905678,0.04221676395288951,0.07291970300026215,0.07291970300026215,0.07291970300026215,0.05615923204920855,0.09323523991458132,0.1131166086305812,0.14271245953893888,0.3162336897864594,0.35120401707621773,0.35063392079069994,0.37036705070015474,0.38652856741318425,0.3865285674131843
1724735,Generic,TreeSHAP,0.8801488253394517,0.33446079872764634,0.03873806634541216,0.7782697175708541,0.7563028493667858,0.5047210854357859,0.4784821824908756,0.4954686435547891,0.5053935468765283,0.5244362920441735,0.4765642770842917,0.5088905904209396,0.428351081273031,0.025949331818861145,0.025949331818861145,0.031246809532333216,0.031246809532333216,0.031246809532333216,0.04100216854897241,0.04147589441209593,0.051216913576012636,0.03080928356327985,0.03080928356327985
1724735,Generic,Random,0.8801488253394517,0.1690868685725787,0.03817498695419429,0.8401087838692005,0.830112856971982,0.8301128569719822,0.7923507272396475,0.7823954494971912,0.713342766150016,0.7072967974385291,0.5825622732978502,0.5825622732978502,0.4497747829344812,0.025949331818861145,0.02569035098277785,0.02569035098277785,0.02569035098277785,0.02569035098277785,0.02678937136894513,0.04191142491369014,0.04843280899158512,0.04843280899158512,0.041719549235051924
1053299,Generic,LIME,0.9941073952305592,0.7297220471854081,0.22347274409156723,0.7049365047696436,0.45583929048973204,0.29749550411339887,0.23765402302197156,0.22767309058095012,0.19779333601594526,0.16921056926312236,0.1438677719026452,0.11963425206524342,0.089749138228858,0.07325055954491103,0.13334180144786129,0.17288693693530505,0.2268355646429269,0.36744511726770546,0.27649053758680764,0.2300185206495649,0.25765769147754064,0.24441117370333917,0.23922117208297033
1053299,Generic,TreeSHAP,0.9941073952305592,0.7860214395261134,0.05133469291933586,0.5106541099587444,0.5106143624721884,0.30945945336243263,0.22394187207136337,0.1270145197905615,0.08083065445684662,0.08083065445684662,0.09625327771652682,0.06008982338620279,0.08117082937274481,0.02008860990583229,0.02008860990583229,0.02008860990583229,0.019829629069749003,0.04982049280504812,0.03793609063640296,0.03793609063640296,0.031499126147335736,0.13651735980879023,0.13651735980879023
1053299,Generic,Random,0.9941073952305592,0.3071800166234288,0.029226457359311366,0.9443817803350844,0.9443817803350844,0.8761319817754916,0.7130666969422418,0.664797406689097,0.6462156273644437,0.6484872199700058,0.6233824740365883,0.4042144093116336,0.4042144093116336,0.031246809532333216,0.02595976991176017,0.02595976991176017,0.01977481688006074,0.029530175896699918,0.026993589846569636,0.026993589846569636,0.026993589846569636,0.03854513115024859,0.03854513115024859
1038274,Generic,LIME,0.9940676477440032,0.7315838870238711,0.22675285978749313,0.7048967572830876,0.4557995430031761,0.29745575662684287,0.23761427553541556,0.22763334309439412,0.1791351901447599,0.1691708217765664,0.1438280244160892,0.11959450457868741,0.089709390742302,0.07325055954491103,0.13334180144786129,0.17288693693530505,0.22683556464292692,0.36744511726770557,0.30900828172966593,0.2300185206495649,0.2576576914775407,0.24441117370333917,0.23922117208297033
1038274,Generic,TreeSHAP,0.9940676477440032,0.785985666788213,0.051336745521109284,0.5106143624721884,0.5106143624721884,0.30945945336243263,0.2239418720713634,0.1270145197905615,0.08083065445684662,0.08083065445684662,0.09625327771652684,0.06008982338620279,0.08117082937274482,0.02008860990583229,0.02008860990583229,0.02008860990583229,0.019829629069749003,0.04982049280504812,0.03793609063640296,0.03793609063640296,0.031499126147335736,0.13651735980879023,0.13651735980879023
1038274,Generic,Random,0.9940676477440032,0.41575712439838497,0.1620941655859783,0.9854114258910096,0.9356858109955347,0.9356858109955347,0.7052266435539165,0.43604654066525517,0.3764457619264563,0.3764457619264563,0.36678832449936877,0.34836539934831345,0.3170037536543367,0.03246671222640173,0.03776418993987381,0.03776418993987381,0.13884150265684517,0.21584402957505136,0.23138734987998866,0.23138734987998866,0.23138734987998866,0.22474005118467288,0.22974293380811936
1877215,Generic,LIME,0.3675023541304713,0.29951819103268973,0.02446504443530693,0.24234826777800986,0.1414803464398959,0.09312264261676285,0.051930734886000994,0.05131141735776586,0.04522692043006221,0.027960885163565274,0.016006070611752122,0.005227172847000405,0.005227172847000405,0.0,0.0,0.0,0.0,0.001869247017239166,0.009963371237018136,0.012121214873183643,0.018228579482608295,0.021162698988419746,0.026564502640349853
1877215,Generic,TreeSHAP,0.3675023541304713,0.20222063096516113,0.001824112020548778,0.2556909176626445,0.2134574278258895,0.24611123967187112,0.21724899568430905,0.1966547699719601,0.18439164561218901,0.10686204447229754,0.10727661623325524,0.07672343322756724,0.048400141291118394,0.0,0.0,0.0,0.0,0.0,0.0,0.0,0.0,0.0033518273087468327,0.0033518273087468327
1877215,Generic,Random,0.3675023541304713,0.22429286281444835,0.010210435497714446,0.3675023541304712,0.2967001623277522,0.1932611825371033,0.14781135950498378,0.07901914806244247,0.07363232510027376,0.07736779156429333,0.07184650250439534,0.06247704371425681,0.06247704371425681,0.0,0.0,0.0,0.0,0.003345129783603984,0.006835692207493981,0.006835692207493981,0.006835692207493981,0.006835692207493981,0.006835692207493981
1735423,Generic,LIME,0.9055485480853653,0.693716310552096,0.29933978822573165,0.6098402393849515,0.35729156570686127,0.27793076575606057,0.22064516903620113,0.1571071933875828,0.1242607305348876,0.1242607305348876,0.10474703206059781,0.07542867645962512,0.06681027247103755,0.08487566632287859,0.14630653086733827,0.19421091060473716,0.24348222965969502,0.31034130594437775,0.36051352392671426,0.36051352392671426,0.3568793664024517,0.33154485319791255,0.321999195267101
1735423,Generic,TreeSHAP,0.9055485480853653,0.5092999838320016,0.02118015853870896,0.6294379478581329,0.515147202973306,0.45821525909396227,0.3275408191046323,0.29883320750247366,0.24342019218319652,0.32629283495246647,0.40287940383595017,0.3848540244454679,0.3758647505840493,0.015700789075676878,0.012898212788232628,0.012898212788232628,0.012898212788232628,0.02233114841684529,0.02233114841684529,0.015274273346277144,0.024797210952009055,0.024797210952009055,0.027870198605096944
1735423,Generic,Random,0.9055485480853653,0.3746627744900962,0.038023329813256186,0.8632448616090218,0.8632448616090217,0.7072153127547698,0.6292661821052405,0.581376690196741,0.581376690196741,0.42652311751292915,0.27693041845951333,0.19457942789272786,0.1851001736159851,0.025949331818861145,0.025949331818861145,0.025949331818861145,0.015808634888652414,0.015808634888652414,0.015808634888652414,0.06551486845966778,0.046321938397004846,0.053604502039218974,0.053604502039218974
1877154,Generic,LIME,0.35454849729545,0.2671266858389828,0.12420086004111007,0.258438195683808,0.16312327459847098,0.11381765308476792,0.0998327603985053,0.0762602558227207,0.04468435929974021,0.03265455871268588,0.03265455871268588,0.028684789583057778,0.02406770866822926,0.00745678155065046,0.022271589415679315,0.022271589415679315,0.022271589415679315,0.04056311374151139,0.04056311374151139,0.05818101896377488,0.06978859334557905,0.07853999083709157,0.07844490247662413
1877154,Generic,TreeSHAP,0.35454849729545,0.17690560770248331,0.00453314682534109,0.28186546530880185,0.2501435121684304,0.18714321098593545,0.1831167151064863,0.1852586618645911,0.16984092851530694,0.1690506812055137,0.1315238089538794,0.1182959483663328,0.10018996345438891,0.0,0.0,0.0,0.0,0.0,0.0,0.0,0.0,0.005345160661286516,0.010727043288156718
1877154,Generic,Random,0.35454849729545,0.16141127359713114,0.051084565596976966,0.29078308167466216,0.29078308167466216,0.2752119451358535,0.2249730083918834,0.21188687762969807,0.16990828979798447,0.16990828979798447,0.12156702191859776,0.09148648899956927,0.08486415196229333,0.00745678155065046,0.00745678155065046,0.00745678155065046,0.019480639376917686,0.019480639376917686,0.019480639376917686,0.019480639376917686,0.02388906837706964,0.028468794568649272,0.028468794568649272
1057943,Generic,LIME,0.9937842773306833,0.7275917816339771,0.2248341404792231,0.7246962754785176,0.4555161725898561,0.2973248570767181,0.2374833759852908,0.22750244354426935,0.1976226889792645,0.1690399222264416,0.14369712486596445,0.11946360502856265,0.08957849119217726,0.08605782236007864,0.13334180144786129,0.17288693693530505,0.22683556464292692,0.36744511726770546,0.2764905375868077,0.2300185206495649,0.2576576914775407,0.24441117370333917,0.23922117208297033
1057943,Generic,TreeSHAP,0.9937842773306833,0.7857306334162251,0.051351383823534325,0.5103309920588683,0.5106143624721884,0.30945945336243263,0.22394187207136337,0.1270145197905615,0.08083065445684662,0.08083065445684662,0.09625327771652684,0.06008982338620279,0.08117082937274482,0.02008860990583229,0.02008860990583229,0.020088609905832295,0.019829629069749003,0.04982049280504812,0.03793609063640296,0.03793609063640296,0.031499126147335736,0.13651735980879023,0.13651735980879023
1057943,Generic,Random,0.9937842773306833,0.5807257859381256,0.11150033684568686,0.7046133868697677,0.4555161725898561,0.4555161725898561,0.41599430654656233,0.41599430654656233,0.41599430654656233,0.3509775444715362,0.33184147546751597,0.31202142440561476,0.27211581789174366,0.07325055954491103,0.13334180144786129,0.13151752233881658,0.13204705143729853,0.13204705143729853,0.13204705143729853,0.0733757872719599,0.0733757872719599,0.09698323785225371,0.1300869667035288
1004892,Generic,LIME,0.9940676477440032,0.7207256481305125,0.2240033021870361,0.7249796458918375,0.45579954300317604,0.4047795958350525,0.2376142755354155,0.22763334309439412,0.19775358852938926,0.1691708217765664,0.1438280244160892,0.11959450457868741,0.05226665347429896,0.08605782236007864,0.13334180144786129,0.19679558637231356,0.2268355646429269,0.36744511726770546,0.2764905375868077,0.23001852064956496,0.2576576914775407,0.24441117370333917,0.20769054141142262
1004892,Generic,TreeSHAP,0.9940676477440032,0.785985666788213,0.051336745521109284,0.5106143624721884,0.5106143624721884,0.30945945336243263,0.2239418720713634,0.1270145197905615,0.08083065445684662,0.08083065445684662,0.09625327771652684,0.06008982338620279,0.08117082937274481,0.02008860990583229,0.02008860990583229,0.02008860990583229,0.019829629069749003,0.04982049280504812,0.03793609063640296,0.03793609063640296,0.031499126147335736,0.13651735980879023,0.13651735980879023
1004892,Generic,Random,0.9940676477440032,0.41958176777715456,0.10048758371484642,0.9940676477440032,0.974931578739983,0.9549806281279571,0.6658097376670417,0.6658097376670417,0.41671252338712994,0.4070704119088411,0.22182551147549634,0.22182551147549634,0.22182551147549634,0.025949331818861145,0.025949331818861145,0.022787884882499578,0.07440374548460518,0.0642193095830959,0.12067154784834885,0.15713350380357594,0.16926663482303742,0.16926663482303742,0.16926663482303742
1060185,Generic,LIME,0.9940676477440032,0.7353281607506715,0.22358098001219764,0.7048967572830876,0.45579954300317604,0.29745575662684287,0.2376142755354155,0.22763334309439412,0.1791351901447599,0.16917082177656634,0.1438280244160892,0.11959450457868741,0.05226665347429896,0.07325055954491103,0.13334180144786129,0.17288693693530507,0.2268355646429269,0.36744511726770546,0.30900828172966593,0.2300185206495649,0.2576576914775407,0.24441117370333917,0.20769054141142262
1060185,Generic,TreeSHAP,0.9940676477440032,0.785985666788213,0.051336745521109284,0.5106143624721884,0.5106143624721884,0.30945945336243263,0.22394187207136337,0.1270145197905615,0.0808306544568466,0.08083065445684662,0.09625327771652682,0.06008982338620279,0.08117082937274481,0.02008860990583229,0.02008860990583229,0.02008860990583229,0.019829629069749003,0.04982049280504812,0.03793609063640296,0.03793609063640296,0.031499126147335736,0.13651735980879023,0.13651735980879023
1060185,Generic,Random,0.9940676477440032,0.34652409951867524,0.09721928094414997,0.9443420328485285,0.8449862116546852,0.8258130146135371,0.7862156543445521,0.5595272797124967,0.5609606761770954,0.49604034386840273,0.49604034386840273,0.48607747190553086,0.4754324532600489,0.031246809532333216,0.12761266878486277,0.12761266878486277,0.12569765525666024,0.10320645947250594,0.10320645947250594,0.09320645947250591,0.09320645947250591,0.09320645947250591,0.06822331951389704
1610138,Generic,LIME,0.9126791691816498,0.7051811466186029,0.2517687203384674,0.5996171111310445,0.3428134765256176,0.27611840053561376,0.21594990417723903,0.18618267178039793,0.15724954598184274,0.1274943437882446,0.08809898221685218,0.04073181005335346,0.040723979440262535,0.07325055954491103,0.13334180144786129,0.19679558637231356,0.22683556464292692,0.36744511726770546,0.27649053758680764,0.2647682126259186,0.2821607377257045,0.23321546890437492,0.24353707892587204
1610138,Generic,TreeSHAP,0.9126791691816498,0.6666011870504687,0.03968878675387527,0.6786707711745059,0.5767329604962355,0.4084556814157993,0.21623333396404645,0.13606874704814112,0.09360361761582035,0.0964315585937193,0.08590947218745706,0.08590947218745704,0.08276420662862863,0.025949331818861145,0.025949331818861145,0.025949331818861145,0.025949331818861145,0.04307232698801682,0.04307232698801682,0.04307232698801682,0.04307232698801682,0.04307232698801682,0.04307232698801682
1610138,Generic,Random,0.9126791691816498,0.487023111504867,0.017813516645304363,0.8434497681461178,0.7681511745647049,0.6378769085213637,0.434267219652261,0.3378116275168294,0.3378116275168294,0.2862150913085067,0.25728390660108996,0.1667946046617309,0.1868986482783945,0.026417137011596897,0.026417137011596897,0.016417137011596895,0.006443933867782723,0.01613999155722519,0.01613999155722519,0.01613999155722519,0.01613999155722519,0.01613999155722519,0.00618495303169943
1002238,Generic,LIME,0.9941073952305592,0.7333238466384521,0.22486035838280571,0.7250193933783933,0.45583929048973204,0.29749550411339887,0.23765402302197156,0.22767309058095012,0.1791749376313159,0.16921056926312236,0.1438677719026452,0.11963425206524342,0.05226665347429896,0.08605782236007864,0.13334180144786129,0.17288693693530505,0.2268355646429269,0.36744511726770546,0.30900828172966593,0.2300185206495649,0.25765769147754064,0.24441117370333917,0.20769054141142262
1002238,Generic,TreeSHAP,0.9941073952305592,0.7860214395261134,0.05133469291933586,0.5106541099587444,0.5106143624721884,0.30945945336243263,0.22394187207136337,0.1270145197905615,0.08083065445684662,0.08083065445684662,0.09625327771652682,0.06008982338620279,0.08117082937274481,0.02008860990583229,0.02008860990583229,0.02008860990583229,0.019829629069749003,0.04982049280504812,0.03793609063640296,0.03793609063640296,0.031499126147335736,0.13651735980879023,0.13651735980879023
1002238,Generic,Random,0.9941073952305592,0.31534927579269995,0.037436265415115993,0.9941073952305594,0.9641888958986755,0.9641888958986755,0.7723352932279975,0.6829703357694535,0.6829703357694535,0.6318883343652649,0.5843611339638981,0.26859705074766504,0.24197352350695006,0.025949331818861145,0.025949331818861145,0.025949331818861145,0.00977481688006074,0.04148448605064266,0.04148448605064266,0.04123568453392824,0.050288419213911834,0.06059475826385583,0.049446036540182946
1041775,Generic,LIME,0.9941073952305592,0.7353321354993271,0.2235720405535035,0.7049365047696436,0.4558392904897321,0.29749550411339887,0.23765402302197156,0.22767309058095012,0.1791749376313159,0.16921056926312236,0.1438677719026452,0.11963425206524342,0.05226665347429896,0.07325055954491103,0.13334180144786129,0.17288693693530505,0.22683556464292692,0.36744511726770546,0.30900828172966593,0.2300185206495649,0.2576576914775407,0.24441117370333917,0.20769054141142262
1041775,Generic,TreeSHAP,0.9941073952305592,0.7860214395261134,0.05133469291933586,0.5106541099587444,0.5106143624721884,0.30945945336243263,0.2239418720713634,0.1270145197905615,0.08083065445684662,0.08083065445684662,0.09625327771652682,0.0600898233862028,0.08117082937274481,0.02008860990583229,0.02008860990583229,0.02008860990583229,0.019829629069749003,0.04982049280504812,0.03793609063640296,0.03793609063640296,0.031499126147335736,0.13651735980879023,0.13651735980879023
1041775,Generic,Random,0.9941073952305592,0.5180913492496689,0.030989041166942535,0.6556283048829958,0.6692037564692564,0.6533601403278211,0.4896658051897067,0.48966580518970665,0.4896658051897067,0.4309681189188538,0.3952155613102846,0.24384568228465564,0.24294148004591587,0.025949331818861145,0.025775160096068332,0.025775160096068332,0.016000343216007594,0.009815390184308164,0.009815390184308164,0.009815390184308164,0.059530083288156364,0.06279405044176595,0.06279405044176595
1501150,Generic,LIME,0.7309709669421962,0.5570304687600349,0.3238290968745911,0.5251087697535148,0.29047108804548805,0.20386435167893724,0.16259356451774365,0.12922676454768997,0.1138841548108105,0.08609288158589151,0.09163167376558942,0.06848832100706377,0.06804341210888483,0.08487566632287859,0.14630653086733827,0.19421091060473716,0.24348222965969502,0.3103413059443778,0.30000092599384404,0.3413759368479024,0.24515228527546307,0.25437969342742767,0.24697119572071582
1501150,Generic,TreeSHAP,0.7309709669421962,0.4575914242798899,0.01521227868263813,0.5823423539313498,0.41429752278810933,0.36968617374714235,0.2254752087743036,0.18702941655773625,0.19733385592618405,0.19698458360324259,0.17989544745718702,0.19471151011822824,0.18603935371957955,0.025949331818861145,0.01595976991176017,0.01595976991176017,0.01595976991176017,0.006443933867782723,0.00618495303169943,0.00618495303169943,0.00618495303169943,0.00618495303169943,0.00618495303169943
1501150,Generic,Random,0.7309709669421962,0.3191209088238435,0.03440713496252717,0.5426630521136557,0.4525449797411636,0.45254497974116376,0.4525449797411637,0.3564213846642568,0.369495547612251,0.36949554761225095,0.37347128256804574,0.37849968842847664,0.37081913896109936,0.031231521339278045,0.035043719392261224,0.035043719392261224,0.035043719392261224,0.035043719392261224,0.025054157485160253,0.025054157485160253,0.009997151084682611,0.009997151084682611,0.009997151084682611
1056025,Generic,LIME,0.9928639894443322,0.7271108857196975,0.2169231469768217,0.7242723799740998,0.4550922770854383,0.2974557566268428,0.2376142755354155,0.22763334309439412,0.19775358852938926,0.16917082177656634,0.14927304144397288,0.11959450457868741,0.07967104860154049,0.08605782236007864,0.13334180144786129,0.17288693693530507,0.2268355646429269,0.36744511726770557,0.2764905375868077,0.2300185206495649,0.22780589581293742,0.24441117370333917,0.1884584406957379
1056025,Generic,TreeSHAP,0.9928639894443322,0.7854778918834057,0.05139898153780596,0.5036555285235521,0.5106143624721883,0.30945945336243263,0.22394187207136337,0.1270145197905615,0.08083065445684662,0.08083065445684662,0.09625327771652682,0.06008982338620279,0.08117082937274481,0.02008860990583229,0.02008860990583229,0.02008860990583229,0.019829629069749003,0.04982049280504812,0.03793609063640296,0.03793609063640296,0.031499126147335736,0.13651735980879023,0.13651735980879023
1056025,Generic,Random,0.9928639894443322,0.518471991941929,0.020759089685563423,0.9737279204403119,0.4845194595195319,0.48852687743017215,0.4781441758233813,0.45849632134149076,0.42879990737345736,0.36896907823841596,0.356997015848384,0.35699701584838395,0.3487422031605032,0.025949331818861145,0.02099281214457205,0.02099281214457205,0.02099281214457205,0.02099281214457205,0.020987601265393754,0.016754290000292202,0.016754290000292202,0.011782447669094693,0.029910316692189708
1931378,Generic,LIME,0.6138365576825104,0.4842481308333838,0.5369645573320881,0.4113691122055828,0.2722590449451339,0.21730913838457355,0.121532939412564,0.09369428992671952,0.05917331893411118,0.04517194845986995,0.03436197078102359,0.025264170742832305,0.01574833469885486,0.08487566632287859,0.14630653086733827,0.19421091060473716,0.24348222965969502,0.4027009647403038,0.43323524327103463,0.4466110539739481,0.44269769201009984,0.4649300725866114,0.43703439066577376
1931378,Generic,TreeSHAP,0.6138365576825104,0.23948306093078336,0.038548731460283106,0.658753542366741,0.526292330153998,0.4395123815337818,0.3670603078607333,0.3168811010121722,0.33313418219760627,0.3068341722233788,0.2601431430337042,0.26498440566719744,0.2699394014679579,0.025949331818861145,0.025949331818861145,0.025949331818861145,0.02569035098277785,0.02569035098277785,0.025632991353042228,0.015643429445941253,0.03068610912237965,0.017717489441287256,0.017717489441287256
1931378,Generic,Random,0.6138365576825104,0.14658900143410777,0.05273437481114711,0.6138365576825104,0.5203288557107085,0.5059092326607842,0.5501830871765133,0.519880300595465,0.519880300595465,0.4849042300880971,0.3342170530100141,0.33421705301001414,0.2891188919544547,0.025949331818861145,0.025949331818861145,0.025046568307578614,0.025046568307578614,0.01916608284468736,0.01916608284468736,0.0308072955988211,0.04058945147164611,0.04058945147164611,0.07139270657177071
1931319,Generic,LIME,0.9502172091928744,0.7253096841429463,0.34175152569861755,0.725762288689507,0.48960516971760676,0.35338334507464453,0.2241193296384991,0.1302287549556889,0.11409173194885314,0.06941614612083427,0.04984246134866481,0.04984246134866481,0.04278356165631808,0.08487566632287859,0.14630653086733827,0.19421091060473716,0.24348222965969502,0.4027009647403038,0.4160767754432173,0.4466110539739481,0.44269769201009984,0.44269769201009984,0.42772229423515506
1931319,Generic,TreeSHAP,0.9502172091928744,0.43683694619050517,0.03384835674685195,0.9192803881148913,0.8296190734914315,0.6783818974699412,0.6684218120412541,0.37375158820610066,0.3206911188293098,0.31936719509658373,0.36287358849829937,0.33862953088590536,0.32278643738997626,0.025949331818861145,0.025949331818861145,0.025949331818861145,0.025949331818861145,0.031246809532333216,0.04100216854897241,0.04100216854897241,0.03819959226152816,0.03819959226152816,0.028185252408805678
1931319,Generic,Random,0.9502172091928744,0.20236443752060027,0.03084690466220184,0.8797583351911912,0.845697501176631,0.844426384002432,0.8444263840024319,0.7831732108304611,0.7831732108304611,0.7161098292269885,0.6922918755447408,0.5832343110657866,0.5062366748516176,0.031231521339278045,0.031231521339278045,0.031231521339278045,0.031231521339278045,0.031231521339278045,0.031231521339278045,0.031231521339278045,0.0228714159320468,0.0228714159320468,0.02874911536452107
1131975,Generic,LIME,0.6933696255572029,0.5072952303983251,0.18621785601992433,0.5516789665409848,0.32915829465056634,0.1898177428498991,0.1209988666888176,0.11872164848740291,0.11698027067424457,0.11680619797098783,0.10181814163408902,0.10738191104589291,0.10738191104589291,0.05615923204920855,0.09323523991458132,0.1131166086305812,0.14271245953893888,0.14862507168415987,0.11996298860100739,0.17034148915323552,0.17414222463987472,0.13560670024482815,0.13727603654958476
1131975,Generic,TreeSHAP,0.6933696255572029,0.14710372064043595,0.04349663632449986,0.6933696255572029,0.5883292200924797,0.5828250487603159,0.5887104922972606,0.5766317460215514,0.5228212843103373,0.46935730081656407,0.46290352892355857,0.4890510140680441,0.4886597883203552,0.025949331818861145,0.025949331818861145,0.02642305768198467,0.02642305768198467,0.026164076845901375,0.03452808431077017,0.03452808431077017,0.03387581331467657,0.03387581331467657,0.03387581331467657
1131975,Generic,Random,0.6933696255572029,0.19627883184064993,0.04161939320271916,0.6850682906440163,0.6850682906440163,0.6494945763644145,0.6018084119522524,0.5979008546957736,0.5234230857341661,0.45697418443266025,0.3475198072328675,0.21182521773268145,0.21182521773268145,0.025949331818861145,0.025949331818861145,0.025949331818861145,0.025949331818861145,0.025949331818861145,0.025955293773526487,0.00025898083608329197,0.029242363182512932,0.05168646696122267,0.05168646696122267
1007782,Generic,LIME,0.9937842773306833,0.7200613268684751,0.22106332444258808,0.7246962754785174,0.4555161725898561,0.4044962254217326,0.23748337598529076,0.22750244354426935,0.1976226889792645,0.16903992222644162,0.14914214189384814,0.11946360502856265,0.05226665347429896,0.08605782236007864,0.13334180144786129,0.19679558637231356,0.2268355646429269,0.36744511726770546,0.27649053758680764,0.23001852064956496,0.22780589581293742,0.24441117370333917,0.20769054141142262
1007782,Generic,TreeSHAP,0.9937842773306833,0.7857306334162251,0.051351383823534325,0.5103309920588684,0.5106143624721884,0.30945945336243263,0.2239418720713634,0.1270145197905615,0.08083065445684662,0.08083065445684662,0.09625327771652684,0.0600898233862028,0.08117082937274482,0.02008860990583229,0.02008860990583229,0.02008860990583229,0.019829629069749003,0.04982049280504812,0.03793609063640296,0.03793609063640296,0.031499126147335736,0.13651735980879023,0.13651735980879023
1007782,Generic,Random,0.9937842773306833,0.2711833296813804,0.02673486545791791,0.9937842773306833,0.87002084017063,0.8523772173482805,0.8332411483442604,0.8235744018248081,0.7610035578048775,0.7610035578048775,0.6887152640737488,0.35462092845133086,0.2876682833395322,0.025949331818861145,0.007233235343227632,0.02948891535941812,0.03805032444629266,0.03805032444629266,0.02948891535941812,0.02948891535941812,0.01976329740203999,0.025360792039435257,0.022812837911896304
1667269,Generic,LIME,0.5763676468817043,0.4388858292242781,0.3969695243032297,0.3904094160523549,0.2375986278802132,0.21069654991730796,0.1647906911974114,0.13480005347125357,0.08869503671837274,0.042422532493671214,0.043282464444279724,0.030899932372002822,0.03122287202739404,0.08605782236007864,0.14630653086733827,0.19421091060473716,0.24348222965969502,0.2936544476420314,0.36051352392671426,0.2531177450657005,0.24214365407549487,0.2560057699286664,0.21251127193356392
1667269,Generic,TreeSHAP,0.5763676468817043,0.30800847799995623,0.04676975517203108,0.32474794376621985,0.26383352934889326,0.24064439049657768,0.2535262820088324,0.27758057359675603,0.24463660369593188,0.2321711583954348,0.28654008562684724,0.27848878921392556,0.28142233266806177,0.015700789075676878,0.033293911453280985,0.03386097582466832,0.03386097582466832,0.03386097582466832,0.025700789075676876,0.025700789075676876,0.025700789075676876,0.025700789075676876,0.016184953031699433
1667269,Generic,Random,0.5763676468817043,0.17251573503040304,0.04451730206898051,0.5763676468817043,0.5444609742721933,0.4843793897979372,0.48437938979793715,0.40747339560771906,0.3628412477113545,0.3174909325755168,0.3174909325755168,0.28933884456376124,0.2542963647293718,0.025949331818861145,0.025949331818861145,0.01976437878716171,0.01976437878716171,0.025046568307578614,0.02805670171867434,0.02805670171867434,0.02805670171867434,0.02805670171867434,0.027882529995881526
1002677,Generic,LIME,0.9941073952305594,0.7321490464237697,0.22553244449419732,0.7049365047696436,0.455839290489732,0.29749550411339887,0.23765402302197156,0.22767309058095012,0.1791749376313159,0.16921056926312236,0.1438677719026452,0.11398265806625979,0.08974913822885798,0.07325055954491103,0.13334180144786129,0.17288693693530505,0.2268355646429269,0.36744511726770546,0.30900828172966593,0.2300185206495649,0.2576576914775407,0.23236906358262036,0.23922117208297033
1002677,Generic,TreeSHAP,0.9941073952305594,0.7860214395261135,0.05133469291933585,0.5106541099587445,0.5106143624721884,0.30945945336243263,0.2239418720713634,0.1270145197905615,0.08083065445684662,0.08083065445684662,0.09625327771652684,0.06008982338620279,0.08117082937274481,0.02008860990583229,0.02008860990583229,0.02008860990583229,0.019829629069749003,0.04982049280504812,0.03793609063640296,0.03793609063640296,0.031499126147335736,0.13651735980879023,0.13651735980879023
1002677,Generic,Random,0.9941073952305594,0.4517820426278675,0.05559450789113342,0.9940676477440032,0.7048967572830879,0.7048967572830876,0.6656007902736873,0.6464647212696673,0.38837146657938887,0.3970980537334279,0.319236732649417,0.31931961616829185,0.2833009830428597,0.025949331818861145,0.07325055954491103,0.07325055954491103,0.07997143010219172,0.07997143010219174,0.04471325405006856,0.04543115091558929,0.04831244148473555,0.03937305595634402,0.04244590076799021
1379809,Generic,LIME,0.5173025665200975,0.387491491641246,0.5309281033446888,0.34514240673469687,0.23267525559721247,0.19301405439062333,0.11304444169681295,0.06711603322153356,0.07940604959448036,0.051615012419690694,0.06869916504448839,0.07869916504448839,0.06869916504448839,0.12753053236330758,0.1783118999271218,0.24314877913542932,0.2894496242605011,0.3304498891855999,0.29340100444420014,0.3375157984774677,0.30898937058180365,0.3181402893216276,0.31956751728149224
1379809,Generic,TreeSHAP,0.5173025665200975,0.11220903258884432,0.050398659933782175,0.42384136608840245,0.45216380733059275,0.43648226302982357,0.41417298876974806,0.4445909251168289,0.44450738572335957,0.44498394343406245,0.38364754558820413,0.3060821873212129,0.30046292691029747,0.014218347587063083,0.014218347587063083,0.014218347587063083,0.01436532390277462,0.015055487459410837,0.015055487459410837,0.015055487459410837,0.03505548745941084,0.03505142409071169,0.08841982073687234
1379809,Generic,Random,0.5173025665200975,0.18063545404829903,0.1559477730656913,0.42384136608840245,0.42384136608840245,0.4101933541194072,0.34237167594767776,0.33020288304486073,0.3302028830448608,0.3037062801578815,0.3037062801578815,0.2745424492242801,0.22406258684433053,0.014218347587063083,0.014218347587063083,0.028823865179736577,0.10171574968657175,0.10171574968657175,0.10171574968657175,0.10898432357163257,0.10898432357163257,0.11694557670790777,0.10939979923500749
1060030,Generic,LIME,0.9933874482921996,0.7329737216912222,0.22046065192714212,0.7043308132553053,0.4554609770817576,0.29726966156861956,0.23748337598529076,0.22750244354426935,0.1976226889792645,0.16903992222644162,0.14369712486596445,0.11946360502856265,0.05226665347429896,0.07325055954491103,0.13334180144786129,0.17288693693530505,0.2268355646429269,0.36744511726770546,0.27649053758680764,0.2300185206495649,0.2576576914775407,0.24441117370333917,0.20769054141142262
1060030,Generic,TreeSHAP,0.9933874482921996,0.7853452299201436,0.05137189718949494,0.5102167366348471,0.5106143624721884,0.30945945336243263,0.2239418720713634,0.1270145197905615,0.08083065445684662,0.08083065445684662,0.09625327771652684,0.06008982338620279,0.08117082937274481,0.02008860990583229,0.02008860990583229,0.02008860990583229,0.019829629069749003,0.04982049280504812,0.03793609063640296,0.03793609063640296,0.031499126147335736,0.13651735980879023,0.13651735980879023
1060030,Generic,Random,0.9933874482921996,0.47886784844709995,0.11885387435863357,0.9847312264392057,0.6956745914023117,0.6665202863987251,0.5958473191651295,0.5958473191651295,0.5958473191651295,0.3176518770728748,0.27739897359657756,0.25612394308071484,0.15955314296519874,0.03246671222640173,0.07976793995245161,0.07976793995245161,0.13323514128086916,0.13323514128086916,0.12758783909507232,0.11367143778473453,0.15177821755422616,0.14674204843513772,0.18242705212543292
1065155,Generic,LIME,0.1978139253576624,0.17388733319328142,0.7439785132575175,0.08446753759944697,0.023711806959426204,0.016124577945372254,0.01487788269563922,0.01597820500985524,0.01597820500985524,0.01597820500985524,0.01597820500985524,0.019227146044872936,0.01694415035963108,0.07842598667362242,0.15718770356153364,0.13145011418041724,0.1471593247029161,0.17873032601975616,0.1701171612716418,0.1701171612716418,0.1701171612716418,0.1392782934385924,0.12910986850050865
1065155,Generic,TreeSHAP,0.1978139253576624,0.0437920454628898,0.2879113520633466,0.1978139253576624,0.15848027029164558,0.1645627464653134,0.25305336022641317,0.2626501921901505,0.17478035588528354,0.1635607642913809,0.08385878592713851,0.05719358768043282,0.02426481063230519,0.002232341854689784,0.007074869950403549,0.007074869950403549,0.007074869950403549,0.0,0.0641591244392826,0.06114549966958664,0.1347567160028122,0.14334248323798646,0.14266797201125667
1065155,Generic,Random,0.1978139253576624,0.08945558285529567,0.40220584721688685,0.16346561665974024,0.16928534776711412,0.17945303709405386,0.17945303709405386,0.07667409519889429,0.07722049210039021,0.05869550092959745,0.05869550092959745,0.06257828440493862,0.05806251284528712,0.038027162977939684,0.03490322724278693,0.010104273244747736,0.015194121643720627,0.09444847169438722,0.11895751890196835,0.12276822874007545,0.11276822874007544,0.1282053057817051,0.12024263543035968
1114370,Generic,LIME,0.42501464889378376,0.3072261754509405,0.11537021741211423,0.3093977190394606,0.19998883575636903,0.15244498672834855,0.1384600940420859,0.1485634017791854,0.08160905378960168,0.05540133240940585,0.03555980044539241,0.030214639784105896,0.026244870654477778,0.00745678155065046,0.022271589415679315,0.022271589415679315,0.022271589415679315,0.03387916379748348,0.03387916379748348,0.05149706901974697,0.06978859334557905,0.10913669360629917,0.11788809109781169
1114370,Generic,TreeSHAP,0.42501464889378376,0.23065333591254938,0.009387696850117937,0.39336062445375924,0.27091557056967214,0.21239442199674685,0.2011311675244759,0.18571343417519176,0.18534732767266413,0.15843809099293515,0.13116684681143329,0.10472349358477542,0.10042215203069021,0.00745678155065046,0.00745678155065046,0.0,0.0,0.0,0.0,0.005381882626870202,0.005381882626870202,0.005381882626870202,0.008839875824830017
1114370,Generic,Random,0.42501464889378376,0.1736930826488428,0.020410188351130464,0.3852749211049844,0.3582083172974807,0.37567905149261505,0.3330924821093964,0.27375620582927057,0.2584884914525452,0.17260943829691558,0.14745298151832525,0.10194034511751043,0.10671342823036606,0.0,0.0,0.0,0.0,0.00978982500006666,0.018034159960526222,0.018034159960526222,0.02444516113981775,0.007908292626553943,0.008534691671626298
1012654,Generic,LIME,0.9940676477440031,0.729471631307119,0.22139818257609725,0.7048967572830876,0.45579954300317604,0.29745575662684287,0.23761427553541556,0.22763334309439412,0.19775358852938926,0.1691708217765664,0.14382802441608922,0.11959450457868741,0.09221354952519391,0.07325055954491103,0.13334180144786129,0.17288693693530505,0.22683556464292692,0.36744511726770546,0.2764905375868077,0.2300185206495649,0.2576576914775407,0.24441117370333917,0.2185098024262209
1012654,Generic,TreeSHAP,0.9940676477440031,0.7865611843531095,0.05133674552110929,0.5048591868232234,0.5106143624721884,0.30945945336243263,0.22394187207136337,0.1270145197905615,0.08083065445684662,0.08083065445684662,0.09625327771652684,0.06008982338620279,0.08117082937274481,0.02008860990583229,0.02008860990583229,0.02008860990583229,0.019829629069749003,0.04982049280504812,0.03793609063640296,0.03793609063640296,0.031499126147335736,0.13651735980879023,0.13651735980879023
1012654,Generic,Random,0.9940676477440031,0.5329118637643776,0.024159253180938214,0.6555885573964398,0.5844388011408923,0.6071035730417308,0.5974368265222785,0.5682113975740054,0.5682113975740054,0.2764141336467477,0.25007459212231375,0.2503018620113829,0.25377669876645886,0.025949331818861145,0.025949331818861145,0.01595976991176017,0.01595976991176017,0.013346820098081656,0.013346820098081656,0.02991663592746085,0.02991663592746085,0.02991663592746085,0.03989756836848227
1745123,Generic,LIME,0.9158434480546405,0.7364112394773219,0.26396789930782144,0.6801655935095233,0.41838885732160674,0.27309326059534905,0.12256680180875647,0.060486890059846275,0.059387869673679,0.04964685050976229,0.04964685050976229,0.03964685050976229,0.041292261275137715,0.05615923204920855,0.09323523991458132,0.1131166086305812,0.14271245953893888,0.3162336897864594,0.3111961532668591,0.31742892702411635,0.307325251683794,0.37309574232982035,0.3870294065537943
1745123,Generic,TreeSHAP,0.9158434480546405,0.46734987928104327,0.03402648512000236,0.823330031058839,0.4248410022012989,0.4368308538176744,0.4089112576475313,0.4020054011187781,0.470052339505035,0.4504543263358613,0.38728810629219645,0.34502304977708503,0.33619931998167224,0.025949331818861145,0.031246809532333216,0.031246809532333216,0.031720535395456745,0.031720535395456745,0.031720535395456745,0.03146155455937345,0.03240516464721703,0.03240516464721703,0.03175289365112343
1745123,Generic,Random,0.9158434480546405,0.5662193666764738,0.11075347516964251,0.42901687261060373,0.36463635103219194,0.34615130664272087,0.3355619537107883,0.33556195371078834,0.3304891186254586,0.33048911862545866,0.3347780462745522,0.3447780462745523,0.3447780462745523,0.031246809532333216,0.1180889423532467,0.10606649850627825,0.10646503287416124,0.10646503287416124,0.10646503287416124,0.10646503287416124,0.10507086635727746,0.11399759879410677,0.11399759879410677
1975467,Generic,LIME,0.5658584870181924,0.4935006948952436,0.10866075385784793,0.32915644925347975,0.17338198790178994,0.10790460529945659,0.025331813671204212,0.01897094244974752,0.013766424530761955,0.013766424530761955,0.013766424530761955,0.013766424530761955,0.013766424530761955,0.00745678155065046,0.022271589415679315,0.022271589415679315,0.03862918709812042,0.0569207114239525,0.06671053642401915,0.10257777031810703,0.10325345581768124,0.10683353664795751,0.08794093965073352
1975467,Generic,TreeSHAP,0.5658584870181924,0.3969771461222694,0.008458259557532606,0.27437782607578415,0.24361661263914097,0.23965820888693018,0.2366213610106294,0.20945707793807083,0.2099140129605667,0.08461134767022407,0.07770107901711289,0.05642794138038563,0.05642794138038563,0.015108613563444208,0.00745678155065046,0.00745678155065046,0.00745678155065046,0.0,0.0,0.0,0.0,0.0011314513228715473,0.009251370022058537
1975467,Generic,Random,0.5658584870181924,0.34086109230202055,0.03374031976591209,0.4617574426344031,0.3720773342307475,0.27128701079105483,0.23089374616446448,0.18209572607842767,0.17026825339422472,0.17026825339422472,0.16535611789851096,0.11298503128783045,0.11298503128783045,0.00745678155065046,0.00745678155065046,0.01484645413452874,0.02407659046778223,0.02407659046778223,0.016619808917131773,0.016619808917131773,0.023476217779582496,0.028146714578625068,0.028146714578625068
1007789,Generic,LIME,0.9941073952305594,0.7327793449356639,0.22185748406481717,0.7250193933783935,0.45583929048973204,0.29749550411339887,0.23765402302197156,0.22767309058095012,0.1791749376313159,0.16921056926312236,0.14931278893052888,0.11963425206524342,0.05226665347429896,0.08605782236007864,0.13334180144786129,0.17288693693530505,0.22683556464292692,0.36744511726770557,0.30900828172966593,0.2300185206495649,0.22780589581293742,0.24441117370333917,0.20769054141142262
1007789,Generic,TreeSHAP,0.9941073952305594,0.7860214395261135,0.05133469291933585,0.5106541099587444,0.5106143624721884,0.30945945336243263,0.22394187207136337,0.1270145197905615,0.08083065445684662,0.08083065445684662,0.09625327771652682,0.0600898233862028,0.08117082937274481,0.02008860990583229,0.02008860990583229,0.02008860990583229,0.019829629069749003,0.04982049280504812,0.03793609063640296,0.03793609063640296,0.031499126147335736,0.13651735980879023,0.13651735980879023
1007789,Generic,Random,0.9941073952305594,0.22017887341561612,0.03275025850223046,0.9854511733775654,0.9177160967984348,0.9177160967984347,0.7909430272868029,0.7226449790773174,0.7144209381148285,0.7144209381148285,0.688813733119631,0.6696405360784827,0.6175176993831061,0.03246671222640173,0.032461501347223434,0.032461501347223434,0.032461501347223434,0.032461501347223434,0.032461501347223434,0.032461501347223434,0.032461501347223434,0.032461501347223434,0.03341401872360896
1854085,Generic,LIME,0.936294809642808,0.7901933077152359,0.2953779699570545,0.5565501596484534,0.3036119028419233,0.2138903042887165,0.1152664254189893,0.07590410940136048,0.07590410940136048,0.045904749095110234,0.027994419726602215,0.027994419726602215,0.017994419726602214,0.08487566632287859,0.14630653086733827,0.19421091060473716,0.243482229659695,0.31034130594437775,0.3186394647591165,0.36881168274145293,0.3496740956626412,0.3653805999536526,0.383886115020304
1854085,Generic,TreeSHAP,0.936294809642808,0.46517179502323486,0.043708943031200875,0.7983478221159779,0.7190897187372296,0.6440456298765518,0.6212033543600282,0.4822595466752127,0.3979184678482159,0.3542227867333039,0.23416050849548703,0.23298517083546297,0.22699714051826142,0.025949331818861145,0.025949331818861145,0.024881509274446746,0.02395418963836238,0.02442791550148591,0.02442791550148591,0.02822609610321796,0.07714275843138145,0.07714275843138145,0.07714275843138145
1854085,Generic,Random,0.936294809642808,0.4843073100043783,0.06286297176135484,0.8154646734803993,0.7756876152303009,0.4454620420867452,0.4454620420867452,0.3923075614395913,0.3960696717276454,0.3296938306012517,0.30657585324387204,0.306575853243872,0.306575853243872,0.025949331818861145,0.025949331818861145,0.08605782236007864,0.08605782236007864,0.07608907140269375,0.06990411837099432,0.06080639109384322,0.05258961752112619,0.05258961752112619,0.05258961752112619
1698295,Reconnaissance,LIME,0.5586508988361087,0.4851329862007871,0.009869777785257577,0.33145004480499834,0.1625728440477313,0.1163840178627254,0.03633499637027302,0.0233432577653749,0.01622469319511695,0.01617431682113612,0.020930007361348136,0.005882474062255969,0.005882474062255969,0.0,0.0,0.0,0.0,0.0001678089058201051,0.0001678089058201051,0.0001678089058201051,0.009703504621098119,0.02246533548595481,0.02246533548595481
1698295,Reconnaissance,TreeSHAP,0.5586508988361087,0.47187686220083586,0.004179784148910673,0.3835506568026766,0.24252954901482063,0.12217125799364212,0.06566813632683074,0.018257051483735322,0.004873099101196187,0.014600884172750704,0.00536324381902588,0.00536324381902588,0.00536324381902588,0.0,0.0,0.0,0.0,0.0,0.0,0.0,0.0,0.0029089188319855906,0.020441482885313077
1698295,Reconnaissance,Random,0.5586508988361087,0.35888066518482964,0.004623836344852383,0.5586508988361087,0.48315183797872363,0.2614340853096614,0.19203034751940343,0.17310876936952194,0.08592149356137935,0.08505208422865543,0.08412042633671427,0.03711619668631158,0.03711619668631158,0.0,0.0,0.0,0.0,0.0,0.0022412407954853332,0.0022412407954853332,0.0003835405227764483,0.010482540593740701,0.010482540593740701
1971205,Reconnaissance,LIME,0.9784592648936946,0.8435448045413919,0.015121114622797195,0.6373171841873938,0.3227601887674247,0.19946567339033855,0.0986200324975281,0.03928218793338744,0.021641376981336957,0.012725340162861117,0.012725340162861117,0.0019761973319381136,0.0026310821079569037,0.0,0.0,0.0,0.0,0.010247934945472699,0.003334022172241578,0.024797861833670914,0.024965670739491016,0.03496117758691076,0.049647279704167435
1971205,Reconnaissance,TreeSHAP,0.9784592648936946,0.8150688501749205,0.0030660105071188223,0.6399573953802525,0.390103802050059,0.23385219361813278,0.12978663043743316,0.07979000616052505,0.04885553270053772,0.04237783637169737,0.027220348137796214,0.026288722104747052,0.015671680226561506,0.0,0.0,0.0,0.0,0.0,0.0,5.044960032787833e-05,0.009983071423063462,0.009983071423063462,0.009983071423063462
1971205,Reconnaissance,Random,0.9784592648936946,0.42547672900281536,0.0,0.748342500471568,0.7483425004715683,0.6791483823207137,0.6341679886413792,0.5748598012378254,0.4809109498017527,0.44947696277850285,0.43441163591251936,0.43441163591251936,0.3457530013604436,0.0,0.0,0.0,0.0,0.0,0.0,0.0,0.0,0.0,0.0
1906012,Reconnaissance,LIME,0.9784592648936946,0.8342530830201165,0.018250962505272573,0.6242733638995288,0.3227601887674247,0.19946567339033855,0.15868265604219287,0.08747402247528069,0.021641376981336957,0.021641376981336957,0.002170765534466383,0.0019761973319381136,0.0019761973319381136,0.0,0.0,0.0,0.0,5.044960032787833e-05,0.003334022172241578,0.003501831078061683,0.03920580110931792,0.054228259946294335,0.07825786965887045
1906012,Reconnaissance,TreeSHAP,0.9784592648936946,0.8150688501749205,0.0030660105071188223,0.6399573953802525,0.390103802050059,0.23385219361813278,0.12978663043743316,0.07979000616052506,0.04885553270053772,0.04237783637169737,0.027220348137796214,0.026288722104747052,0.015671680226561506,0.0,0.0,0.0,0.0,0.0,0.0,5.044960032787833e-05,0.009983071423063462,0.009983071423063462,0.009983071423063462
1906012,Reconnaissance,Random,0.9784592648936946,0.7100120780435005,0.008102906740659705,0.8296688436450578,0.5072967925108374,0.47744268138709317,0.27581017637968497,0.250050883797591,0.17857805091251902,0.05952830775290817,0.05952830775290817,0.019755661403076087,0.026812162960265448,0.0,0.0,0.0,0.0,0.0,0.0001678089058201051,0.007081721679051226,0.016970062251270086,0.02753202444676959,0.027532024446769582
1538156,Reconnaissance,LIME,0.978888824704281,0.8362620095118688,0.04153605844932859,0.6461261161636099,0.35285378387013017,0.2177430962917731,0.07657359357903322,0.06314335849378631,0.03923128259168516,0.01937414967301995,0.010391774044142647,0.0006948346120208729,0.00013616260492114576,0.0,0.0,0.0,0.006913912773231121,0.011923545070743478,0.028000226605217234,0.05130687579596924,0.08219441340195942,0.10759927586622142,0.11865358486977394
1538156,Reconnaissance,TreeSHAP,0.978888824704281,0.8321706962323585,0.0,0.6189590885221294,0.26186305874973265,0.224948086445736,0.1566354269431861,0.07510324595476688,0.042532577956092756,0.009958432620007262,0.027188668686972353,0.027188668686972353,0.0228040301536268,0.0,0.0,0.0,0.0,0.0,0.0,0.0,0.0,0.0,0.0
1538156,Reconnaissance,Random,0.978888824704281,0.2653995843674625,4.172974544753232e-05,0.9596103960795677,0.9596103960795679,0.9399022031109916,0.8252241625627781,0.7273037444506188,0.7273037444506188,0.7174910475124797,0.4976504364131727,0.3944469336268662,0.38634933908152264,0.0,0.0,0.0,0.0,0.0,0.0,0.0,0.00013616260492114576,0.00013616260492114576,0.00013616260492114576
1009520,Reconnaissance,LIME,0.4696550901875039,0.3962628037026147,0.03815825783800727,0.2979240375941887,0.18187575540675993,0.11227996224023357,0.04178789851747457,0.02465705754926893,0.0166894648238326,0.0166894648238326,0.0166894648238326,0.0166894648238326,0.00864029424563612,0.0,0.0,0.0,0.0,0.009970344322786578,0.01987542955976297,0.01987542955976297,0.03983367346787595,0.03983367346787595,0.04982364988500893
1009520,Reconnaissance,TreeSHAP,0.4696550901875039,0.2973430984593547,0.0021054432734957046,0.3695997638514902,0.2930971243884495,0.2930971243884494,0.1783249367982908,0.14360037552079144,0.1249686605206702,0.08963349996340213,0.0795484037945938,0.08062492837088751,0.07062509968446773,0.0,0.0,0.0,0.0,0.0,0.0,0.0,0.0,0.0,0.009888321504982985
1009520,Reconnaissance,Random,0.4696550901875039,0.13972498109286136,0.0,0.4307317966239656,0.43073179662396555,0.43073179662396555,0.387225026204453,0.3872250262044531,0.3476978273733493,0.32037945544483454,0.21800853499110445,0.17953059384366774,0.16703923701266674,0.0,0.0,0.0,0.0,0.0,0.0,0.0,0.0,0.0,0.0
1064928,Reconnaissance,LIME,0.7305538198857068,0.6259960166321219,0.009045310771421334,0.4452818984527325,0.23238459276235396,0.1548412056855628,0.05628212980372158,0.04904890235474306,0.04904890235474306,0.031096335676443595,0.014776320766407027,0.00640887233957058,0.00640887233957058,0.0,0.0,0.0,0.0,0.0001678089058201051,0.0001678089058201051,0.010163315753239843,0.010163315753239843,0.02246533548595481,0.022953278557077142
1064928,Reconnaissance,TreeSHAP,0.7305538198857068,0.633436557152154,0.0,0.4395893143872888,0.2505658293420965,0.1382545701246852,0.08383052809096585,0.033155317320201806,0.00105897625466888,0.006201193132738549,0.01554091960155811,0.002466628347511801,0.0005093507338131482,0.0,0.0,0.0,0.0,0.0,0.0,0.0,0.0,0.0,0.0
1064928,Reconnaissance,Random,0.7305538198857068,0.37203799601344806,0.0017263790622026158,0.663489851330059,0.5167223633045275,0.4571430199690414,0.41067004344799557,0.41067004344799557,0.41067004344799557,0.23135764236821277,0.2030608842723936,0.14068717356718313,0.14068717356718313,0.0,0.0,0.0,0.0,0.0,0.0,0.0,0.0,0.006306064092314125,0.006306064092314125
1848598,Reconnaissance,LIME,0.9784592648936946,0.8333986001659449,0.017912241239103448,0.6373171841873937,0.3227601887674247,0.19946567339033855,0.15868265604219284,0.08747402247528069,0.021641376981336957,0.012725340162861117,0.004282003969364988,0.004282003969364988,0.0019761973319381136,0.0,0.0,0.0,0.0,5.044960032787833e-05,0.003334022172241578,0.024797861833670914,0.027394838911924787,0.04142894177708119,0.07825786965887045
1848598,Reconnaissance,TreeSHAP,0.9784592648936946,0.8150688501749205,0.0030660105071188223,0.6399573953802525,0.390103802050059,0.2338521936181328,0.12978663043743313,0.07979000616052505,0.04885553270053772,0.04237783637169737,0.027220348137796214,0.026288722104747052,0.015671680226561506,0.0,0.0,0.0,0.0,0.0,0.0,5.044960032787833e-05,0.009983071423063462,0.009983071423063462,0.009983071423063462
1848598,Reconnaissance,Random,0.9784592648936946,0.5316305542652693,0.0,0.9784592648936947,0.8053089130483285,0.5374743505626185,0.5152569079648538,0.36237044487774467,0.36237044487774467,0.3523816430827076,0.19750476328803554,0.19272652252311726,0.16443385116540868,0.0,0.0,0.0,0.0,0.0,0.0,0.0,0.0,0.0,0.0
1917532,Reconnaissance,LIME,0.9784592648936945,0.8312150294703272,0.01598295942498131,0.6373171841873937,0.3227601887674247,0.19946567339033855,0.11018672575827408,0.08747402247528069,0.08747402247528069,0.021641376981336957,0.002170765534466383,0.0019761973319381136,0.0019761973319381136,0.0,0.0,0.0,0.006913912773231121,5.044960032787833e-05,5.044960032787833e-05,0.003501831078061683,0.03920580110931792,0.054228259946294335,0.05243604319036873
1917532,Reconnaissance,TreeSHAP,0.9784592648936945,0.8150688501749205,0.0030660105071188227,0.6399573953802524,0.390103802050059,0.23385219361813278,0.12978663043743316,0.07979000616052505,0.04885553270053773,0.04237783637169737,0.027220348137796214,0.026288722104747052,0.015671680226561506,0.0,0.0,0.0,0.0,0.0,0.0,5.044960032787833e-05,0.009983071423063462,0.009983071423063462,0.009983071423063462
1917532,Reconnaissance,Random,0.9784592648936945,0.5202635883355052,0.0,0.9784592648936946,0.6049908356379402,0.5447114427691634,0.4517023433573897,0.4422062240047005,0.43221742220966336,0.36798670782719545,0.29343180965303495,0.23334455512904714,0.23290616010006357,0.0,0.0,0.0,0.0,0.0,0.0,0.0,0.0,0.0,0.0
1580943,Reconnaissance,LIME,0.9784592648936946,0.8436297981815791,0.017943566483129475,0.6242733638995289,0.3227601887674247,0.19946567339033855,0.11018672575827405,0.03928218793338744,0.02185588039739292,0.012725340162861117,0.012725340162861117,0.0029462735026349533,0.0020736931464533956,0.0,0.0,0.0,0.006913912773231121,0.010247934945472699,0.023499205519597055,0.024797861833670914,0.024965670739491016,0.03585418026208981,0.0492917226329874
1580943,Reconnaissance,TreeSHAP,0.9784592648936946,0.8150688501749205,0.0030660105071188223,0.6399573953802525,0.390103802050059,0.23385219361813278,0.12978663043743313,0.07979000616052505,0.04885553270053772,0.04237783637169737,0.027220348137796214,0.026288722104747052,0.015671680226561506,0.0,0.0,0.0,0.0,0.0,0.0,5.044960032787833e-05,0.009983071423063462,0.009983071423063462,0.009983071423063462
1580943,Reconnaissance,Random,0.9784592648936946,0.3740706789576308,0.0020343305085990864,0.9784592648936947,0.9585657044743257,0.8606612745839413,0.6914513087737733,0.5943141205782075,0.5343439350940611,0.44334401974890497,0.38354868723041996,0.3774004874764536,0.22179705650685574,0.0,0.0,0.0,0.0,0.0,0.0006429871713234897,0.0006429871713234897,0.0017094968810071063,0.0026310821079569037,0.01427854200833579
1358836,Reconnaissance,LIME,0.9784592648936945,0.8438128364667943,0.007859056960572342,0.6242733638995289,0.3227601887674247,0.19946567339033855,0.09862003249752811,0.03928218793338744,0.021641376981336957,0.010892234150413951,0.010892234150413951,0.010892234150413951,0.007744758348215335,0.0,0.0,0.0,0.0,0.010247934945472699,0.003334022172241578,0.003334022172241578,0.01349733792548142,0.01833454561565611,0.02814980813289947
1358836,Reconnaissance,TreeSHAP,0.9784592648936945,0.8150688501749205,0.0030660105071188227,0.6399573953802526,0.390103802050059,0.23385219361813278,0.12978663043743313,0.07979000616052505,0.04885553270053772,0.04237783637169737,0.027220348137796214,0.026288722104747052,0.015671680226561506,0.0,0.0,0.0,0.0,0.0,0.0,5.044960032787833e-05,0.009983071423063462,0.009983071423063462,0.009983071423063462
1358836,Reconnaissance,Random,0.9784592648936945,0.6549195454449387,0.0015517188118262387,0.8377359091882305,0.5447152329552988,0.44544371212360473,0.3330954665846312,0.32694726683066494,0.32694726683066483,0.1707614995642213,0.09921837308066057,0.08088515161613677,0.06964731571344428,0.0,0.0,0.0,0.0,0.0009101692798865014,0.0009101692798865014,0.0009101692798865014,0.0009101692798865014,0.003212533535157933,0.008329725824708248
1183173,Reconnaissance,LIME,0.978888824704281,0.8452920520691365,0.03248702920161698,0.6562197642535915,0.35285378387013017,0.16778170564406544,0.07657359357903323,0.04007311753932635,0.019443266774933295,0.01990043855103835,0.00045717177610505184,0.00045717177610505184,0.0022077125871173063,0.0,0.0,0.006913912773231121,0.006913912773231121,0.010400918851150926,0.020564234604390767,0.048034537812802446,0.06388551641601584,0.08229270852553004,0.07900615657669277
1183173,Reconnaissance,TreeSHAP,0.978888824704281,0.8321706962323585,0.0,0.6189590885221294,0.26186305874973265,0.224948086445736,0.1566354269431861,0.07510324595476688,0.042532577956092756,0.009958432620007262,0.027188668686972353,0.027188668686972353,0.0228040301536268,0.0,0.0,0.0,0.0,0.0,0.0,0.0,0.0,0.0,0.0
1183173,Reconnaissance,Random,0.978888824704281,0.5310692651403237,0.0026731590128645484,0.6949539288830929,0.6095194034883747,0.5600481939175103,0.5505179495991799,0.49145830207524943,0.49145830207524943,0.3622249465474542,0.3171693587203456,0.25190670773569335,0.14893850259742342,0.0,0.0,0.0,0.0,0.0,0.0,0.0,0.00667088623074012,0.009748184306383108,0.009748184306383108
1267604,Reconnaissance,LIME,0.9788888247042812,0.8475806852776812,0.034974362556124405,0.6562197642535912,0.35285378387013017,0.16778170564406544,0.07657359357903323,0.04007311753932635,0.019443266774933295,0.0,0.0,0.0,0.00013616260492114576,0.0,0.0,0.006913912773231121,0.006913912773231121,0.010400918851150926,0.020564234604390767,0.030368263664145828,0.06762290207826697,0.08092239695926974,0.11865358486977394
1267604,Reconnaissance,TreeSHAP,0.9788888247042812,0.8321706962323588,0.0,0.6189590885221294,0.26186305874973265,0.224948086445736,0.1566354269431861,0.07510324595476688,0.042532577956092756,0.009958432620007262,0.027188668686972353,0.027188668686972353,0.0228040301536268,0.0,0.0,0.0,0.0,0.0,0.0,0.0,0.0,0.0,0.0
1267604,Reconnaissance,Random,0.9788888247042812,0.5493259830468242,0.0,0.8642107841560677,0.8642107841560679,0.8522155567327951,0.6776706990577854,0.3952385842506305,0.237726681640346,0.15437850237433365,0.1014548980799991,0.08208981716551056,0.06643210896103356,0.0,0.0,0.0,0.0,0.0,0.0,0.0,0.0,0.0,0.0
1380557,Reconnaissance,LIME,0.9784592648936946,0.8444514871045513,0.015081475336343984,0.6373171841873937,0.3227601887674247,0.19946567339033855,0.0986200324975281,0.03928218793338744,0.021641376981336957,0.012927821594286822,0.0030433458906479406,0.0029462735026349533,0.0020736931464533956,0.0,0.0,0.0,0.0,0.010247934945472699,0.003334022172241578,0.01331709359530504,0.01331709359530504,0.03585418026208981,0.07149576814070106
1380557,Reconnaissance,TreeSHAP,0.9784592648936946,0.8150688501749205,0.0030660105071188223,0.6399573953802525,0.39010380205005896,0.2338521936181328,0.12978663043743316,0.07979000616052506,0.04885553270053773,0.04237783637169737,0.027220348137796214,0.026288722104747052,0.015671680226561506,0.0,0.0,0.0,0.0,0.0,0.0,5.044960032787833e-05,0.009983071423063462,0.009983071423063462,0.009983071423063462
1380557,Reconnaissance,Random,0.9784592648936946,0.5411540953393574,0.00045999975274938317,0.8041242167714043,0.8041242167714041,0.5483217313832425,0.4952846223970072,0.36176027624924223,0.3036355414211617,0.2639502726374775,0.2639502726374775,0.26395027263747745,0.2639502726374775,0.0,0.0,0.0,0.0006429871713234897,0.0006429871713234897,0.0006429871713234897,0.0006429871713234897,0.0006429871713234897,0.0006429871713234897,0.0006429871713234897
1732218,Reconnaissance,LIME,0.978888824704281,0.8470907747327712,0.03034322381829412,0.6461261161636099,0.35285378387013017,0.16778170564406544,0.07657359357903323,0.052079977543999977,0.019443266774933295,0.0,0.00045717177610505184,0.00045717177610505184,0.0022077125871173063,0.0,0.0,0.006913912773231121,0.006913912773231121,0.007081721679051226,0.020564234604390767,0.030368263664145828,0.06388551641601584,0.08229270852553004,0.07900615657669277
1732218,Reconnaissance,TreeSHAP,0.978888824704281,0.8321706962323585,0.0,0.6189590885221294,0.26186305874973265,0.224948086445736,0.1566354269431861,0.07510324595476688,0.042532577956092756,0.009958432620007262,0.027188668686972353,0.027188668686972353,0.0228040301536268,0.0,0.0,0.0,0.0,0.0,0.0,0.0,0.0,0.0,0.0
1732218,Reconnaissance,Random,0.978888824704281,0.5721270135652975,0.0,0.8807671313205842,0.5405998998718765,0.5211211710321715,0.4457831556384142,0.4163006305680679,0.3772000129093774,0.2775286880152615,0.24043295563006467,0.1839422332020086,0.1839422332020086,0.0,0.0,0.0,0.0,0.0,0.0,0.0,0.0,0.0,0.0
1729193,Reconnaissance,LIME,0.9784592648936946,0.8442240459746007,0.01895443949007026,0.6373171841873937,0.3227601887674246,0.19946567339033855,0.0986200324975281,0.03928218793338744,0.021641376981336957,0.012725340162861117,0.004282003969364988,0.004282003969364988,0.0019761973319381136,0.0,0.0,0.0,0.0,0.010247934945472699,0.003334022172241578,0.024797861833670914,0.027394838911924787,0.04142894177708119,0.07825786965887045
1729193,Reconnaissance,TreeSHAP,0.9784592648936946,0.8150688501749205,0.0030660105071188223,0.6399573953802525,0.390103802050059,0.23385219361813278,0.12978663043743316,0.07979000616052506,0.04885553270053772,0.04237783637169737,0.027220348137796214,0.026288722104747052,0.015671680226561506,0.0,0.0,0.0,0.0,0.0,0.0,5.044960032787833e-05,0.009983071423063462,0.009983071423063462,0.009983071423063462
1729193,Reconnaissance,Random,0.9784592648936946,0.6039659271560623,0.0014988733700336673,0.7535947480352951,0.5097088089115702,0.49980722322373766,0.46018308885859566,0.305610178879935,0.305610178879935,0.28808272678774677,0.24527330733893138,0.19349793522176706,0.18356518123880983,0.0,0.0,0.0,0.0,0.003661251338856823,0.003661251338856823,0.003661251338856823,0.003661251338856823,1.0430001345738554e-05,1.0430001345738554e-05
1260296,Reconnaissance,LIME,0.9784592648936947,0.8340118671621646,0.01695830622842705,0.6242733638995288,0.3227601887674247,0.19946567339033855,0.11018672575827405,0.11018672575827405,0.03928218793338744,0.021641376981336957,0.012725340162861117,0.0019761973319381136,0.0019761973319381136,0.0,0.0,0.0,0.006913912773231121,0.006913912773231121,0.010415743851292805,0.003501831078061683,0.024965670739491016,0.03496117758691076,0.07825786965887045
1260296,Reconnaissance,TreeSHAP,0.9784592648936947,0.8150688501749206,0.003066010507118822,0.6399573953802524,0.390103802050059,0.2338521936181328,0.12978663043743316,0.07979000616052505,0.04885553270053772,0.04237783637169737,0.027220348137796214,0.026288722104747052,0.015671680226561506,0.0,0.0,0.0,0.0,0.0,0.0,5.044960032787833e-05,0.009983071423063462,0.009983071423063462,0.009983071423063462
1260296,Reconnaissance,Random,0.9784592648936947,0.3908574807908588,0.00026285700157107614,0.8377359091882305,0.6954312188278118,0.5748407409075255,0.5748407409075255,0.5748407409075255,0.5748407409075255,0.5524754224806836,0.4970041089671771,0.4970041089671771,0.4970041089671772,0.0,0.0,0.0,0.0,0.0,0.0,0.0006429871713234897,0.0006429871713234897,0.0006429871713234897,0.0006429871713234897
1592540,Reconnaissance,LIME,0.9784592648936945,0.8369066903378741,0.01627425442042904,0.6373171841873937,0.3227601887674247,0.19946567339033855,0.11018672575827405,0.08747402247528069,0.021641376981336957,0.021641376981336957,0.010892234150413951,0.002170765534466383,0.0019761973319381136,0.0,0.0,0.0,0.006913912773231121,5.044960032787833e-05,0.003334022172241578,0.003501831078061683,0.01349733792548142,0.05368152696084547,0.07825786965887045
1592540,Reconnaissance,TreeSHAP,0.9784592648936945,0.8150688501749205,0.0030660105071188227,0.6399573953802526,0.390103802050059,0.23385219361813278,0.12978663043743313,0.07979000616052505,0.04885553270053772,0.04237783637169737,0.027220348137796214,0.026288722104747052,0.015671680226561506,0.0,0.0,0.0,0.0,0.0,0.0,5.044960032787833e-05,0.009983071423063462,0.009983071423063462,0.009983071423063462
1592540,Reconnaissance,Random,0.9784592648936945,0.6444406183359783,0.0,0.8053089130483286,0.6255512621514101,0.4030269343076766,0.30726402569087824,0.2462203815598077,0.2357114541381922,0.2357114541381922,0.18771230459540975,0.1874598360665923,0.10621989988067425,0.0,0.0,0.0,0.0,0.0,0.0,0.0,0.0,0.0,0.0
1899432,Reconnaissance,LIME,0.9784592648936946,0.8416605108015622,0.013914810263728539,0.6242733638995289,0.3227601887674247,0.19946567339033855,0.11018672575827405,0.03928218793338744,0.021641376981336957,0.021641376981336957,0.012725340162861117,0.013380224938879906,0.0026310821079569037,0.0,0.0,0.0,0.006913912773231121,0.010247934945472699,0.003334022172241578,0.003501831078061683,0.024965670739491016,0.03754009880516509,0.049647279704167435
1899432,Reconnaissance,TreeSHAP,0.9784592648936946,0.8150688501749205,0.0030660105071188223,0.6399573953802525,0.39010380205005896,0.2338521936181328,0.12978663043743313,0.07979000616052505,0.04885553270053772,0.04237783637169737,0.027220348137796217,0.026288722104747052,0.015671680226561506,0.0,0.0,0.0,0.0,0.0,0.0,5.044960032787833e-05,0.009983071423063462,0.009983071423063462,0.009983071423063462
1899432,Reconnaissance,Random,0.9784592648936946,0.5125402652907902,2.8585733504249298e-05,0.8041242167714043,0.7512651621046531,0.5838423898686671,0.5736544591370167,0.3676976951982746,0.3676976951982746,0.3676976951982746,0.35903525232185907,0.2983826520052637,0.1857927782253568,0.0,0.0,0.0,0.0,0.0,0.0,0.0,0.0,0.0,0.0002796997579101483
1524875,Reconnaissance,LIME,0.978888824704281,0.8353431083985097,0.03130477880884834,0.6562197642535914,0.3528537838701301,0.2177430962917731,0.07657359357903323,0.06713183750495463,0.03313539864462056,0.013692131869687268,0.015899844456804577,0.0022077125871173063,0.0,0.0,0.0,0.0,0.006913912773231121,0.01661741739432924,0.03565695292354654,0.0454609819833016,0.047375242880032434,0.06704067698366795,0.08737379642010143
1524875,Reconnaissance,TreeSHAP,0.978888824704281,0.8321706962323585,0.0,0.6189590885221294,0.26186305874973265,0.224948086445736,0.1566354269431861,0.07510324595476688,0.04253257795609275,0.009958432620007262,0.027188668686972353,0.027188668686972353,0.0228040301536268,0.0,0.0,0.0,0.0,0.0,0.0,0.0,0.0,0.0,0.0
1524875,Reconnaissance,Random,0.978888824704281,0.47020371394099536,0.0,0.959245327461543,0.6850642923137241,0.6555048644463894,0.5421873220272161,0.4770734876518805,0.43181840811893935,0.4318184081189394,0.3078095288146759,0.30780952881467594,0.2885199398648721,0.0,0.0,0.0,0.0,0.0,0.0,0.0,0.0,0.0,0.0
1502737,Reconnaissance,LIME,0.978888824704281,0.8467406665705685,0.024754532987733273,0.6461261161636099,0.35285378387013017,0.16778170564406544,0.07657359357903323,0.052079977543999977,0.019443266774933295,0.0,0.0022077125871173063,0.0022077125871173063,0.0022077125871173063,0.0,0.0,0.006913912773231121,0.006913912773231121,0.007081721679051226,0.020564234604390767,0.030368263664145828,0.03699800696947033,0.05447314798444256,0.07900615657669277
1502737,Reconnaissance,TreeSHAP,0.978888824704281,0.8321706962323585,0.0,0.6189590885221294,0.26186305874973265,0.224948086445736,0.1566354269431861,0.07510324595476688,0.042532577956092756,0.009958432620007262,0.027188668686972353,0.027188668686972353,0.0228040301536268,0.0,0.0,0.0,0.0,0.0,0.0,0.0,0.0,0.0,0.0
1502737,Reconnaissance,Random,0.978888824704281,0.7345866893551238,0.0021329817471006885,0.881058857425745,0.5211291212435936,0.2945306136453877,0.2945306136453877,0.2052829266323345,0.049297844179824385,0.049297844179824385,0.049297844179824385,0.049297844179824385,0.049297844179824385,0.0,0.0,0.0,0.0,0.0,0.004175903991070154,0.004175903991070154,0.004175903991070154,0.004175903991070154,0.004175903991070154
1832170,Reconnaissance,LIME,0.978888824704281,0.8385329457468398,0.02926783779921692,0.6461261161636099,0.35285378387013017,0.2177430962917731,0.07657359357903323,0.04880248943644047,0.032636710769066685,0.02661528687724048,0.0,0.0022077125871173063,0.0,0.0,0.0,0.0,0.006913912773231121,0.016717941832986184,0.016885750738806285,0.03626137113013311,0.05530614357018378,0.06704067698366795,0.08737379642010143
1832170,Reconnaissance,TreeSHAP,0.978888824704281,0.8321706962323585,0.0,0.6189590885221294,0.26186305874973265,0.224948086445736,0.1566354269431861,0.07510324595476688,0.042532577956092756,0.009958432620007262,0.027188668686972353,0.027188668686972353,0.0228040301536268,0.0,0.0,0.0,0.0,0.0,0.0,0.0,0.0,0.0,0.0
1832170,Reconnaissance,Random,0.978888824704281,0.4458197243946744,0.0010215664687990454,0.9788888247042812,0.7553573141182297,0.7053438364207035,0.7053438364207035,0.4117751144412532,0.38233350139463435,0.37238747853181065,0.37238747853181065,0.3529027553481812,0.2939708631844577,0.0,0.0,0.0,0.0,0.0,0.0,0.0,0.0,0.0,0.01
1451451,Reconnaissance,LIME,0.9784592648936947,0.8436791764178014,0.007835336807908025,0.6373171841873937,0.3227601887674247,0.19946567339033855,0.0986200324975281,0.03928218793338744,0.021641376981336957,0.010892234150413951,0.01154711892643274,0.003137443962338233,0.003137443962338233,0.0,0.0,0.0,0.0,0.010247934945472699,0.003334022172241578,0.003334022172241578,0.005704153517409438,0.02700785634895452,0.027037589776282133
1451451,Reconnaissance,TreeSHAP,0.9784592648936947,0.8150688501749206,0.003066010507118822,0.6399573953802525,0.39010380205005896,0.2338521936181328,0.12978663043743316,0.07979000616052505,0.04885553270053772,0.04237783637169737,0.027220348137796217,0.026288722104747045,0.015671680226561506,0.0,0.0,0.0,0.0,0.0,0.0,5.044960032787833e-05,0.009983071423063462,0.009983071423063462,0.009983071423063462
1451451,Reconnaissance,Random,0.9784592648936947,0.42936741065752876,0.0,0.6492973293217374,0.6294340612212668,0.6294340612212668,0.6096559130586928,0.5339671128325761,0.5314712453940874,0.5243361433700008,0.5052081964915889,0.4390572397252215,0.4390572397252215,0.0,0.0,0.0,0.0,0.0,0.0,0.0,0.0,0.0,0.0
1457411,Reconnaissance,LIME,0.978888824704281,0.8435872845911698,0.029981974972289094,0.6461261161636099,0.35285378387013017,0.2177430962917731,0.07657359357903322,0.04007311753932635,0.019645693687238862,0.0,0.0,0.0,0.0,0.0,0.0,0.0,0.006913912773231121,0.010400918851150926,0.020204947910905987,0.030368263664145828,0.06762290207826697,0.061760937684555255,0.09621831946711629
1457411,Reconnaissance,TreeSHAP,0.978888824704281,0.8321706962323585,0.0,0.6189590885221294,0.26186305874973265,0.224948086445736,0.1566354269431861,0.07510324595476688,0.042532577956092756,0.009958432620007262,0.027188668686972353,0.027188668686972353,0.0228040301536268,0.0,0.0,0.0,0.0,0.0,0.0,0.0,0.0,0.0,0.0
1457411,Reconnaissance,Random,0.978888824704281,0.22821512725535809,0.0,0.9788888247042813,0.9592453274615427,0.9399668988368297,0.9399668988368294,0.6755340479953936,0.6755340479953937,0.6655880251325699,0.5967849880372668,0.5477416761917595,0.5274862392973622,0.0,0.0,0.0,0.0,0.0,0.0,0.0,0.0,0.0,0.0
1179262,Reconnaissance,LIME,0.4836414790885123,0.40111802000418245,0.008475054890215097,0.3149431082516471,0.19740509321714644,0.11943111349239684,0.05937970457799956,0.0482973485247314,0.0482973485247314,0.028001441391098628,0.009479432863547452,0.0,0.0,0.0,0.0,0.0,0.0,0.0001678089058201051,0.0001678089058201051,0.010163315753239843,0.010163315753239843,0.010163315753239843,0.010163315753239843
1179262,Reconnaissance,TreeSHAP,0.4836414790885123,0.40490760359354816,0.0022698607370394974,0.37461562541414606,0.21191011998268436,0.09573997157574446,0.051947113122823074,0.025587354776121257,0.011067241775766255,0.010564150380032146,0.003277392715953344,0.002120434472556587,0.0005093507338131482,0.0,0.0,0.0,0.0,0.0,0.0,0.0,0.0,0.005488994020933616,0.005488994020933616
1179262,Reconnaissance,Random,0.4836414790885123,0.2753845359290584,0.0,0.43454276652268403,0.2915323182269074,0.2519668419701627,0.2233321391141505,0.15667637133033044,0.15667637133033044,0.14196065577499337,0.1419606557749934,0.1419606557749934,0.14196065577499337,0.0,0.0,0.0,0.0,0.0,0.0,0.0,0.0,0.0,0.0
1649062,Reconnaissance,LIME,0.978888824704281,0.8383070793031366,0.0353161932030111,0.64612611616361,0.35285378387013017,0.2177430962917731,0.07657359357903322,0.052079977543999977,0.032636710769066685,0.019788015816751867,0.0063616902375390975,0.0015183071346183904,0.00013616260492114576,0.0,0.0,0.0,0.006913912773231121,0.007081721679051226,0.016885750738806285,0.04385120520843064,0.06715785439918263,0.08516223890677269,0.11865358486977394
1649062,Reconnaissance,TreeSHAP,0.978888824704281,0.8321706962323585,0.0,0.6189590885221294,0.26186305874973265,0.224948086445736,0.1566354269431861,0.07510324595476688,0.042532577956092756,0.009958432620007262,0.027188668686972353,0.027188668686972353,0.0228040301536268,0.0,0.0,0.0,0.0,0.0,0.0,0.0,0.0,0.0,0.0
1649062,Reconnaissance,Random,0.978888824704281,0.5017173264869346,0.0,0.8809684065921217,0.6966071160100528,0.67684839620909,0.5329879199889692,0.474173351094931,0.38622647084999456,0.2809758303570762,0.2809758303570762,0.2809758303570762,0.28097583035707613,0.0,0.0,0.0,0.0,0.0,0.0,0.0,0.0,0.0,0.0
1868897,Reconnaissance,LIME,0.9788888247042812,0.8472877797078914,0.034686794728296035,0.64612611616361,0.35285378387013017,0.16778170564406544,0.07657359357903322,0.052079977543999977,0.019443266774933295,0.0,0.00045717177610505184,0.0006948346120208729,0.0,0.0,0.0,0.006913912773231121,0.006913912773231121,0.007081721679051226,0.020564234604390767,0.030368263664145828,0.06388551641601585,0.10759927586622142,0.09621831946711629
1868897,Reconnaissance,TreeSHAP,0.9788888247042812,0.8321706962323588,0.0,0.6189590885221294,0.26186305874973265,0.224948086445736,0.1566354269431861,0.07510324595476688,0.042532577956092756,0.009958432620007262,0.027188668686972353,0.027188668686972353,0.0228040301536268,0.0,0.0,0.0,0.0,0.0,0.0,0.0,0.0,0.0,0.0
1868897,Reconnaissance,Random,0.9788888247042812,0.4263605151273622,0.0,0.939074858552391,0.9390748585523911,0.709314039312958,0.709314039312958,0.6308362182680468,0.5819269276830042,0.42072974922842155,0.2980062511243856,0.18562341072450317,0.11138274301013018,0.0,0.0,0.0,0.0,0.0,0.0,0.0,0.0,0.0,0.0
1945039,Reconnaissance,LIME,0.6620518954203193,0.4629640009220116,0.3594482039091916,0.4803312631832891,0.29681918155566667,0.2564819575778941,0.1853567315784631,0.16857952109703123,0.14124530795757917,0.13187667487522195,0.13197638279571805,0.10828723516070393,0.08992468920150948,0.12753053236330758,0.1783118999271218,0.2431487791354293,0.28944962426050114,0.33044988918559987,0.29340100444420014,0.24007018599556335,0.20440082559024358,0.25217457252963743,0.22079633360349235
1945039,Reconnaissance,TreeSHAP,0.6620518954203193,0.22971443177006617,0.027242894292399133,0.4633919569757073,0.37419278207859635,0.3922969086413321,0.4176822658020838,0.4107457154552632,0.4354759807532562,0.4414405622676969,0.46123278326199363,0.46345784063330064,0.46345784063330064,0.014218347587063083,0.01416645182848662,0.01416645182848662,0.01416645182848662,0.01416645182848662,0.024166451828486618,0.024166451828486618,0.024166451828486618,0.018489293821856517,0.01848929382185652
1945039,Reconnaissance,Random,0.6620518954203193,0.2182820082368723,0.12596196488452843,0.6469675218759017,0.6469675218759017,0.5200973767880646,0.5425460403413946,0.3812421365907697,0.34457455398359693,0.34457455398359677,0.3397151681228252,0.3355069991362095,0.3355069991362095,0.015752066404338117,0.015752066404338117,0.03194328781927471,0.022969202425801,0.11668278011735651,0.12489342133476967,0.12489342133476967,0.12115051380360561,0.12994840819122197,0.12994840819122197
1409046,Reconnaissance,LIME,0.9788888247042813,0.8392937653591763,0.029812398888912885,0.6461261161636099,0.35285378387013017,0.16778170564406544,0.07657359357903323,0.06713183750495463,0.04950367383330654,0.022838411144035654,0.013141471711913879,0.0,0.0,0.0,0.0,0.006913912773231121,0.006913912773231121,0.01661741739432924,0.026457342070378056,0.03650083467958605,0.03650083467958605,0.07123345434442774,0.09069253238506221
1409046,Reconnaissance,TreeSHAP,0.9788888247042813,0.8321706962323591,0.0,0.6189590885221294,0.26186305874973265,0.224948086445736,0.1566354269431861,0.07510324595476688,0.042532577956092756,0.009958432620007262,0.027188668686972353,0.027188668686972353,0.0228040301536268,0.0,0.0,0.0,0.0,0.0,0.0,0.0,0.0,0.0,0.0
1409046,Reconnaissance,Random,0.9788888247042813,0.5605622929744574,0.0,0.978888824704281,0.9593146946243576,0.6452693205389292,0.4764237906324273,0.43046995745835853,0.20860525726702783,0.13064133300079378,0.12353090429032598,0.12353090429032598,0.10659033049141278,0.0,0.0,0.0,0.0,0.0,0.0,0.0,0.0,0.0,0.0
1524528,Reconnaissance,LIME,0.9788888247042813,0.8376800871461885,0.028786145953611113,0.6461261161636099,0.35285378387013017,0.2177430962917731,0.12384113493648113,0.052079977543999977,0.019443266774933295,0.0,0.0,0.0,0.0,0.0,0.0,0.0,0.0001678089058201051,0.007081721679051226,0.020564234604390767,0.030368263664145828,0.05530614357018378,0.08092239695926974,0.08737379642010143
1524528,Reconnaissance,TreeSHAP,0.9788888247042813,0.8321706962323591,0.0,0.6189590885221294,0.26186305874973265,0.224948086445736,0.1566354269431861,0.07510324595476688,0.042532577956092756,0.009958432620007262,0.027188668686972353,0.027188668686972353,0.0228040301536268,0.0,0.0,0.0,0.0,0.0,0.0,0.0,0.0,0.0,0.0
1524528,Reconnaissance,Random,0.9788888247042813,0.41520583390582233,0.0017114302160896682,0.8807671313205843,0.7835011939069502,0.7835011939069498,0.7540209103895172,0.6758449910247778,0.6360978135876175,0.4202684625287993,0.3220204677060748,0.2630553750364328,0.11775236857688602,0.0,0.0,0.0,0.0,0.0,0.0,0.0,0.0,0.0,0.016752999127914094
1799840,Reconnaissance,LIME,0.9788888247042812,0.8306800849991515,0.030561207528929053,0.64612611616361,0.35285378387013017,0.2177430962917731,0.1622469443447424,0.04880248943644047,0.0368997702583833,0.013620574197386312,0.003794622488831513,0.0,0.0,0.0,0.0,0.0,0.0,0.016717941832986184,0.0264214464540843,0.03637884306864935,0.05134582046027884,0.08092239695926974,0.08737379642010143
1799840,Reconnaissance,TreeSHAP,0.9788888247042812,0.8321706962323591,0.0,0.6189590885221293,0.26186305874973265,0.224948086445736,0.1566354269431861,0.07510324595476688,0.042532577956092756,0.009958432620007262,0.027188668686972353,0.027188668686972353,0.0228040301536268,0.0,0.0,0.0,0.0,0.0,0.0,0.0,0.0,0.0,0.0
1799840,Reconnaissance,Random,0.9788888247042812,0.3955497589482719,0.0,0.9788888247042813,0.9591806317357048,0.8003264698749316,0.8003264698749318,0.53115995217132,0.4171112692101941,0.3881554027727057,0.31941387907200797,0.31941387907200786,0.31941387907200797,0.0,0.0,0.0,0.0,0.0,0.0,0.0,0.0,0.0,0.0
994104,Reconnaissance,LIME,0.9739260853138041,0.7398812244206848,0.008749128212163499,0.6411857513440417,0.3522341586769411,0.3527012134691257,0.34287022110158544,0.3348323687396574,0.15775091396578186,0.06704399968666416,0.049019222886882936,0.03281075906051188,0.01,0.0,0.0,0.0,0.0,0.0,0.006913912773231121,0.006913912773231121,0.016717941832986184,0.016885750738806285,0.037778523777554855
994104,Reconnaissance,TreeSHAP,0.9739260853138041,0.8311167450839012,0.0,0.6046902860560034,0.26701008746836036,0.19973557010067203,0.1607314777680725,0.0742479629572383,0.03245702959124422,0.011089835399145329,0.028138454117692988,0.027188668686972353,0.0228040301536268,0.0,0.0,0.0,0.0,0.0,0.0,0.0,0.0,0.0,0.0
994104,Reconnaissance,Random,0.9739260853138041,0.4899610353542725,0.0,0.7769606723965171,0.5954314147012866,0.5942902339499218,0.4511105154745783,0.4217788305391992,0.4218036160534095,0.42180361605340955,0.42180361605340955,0.42180361605340955,0.31286436832017517,0.0,0.0,0.0,0.0,0.0,0.0,0.0,0.0,0.0,0.0
1372627,Reconnaissance,LIME,0.9784592648936947,0.8340892292391248,0.01897208607565942,0.6242733638995289,0.3227601887674247,0.19946567339033855,0.15868265604219287,0.08747402247528066,0.021641376981336957,0.012725340162861117,0.012725340162861117,0.0019761973319381136,0.0019761973319381136,0.0,0.0,0.0,0.0,5.044960032787833e-05,0.003334022172241578,0.024797861833670914,0.024965670739491016,0.054228259946294335,0.07825786965887045
1372627,Reconnaissance,TreeSHAP,0.9784592648936947,0.8150688501749206,0.003066010507118822,0.6399573953802525,0.390103802050059,0.23385219361813278,0.12978663043743313,0.07979000616052506,0.04885553270053773,0.04237783637169737,0.027220348137796214,0.026288722104747052,0.015671680226561506,0.0,0.0,0.0,0.0,0.0,0.0,5.044960032787833e-05,0.009983071423063462,0.009983071423063462,0.009983071423063462
1372627,Reconnaissance,Random,0.9784592648936947,0.3017490234008665,0.0,0.9784592648936946,0.8993817412808781,0.8346146860927186,0.8346146860927186,0.6955914031094618,0.5977211154100646,0.5878163567857327,0.5877604972308815,0.37713847771211584,0.37400418632001586,0.0,0.0,0.0,0.0,0.0,0.0,0.0,0.0,0.0,0.0
1939880,Reconnaissance,LIME,0.9788888247042812,0.8441048293450877,0.03382950142477998,0.6461261161636099,0.35285378387013017,0.16778170564406544,0.07657359357903322,0.052079977543999977,0.032636710769066685,0.0098259517085548,0.0098259517085548,0.0,0.00013616260492114576,0.0,0.0,0.006913912773231121,0.006913912773231121,0.007081721679051226,0.016885750738806285,0.03782201638676285,0.055959912720220516,0.08092239695926974,0.11865358486977394
1939880,Reconnaissance,TreeSHAP,0.9788888247042812,0.8321706962323588,0.0,0.6189590885221294,0.26186305874973265,0.224948086445736,0.1566354269431861,0.07510324595476688,0.042532577956092756,0.009958432620007262,0.027188668686972353,0.027188668686972353,0.0228040301536268,0.0,0.0,0.0,0.0,0.0,0.0,0.0,0.0,0.0,0.0
1939880,Reconnaissance,Random,0.9788888247042812,0.7547977658225318,0.0,0.5449151816265883,0.4177962083718165,0.24867235631719872,0.24867235631719872,0.15178307556552112,0.136648462071907,0.13664846207190703,0.136648462071907,0.136648462071907,0.08247756233154399,0.0,0.0,0.0,0.0,0.0,0.0,0.0,0.0,0.0,0.0
1635669,Reconnaissance,LIME,0.9784592648936946,0.8275693366555397,0.010750310511286025,0.6373171841873937,0.3227601887674247,0.19946567339033855,0.15868265604219287,0.08133553167657669,0.07101893650954853,0.021641376981336957,0.012725340162861117,0.0019761973319381136,0.0019761973319381136,0.0,0.0,0.0,0.0,0.0,0.0001678089058201051,0.003501831078061683,0.024965670739491016,0.03496117758691076,0.04159092089223527
1635669,Reconnaissance,TreeSHAP,0.9784592648936946,0.8150688501749205,0.0030660105071188223,0.6399573953802525,0.39010380205005896,0.23385219361813278,0.12978663043743313,0.07979000616052506,0.04885553270053773,0.04237783637169737,0.027220348137796214,0.026288722104747052,0.015671680226561506,0.0,0.0,0.0,0.0,0.0,0.0,5.044960032787833e-05,0.009983071423063462,0.009983071423063462,0.009983071423063462
1635669,Reconnaissance,Random,0.9784592648936946,0.6546660198106707,0.0013547506916285479,0.8041242167714043,0.6448729410222128,0.48307641284012603,0.33922320618207413,0.27543882506171685,0.24249748820406977,0.2147357268150322,0.10195857808469214,0.06673061546305994,0.06527444038585102,0.0,0.0,0.0,0.0017830988602289758,0.0017830988602289758,0.0017830988602289758,0.0017830988602289758,0.0017830988602289758,0.002193649786733401,0.002146539570572653
1412976,Reconnaissance,LIME,0.9784592648936946,0.8329292441710772,0.018195085576608788,0.6373171841873937,0.3227601887674247,0.19946567339033855,0.15868265604219284,0.08747402247528069,0.021641376981336957,0.021641376981336957,0.002170765534466383,0.002170765534466383,0.0019761973319381136,0.0,0.0,0.0,0.0,5.044960032787833e-05,0.003334022172241578,0.003501831078061683,0.03920580110931792,0.05368152696084547,0.07825786965887045
1412976,Reconnaissance,TreeSHAP,0.9784592648936946,0.8150688501749205,0.0030660105071188223,0.6399573953802524,0.390103802050059,0.2338521936181328,0.12978663043743313,0.07979000616052505,0.04885553270053772,0.04237783637169737,0.027220348137796214,0.026288722104747052,0.015671680226561506,0.0,0.0,0.0,0.0,0.0,0.0,5.044960032787833e-05,0.009983071423063462,0.009983071423063462,0.009983071423063462
1412976,Reconnaissance,Random,0.9784592648936946,0.3371458327110959,6.571425039276903e-05,0.8053089130483286,0.7953201112532915,0.7953201112532916,0.7854435487785502,0.6791288533166657,0.6791288533166657,0.6276440041545162,0.4246375601132958,0.4246375601132958,0.39656480647808634,0.0,0.0,0.0,0.0,0.0,0.0,0.0,0.0,0.0,0.0006429871713234897
1517400,Reconnaissance,LIME,0.9788888247042808,0.8323462394209376,0.03584503481341129,0.6562197642535912,0.35285378387013017,0.2177430962917731,0.12384113493648113,0.04555466496248293,0.019443266774933295,0.01990043855103835,0.01990043855103835,0.00983310203704292,0.00013616260492114576,0.0,0.0,0.0,0.0001678089058201051,0.010163315753239843,0.020564234604390767,0.048034537812802446,0.06374494533250986,0.08955461272130515,0.11865358486977394
1517400,Reconnaissance,TreeSHAP,0.9788888247042808,0.8321706962323585,0.0,0.6189590885221294,0.2618630587497327,0.224948086445736,0.1566354269431861,0.07510324595476688,0.042532577956092756,0.009958432620007262,0.027188668686972353,0.027188668686972353,0.0228040301536268,0.0,0.0,0.0,0.0,0.0,0.0,0.0,0.0,0.0,0.0
1517400,Reconnaissance,Random,0.9788888247042808,0.5559057111946178,0.00024386842970821124,0.8315564804219305,0.6198464922608999,0.6198464922608999,0.40454974889696793,0.40454974889696804,0.40454974889696804,0.3646085021240035,0.26677286663195426,0.17191272444693564,0.14163833025910177,0.0,0.0,0.0,0.0021148755955532027,0.0,0.0,0.0,0.0,0.00013616260492114576,0.00013616260492114576
1014651,Reconnaissance,LIME,0.4015515640863635,0.3370818129894924,0.010249415868684782,0.2599986068751544,0.1518167470688878,0.09234777618734098,0.07755667207083665,0.034510925111589714,0.01358796018369647,0.007439411735602442,0.007439411735602442,0.0,0.0,0.0,0.0,0.0,0.0001678089058201051,0.0001678089058201051,0.0001678089058201051,0.010163315753239843,0.010163315753239843,0.010163315753239843,0.010163315753239843
1014651,Reconnaissance,TreeSHAP,0.4015515640863635,0.32682645260320664,0.00383561691392887,0.3119406668688343,0.21346616278419028,0.10162410105200459,0.05148419602720008,0.04167678985569947,0.011067241775766255,0.00486570779951611,0.0037087495561193536,0.0037087495561193536,0.0037087495561193536,0.0,0.0,0.0,0.0,0.0,0.0,0.0,0.0029089188319855906,0.0029089188319855906,0.009584142046271305
1014651,Reconnaissance,Random,0.4015515640863635,0.23549214446342406,0.0,0.3200669057298665,0.26151370415787495,0.2570868434173881,0.1795959390897764,0.13046095915855183,0.13046095915855183,0.11909347049203695,0.11109378107964162,0.09513456499338992,0.056087068952316736,0.0,0.0,0.0,0.0,0.0,0.0,0.0,0.0,0.0,0.0
1067671,Reconnaissance,LIME,0.978888824704281,0.8399950323518274,0.03627842127800151,0.6562197642535912,0.3528537838701301,0.2177430962917731,0.07657359357903323,0.052079977543999977,0.032636710769066685,0.0,0.0,0.0006948346120208729,0.00013616260492114576,0.0,0.0,0.0,0.006913912773231121,0.007081721679051226,0.016885750738806285,0.030368263664145828,0.06762290207826697,0.10759927586622142,0.11865358486977394
1067671,Reconnaissance,TreeSHAP,0.978888824704281,0.8321706962323585,0.0,0.6189590885221296,0.26186305874973265,0.224948086445736,0.1566354269431861,0.07510324595476688,0.042532577956092756,0.009958432620007262,0.027188668686972353,0.027188668686972353,0.0228040301536268,0.0,0.0,0.0,0.0,0.0,0.0,0.0,0.0,0.0,0.0
1067671,Reconnaissance,Random,0.978888824704281,0.5275093495989948,0.0,0.9591806317357048,0.7646548619916784,0.44869893044419384,0.4469512933005966,0.44695129330059663,0.4077551139460486,0.2997717711333447,0.2509574207695469,0.244436717215576,0.244436717215576,0.0,0.0,0.0,0.0,0.0,0.0,0.0,0.0,0.0,0.0
1640445,Reconnaissance,LIME,0.9788888247042813,0.8451010407764352,0.03352158811141107,0.6461261161636099,0.35285378387013017,0.16778170564406544,0.07657359357903323,0.052079977543999977,0.032636710769066685,0.0098259517085548,0.0,0.0,0.0,0.0,0.0,0.006913912773231121,0.006913912773231121,0.007081721679051226,0.016885750738806285,0.03782201638676285,0.06762290207826697,0.08092239695926974,0.10397646649738261
1640445,Reconnaissance,TreeSHAP,0.9788888247042813,0.8321706962323591,0.0,0.6189590885221294,0.26186305874973265,0.224948086445736,0.1566354269431861,0.07510324595476688,0.042532577956092756,0.009958432620007262,0.027188668686972353,0.027188668686972353,0.0228040301536268,0.0,0.0,0.0,0.0,0.0,0.0,0.0,0.0,0.0,0.0
1640445,Reconnaissance,Random,0.9788888247042813,0.552529936339388,0.0,0.6949539288830932,0.6949539288830929,0.6854236845647628,0.5981830807405479,0.43720593602522145,0.29372201208033233,0.2642982803010295,0.2642982803010295,0.17563980857904388,0.1549099432907797,0.0,0.0,0.0,0.0,0.0,0.0,0.0,0.0,0.0,0.0
998917,Reconnaissance,LIME,0.9784592648936946,0.823647263959742,0.013743908910005851,0.6242733638995288,0.3227601887674247,0.19946567339033855,0.11018672575827405,0.08747402247528069,0.08747402247528069,0.05920414864455441,0.05226189727975848,0.0029462735026349533,0.0020736931464533956,0.0,0.0,0.0,0.006913912773231121,5.044960032787833e-05,5.044960032787833e-05,0.009890374276376696,0.032427460943161464,0.03585418026208981,0.0492917226329874
998917,Reconnaissance,TreeSHAP,0.9784592648936946,0.8150688501749205,0.0030660105071188223,0.6399573953802525,0.39010380205005896,0.23385219361813278,0.12978663043743313,0.07979000616052505,0.04885553270053773,0.04237783637169737,0.027220348137796214,0.026288722104747052,0.015671680226561506,0.0,0.0,0.0,0.0,0.0,0.0,5.044960032787833e-05,0.009983071423063462,0.009983071423063462,0.009983071423063462
998917,Reconnaissance,Random,0.9784592648936946,0.5283948510789918,0.0,0.6492973293217374,0.6492973293217373,0.5023939016161776,0.5023939016161775,0.5023939016161776,0.38953352748136494,0.3594765114523307,0.3495999489775892,0.32702889619422437,0.2692288905495125,0.0,0.0,0.0,0.0,0.0,0.0,0.0,0.0,0.0,0.0
1792043,Reconnaissance,LIME,0.5108701507888385,0.4289670294971198,0.0108171901501075,0.3406881627019544,0.19298731825138302,0.11261825750075269,0.08271273672635542,0.02709061679188808,0.02709061679188808,0.012435801081838867,0.00780256769037545,0.00780256769037545,0.00780256769037545,0.0,0.0,0.0,0.0,0.0,0.0,0.0001678089058201051,0.010163315753239843,0.02246533548595481,0.02246533548595481
1792043,Reconnaissance,TreeSHAP,0.5108701507888385,0.4221941021403996,0.0030111191270960234,0.327687622909285,0.20375830619334603,0.15915509799741823,0.11339169242745545,0.036224129320183776,0.007805468724308536,0.03480495695294909,0.0029301498768574442,0.0005015310412925289,0.0005015310412925289,0.0,0.0,0.0,0.0,0.0,0.0,0.0,0.0,0.006236994996520711,0.009145913828506302
1792043,Reconnaissance,Random,0.5108701507888385,0.2697456652922423,0.0,0.29809305675108144,0.2980930567510814,0.30707395376539914,0.30707395376539914,0.26771821826294656,0.26771821826294656,0.19608372874864344,0.18381988289461687,0.18381988289461687,0.10175090286922989,0.0,0.0,0.0,0.0,0.0,0.0,0.0,0.0,0.0,0.0
1505997,Reconnaissance,LIME,0.9784592648936946,0.847117033332369,0.01414508442633946,0.6373171841873937,0.3227601887674247,0.16410405628717423,0.11018672575827405,0.03928218793338744,0.021641376981336957,0.010892234150413951,0.0019761973319381136,0.0026310821079569037,0.0026310821079569037,0.0,0.0,0.006913912773231121,0.006913912773231121,0.010247934945472699,0.003334022172241578,0.003334022172241578,0.024797861833670914,0.033214942722297115,0.049647279704167435
1505997,Reconnaissance,TreeSHAP,0.9784592648936946,0.8150688501749205,0.0030660105071188223,0.6399573953802525,0.390103802050059,0.2338521936181328,0.12978663043743316,0.07979000616052505,0.04885553270053773,0.04237783637169737,0.027220348137796214,0.026288722104747052,0.015671680226561506,0.0,0.0,0.0,0.0,0.0,0.0,5.044960032787833e-05,0.009983071423063462,0.009983071423063462,0.009983071423063462
1505997,Reconnaissance,Random,0.9784592648936946,0.5163704253690633,0.0011007063577195828,0.7483425004715681,0.635092338423081,0.6093047968776614,0.569726512941013,0.4909465398873726,0.4909465398873726,0.4044300713977792,0.3261968317265589,0.18928995203633156,0.15661231159757422,0.0,0.0,0.0,0.0,0.0017094968810071063,0.0017094968810071063,0.0017094968810071063,0.0017094968810071063,0.0017094968810071063,0.00222247893134566
1140057,Reconnaissance,LIME,0.9784592648936946,0.841220143068296,0.013202922441401107,0.624273363899529,0.3227601887674247,0.19946567339033855,0.11018672575827405,0.03928218793338744,0.03928218793338744,0.021641376981336957,0.010892234150413951,0.0019761973319381136,0.0026310821079569037,0.0,0.0,0.0,0.006913912773231121,0.010247934945472699,0.010415743851292805,0.003501831078061683,0.01349733792548142,0.03496117758691076,0.049647279704167435
1140057,Reconnaissance,TreeSHAP,0.9784592648936946,0.8150688501749205,0.0030660105071188223,0.6399573953802525,0.390103802050059,0.23385219361813278,0.12978663043743313,0.07979000616052505,0.04885553270053772,0.04237783637169737,0.027220348137796214,0.026288722104747052,0.015671680226561506,0.0,0.0,0.0,0.0,0.0,0.0,5.044960032787833e-05,0.009983071423063462,0.009983071423063462,0.009983071423063462
1140057,Reconnaissance,Random,0.9784592648936946,0.5391621176839385,0.0014398810558304317,0.7902240173949984,0.5985508134182814,0.5985508134182814,0.5985508134182815,0.5876730333315272,0.3538582074141874,0.3063068214356882,0.23940215835866113,0.15569164174494543,0.1641631521627093,0.0,0.0,0.0,0.0,0.0,0.0017830988602289758,0.0017830988602289758,0.0022214938892125983,0.0041504789922757294,0.0041504789922757294
1640880,Reconnaissance,LIME,0.9784592648936947,0.8437874790329486,0.019352599175686512,0.6242733638995288,0.3227601887674246,0.19946567339033855,0.0986200324975281,0.03928218793338744,0.02185588039739292,0.012725340162861117,0.012830749206273835,0.012830749206273835,0.0020736931464533956,0.0,0.0,0.0,0.0,0.010247934945472699,0.02349920551959705,0.024797861833670914,0.03585418026208981,0.04248392356741432,0.052474193504000705
1640880,Reconnaissance,TreeSHAP,0.9784592648936947,0.8150688501749206,0.003066010507118822,0.6399573953802525,0.39010380205005896,0.23385219361813278,0.12978663043743313,0.07979000616052506,0.04885553270053772,0.04237783637169736,0.027220348137796214,0.026288722104747052,0.015671680226561506,0.0,0.0,0.0,0.0,0.0,0.0,5.044960032787833e-05,0.009983071423063462,0.009983071423063462,0.009983071423063462
1640880,Reconnaissance,Random,0.9784592648936947,0.5634579054338478,8.79754798407747e-05,0.8041242167714043,0.8041242167714043,0.5879091028546083,0.5467471547337862,0.36721780485738087,0.36721780485738087,0.3058905214260613,0.19296081444174668,0.09257055022248828,0.08125140766220804,0.0,0.0,0.0,0.0,0.0,0.0,0.0,0.00025330167756032934,0.00030375127788820767,0.00030375127788820767
1131924,Reconnaissance,LIME,0.9784592648936947,0.8406593811445668,0.013239428945722618,0.6373171841873937,0.3227601887674247,0.19946567339033855,0.11018672575827408,0.03928218793338744,0.03928218793338744,0.021641376981336957,0.0030433458906479406,0.0029462735026349533,0.0020736931464533956,0.0,0.0,0.0,0.006913912773231121,0.010247934945472699,0.010415743851292805,0.003501831078061683,0.01331709359530504,0.03585418026208981,0.0492917226329874
1131924,Reconnaissance,TreeSHAP,0.9784592648936947,0.8150688501749206,0.003066010507118822,0.6399573953802526,0.390103802050059,0.23385219361813278,0.12978663043743313,0.07979000616052505,0.04885553270053772,0.04237783637169737,0.027220348137796214,0.026288722104747045,0.015671680226561506,0.0,0.0,0.0,0.0,0.0,0.0,5.044960032787833e-05,0.009983071423063462,0.009983071423063462,0.009983071423063462
1131924,Reconnaissance,Random,0.9784592648936947,0.6016156047367103,0.0007059152091083446,0.7483681408049327,0.6629868908852535,0.4575711429871546,0.45757114298715457,0.34836874061105094,0.3109325703158589,0.25882290837724686,0.19707408696379644,0.18098126278947152,0.14575971484792416,0.0,0.0,0.0,0.0,0.0,0.0,0.0,0.002302364255271432,0.002302364255271432,0.002302364255271432
1449685,Reconnaissance,LIME,0.978888824704281,0.8414016294327835,0.03327936596955332,0.6461261161636099,0.35285378387013017,0.2177430962917731,0.07657359357903322,0.04880248943644047,0.032636710769066685,0.0,0.0,0.0,0.00013616260492114576,0.0,0.0,0.0,0.006913912773231121,0.016717941832986184,0.016885750738806285,0.030368263664145828,0.05530614357018378,0.08092239695926974,0.11865358486977394
1449685,Reconnaissance,TreeSHAP,0.978888824704281,0.8321706962323585,0.0,0.6189590885221296,0.26186305874973265,0.224948086445736,0.1566354269431861,0.07510324595476688,0.042532577956092756,0.009958432620007262,0.027188668686972353,0.027188668686972353,0.0228040301536268,0.0,0.0,0.0,0.0,0.0,0.0,0.0,0.0,0.0,0.0
1449685,Reconnaissance,Random,0.978888824704281,0.597694235212211,0.0,0.718254502807497,0.5607947459249812,0.5162968277206401,0.4726597115686305,0.4726597115686305,0.40464907600962674,0.20526703375738695,0.170287021051851,0.14773095152240054,0.14334631298905495,0.0,0.0,0.0,0.0,0.0,0.0,0.0,0.0,0.0,0.0
1343503,Reconnaissance,LIME,0.9784592648936947,0.8430107990005972,0.013189677658549604,0.624273363899529,0.3227601887674247,0.19946567339033855,0.11018672575827405,0.03928218793338744,0.021641376981336957,0.021641376981336957,0.010892234150413951,0.002170765534466383,0.002170765534466383,0.0,0.0,0.0,0.006913912773231121,0.010247934945472699,0.003334022172241578,0.003501831078061683,0.01349733792548142,0.026754635966202627,0.06480594819900122
1343503,Reconnaissance,TreeSHAP,0.9784592648936947,0.8150688501749206,0.003066010507118822,0.6399573953802525,0.390103802050059,0.2338521936181328,0.12978663043743313,0.07979000616052505,0.04885553270053772,0.042377836371697376,0.027220348137796214,0.026288722104747052,0.015671680226561506,0.0,0.0,0.0,0.0,0.0,0.0,5.044960032787833e-05,0.009983071423063462,0.009983071423063462,0.009983071423063462
1343503,Reconnaissance,Random,0.9784592648936947,0.7019873882738266,0.0010090304346423483,0.6043327678049172,0.4769832317505046,0.4677952507938401,0.32757349281715853,0.26139903268474896,0.261399032684749,0.14897649447228076,0.09060191257630816,0.09060191257630816,0.03505563803786525,0.0,0.0,0.0,0.0,0.0,0.0,0.0,0.0,0.0,0.009872951773355173
1347747,Reconnaissance,LIME,0.978888824704281,0.8444325781558433,0.034813905364302546,0.64612611616361,0.35285378387013017,0.16778170564406544,0.07657359357903323,0.04880248943644047,0.032636710769066685,0.0098259517085548,0.0098259517085548,0.0,0.00013616260492114576,0.0,0.0,0.006913912773231121,0.006913912773231121,0.016717941832986184,0.016885750738806285,0.03782201638676285,0.055959912720220516,0.08092239695926974,0.11865358486977394
1347747,Reconnaissance,TreeSHAP,0.978888824704281,0.8321706962323585,0.0,0.6189590885221294,0.26186305874973265,0.224948086445736,0.1566354269431861,0.07510324595476688,0.042532577956092756,0.009958432620007262,0.027188668686972353,0.027188668686972353,0.0228040301536268,0.0,0.0,0.0,0.0,0.0,0.0,0.0,0.0,0.0,0.0
1347747,Reconnaissance,Random,0.978888824704281,0.5109165789461758,3.4979205430423816e-05,0.9102689135704299,0.8905607206018538,0.5874309174366321,0.49908285812614545,0.4990828581261454,0.4979414816751055,0.3414435979816129,0.24577721163321523,0.11844837450176456,0.08968552392814573,0.0,0.0,0.0,0.0,0.0,0.0,0.0,0.0,0.00017120376646438586,0.00017120376646438586
1242397,Reconnaissance,LIME,0.5420270912642945,0.4648275282501547,0.051296242470379685,0.34973657121439033,0.15812207896520536,0.14561316380408942,0.05522840503416056,0.04963227908676443,0.011831566018394237,0.0018315660183942373,0.0,0.0,0.0,0.0,0.0,0.0,0.006913912773231121,0.007081721679051226,0.020564234604390767,0.030368263664145828,0.07350426378599956,0.06248868696513441,0.07711844751812576
1242397,Reconnaissance,TreeSHAP,0.5420270912642945,0.46352665245874525,0.0,0.32836094991506376,0.13589065628748379,0.09617846306134928,0.06933071317891283,0.03295836728867946,0.021151122782399393,0.01420234813904716,0.014673325171985285,0.041097172904930826,0.031161269325641207,0.0,0.0,0.0,0.0,0.0,0.0,0.0,0.0,0.0,0.0
1242397,Reconnaissance,Random,0.5420270912642945,0.3380331475476306,7.076039721221839e-05,0.5420270912642945,0.44987626241890566,0.2739617470401656,0.2479088526961638,0.1839118216100006,0.07585685352863286,0.07585685352863286,0.08675086842581425,0.05676059848922787,0.047028488164801346,0.0,0.0,0.0,0.0,0.0,0.0,0.0,0.0,0.0,0.0003835405227764483
1238760,Reconnaissance,LIME,0.4714873237681286,0.39846622881183147,0.00869352764291016,0.30342804254514494,0.16931448120387646,0.10680700999163693,0.04686131314088558,0.0325328367128775,0.0325328367128775,0.015759334924194304,0.01210851358668322,0.005433290372397505,0.005433290372397505,0.0,0.0,0.0,0.0,0.0001678089058201051,0.0001678089058201051,0.010163315753239843,0.010163315753239843,0.010163315753239843,0.010163315753239843
1238760,Reconnaissance,TreeSHAP,0.4714873237681286,0.39009297071245863,0.000616966498428314,0.3645061664611622,0.18978527615408036,0.146895761210542,0.05084699968722351,0.032155170751714486,0.011855813962561952,0.006060609543174451,0.00698049511511086,0.0024286188355649154,0.0024286188355649154,0.0,0.0,0.0,0.0,0.0,0.0,0.0,0.0,0.0,0.0029089188319855906
1238760,Reconnaissance,Random,0.4714873237681286,0.21412618363107044,0.0,0.4386043326138789,0.4386043326138789,0.4381960849694688,0.37491910731781025,0.23259436319459215,0.14806186771214408,0.14056319933888634,0.1320930026208659,0.12512006353985594,0.10485504744920031,0.0,0.0,0.0,0.0,0.0,0.0,0.0,0.0,0.0,0.0
1733959,Shellcode,LIME,0.9667216142877448,0.8803746123175064,0.009533189836159433,0.4893805435091435,0.12124617077519678,0.09353247272613457,0.05151141895066804,0.03784460357881094,0.019512463999018684,0.01592863836359916,0.01592863836359916,0.009292534718107467,0.009292534718107467,0.0,0.0,0.0,0.0,0.0,0.009367446754929258,0.009367446754929258,0.01928467217286276,0.0270699204972572,0.0270699204972572
1733959,Shellcode,TreeSHAP,0.9667216142877448,0.8198445355854258,0.0010169520832507314,0.48532053452531954,0.3186197906023313,0.21090920964087928,0.1852463228811829,0.10636274997064038,0.07686805963080666,0.04477910018070502,0.021140524124175494,0.009762247733575303,0.009762247733575303,0.0,0.0,0.0,0.0,0.0,0.0,0.0,0.0,0.0,0.009831095595734321
1733959,Shellcode,Random,0.9667216142877448,0.5294991421020191,0.0,0.8500329808389366,0.6648484358510202,0.6648484358510202,0.41366051774587903,0.30496567668702407,0.3339832992993149,0.296038203685724,0.296038203685724,0.296038203685724,0.2517707645268913,0.0,0.0,0.0,0.0,0.0,0.0,0.0,0.0,0.0,0.0
1603572,Shellcode,LIME,0.8341982662940849,0.7310596561968268,0.0033626445714265785,0.5067000734899255,0.21044941138333925,0.13182393886179175,0.07912839669149709,0.0624648677956883,0.033488449765724085,0.007330962984615453,0.0,0.0,0.0,0.0,0.0,0.0,0.0,0.0,0.0,0.0,0.009183680909752879,0.0094337209033599,0.0094337209033599
1603572,Shellcode,TreeSHAP,0.8341982662940849,0.7662638389247134,0.0,0.27606214509750115,0.1254999109024144,0.10815602492613702,0.07819511895624241,0.04473283673663046,0.028911939717536105,0.008893148678627583,0.008893148678627583,0.0,0.0,0.0,0.0,0.0,0.0,0.0,0.0,0.0,0.0,0.0,0.0
1603572,Shellcode,Random,0.8341982662940849,0.6038246588318954,0.004080748711374958,0.5558117908499257,0.37426516345666505,0.34291577352082336,0.2413964753496454,0.21809288013113315,0.17620105110888873,0.17333109611254596,0.11544354866607859,0.08003018713046885,0.02624810829572019,0.0,0.0,0.0,0.0,0.0,0.0,0.0,0.0,0.01702076750105406,0.01702076750105406
1019006,Shellcode,LIME,0.5722004205749657,0.49266672675597034,0.0033387208480927743,0.34020260426371957,0.15513327725760148,0.08582225119928821,0.05197099130853436,0.045334887663042674,0.035703604275665636,0.035703604275665636,0.02092298818119371,0.012271364882620941,0.012271364882620941,0.0,0.0,0.0,0.0,0.0,0.0,0.0,0.0,0.009552087367305458,0.009552087367305458
1019006,Shellcode,TreeSHAP,0.5722004205749657,0.5210134006678065,0.00552354202189823,0.06225508911879239,0.039071762971448966,0.05367935244073878,0.07365377033244225,0.06324525027011903,0.06247452976891212,0.048277920054464865,0.039694624598145156,0.034839001528191776,0.03467889798833543,0.0,0.0,0.0,0.0,0.0,0.007052701116247816,0.016904396808294482,0.0002500399936070235,0.0002500399936070235,0.007148552768180292
1019006,Shellcode,Random,0.5722004205749657,0.37147439089571155,0.0,0.5645854485137005,0.35831433505091553,0.2683574343074027,0.25997025832812104,0.20016983877896644,0.056519540000530395,0.0501138285725712,0.0501138285725712,0.10446572457254664,0.09465006009521515,0.0,0.0,0.0,0.0,0.0,0.0,0.0,0.0,0.0,0.0
1241937,Shellcode,LIME,0.96333777954361,0.8766879618679695,0.007286434752001958,0.4881681864875255,0.12137131159006699,0.09353247272613457,0.05151141895066804,0.03784460357881094,0.019512463999018684,0.019512463999018684,0.012876360353526992,0.012876360353526992,0.009292534718107467,0.0,0.0,0.0,0.0,0.0,0.009367446754929258,0.009367446754929258,0.0171526950793237,0.0171526950793237,0.0171526950793237
1241937,Shellcode,TreeSHAP,0.96333777954361,0.8165126771580373,0.001020524244402819,0.48494842354588336,0.3185736724917845,0.21087536494838516,0.18521247818868875,0.10632890527814627,0.07686805963080666,0.04477910018070502,0.021140524124175494,0.009762247733575303,0.009762247733575303,0.0,0.0,0.0,0.0,0.0,0.0,0.0,0.0,0.0,0.009831095595734321
1241937,Shellcode,Random,0.96333777954361,0.39323290443588543,0.0,0.9544892744897857,0.9544892744897858,0.8381751737040317,0.8381751737040317,0.43044785330474705,0.45038692002009767,0.44047296323760166,0.3995662226987035,0.24374534278935822,0.15110055263910271,0.0,0.0,0.0,0.0,0.0,0.0,0.0,0.0,0.0,0.0
1838825,Shellcode,LIME,0.6210334425409381,0.53650396463042,0.00464907382457672,0.3669102659604509,0.16774181876966524,0.09499024326873932,0.0789361202084673,0.06056037974920332,0.051894768673931654,0.024261182474722157,0.0,0.0,0.0,0.0,0.0,0.0,0.0,0.0002500399936070235,0.0002500399936070235,0.0002500399936070235,0.0002500399936070235,0.009405927346700376,0.018466215897909987
1838825,Shellcode,TreeSHAP,0.6210334425409381,0.5596356321583715,0.0,0.1903445992426913,0.1250591752851336,0.09900754557278939,0.07254809391801893,0.057630213745586995,0.028911939717536105,0.012601967057922736,0.012601967057922736,0.0028699549963427627,0.012402647231720333,0.0,0.0,0.0,0.0,0.0,0.0,0.0,0.0,0.0,0.0
1838825,Shellcode,Random,0.6210334425409381,0.4344986844382602,0.0,0.37356849374345047,0.26057888334888946,0.26456046713448583,0.2673756084723547,0.26737560847235475,0.15107045003244438,0.08309029570983117,0.07442468463455951,0.06165154473920472,0.06165154473920472,0.0,0.0,0.0,0.0,0.0,0.0,0.0,0.0,0.0,0.0
1926306,Shellcode,LIME,0.7702414835592758,0.6241339093074714,0.0,0.4911971112221517,0.27249867063514915,0.27249867063514915,0.15024989019692056,0.11049315149594006,0.05589816049794277,0.02706002195869744,0.02706002195869744,0.02706002195869744,0.02706002195869744,0.0,0.0,0.0,0.0,0.0,0.0,0.0,0.0,0.0,0.0
1926306,Shellcode,TreeSHAP,0.7702414835592758,0.6437387762465684,0.0,0.4819907092181016,0.306139682960066,0.20655809676671094,0.1159277837923496,0.050352885768890784,0.04113175919332698,0.03635086698067546,0.01056661002094137,0.01056661002094137,0.0054420684050706745,0.0,0.0,0.0,0.0,0.0,0.0,0.0,0.0,0.0,0.0
1926306,Shellcode,Random,0.7702414835592758,0.5143806912769682,0.0,0.4819907092181016,0.48199070921810155,0.42109348894467963,0.36711368164077646,0.24344478874151082,0.19598792949291297,0.1327044363737473,0.1327044363737473,0.05078887140974931,0.05078887140974931,0.0,0.0,0.0,0.0,0.0,0.0,0.0,0.0,0.0,0.0
1578161,Shellcode,LIME,0.6210334425409381,0.5378405488907007,0.004543681564820244,0.3669102659604509,0.1677418187696652,0.13961764299403456,0.07101090445471044,0.043324152161756224,0.043324152161756224,0.0,0.0,0.0,0.0,0.0,0.0,0.0,0.0,0.0,0.0,0.0,0.009405927346700376,0.009405927346700376,0.009405927346700376
1578161,Shellcode,TreeSHAP,0.6210334425409381,0.5596356321583715,0.0,0.1903445992426913,0.1250591752851336,0.09900754557278937,0.07254809391801893,0.057630213745586995,0.028911939717536105,0.012601967057922736,0.012601967057922736,0.0028699549963427627,0.012402647231720333,0.0,0.0,0.0,0.0,0.0,0.0,0.0,0.0,0.0,0.0
1578161,Shellcode,Random,0.6210334425409381,0.338227478849279,0.0,0.6210334425409381,0.5603390577337723,0.358729510379928,0.3145600547085158,0.24080759796396203,0.240807597963962,0.2103436751801267,0.12576692824249114,0.07783588610144751,0.07783588610144751,0.0,0.0,0.0,0.0,0.0,0.0,0.0,0.0,0.0,0.0
1895274,Shellcode,LIME,0.963163772407086,0.8761050772015138,0.007287751134202979,0.48826084190484087,0.12140151013582956,0.09391456842695475,0.05151141895066804,0.03784460357881094,0.019512463999018684,0.019512463999018684,0.012876360353526992,0.012876360353526992,0.012876360353526992,0.0,0.0,0.0,0.0,0.0,0.009367446754929258,0.009367446754929258,0.0171526950793237,0.0171526950793237,0.0171526950793237
1895274,Shellcode,TreeSHAP,0.963163772407086,0.8150297059056728,0.0010207086143995,0.5031927982776571,0.3177759074048147,0.20855945547586432,0.1828965687161679,0.10660375573679072,0.07686805963080666,0.04477910018070502,0.021140524124175494,0.009762247733575303,0.009762247733575303,0.0,0.0,0.0,0.0,0.0,0.0,0.0,0.0,0.0,0.009831095595734321
1895274,Shellcode,Random,0.963163772407086,0.6327597845853983,0.0,0.801183670487311,0.7188769036914902,0.43694932743883286,0.43694932743883286,0.2787254728796752,0.20392424165177303,0.15965684751422043,0.11456394787113484,0.10542317789593408,0.047786961347671866,0.0,0.0,0.0,0.0,0.0,0.0,0.0,0.0,0.0,0.0
1915879,Shellcode,LIME,0.7042910152992232,0.6019000902415408,0.00274203905219634,0.422699423069182,0.19124109842633355,0.11856855149724199,0.09662106881077705,0.07998845994833174,0.05085786535126575,0.03629919727448116,0.027633586199209494,0.0,0.0,0.0,0.0,0.0,0.0,0.0,0.0,0.0002500399936070235,0.0002500399936070235,0.009405927346700376,0.009405927346700376
1915879,Shellcode,TreeSHAP,0.7042910152992232,0.6378147103495316,0.0,0.23642023548325564,0.12077826308024035,0.0994359080419485,0.0666323538578082,0.05763021374558701,0.028911939717536105,0.012601967057922736,0.014974760640448247,0.014974760640448247,0.012402647231720333,0.0,0.0,0.0,0.0,0.0,0.0,0.0,0.0,0.0,0.0
1915879,Shellcode,Random,0.7042910152992232,0.316858149820027,0.0,0.6336437163369818,0.5103433339788047,0.3723219662418131,0.3723219662418131,0.36062897098664953,0.36062897098664953,0.3458713390320862,0.3458713390320862,0.3483243257398623,0.2243727262152156,0.0,0.0,0.0,0.0,0.0,0.0,0.0,0.0,0.0,0.0
1561587,Shellcode,LIME,0.6594338925459818,0.5491082142815686,0.012743840196258105,0.3427565973804102,0.16925696847479968,0.17097063616441324,0.12304947325323443,0.0929153411329119,0.07680451143525063,0.04776780479887428,0.041056149900723114,0.022888186154127174,0.015791113949387973,0.0,0.0,0.0,0.0,0.0,0.0,0.01928467217286276,0.01928467217286276,0.01928467217286276,0.02618318494743603
1561587,Shellcode,TreeSHAP,0.6594338925459818,0.5263137464167226,0.0,0.3392213891250947,0.23736006389007272,0.22295653764559833,0.16244249819906023,0.1083797631619199,0.11767229788002735,0.07250389179949372,0.031140524124175496,0.0197622477335753,0.0197622477335753,0.0,0.0,0.0,0.0,0.0,0.0,0.0,0.0,0.0,0.0
1561587,Shellcode,Random,0.6594338925459818,0.4799523113731687,0.014091685039466645,0.44982217692911397,0.44982217692911397,0.18592556873840263,0.18592556873840263,0.12171707272034503,0.12171707272034504,0.09270719517127983,0.06500163372060083,0.06500163372060083,0.05717571233992622,0.009292534718107467,0.009292534718107467,0.009292534718107467,0.009292534718107467,0.009292534718107467,0.009292534718107467,0.009292534718107467,0.009292534718107467,0.009292534718107467,0.009292534718107467
1768431,Shellcode,LIME,0.9105886029366249,0.831944723906415,0.008623873117012171,0.4978230788620298,0.10710089991172321,0.07355063674117156,0.03854215110667325,0.022959350089964557,0.009292534718107467,0.009292534718107467,0.009292534718107467,0.009292534718107467,0.009292534718107467,0.0,0.0,0.0,0.0,0.0,0.0,0.0171526950793237,0.0171526950793237,0.0171526950793237,0.0270699204972572
1768431,Shellcode,TreeSHAP,0.9105886029366249,0.6787508769504997,0.001052182683950649,0.820873732016163,0.49192513505625235,0.3552920867325101,0.2250430029281482,0.11615077013460963,0.09269556904255351,0.07296500529445661,0.07296500529445661,0.03932642923792708,0.031140524124175496,0.0,0.0,0.0,0.0,0.0,0.0,0.0,0.0,0.0,0.009581055602127297
1768431,Shellcode,Random,0.9105886029366249,0.4073939503208258,0.0,0.7852929247925651,0.7100760469891693,0.6403611760687071,0.5394481695152549,0.5194481695152546,0.46341733149255104,0.4005229617481909,0.35596467040383095,0.35596467040383095,0.2614504052286357,0.0,0.0,0.0,0.0,0.0,0.0,0.0,0.0,0.0,0.0
1775238,Shellcode,LIME,0.7122411907736368,0.6149585874946096,0.007161571121703463,0.4595096290775974,0.2415807500766076,0.11304320650956892,0.07353191640145923,0.04245425865486794,0.027866292156961247,0.014839979913208708,0.0,0.0,0.0,0.0,0.0,0.0,0.0,0.0,0.0002500399936070235,0.0002500399936070235,0.0002500399936070235,0.021779594730408258,0.028477944724092315
1775238,Shellcode,TreeSHAP,0.7122411907736368,0.5947581988284888,0.0,0.37651539677947676,0.33748521689269595,0.1825405558034552,0.11260828377294223,0.05820810163002926,0.05820810163002926,0.02734504939616129,0.011035076736547928,0.0054420684050706745,0.0054420684050706745,0.0,0.0,0.0,0.0,0.0,0.0,0.0,0.0,0.0,0.0
1775238,Shellcode,Random,0.7122411907736368,0.33501258998596706,0.0,0.6775658594536412,0.673022324510335,0.6730223245103351,0.5534659232691728,0.3256973533507888,0.2657301426766109,0.1666432502808599,0.1666432502808599,0.1666432502808599,0.10385232926323386,0.0,0.0,0.0,0.0,0.0,0.0,0.0,0.0,0.0,0.0
72046,Shellcode,LIME,0.9180512510241754,0.7774791861090135,0.002948628463504415,0.5044913911677287,0.20359597318016692,0.20359597318016692,0.13875896386475464,0.10293392751144541,0.07735314012490502,0.058581739261793594,0.04963781162181955,0.038335238367062346,0.02843649087177623,0.0,0.0,0.0,0.0,0.0,0.0,0.0,0.0,0.0,0.0270699204972572
72046,Shellcode,TreeSHAP,0.9180512510241754,0.7118138922204994,0.002149828716233273,0.6159889156476779,0.40712952665847846,0.40063250629566177,0.2600681613050406,0.13790677196434328,0.10342831090759956,0.06850277209518581,0.034864196038656294,0.01692621356205836,0.01692621356205836,0.0,0.0,0.0,0.0,0.0,0.0,0.0,0.0,0.0,0.019736529424256535
72046,Shellcode,Random,0.9180512510241754,0.37913221237295236,0.0,0.808036066912939,0.7092726775266932,0.6332377722528489,0.6233557011650528,0.5568083945586906,0.4968423747656663,0.4968423747656663,0.40323168768325857,0.36502751900311364,0.29653581787830136,0.0,0.0,0.0,0.0,0.0,0.0,0.0,0.0,0.0,0.0
1466470,Shellcode,LIME,0.9275413349271159,0.7513409081967488,0.0,0.5668535411350579,0.260597069586553,0.20529562859184344,0.20529562859184344,0.16904157190528724,0.1303711170483474,0.08229430535211335,0.047418468364207794,0.047418468364207794,0.047418468364207794,0.0,0.0,0.0,0.0,0.0,0.0,0.0,0.0,0.0,0.0
1466470,Shellcode,TreeSHAP,0.9275413349271159,0.7547187247016816,0.004115488712567698,0.5648485224212421,0.3475242335085354,0.26133577615198245,0.17344686031452916,0.1734468603145292,0.08881455221704643,0.056635578191489205,0.02832129201087358,0.01692621356205836,0.01692621356205836,0.0,0.0,0.0,0.0,0.0,0.00763457178866504,0.00763457178866504,0.00763457178866504,0.00763457178866504,0.00763457178866504
1466470,Shellcode,Random,0.9275413349271159,0.42301549169679775,0.0,0.7798671314546662,0.6898850195851071,0.6003033011021455,0.552137208177511,0.5521372081775111,0.524467261543735,0.524467261543735,0.40075767887219954,0.2207858934333098,0.20045046841326095,0.0,0.0,0.0,0.0,0.0,0.0,0.0,0.0,0.0,0.0
1650389,Shellcode,LIME,0.8319055321094341,0.7175495849844904,0.006191537071754926,0.5310211907055721,0.27330766708406673,0.12903079447045016,0.08824525704931169,0.06044263019057319,0.03528611015033602,0.026225821599126405,0.0,0.0,0.0,0.0,0.0,0.0,0.0002500399936070235,0.0002500399936070235,0.0002500399936070235,0.0002500399936070235,0.0002500399936070235,0.021779594730408258,0.028477944724092315
1650389,Shellcode,TreeSHAP,0.8319055321094341,0.7204921166232074,0.0,0.49767084230231906,0.24423442113800709,0.17951032086956925,0.12261665152742973,0.04547992296391487,0.019179927655956126,0.0,0.0,0.0,0.0054420684050706745,0.0,0.0,0.0,0.0,0.0,0.0,0.0,0.0,0.0,0.0
1650389,Shellcode,Random,0.8319055321094341,0.48012853610678985,0.0,0.831905532109434,0.47486701025271716,0.47486701025271716,0.4670363642054543,0.26953503716364624,0.2626469897355023,0.24442301179015746,0.24442301179015746,0.15676816290317597,0.09129782982348032,0.0,0.0,0.0,0.0,0.0,0.0,0.0,0.0,0.0,0.0
1946653,Shellcode,LIME,0.8699018813242254,0.7532876299609353,0.005510597474244112,0.5375805429097804,0.26989263181319273,0.13257759016831347,0.06606480261972278,0.04687700864691486,0.037302595184500464,0.030666491539008772,0.017944158016680235,0.017944158016680235,0.009292534718107467,0.0,0.0,0.0,0.0,0.0,0.0,0.0,0.009367446754929258,0.01928467217286276,0.01928467217286276
1946653,Shellcode,TreeSHAP,0.8699018813242254,0.7320109474948447,0.0,0.507829837587917,0.30024999944615127,0.15016869738961966,0.12538705488570176,0.07878073502557621,0.07150197744261332,0.07771735812380991,0.027749182925266846,0.0197622477335753,0.0197622477335753,0.0,0.0,0.0,0.0,0.0,0.0,0.0,0.0,0.0,0.0
1946653,Shellcode,Random,0.8699018813242254,0.4227776175139499,0.0,0.7631430182114326,0.7348015889201343,0.6425464006997583,0.6325464006997584,0.5389067886246725,0.3162713998276139,0.28915107643403554,0.2159243385308475,0.2159243385308475,0.12202728762365535,0.0,0.0,0.0,0.0,0.0,0.0,0.0,0.0,0.0,0.0
1305230,Shellcode,LIME,0.785963054992227,0.6930517405252734,0.0006444947691191991,0.4392976184325948,0.18584104597755866,0.08652245034417991,0.08652245034417991,0.0572917714182688,0.02587762116135818,0.01908215025733061,0.0095593455780213,0.0095593455780213,0.0095593455780213,0.0,0.0,0.0,0.0,0.0,0.0,0.0012663726941585893,0.0012663726941585893,0.0012663726941585893,0.0012663726941585893
1305230,Shellcode,TreeSHAP,0.785963054992227,0.7217390356345479,0.0,0.2669272011680801,0.1281110722480804,0.11763244527239584,0.04962523491974896,0.022999521578558807,0.017822689927245627,0.009506979421499497,0.010729054149969915,0.010729054149969915,0.008156940741242003,0.0,0.0,0.0,0.0,0.0,0.0,0.0,0.0,0.0,0.0
1305230,Shellcode,Random,0.785963054992227,0.5369778610125122,0.0,0.7153918348412874,0.48267456594736957,0.2928072499309732,0.2928072499309732,0.20333116875329757,0.17405209285514012,0.17405209285514012,0.06435404702346825,0.04666080643683815,0.043720831222660086,0.0,0.0,0.0,0.0,0.0,0.0,0.0,0.0,0.0,0.0
1500724,Shellcode,LIME,0.9660048981963939,0.8719382077193101,0.0,0.4896983271757663,0.12131113766282234,0.09353247272613457,0.05151141895066804,0.03821272239478656,0.03821272239478656,0.03426077794339142,0.027624674297899724,0.027624674297899724,0.018677976926682726,0.0,0.0,0.0,0.0,0.0,0.0,0.0,0.0,0.0,0.0
1500724,Shellcode,TreeSHAP,0.9660048981963939,0.8191588146047494,0.0010177065990130837,0.48501058341857467,0.3186197906023313,0.21090920964087928,0.1852463228811829,0.10636274997064038,0.07686805963080666,0.04477910018070502,0.021140524124175494,0.009762247733575303,0.009762247733575303,0.0,0.0,0.0,0.0,0.0,0.0,0.0,0.0,0.0,0.009831095595734321
1500724,Shellcode,Random,0.9660048981963939,0.6325269148528363,0.0,0.9460548938184936,0.47969832717576627,0.430864541366394,0.381331710023453,0.32285578201607956,0.1848615906789465,0.17514671975848453,0.17514671975848453,0.17514671975848453,0.06367282908098923,0.0,0.0,0.0,0.0,0.0,0.0,0.0,0.0,0.0,0.0
1331263,Shellcode,LIME,0.8953616043524084,0.7285780773967423,0.0010256951900897285,0.5579851207268969,0.292223824268675,0.29222382426867494,0.17234182138356405,0.12168103041592067,0.10143066411180669,0.04638991099616488,0.04638991099616488,0.037169162388792955,0.0,0.0,0.0,0.0,0.0,0.0,0.0,0.0,0.0,0.0,0.009183680909752879
1331263,Shellcode,TreeSHAP,0.8953616043524084,0.7595809811744024,0.0,0.5503907503698701,0.31579030134232633,0.18024652265774907,0.14423868115928845,0.05045270882640573,0.06856575708626111,0.02743255251890389,0.0028699549963427627,0.01237693441784226,0.0054420684050706745,0.0,0.0,0.0,0.0,0.0,0.0,0.0,0.0,0.0,0.0
1331263,Shellcode,Random,0.8953616043524084,0.6160826533563222,0.0,0.5503907503698701,0.43423240961449383,0.4342324096144939,0.38879587930497045,0.23153088021272072,0.23153088021272072,0.14642687603185447,0.14642687603185447,0.11936476399469109,0.10985778457319158,0.0,0.0,0.0,0.0,0.0,0.0,0.0,0.0,0.0,0.0
1975277,Shellcode,LIME,0.7132760518215396,0.6050625574622664,0.007116125560656575,0.45779589420891864,0.2392355337642892,0.12128645722767592,0.0973008453896316,0.06740597482550796,0.04510896391126549,0.03098055405330612,0.0076735734040454286,0.0076735734040454286,0.0076735734040454286,0.0,0.0,0.0,0.0,0.0,0.0,0.0002500399936070235,0.0002500399936070235,0.021779594730408258,0.028477944724092315
1975277,Shellcode,TreeSHAP,0.7132760518215396,0.6329374274715787,0.0,0.3367102991573795,0.17573966571624955,0.10389629459167488,0.07712343543145384,0.07543346378540373,0.03448308481744769,0.0,0.0,0.0,0.0,0.0,0.0,0.0,0.0,0.0,0.0,0.0,0.0,0.0,0.0
1975277,Shellcode,Random,0.7132760518215396,0.5004190055255908,0.0,0.4427047038795824,0.416290440703828,0.3844303417356529,0.3844303417356529,0.17106515469429528,0.08304693768518476,0.08304693768518476,0.07313538007940369,0.06034098694114345,0.03007923781956041,0.0,0.0,0.0,0.0,0.0,0.0,0.0,0.0,0.0,0.0
1780062,Shellcode,LIME,0.6438775346564942,0.5615864473137278,0.010987170984257534,0.4108339772781164,0.20971881082123647,0.09261364067229126,0.05373603821856986,0.035794983302132245,0.001439865458803911,0.001439865458803911,0.0,0.008666846108854692,0.008666846108854692,0.0,0.0,0.0,0.0,0.0,0.0,0.0002500399936070235,0.0002500399936070235,0.02594942745242894,0.04429441822228809
1780062,Shellcode,TreeSHAP,0.6438775346564942,0.5509950964821069,0.0,0.3103723904808631,0.27087097013347583,0.15674343045249822,0.10004031457172166,0.0498653073846754,0.019179927655956126,0.019179927655956126,0.0,0.002572113408727912,0.0,0.0,0.0,0.0,0.0,0.0,0.0,0.0,0.0,0.0,0.0
1780062,Shellcode,Random,0.6438775346564942,0.31869303484757844,0.0,0.6288979365891857,0.5854919676165016,0.5854919676165017,0.31333284345659657,0.20508859593061884,0.20508859593061882,0.20508859593061884,0.1893067396113791,0.18572466788758998,0.14833308751954669,0.0,0.0,0.0,0.0,0.0,0.0,0.0,0.0,0.0,0.0
1510232,Shellcode,LIME,0.9783600614987349,0.893777965610945,0.012004779890547547,0.49435275306059523,0.1246264583289176,0.08186617212839098,0.047927593315248505,0.019880582814994305,0.019880582814994305,0.01592863836359916,0.01592863836359916,0.01592863836359916,0.009500901323960708,0.0,0.0,0.0,0.0,0.009367446754929258,0.009367446754929258,0.009367446754929258,0.01928467217286276,0.02618318494743603,0.04387977453486219
1510232,Shellcode,TreeSHAP,0.9783600614987349,0.7820586117829931,0.0009792974978404397,0.6029348109965524,0.4024539886430577,0.347025195423313,0.21628672453507466,0.10796486502085806,0.09450966392880192,0.06477910018070501,0.06477910018070503,0.031140524124175496,0.031140524124175496,0.0,0.0,0.0,0.0,0.0,0.0,0.0,0.0,0.0,0.009581055602127297
1510232,Shellcode,Random,0.9783600614987349,0.4957701060261684,0.0003798187951211081,0.9098265174222646,0.8803368661243676,0.7630290779293368,0.6016337613766809,0.3625145209096936,0.3039721511690777,0.2940832011935465,0.24384623083560178,0.23320359388574452,0.2334536338793515,0.0,0.0,0.0,0.0,0.0,0.0,0.0,0.003715995397530627,0.0,0.0
1083385,Shellcode,LIME,0.688025943767268,0.5619072346522078,0.0004166257186831876,0.46093552490153705,0.2813596036928472,0.15346237017953562,0.08952508569990839,0.05697201468931125,0.04803632037430658,0.04803632037430658,0.0409532837462829,0.0409532837462829,0.0409532837462829,0.0,0.0,0.0,0.0,0.0,0.0,0.0,0.0,0.0,0.002866493032947165
1083385,Shellcode,TreeSHAP,0.688025943767268,0.5767748569775717,0.011263045384170263,0.2924928997700086,0.27520107258712284,0.17366668021202025,0.12698538669532827,0.0946050909001276,0.05898091941181659,0.030766458886896504,0.02259840725097479,0.01860697609133396,0.01860697609133396,0.0,0.0,0.0,0.0,0.0,0.0,0.01937316857534329,0.01937316857534329,0.01937316857534329,0.01937316857534329
1083385,Shellcode,Random,0.688025943767268,0.4452876462597505,2.326998586415353e-05,0.591407420790862,0.5116536757294163,0.32917309154934804,0.20568290426676372,0.20568290426676372,0.14165591562252494,0.14165591562252497,0.14165591562252497,0.08763586607551849,0.07117936552892795,0.0,0.0,0.0,0.0,0.0,0.0,0.0,0.0,0.0,0.00016010353985635218
1935743,Shellcode,LIME,0.6429367019272941,0.5768137409003068,0.008528880636437683,0.32970336432901787,0.09103986721038786,0.09189019440226068,0.03429513258263387,0.024580261662171927,0.017944158016680235,0.017944158016680235,0.017944158016680235,0.017944158016680235,0.017944158016680235,0.0,0.0,0.0,0.0,0.0,0.0,0.0,0.009367446754929258,0.01928467217286276,0.02618318494743603
1935743,Shellcode,TreeSHAP,0.6429367019272941,0.5305946289663332,0.0069216705347697515,0.4136330696487577,0.2564839418956459,0.1201940541664439,0.0975600438553149,0.0773947947539106,0.07233382565522578,0.045022861978216956,0.01822163706023776,0.009292534718107467,0.013283965877748298,0.0,0.0,0.0,0.0,0.0,0.0,0.0,0.00970411135295462,0.020925275008907566,0.013872573892659747
1935743,Shellcode,Random,0.6429367019272941,0.37340855062557593,0.0,0.5470368400224366,0.45507997040283416,0.42889935429364373,0.34946172098994976,0.2968581348245813,0.22964142821169597,0.13169001635823294,0.1066401118308597,0.08162065677944408,0.06835327930350406,0.0,0.0,0.0,0.0,0.0,0.0,0.0,0.0,0.0,0.0
1801992,Shellcode,LIME,0.9601238642375733,0.8636200996371486,0.0,0.4855321328554747,0.12144590056971914,0.09353247272613457,0.05151141895066804,0.05151141895066804,0.05151141895066804,0.03784460357881094,0.03120849993331925,0.022261802562102247,0.018677976926682726,0.0,0.0,0.0,0.0,0.0,0.0,0.0,0.0,0.0,0.0
1801992,Shellcode,TreeSHAP,0.9601238642375733,0.8135945130491751,0.0010239403437327448,0.4821194677301785,0.3182643792925534,0.2109781603089239,0.18531527354922755,0.1063040516002621,0.07686805963080666,0.04477910018070502,0.021140524124175494,0.009762247733575303,0.009762247733575303,0.0,0.0,0.0,0.0,0.0,0.0,0.0,0.0,0.0,0.009831095595734321
1801992,Shellcode,Random,0.9601238642375733,0.6812949854285699,0.0,0.48211946773017844,0.4821194677301785,0.39636709909043844,0.41409222495351355,0.23909119466822124,0.2072913163496189,0.13608505916313635,0.18120001538628092,0.12496147150923438,0.12496147150923438,0.0,0.0,0.0,0.0,0.0,0.0,0.0,0.0,0.0,0.0
1181215,Shellcode,LIME,0.7714790946218743,0.667902239483459,0.00012964187641640546,0.46414843763292457,0.1969664130811572,0.12528580483113477,0.0804795267061391,0.0804795267061391,0.0586737630637991,0.029735079362858626,0.0,0.0,0.0,0.0,0.0,0.0,0.0,0.0,0.0,0.0002500399936070235,0.0002500399936070235,0.0002500399936070235,0.0002500399936070235
1181215,Shellcode,TreeSHAP,0.7714790946218743,0.6986203715313574,0.0,0.23116863602046245,0.174609653990487,0.10526494992771065,0.07791903881987954,0.059467695237848554,0.028911939717536105,0.008893148678627583,0.014974760640448247,0.014974760640448247,0.012402647231720333,0.0,0.0,0.0,0.0,0.0,0.0,0.0,0.0,0.0,0.0
1181215,Shellcode,Random,0.7714790946218743,0.513913015144728,0.0,0.7714790946218743,0.44444322459794594,0.3471985257548368,0.2370148750418296,0.16400244606692196,0.1564552351805045,0.1331712195578648,0.12391051562526276,0.12391051562526276,0.07407514269916021,0.0,0.0,0.0,0.0,0.0,0.0,0.0,0.0,0.0,0.0
1659391,Shellcode,LIME,0.9350294259381083,0.7874029973097186,0.007020021297952984,0.549494253073312,0.21017776755543285,0.21017776755543285,0.1421203954713309,0.10629535911802167,0.08752395825491029,0.07622138500015306,0.03738041851175028,0.02843649087177623,0.02843649087177623,0.0,0.0,0.0,0.0,0.0,0.0,0.0,0.01928467217286276,0.01928467217286276,0.0270699204972572
1659391,Shellcode,TreeSHAP,0.9350294259381083,0.7452944515921933,0.0021107923319584315,0.6009842209164498,0.3974943438262797,0.2602485392814782,0.2600681613050406,0.13790677196434328,0.10342831090759956,0.06850277209518582,0.034864196038656294,0.01692621356205836,0.01692621356205836,0.0,0.0,0.0,0.0,0.0,0.0,0.0,0.0,0.0,0.019736529424256535
1659391,Shellcode,Random,0.9350294259381083,0.34363362404359343,0.0,0.7257200006657846,0.7257200006657843,0.7257200006657846,0.7257200006657846,0.6625814170218852,0.565609510456877,0.47986200978649474,0.47250609510474784,0.43311181551246875,0.3974071683995378,0.0,0.0,0.0,0.0,0.0,0.0,0.0,0.0,0.0,0.0
1051271,Shellcode,LIME,0.831905532109434,0.7217076991093057,0.0023166691776077514,0.5253047385043315,0.27330766708406673,0.12903079447045016,0.08824525704931169,0.06044263019057319,0.016980396593695355,0.0,0.0,0.0,0.008666846108854692,0.0,0.0,0.0,0.0002500399936070235,0.0002500399936070235,0.0002500399936070235,0.0002500399936070235,0.0002500399936070235,0.0002500399936070235,0.01777225908755087
1051271,Shellcode,TreeSHAP,0.831905532109434,0.7204921166232072,0.0,0.49767084230231917,0.24423442113800709,0.17951032086956922,0.1226166515274297,0.04547992296391487,0.019179927655956126,0.0,0.0,0.0,0.0054420684050706745,0.0,0.0,0.0,0.0,0.0,0.0,0.0,0.0,0.0,0.0
1051271,Shellcode,Random,0.831905532109434,0.6340712765448001,0.0011043471091631034,0.7524708615190215,0.39707243778825274,0.249324546844862,0.17026757725467634,0.10273887418047856,0.09668679134506743,0.06215005094867565,0.06215005094867565,0.04274068240831398,0.04274068240831398,0.0,0.0,0.0,0.0,0.0,0.0,0.0,0.0,0.004593562347409233,0.004593562347409233
1482471,Shellcode,LIME,0.966004898196394,0.8739361600869244,0.003551264618088192,0.5294494310631707,0.12131113766282235,0.09353247272613457,0.05151141895066804,0.035928617933959336,0.022261802562102247,0.022261802562102247,0.022261802562102247,0.012876360353526992,0.009292534718107467,0.0,0.0,0.0,0.0,0.0,0.0,0.0,0.0,0.0171526950793237,0.0171526950793237
1482471,Shellcode,TreeSHAP,0.966004898196394,0.8191588146047495,0.0010177065990130834,0.4850105834185747,0.3186197906023313,0.2109092096408793,0.1852463228811829,0.10636274997064038,0.07686805963080666,0.04477910018070502,0.021140524124175494,0.009762247733575303,0.009762247733575303,0.0,0.0,0.0,0.0,0.0,0.0,0.0,0.0,0.0,0.009831095595734321
1482471,Shellcode,Random,0.966004898196394,0.6210413816703484,0.0,0.8496503384214397,0.7330689726093175,0.5468956745293585,0.3611855454205339,0.19324415763315628,0.1732758796791449,0.1732758796791449,0.17147776665292835,0.13549765000563294,0.11206330062979995,0.0,0.0,0.0,0.0,0.0,0.0,0.0,0.0,0.0,0.0
1460171,Shellcode,LIME,0.9674258174532016,0.8663334040214824,0.004355860337978342,0.530301445569779,0.12175060072167437,0.09353247272613457,0.05151141895066804,0.05151141895066804,0.05151141895066804,0.03784460357881094,0.03784460357881094,0.022031424330597234,0.013084726959380233,0.0,0.0,0.0,0.0,0.0,0.0,0.0,0.0,0.008177168364878067,0.0339625491169287
1460171,Shellcode,TreeSHAP,0.9674258174532016,0.820526603304029,0.0010162118292041439,0.48548408848679503,0.318424442423277,0.21099359253625036,0.18533070577655394,0.10644713286601144,0.07686805963080666,0.04477910018070502,0.021140524124175494,0.009762247733575303,0.009762247733575303,0.0,0.0,0.0,0.0,0.0,0.0,0.0,0.0,0.0,0.009831095595734321
1460171,Shellcode,Random,0.9674258174532016,0.3113169147581892,0.0,0.9674258174532016,0.9188767192622807,0.9016686131955401,0.782770025428177,0.6941666066651975,0.6641666066651974,0.5049386688879156,0.4260816331097098,0.3676951320130922,0.3332992042698118,0.0,0.0,0.0,0.0,0.0,0.0,0.0,0.0,0.0,0.0
1577520,Shellcode,LIME,0.6514882549492808,0.519076657640378,0.02557348578649481,0.4241646274289059,0.2656716164296337,0.17801625897348766,0.13336097968395147,0.11019509813562486,0.059192621937341955,0.04708473196815992,0.038046939636653926,0.04285095328904803,0.025532145606220684,0.0,0.0,0.0,0.0,0.0,0.028131684458050286,0.028131684458050286,0.028131684458050286,0.032541234987282036,0.0496719679187045
1577520,Shellcode,TreeSHAP,0.6514882549492808,0.4716160773412591,0.006937426309464749,0.5038556476777736,0.4187040282169617,0.2129074209483889,0.18559950848036372,0.18137621923128439,0.131444242009162,0.10756103112386464,0.027749182925266846,0.0197622477335753,0.009762247733575303,0.0,0.0,0.0,0.0,0.0,0.0,0.009230023544630032,0.009804695447183133,0.009804695447183133,0.016357103162927884
1577520,Shellcode,Random,0.6514882549492808,0.28980538509848025,0.007062904979526502,0.6311445648213797,0.5861523922474622,0.34582537433627253,0.35346543047902346,0.3033024204729665,0.3033024204729665,0.312594955191074,0.27246559972493833,0.27246559972493833,0.2361099410369835,0.0,0.0,0.0,0.0,0.004546951110661461,0.004546951110661461,0.009230023544630032,0.009230023544630032,0.009230023544630032,0.009230023544630032
1973029,Shellcode,LIME,0.9599831723936799,0.846575274175778,0.0005276645385359993,0.5772689263383957,0.2541864125234277,0.12315589806892378,0.06982698734542601,0.06982698734542601,0.029970393428199515,0.009843377129220727,0.0,0.0,0.0,0.0,0.0,0.0,0.0,0.0,0.0,0.0012663726941585893,0.0012663726941585893,0.0012663726941585893,0.0012663726941585893
1973029,Shellcode,TreeSHAP,0.9599831723936799,0.8243851262224074,0.0,0.5834254557404406,0.3265285561832578,0.19297206489347546,0.12115897895336693,0.08158345197414181,0.018289705927548385,0.008860059878474302,0.008860059878474302,0.008860059878474302,0.0054420684050706745,0.0,0.0,0.0,0.0,0.0,0.0,0.0,0.0,0.0,0.0
1973029,Shellcode,Random,0.9599831723936799,0.45375770724591025,0.0,0.9599831723936799,0.9599831723936799,0.7054911836453247,0.6282174237984385,0.5349298431915195,0.3725048308348838,0.23375480803889165,0.23375480803889162,0.23375480803889162,0.19988060110349598,0.0,0.0,0.0,0.0,0.0,0.0,0.0,0.0,0.0,0.0
49460,Shellcode,LIME,0.9646166326557244,0.8251720772274173,0.00026256497167627895,0.5805113637917537,0.25482497892114714,0.1524693747802352,0.12233807065210849,0.12233807065210849,0.10251281100457392,0.04945176291075622,0.009999121570389076,0.0,0.0,0.0,0.0,0.0,0.0,0.0,0.0,0.0,0.0,0.0012663726941585893,0.0012663726941585893
49460,Shellcode,TreeSHAP,0.9646166326557244,0.8258748791648787,0.0,0.5852630012208409,0.32771297407735056,0.22023632179992486,0.12230983186815779,0.08158345197414181,0.018289705927548385,0.008860059878474302,0.008860059878474302,0.008860059878474302,0.0054420684050706745,0.0,0.0,0.0,0.0,0.0,0.0,0.0,0.0,0.0,0.0
49460,Shellcode,Random,0.9646166326557244,0.7141078641678152,0.0,0.7051786213162401,0.4283997914298904,0.25305511067129666,0.25305511067129666,0.22959000156564227,0.18138905949098086,0.18138905949098086,0.13651790879329265,0.09138462428748931,0.04512839716198108,0.0,0.0,0.0,0.0,0.0,0.0,0.0,0.0,0.0,0.0
1543429,Shellcode,LIME,0.9002997248378108,0.7541240085298748,0.0075505180434130665,0.5392487103791498,0.2035520171340077,0.20891925917920923,0.15010846622300208,0.12925714765033958,0.0921066280877249,0.06968479384736719,0.034420046255231415,0.01866898037393999,0.015791113949387973,0.0,0.0,0.0,0.0,0.0,0.0,0.0,0.01928467217286276,0.02434631049790717,0.02434631049790717
1543429,Shellcode,TreeSHAP,0.9002997248378108,0.7435603206605311,0.0,0.49201062103743154,0.23080559118911265,0.2319645513682601,0.24164840416674416,0.1999699335356003,0.08218831417006767,0.03153294791316303,0.027749182925266846,0.0197622477335753,0.009762247733575303,0.0,0.0,0.0,0.0,0.0,0.0,0.0,0.0,0.0,0.0
1543429,Shellcode,Random,0.9002997248378108,0.634610707701669,0.0036330871327773366,0.9002997248378108,0.49201062103743154,0.3186179373083164,0.2964881110258831,0.1819438931668951,0.13237374589728942,0.09519143672780628,0.08654408989679817,0.08654408989679817,0.06687652156638753,0.0,0.0,0.0,0.0,0.008177168364878067,0.008177168364878067,0.008177168364878067,0.008177168364878067,0.0,0.0
1033886,Shellcode,LIME,0.9678320653256365,0.8662481281891509,0.012098932684313914,0.5508720660312747,0.15246790025100418,0.101041080462341,0.058721877716819915,0.029880143580897033,0.029880143580897033,0.02324403993540534,0.02324403993540534,0.02324403993540534,0.02324403993540534,0.0,0.0,0.0,0.0,0.009367446754929258,0.009367446754929258,0.0171526950793237,0.0270699204972572,0.0270699204972572,0.0270699204972572
1033886,Shellcode,TreeSHAP,0.9678320653256365,0.8174930594467968,0.0010157852739076747,0.4882446319875464,0.3185621523642413,0.2182779999573285,0.19261511319763208,0.11432993641199778,0.08591610509762003,0.04477910018070502,0.021140524124175494,0.009762247733575303,0.009762247733575303,0.0,0.0,0.0,0.0,0.0,0.0,0.0,0.0,0.0,0.009831095595734321
1033886,Shellcode,Random,0.9678320653256365,0.36357953821093736,0.0,0.9678320653256365,0.8519671271691803,0.8033921315583794,0.7095898560921107,0.6999154578536284,0.5582707668134406,0.5582707668134407,0.3230736571127264,0.29444089854478045,0.27577254386366823,0.0,0.0,0.0,0.0,0.0,0.0,0.0,0.0,0.0,0.0
1533391,Shellcode,LIME,0.9474528135752268,0.8014392761380631,0.0,0.5643763326053751,0.221860963550148,0.1434346062146642,0.1434346062146642,0.10660271685785723,0.08765878921788317,0.0690195166206019,0.059064120623375016,0.040051063241777464,0.02463265922529326,0.0,0.0,0.0,0.0,0.0,0.0,0.0,0.0,0.0,0.0
1533391,Shellcode,TreeSHAP,0.9474528135752268,0.7363754038675324,0.0010376343238283857,0.6073969525178142,0.42645550331695686,0.4064555033169568,0.2675819766817267,0.148326361500974,0.12388130851233868,0.06850277209518582,0.02832129201087358,0.01692621356205836,0.01692621356205836,0.0,0.0,0.0,0.0,0.0,0.0,0.0,0.0,0.0,0.009831095595734321
1533391,Shellcode,Random,0.9474528135752268,0.47426522570929475,0.0,0.8309267970867569,0.7398179915846042,0.5220362914658471,0.4757429572172259,0.4733694899890434,0.4733694899890435,0.4533694899890435,0.2838960025855195,0.2838960025855195,0.19545136616671802,0.0,0.0,0.0,0.0,0.0,0.0,0.0,0.0,0.0,0.0
1522523,Shellcode,LIME,0.9460533822423937,0.8399319097738573,0.009348862634318108,0.520246298717148,0.1826325440406043,0.10706656463468557,0.07696107792059095,0.04301362796877299,0.04301362796877299,0.023058231971546102,0.023058231971546102,0.023058231971546102,0.019106287520150957,0.0,0.0,0.0,0.0,0.0,0.0,0.0171526950793237,0.0171526950793237,0.0270699204972572,0.0270699204972572
1522523,Shellcode,TreeSHAP,0.9460533822423937,0.7794425599192919,0.0010391692245137433,0.5347066480907878,0.3363148427321939,0.30067840499443954,0.20366997162474354,0.11654375797220866,0.0887504780446125,0.04477910018070502,0.021140524124175494,0.009762247733575303,0.009762247733575303,0.0,0.0,0.0,0.0,0.0,0.0,0.0,0.0,0.0,0.009831095595734321
1522523,Shellcode,Random,0.9460533822423937,0.5223859982925788,0.0,0.9460533822423934,0.8981514684748482,0.48234438494960236,0.48234438494960247,0.48234438494960236,0.23762898852710093,0.20458801050027703,0.18003614717509986,0.16159134386481103,0.16159134386481103,0.0,0.0,0.0,0.0,0.0,0.0,0.0,0.0,0.0,0.0
1752472,Shellcode,LIME,0.9166305222020816,0.784187408817478,0.0005526207838317664,0.5345343122945273,0.24122313984453553,0.24122313984453556,0.1076508428279786,0.07853813970022544,0.03288742602143513,0.02627159591159286,0.02627159591159286,0.02627159591159286,0.0095593455780213,0.0,0.0,0.0,0.0,0.0,0.0,0.0012663726941585893,0.0012663726941585893,0.0012663726941585893,0.0012663726941585893
1752472,Shellcode,TreeSHAP,0.9166305222020816,0.8176638279887701,0.0,0.3654429046866551,0.21864345197578022,0.15199283813110803,0.09087238300977468,0.07472921384005526,0.048607303113466976,0.009763798335093223,0.010729054149969915,0.010729054149969915,0.008156940741242003,0.0,0.0,0.0,0.0,0.0,0.0,0.0,0.0,0.0,0.0
1752472,Shellcode,Random,0.9166305222020816,0.5868538188023351,0.0,0.5345343122945273,0.5345343122945273,0.43477587965862763,0.39594585502001295,0.3297026467257613,0.2679827654258233,0.215264221164975,0.215264221164975,0.18960843819562365,0.18015438205261217,0.0,0.0,0.0,0.0,0.0,0.0,0.0,0.0,0.0,0.0
1342434,Shellcode,LIME,0.846970928369838,0.730845905554675,0.0007771109071084809,0.5291450291579407,0.2556306209604403,0.14270769529304958,0.088225681184569,0.0688254113854144,0.046816261211720375,0.009966509652831723,0.009966509652831723,0.009966509652831723,0.0,0.0,0.0,0.0,0.0,0.0002500399936070235,0.0012663726941585893,0.0012663726941585893,0.0012663726941585893,0.0012663726941585893,0.0012663726941585893
1342434,Shellcode,TreeSHAP,0.846970928369838,0.6998881913616134,0.0,0.4708382192738681,0.3612866530494068,0.21133490085599982,0.15502447218368512,0.12016954478761388,0.0813054613099487,0.03275680682744324,0.026677295385536454,0.008861903000015795,0.002572113408727912,0.0,0.0,0.0,0.0,0.0,0.0,0.0,0.0,0.0,0.0
1342434,Shellcode,Random,0.846970928369838,0.5890528458530716,0.0,0.6508695504904118,0.5731158018991038,0.4653260680759152,0.3007057737002225,0.17308071082479937,0.11491768467181483,0.09835147905594695,0.07870104264720049,0.07680573842920892,0.047306975373040024,0.0,0.0,0.0,0.0,0.0,0.0,0.0,0.0,0.0,0.0
1439384,Shellcode,LIME,0.8903077371045766,0.7588509257702131,0.00022649389541841083,0.5239954759669478,0.23359913137365557,0.13919786141783272,0.13919786141783272,0.11026610223394974,0.09260844607329406,0.03982318953358388,0.02623855020164842,0.009641495124889774,0.0,0.0,0.0,0.0,0.0,0.0,0.0,0.0002500399936070235,0.0002500399936070235,0.0002500399936070235,0.0012663726941585893
1439384,Shellcode,TreeSHAP,0.8903077371045766,0.7671628631984475,0.0,0.5181666405719908,0.28430265104233937,0.18505048392076862,0.11559054766345758,0.08486244484150006,0.018289705927548385,0.008860059878474302,0.0054420684050706745,0.0054420684050706745,0.0054420684050706745,0.0,0.0,0.0,0.0,0.0,0.0,0.0,0.0,0.0,0.0
1439384,Shellcode,Random,0.8903077371045766,0.5044525879599436,0.0,0.6422628463051734,0.5935833007099095,0.5473871084648119,0.443577474729562,0.39489742157595975,0.3512621999408227,0.30190706164027165,0.30190706164027165,0.14088350821977358,0.14088350821977358,0.0,0.0,0.0,0.0,0.0,0.0,0.0,0.0,0.0,0.0
1261880,Shellcode,LIME,0.7372041412498631,0.6367298972127511,0.0005492587262488528,0.4260409500672057,0.18197278390705088,0.12027221599384695,0.12027221599384695,0.07681338746754385,0.05473682991794763,0.024634057023679216,0.0,0.0,0.0,0.0,0.0,0.0,0.0,0.0,0.0,0.0002500399936070235,0.0012663726941585893,0.0012663726941585893,0.0012663726941585893
1261880,Shellcode,TreeSHAP,0.7372041412498631,0.6364542052955803,0.0,0.33700209124159514,0.22895238887697322,0.16780310343039065,0.11469802195014703,0.07790705415830428,0.05168656525365295,0.008860059878474302,0.008860059878474302,0.008860059878474302,0.0028699549963427627,0.0,0.0,0.0,0.0,0.0,0.0,0.0,0.0,0.0,0.0
1261880,Shellcode,Random,0.7372041412498631,0.4755721327075559,0.0,0.5338561646209475,0.5338561646209476,0.5195613796764067,0.30813026985735514,0.25144863087129793,0.12322851524807893,0.0865597401320096,0.08655974013200961,0.0865597401320096,0.0865597401320096,0.0,0.0,0.0,0.0,0.0,0.0,0.0,0.0,0.0,0.0
1865461,Shellcode,LIME,0.9674390610981195,0.8841045709908937,0.01170042914417277,0.4910390515194705,0.12240319036664403,0.08186617212839098,0.047927593315248505,0.03426077794339142,0.018677976926682726,0.009292534718107467,0.009292534718107467,0.009292534718107467,0.009292534718107467,0.0,0.0,0.0,0.0,0.0,0.0,0.0171526950793237,0.0171526950793237,0.0270699204972572,0.051819211200931185
1865461,Shellcode,TreeSHAP,0.9674390610981195,0.7632139829546147,0.0009903523629955612,0.6093117729444131,0.41003406536739484,0.35467300241275884,0.22433808042407485,0.12480132729283695,0.10269556904255349,0.07296500529445661,0.07296500529445661,0.03932642923792708,0.031140524124175496,0.0,0.0,0.0,0.0,0.0,0.0,0.0,0.0,0.0,0.009581055602127297
1865461,Shellcode,Random,0.9674390610981195,0.5410831937175206,0.0018781687075337286,0.6419278357942084,0.5829773556031065,0.47789194637112303,0.4292100972395642,0.390659436979389,0.3455541582654719,0.3455541582654719,0.33139243196191226,0.3579683680112119,0.3604228853145306,0.0,0.0,0.0,0.0,0.0,0.0,0.0,0.0,0.009085068855001495,0.009085068855001495
1052485,Shellcode,LIME,0.7540496745790999,0.6629372840029755,0.0005038286217146613,0.45726385835214545,0.19126790940242797,0.11977991060443002,0.06863025250438717,0.04978548767761245,0.024396487220242104,0.0,0.0,0.0,0.0,0.0,0.0,0.0,0.0,0.0,0.0,0.0,0.0012663726941585893,0.0012663726941585893,0.0012663726941585893
1052485,Shellcode,TreeSHAP,0.7540496745790999,0.6441420038110888,0.0,0.46545603780555306,0.24701561925936472,0.17415519528567142,0.10371642214787094,0.06528272576740977,0.01571943564036197,0.006289789591287885,0.008861903000015795,0.006289789591287885,0.006289789591287885,0.0,0.0,0.0,0.0,0.0,0.0,0.0,0.0,0.0,0.0
1052485,Shellcode,Random,0.7540496745790999,0.47767943468880586,0.0,0.46545603780555317,0.46545603780555317,0.4469246422260414,0.4469246422260414,0.2520346813806533,0.21453016191436883,0.14058805275347544,0.13185486918400285,0.11663572963046263,0.0832975439767889,0.0,0.0,0.0,0.0,0.0,0.0,0.0,0.0,0.0,0.0
1461496,Shellcode,LIME,0.831905532109434,0.72324485020939,0.006884614796625286,0.5253047385043315,0.27330766708406673,0.12903079447045016,0.09316532158738544,0.0401510546516557,0.016980396593695355,0.0,0.0,0.008666846108854692,0.0,0.0,0.0,0.0,0.0,0.0,0.0002500399936070235,0.0002500399936070235,0.0002500399936070235,0.01777225908755087,0.03875111228917848
1461496,Shellcode,TreeSHAP,0.831905532109434,0.7204921166232072,0.0,0.49767084230231906,0.2442344211380071,0.17951032086956925,0.1226166515274297,0.04547992296391487,0.019179927655956126,0.0,0.0,0.0,0.0054420684050706745,0.0,0.0,0.0,0.0,0.0,0.0,0.0,0.0,0.0,0.0
1461496,Shellcode,Random,0.831905532109434,0.31765165757241964,0.0,0.831905532109434,0.831905532109434,0.8144154112375862,0.7035695561877481,0.6615203091187837,0.4183337547733943,0.3233599800067404,0.27701288560147164,0.20491848013667158,0.07559730408887926,0.0,0.0,0.0,0.0,0.0,0.0,0.0,0.0,0.0,0.0
1631812,Shellcode,LIME,0.6108137575533908,0.5125390607247039,0.0005810409547886652,0.3686608709255561,0.19376053193422,0.12786982459289267,0.0937411963826799,0.0749229233573211,0.07580122749698333,0.028532889587447582,0.019457504009768967,0.0,0.0,0.0,0.0,0.0,0.0,0.0,0.0,0.0,0.0012663726941585893,0.0012663726941585893,0.0010163327005515658
1631812,Shellcode,TreeSHAP,0.6108137575533908,0.5165303790364264,0.0,0.2860259828748291,0.17846648352873817,0.1522113518130324,0.12032766249901596,0.08491616375147835,0.05937462812552202,0.030585869777243594,0.015462821399892121,0.015462821399892121,0.0,0.0,0.0,0.0,0.0,0.0,0.0,0.0,0.0,0.0,0.0
1631812,Shellcode,Random,0.6108137575533908,0.3270096765177806,0.0,0.6264077941950822,0.4255820180916412,0.4016963689289685,0.2908556574431617,0.2908556574431617,0.2343790709420651,0.2094655741413259,0.16842243233283077,0.0951881184189326,0.0951881184189326,0.0,0.0,0.0,0.0,0.0,0.0,0.0,0.0,0.0,0.0
1521418,Shellcode,LIME,0.8662802578829926,0.7590482109768187,0.0004385553113907982,0.5314097637816366,0.2482551226337797,0.11770014697746443,0.07750278936453124,0.042184820324734244,0.042184820324734244,0.013083005654858221,0.0,0.0,0.0,0.0,0.0,0.0,0.0,0.0,0.0,0.0,0.0012663726941585893,0.0012663726941585893,0.0012663726941585893
1521418,Shellcode,TreeSHAP,0.8662802578829926,0.7342415762616341,0.0,0.4508779890475381,0.28882827684343626,0.21348617549443216,0.1328615378282224,0.12804302298362014,0.04352625760390397,0.033598853780896,0.009721567543845391,0.009721567543845391,0.009721567543845391,0.0,0.0,0.0,0.0,0.0,0.0,0.0,0.0,0.0,0.0
1521418,Shellcode,Random,0.8662802578829926,0.37519475054154416,0.0,0.8662802578829926,0.8662802578829926,0.6345405675043765,0.5632111350652812,0.5632111350652811,0.4272637636010613,0.3056676037387491,0.2785516130187625,0.2180744381522522,0.18777430150273514,0.0,0.0,0.0,0.0,0.0,0.0,0.0,0.0,0.0,0.0
1959362,Shellcode,LIME,0.9500621997203129,0.8395662040312786,0.0,0.5402267558165232,0.15067529191101017,0.10012300951354071,0.09022797274883482,0.04832227785534512,0.04832227785534512,0.04437033340394997,0.04457870000980321,0.019056668887995433,0.019056668887995433,0.0,0.0,0.0,0.0,0.0,0.0,0.0,0.0,0.0,0.0
1959362,Shellcode,TreeSHAP,0.9500621997203129,0.8003401236128438,0.001034784417128529,0.4840264792092953,0.3165257411906755,0.21832063307638452,0.1926577463166881,0.11432993641199773,0.08591610509762003,0.04477910018070502,0.021140524124175494,0.009762247733575303,0.009762247733575303,0.0,0.0,0.0,0.0,0.0,0.0,0.0,0.0,0.0,0.009831095595734321
1959362,Shellcode,Random,0.9500621997203129,0.5184312566061976,0.0,0.921931906649856,0.6244782554165288,0.6244782554165288,0.6244782554165287,0.3748976686586519,0.33306862033017715,0.2784729215607771,0.2784729215607771,0.14494122500927112,0.1110894011220568,0.0,0.0,0.0,0.0,0.0,0.0,0.0,0.0,0.0,0.0
1733532,Shellcode,LIME,0.9678320653256365,0.8648670253299233,0.0027969646250715265,0.5508720660312747,0.15246790025100418,0.10067038102055328,0.058721877716819915,0.04487489650071888,0.04487489650071888,0.019292095484010195,0.019292095484010195,0.019292095484010195,0.019292095484010195,0.0,0.0,0.0,0.0,0.0,0.0,0.0,0.0,0.0,0.0270699204972572
1733532,Shellcode,TreeSHAP,0.9678320653256365,0.8174930594467968,0.0010157852739076747,0.4882446319875465,0.3185621523642413,0.21827799995732852,0.19261511319763208,0.11432993641199778,0.08591610509762003,0.04477910018070502,0.021140524124175494,0.009762247733575303,0.009762247733575303,0.0,0.0,0.0,0.0,0.0,0.0,0.0,0.0,0.0,0.009831095595734321
1733532,Shellcode,Random,0.9678320653256365,0.6710322169477363,0.0,0.6180378587727968,0.42459904269892496,0.4056565311565153,0.39037505677995726,0.32298291882523655,0.2920465749045468,0.16324599429882802,0.16324599429882802,0.09574298684342451,0.09206552519994464,0.0,0.0,0.0,0.0,0.0,0.0,0.0,0.0,0.0,0.0
1308393,Shellcode,LIME,0.978360061498735,0.8872245210547808,0.003624280350329171,0.5387184095535318,0.1246264583289176,0.08186617212839098,0.047927593315248505,0.03157661874929487,0.03157661874929487,0.018239232089324466,0.018239232089324466,0.009292534718107467,0.009292534718107467,0.0,0.0,0.0,0.0,0.0,0.0,0.008177168364878067,0.008177168364878067,0.009552087367305458,0.009552087367305458
1308393,Shellcode,TreeSHAP,0.978360061498735,0.7820586117829931,0.0009792974978404395,0.6029348109965524,0.4024539886430577,0.34702519542331295,0.21628672453507466,0.10796486502085806,0.09450966392880192,0.06477910018070503,0.06477910018070503,0.031140524124175496,0.031140524124175496,0.0,0.0,0.0,0.0,0.0,0.0,0.0,0.0,0.0,0.009581055602127297
1308393,Shellcode,Random,0.978360061498735,0.6643604207938222,0.0,0.6373472453466338,0.6322959850422977,0.5833928088295489,0.3556788646116276,0.2931212513847696,0.2121135304859499,0.14451235063899925,0.11517345159379586,0.08843415411784142,0.07792676499766386,0.0,0.0,0.0,0.0,0.0,0.0,0.0,0.0,0.0,0.0
1395109,Shellcode,LIME,0.8699018813242254,0.7545127629616784,0.0056842499504385635,0.5375805429097805,0.2698926318131928,0.13257759016831347,0.06606480261972278,0.047302595184500466,0.0275590918266854,0.02092298818119371,0.024754248187293864,0.017944158016680235,0.009292534718107467,0.0,0.0,0.0,0.0,0.0,0.0,0.0,0.0043221297134632885,0.013505810623216168,0.03161945692135695
1395109,Shellcode,TreeSHAP,0.8699018813242254,0.7320109474948447,0.0,0.507829837587917,0.30024999944615127,0.15016869738961966,0.12538705488570176,0.07878073502557621,0.07150197744261332,0.07771735812380991,0.027749182925266846,0.0197622477335753,0.0197622477335753,0.0,0.0,0.0,0.0,0.0,0.0,0.0,0.0,0.0,0.0
1395109,Shellcode,Random,0.8699018813242254,0.48257714855695877,0.0,0.8618766786429446,0.7614862016621669,0.5687814177711552,0.3693351165571475,0.33198149888135137,0.2557778345491039,0.2557778345491039,0.20231301750414832,0.17576104133407852,0.09015668622146597,0.0,0.0,0.0,0.0,0.0,0.0,0.0,0.0,0.0,0.0
1044387,Worms,LIME,0.8954022640950935,0.71664060986419,0.015157470033147718,0.6174708459470117,0.4192394310305878,0.2298003273082627,0.1623014309065435,0.12389700812393045,0.12389700812393045,0.06590681460725067,0.01822433321865057,0.01822433321865057,0.008655009824217347,0.0,0.0,0.0,0.0,0.009970344322786578,0.009970344322786578,0.019075924141710287,0.029065900558843265,0.029065900558843265,0.038571915951370016
1044387,Worms,TreeSHAP,0.8954022640950935,0.7043904039730231,0.004149425776586799,0.6350449769736012,0.3933569461617076,0.24248306926282887,0.17005923625551006,0.13646160996131163,0.07790104838370909,0.07790104838370909,0.08790087707012888,0.04933444713390266,0.039675341634293995,0.0,0.0,0.0,0.0,0.0,0.0,0.0,0.0,0.009027304802498396,0.028126747548005215
1044387,Worms,Random,0.8954022640950935,0.32504164315900513,0.0,0.8954022640950935,0.8564114148011441,0.7350810766174181,0.6020412899809646,0.5729401766891588,0.5729401766891588,0.490491062657312,0.34784589353398604,0.3244618159392776,0.3059910383573701,0.0,0.0,0.0,0.0,0.0,0.0,0.0,0.0,0.0,0.0
1776045,Worms,LIME,0.8954022640950935,0.6931373054026694,0.016696065058895954,0.6392196127038756,0.4192394310305878,0.2298003273082627,0.1623014309065435,0.12389700812393045,0.12389700812393047,0.11411028698980036,0.09518066761052543,0.07666541365787412,0.03833840046891129,0.0,0.0,0.0,0.0,0.009970344322786578,0.009970344322786578,0.009970344322786578,0.029928588230899562,0.03983367346787595,0.04982364988500893
1776045,Worms,TreeSHAP,0.8954022640950935,0.7043904039730231,0.004149425776586799,0.6350449769736011,0.3933569461617076,0.24248306926282887,0.17005923625551006,0.13646160996131163,0.07790104838370909,0.07790104838370909,0.08790087707012888,0.04933444713390266,0.039675341634293995,0.0,0.0,0.0,0.0,0.0,0.0,0.0,0.0,0.009027304802498396,0.028126747548005215
1776045,Worms,Random,0.8954022640950935,0.6449354897951486,0.0,0.6392196127038757,0.5451583794672232,0.34388916112489154,0.25675799982169695,0.17990795463399056,0.12118953602955679,0.12118953602955679,0.11129395840880893,0.11129395840880893,0.07476764637103932,0.0,0.0,0.0,0.0,0.0,0.0,0.0,0.0,0.0,0.0
1048789,Worms,LIME,0.8151452628678599,0.6695643883462946,0.02165739072004473,0.5565706590956648,0.3513494193084881,0.15035614569788552,0.09135996783819217,0.0794662701509043,0.05484286235393853,0.05484286235393853,0.05484286235393853,0.03549945627803788,0.026678239784664614,0.00994740012045774,0.00994740012045774,0.00994740012045774,0.00994740012045774,0.00994740012045774,0.01923481696782863,0.00994740012045774,0.0292069444446205,0.0292069444446205,0.03920608793541205
1048789,Worms,TreeSHAP,0.8151452628678599,0.7074440708775664,0.006821704133122013,0.3662554939328633,0.16556171969840264,0.10124856539093624,0.054127272853191875,0.04539927188220025,0.06546081433657565,0.0947530323547958,0.07777649277698162,0.057917263673597716,0.04851199300338868,0.0,0.0,0.0,0.0,0.0,0.009296305560648728,0.009296305560648728,0.009296305560648728,0.009296305560648728,0.01842157584541019
1048789,Worms,Random,0.8151452628678599,0.4915165872068957,0.006109575254331155,0.5753241968896927,0.489203109284248,0.489203109284248,0.32806971653849204,0.32806971653849204,0.29191091867419133,0.2724805886102873,0.18636841110722657,0.14273613492065276,0.1329208547621122,0.009963628286642419,0.009963628286642419,0.009963628286642419,0.01991102840710016,0.0,0.0,0.0,0.0,0.0,0.0
1362439,Worms,LIME,0.7962568451565615,0.5000394637537761,0.0025043035757705014,0.6052670199474006,0.4577480514260142,0.4679791031915853,0.46799149470906926,0.4680005958979497,0.1740597921073017,0.10668223174583773,0.07796612054356117,0.06823970222956753,0.06823970222956753,0.0,0.0,0.0,0.0,0.0,0.0,0.0,0.0,0.009970344322786578,0.009970344322786578
1362439,Worms,TreeSHAP,0.7962568451565615,0.6261262457803161,0.0,0.6770511950693436,0.3623287553184747,0.2590343824802136,0.12334094321843242,0.07420715602096244,0.06837680957090514,0.06837680957090514,0.029831345017902917,0.018974883173754235,0.019783714321559728,0.0,0.0,0.0,0.0,0.0,0.0,0.0,0.0,0.0,0.0
1362439,Worms,Random,0.7962568451565615,0.2791655990057763,0.0,0.6988408393035926,0.5699313642154157,0.5797582350448238,0.5695138143084861,0.5695138143084861,0.549949874579567,0.4926370898375025,0.42302458739087867,0.41306095910423624,0.3046818834148633,0.0,0.0,0.0,0.0,0.0,0.0,0.0,0.0,0.0,0.0
1145206,Worms,LIME,0.8151452628678598,0.656659121291271,0.02768781632387061,0.5565706590956648,0.3513494193084881,0.24161235243167423,0.09135996783819217,0.09135996783819217,0.06673656004122641,0.058039763096981535,0.04614606540969365,0.04614606540969365,0.03554059529608142,0.00994740012045774,0.00994740012045774,0.01991102840710016,0.00994740012045774,0.019917744443244317,0.029205161290615206,0.029205161290615206,0.029205161290615206,0.029205161290615206,0.039204304781406754
1145206,Worms,TreeSHAP,0.8151452628678598,0.7074440708775664,0.006821704133122014,0.3662554939328633,0.16556171969840264,0.10124856539093624,0.054127272853191875,0.04539927188220025,0.06546081433657565,0.0947530323547958,0.07777649277698162,0.057917263673597716,0.04851199300338868,0.0,0.0,0.0,0.0,0.0,0.009296305560648728,0.009296305560648728,0.009296305560648728,0.009296305560648728,0.01842157584541019
1145206,Worms,Random,0.8151452628678598,0.6086661972119293,0.0012231371237696603,0.7443005490484655,0.48774293624476966,0.3525848924108342,0.12116421110196068,0.12116421110196068,0.06312395388666142,0.05491987846534139,0.045696213508717026,0.03704690539529734,0.03704690539529734,0.0,0.0,0.009970344322786578,0.0,0.0,0.0,0.0,0.0,0.0,0.0
1342709,Worms,LIME,0.8954022640950935,0.70978139241004,0.012250031213968294,0.6174708459470117,0.4192394310305878,0.2298003273082627,0.1623014309065435,0.12389700812393045,0.11411028698980036,0.05656273368756186,0.05656273368756186,0.047244126193962545,0.02901979297531197,0.0,0.0,0.0,0.0,0.009970344322786578,0.009970344322786578,0.019960320739919556,0.019960320739919556,0.019960320739919556,0.02986540597689595
1342709,Worms,TreeSHAP,0.8954022640950935,0.7043904039730231,0.004149425776586799,0.6350449769736012,0.3933569461617076,0.24248306926282892,0.17005923625551006,0.13646160996131163,0.07790104838370909,0.07790104838370909,0.08790087707012888,0.04933444713390266,0.039675341634293995,0.0,0.0,0.0,0.0,0.0,0.0,0.0,0.0,0.009027304802498396,0.028126747548005215
1342709,Worms,Random,0.8954022640950935,0.39267472409823545,0.0,0.7390615637468446,0.7390615637468446,0.522831286887032,0.5130977745390927,0.5035781728731719,0.4749185347111156,0.4385135904614401,0.4099411126390393,0.3809495379172684,0.30532226244673094,0.0,0.0,0.0,0.0,0.0,0.0,0.0,0.0,0.0,0.0
1213172,Worms,LIME,0.9981821489107329,0.7795629018774723,0.008609575887663694,0.7469130921977053,0.5360719779683639,0.3761400029009647,0.1686131609096712,0.10960085156977233,0.08964429618278284,0.08964429618278284,0.03977304862221711,0.01979435058195024,0.009997393216392888,0.0,0.0,0.0,0.0,0.0,0.009970344322786578,0.009970344322786578,0.0,0.018398095116914447,0.04760046584509417
1213172,Worms,TreeSHAP,0.9981821489107329,0.8090744907550735,0.0010012120161824037,0.8267662117052194,0.3769976364893306,0.2649589471493816,0.14725700312189705,0.06831196081482555,0.05868305007478692,0.05868305007478692,0.0397309644263933,0.029763071184566562,0.019924686515405073,0.0,0.0,0.0,0.0,0.0,0.0,0.0,0.0,0.0,0.009993919618281992
1213172,Worms,Random,0.9981821489107329,0.6069548052412193,0.0,0.7386804188614101,0.5560804743725908,0.4567395113031252,0.36747664963045845,0.36747664963045845,0.3293095767690181,0.31932324723767513,0.31932324723767513,0.2289318308263622,0.2289318308263622,0.0,0.0,0.0,0.0,0.0,0.0,0.0,0.0,0.0,0.0
1774381,Worms,LIME,0.9515758847440925,0.7584582808017624,0.01674097740209232,0.6408539470327093,0.413046407677046,0.3237895045777817,0.2076406472834773,0.10876138293240166,0.07898137092487345,0.07898137092487345,0.039538175359846994,0.029626847039761997,0.009956385670528698,0.0,0.0,0.0,0.0,0.019958243908112985,0.019958243908112985,0.019958243908112985,0.029863329145089375,0.029863329145089375,0.03970171381425087
1774381,Worms,TreeSHAP,0.9515758847440925,0.613043728791258,0.0,0.7628942375070651,0.6246701951020358,0.49529301737942033,0.45902921427298227,0.2835744566603491,0.2538613510686966,0.19441451547772937,0.11599713947619172,0.11599713947619172,0.0795902931076833,0.0,0.0,0.0,0.0,0.0,0.0,0.0,0.0,0.0,0.0
1774381,Worms,Random,0.9515758847440925,0.40336796273204645,0.0,0.7572215840661137,0.7572215840661138,0.7073881393578507,0.7073881393578509,0.6679166926638637,0.5683783827961626,0.4401673241901923,0.39106748583832507,0.30218548073154294,0.18314440705244517,0.0,0.0,0.0,0.0,0.0,0.0,0.0,0.0,0.0,0.0
1949772,Worms,LIME,0.9598855359464626,0.7707883087200275,0.03383015008966076,0.6754618560217684,0.40868090533078427,0.24362943398991488,0.1675536991129297,0.12782261742469256,0.08850451068339145,0.06969689697811318,0.059775589835685115,0.029864593111449237,0.019982169775622758,0.00994740012045774,0.00994740012045774,0.00994740012045774,0.01991102840710016,0.02919844525447105,0.039168789577257626,0.039168789577257626,0.04915888476926725,0.05914128977645298,0.05914128977645298
1949772,Worms,TreeSHAP,0.9598855359464626,0.604376854681109,0.0020662003179854694,0.8439183414743442,0.7567312223137879,0.4324501644170979,0.35319695777406934,0.28399048093894874,0.23411217391062142,0.2071356343328072,0.20713563433280718,0.13810560062926422,0.09831060252978772,0.0,0.0,0.0,0.0,0.0,0.0,0.0,0.0,0.0,0.019833157996022335
1949772,Worms,Random,0.9598855359464626,0.5094105750212758,0.004051353271631735,0.8560189617511513,0.7306253425561573,0.7306253425561573,0.45843065232247143,0.41901394905185535,0.3505832755467658,0.3405832755467659,0.25158354547048384,0.2018969593506719,0.16538830509938826,0.0,0.0,0.0,0.0,0.0,0.0,0.0,0.0,0.019444177032243416,0.019444177032243416
1127556,Worms,LIME,0.9861361879697611,0.7769968802205117,0.010082321844740514,0.7002040121849226,0.5213238215586753,0.24742509741572452,0.15862164926574887,0.1086535709447512,0.1086535709447512,0.08871979049762432,0.06915272106735361,0.04930208095790884,0.03933676265503325,0.0,0.0,0.0,0.0,0.0,0.0,0.009970344322786578,0.019929444740108018,0.029767829409269506,0.03975780582640248
1127556,Worms,TreeSHAP,0.9861361879697611,0.7952243530026977,0.0,0.8265458269806217,0.4011455524128475,0.2691908452163538,0.12290203938298387,0.06385102401721415,0.058061137473492154,0.058061137473492154,0.03983481565807587,0.029763071184566562,0.039762899870986336,0.0,0.0,0.0,0.0,0.0,0.0,0.0,0.0,0.0,0.0
1127556,Worms,Random,0.9861361879697611,0.6354000200738182,0.0,0.8776225066377259,0.6190374369626985,0.5201669201919938,0.4011464216533666,0.2920646034448235,0.29206460344482355,0.12631479665599954,0.12631479665599954,0.12631479665599954,0.12631479665599954,0.0,0.0,0.0,0.0,0.0,0.0,0.0,0.0,0.0,0.0
1724721,Worms,LIME,0.9341045075168302,0.5981987651867071,0.0010673692549981553,0.658781609921069,0.47011866640300204,0.471007823702471,0.48132016503342145,0.4815007943094494,0.2461624784947217,0.15750520540009302,0.15750520540009302,0.1275446275420188,0.10761084709489195,0.0,0.0,0.0,0.0,0.0,0.0,0.0,0.0,0.0,0.009970344322786578
1724721,Worms,TreeSHAP,0.9341045075168302,0.7494734765021751,0.0010670383738998035,0.8043762829076552,0.36127812082896943,0.2677639296455018,0.14273596349823622,0.07419232353268342,0.0682663081363697,0.0682663081363697,0.02970202948680659,0.019783714321559728,0.009945329652398239,0.0,0.0,0.0,0.0,0.0,0.0,0.0,0.0,0.0,0.009967253547532352
1724721,Worms,Random,0.9341045075168302,0.6402261370708671,0.0,0.9046867436204654,0.4825622990766372,0.42202821930580603,0.4121231340688296,0.28507729897165107,0.09716783251262429,0.08719902447414625,0.08719902447414625,0.08719902447414625,0.07354110348117886,0.0,0.0,0.0,0.0,0.0,0.0,0.0,0.0,0.0,0.0
1904842,Worms,LIME,0.9964256029229881,0.7441765524012315,0.004004414305337414,0.5977205578230828,0.32921767069777724,0.32921767069777724,0.32921767069777724,0.32921767069777724,0.19929460020006176,0.13956577901735806,0.099626735922994,0.099626735922994,0.06978541353996723,0.0,0.0,0.0,0.0,0.0,0.0,0.0,0.009970344322786578,0.009970344322786578,0.019960320739919556
1904842,Worms,TreeSHAP,0.9964256029229881,0.5336025082045236,0.004000607189494971,0.8043437183319466,0.7646952546260561,0.6351834716857251,0.6351834716857251,0.49714562999284817,0.34806305985783687,0.28833433147785914,0.28833433147785914,0.22841042127312786,0.13853725677566112,0.0,0.0,0.0,0.0,0.0,0.0,0.0,0.0,0.019931537154252835,0.019931537154252835
1904842,Worms,Random,0.9964256029229881,0.21415560790371777,0.0,0.9764412891557379,0.9364509769379821,0.8366456199958577,0.8166461339189898,0.8166194070507055,0.7550024936905748,0.7550024936905748,0.6436003041567979,0.6431951347804596,0.6430960968150231,0.0,0.0,0.0,0.0,0.0,0.0,0.0,0.0,0.0,0.0
1377858,Worms,LIME,0.5975228953082142,0.4906186334679945,0.6728574025659553,0.40279444761199146,0.29096843178197895,0.1979705200007749,0.10680439485076341,0.03076486702917084,0.0019650085745395772,0.0019650085745395772,0.011936646659479622,0.011936646659479622,0.011936646659479622,0.17140058091794866,0.2583421048096674,0.3395655165349383,0.3810715848007684,0.4408987900585884,0.4356603386167819,0.49827205780356815,0.49827205780356804,0.49827205780356815,0.49872194395834496
1377858,Worms,TreeSHAP,0.5975228953082142,0.2825788333118893,0.37580916544560933,0.6140204560764753,0.4194301887238207,0.3967482579610225,0.3812878879894073,0.32818495378426976,0.21951074841835427,0.2109936126563028,0.20382023009067654,0.19244434140933717,0.1829999428535828,0.014218347587063083,0.16493455513107638,0.1717654579911647,0.1659146473940465,0.17493673974389853,0.2627239341203598,0.3098602487203311,0.31968031623560483,0.3230222594098758,0.33848929987082144
1377858,Worms,Random,0.5975228953082142,0.09925982728360545,0.01524080149605189,0.5622743833264803,0.45906476222793047,0.4590647622279305,0.4590647622279304,0.5234789490742519,0.523478949074252,0.5011723864427741,0.49813374149186174,0.49914522634894426,0.4977527578037323,0.015086874496196723,0.015086874496196723,0.015086874496196723,0.005115236411256675,0.005115236411256675,0.005115236411256675,0.005115236411256675,0.005115236411256675,0.005115236411256675,0.015115236411256677
1906418,Worms,LIME,0.8151452628678599,0.6646084667183321,0.025339453968087556,0.5565706590956647,0.3513494193084881,0.24161235243167425,0.09135996783819217,0.0794662701509043,0.06886080003729206,0.044237392240326294,0.03554059529608142,0.018185252548328056,0.018185252548328056,0.00994740012045774,0.00994740012045774,0.01991102840710016,0.00994740012045774,0.00994740012045774,0.019946543611249284,0.029233960458620176,0.029233960458620176,0.029233960458620176,0.039204304781406754
1906418,Worms,TreeSHAP,0.8151452628678599,0.7074440708775664,0.006821704133122013,0.3662554939328633,0.1655617196984026,0.10124856539093624,0.054127272853191875,0.04539927188220025,0.06546081433657565,0.0947530323547958,0.07777649277698162,0.057917263673597716,0.04851199300338868,0.0,0.0,0.0,0.0,0.0,0.009296305560648728,0.009296305560648728,0.009296305560648728,0.009296305560648728,0.01842157584541019
1906418,Worms,Random,0.8151452628678599,0.5426353344913439,0.0,0.48709403245468635,0.4176531414355715,0.40516823478765074,0.32404977369525023,0.3007385586544905,0.21112993629348384,0.21112993629348384,0.1850897241004545,0.0915229730250443,0.0915229730250443,0.0,0.0,0.0,0.0,0.0,0.0,0.0,0.0,0.0,0.0
1313152,Worms,LIME,0.7779025522498315,0.570365802056368,0.006101611445531888,0.4989296402109729,0.2989572217329257,0.2989572217329257,0.299588343664484,0.299588343664484,0.18959787986124432,0.10977229989485891,0.039992183724246566,0.019992183724246566,0.019992183724246566,0.0,0.0,0.0,0.0,0.0,0.0,0.0,0.00917463417252908,0.01914497849531566,0.01914497849531566
1313152,Worms,TreeSHAP,0.7779025522498315,0.4627996865089945,0.0012855080589565151,0.6278287700964686,0.5978287700964686,0.44693198884381985,0.43709526213308414,0.3476691412649814,0.27766926363242334,0.1586789669251794,0.14867896692517943,0.06888308226645647,0.03976444522430884,0.0,0.0,0.0,0.0,0.0,0.0,0.0,0.0,0.0,0.01
1313152,Worms,Random,0.7779025522498315,0.4135532605795856,0.0025710161179130302,0.7779025522498315,0.7180694349727412,0.6387241349735054,0.4796234535459749,0.35969983463724525,0.35969983463724525,0.1799541994885753,0.06,0.03990973609867016,0.029909736098670158,0.0,0.0,0.0,0.0,0.0,0.0,0.0,0.0,0.01,0.01
1410778,Worms,LIME,0.9974861906138668,0.7688947216692498,0.010000750882986558,0.7464047148444632,0.5269977486624348,0.36494400631168167,0.15965470384046865,0.10955748671272604,0.10955748671272604,0.089603453669928,0.06958477390857758,0.05978781654302023,0.04982249824014464,0.0,0.0,0.0,0.0,0.0,0.0,0.009970344322786578,0.029928588230899562,0.029928588230899562,0.029928588230899562
1410778,Worms,TreeSHAP,0.9974861906138668,0.8055514651347607,0.0010011496525277423,0.8358602691913621,0.38634514193236946,0.27490431967252227,0.14722793756743344,0.06828289526036194,0.0586539845203233,0.0586539845203233,0.0397309644263933,0.029763071184566562,0.019924686515405073,0.0,0.0,0.0,0.0,0.0,0.0,0.0,0.0,0.0,0.00998632953134294
1410778,Worms,Random,0.9974861906138668,0.6289478586609186,0.0019042194844430963,0.708420506182516,0.4753416739081909,0.4553736292943454,0.4553736292943454,0.38676831656476296,0.3063277542162483,0.30632775421624836,0.3063277542162483,0.16767484930992305,0.11744745232665334,0.0,0.0,0.0,0.0,0.0,0.0,0.0,0.0,0.009497163198149227,0.009497163198149227
1041957,Worms,LIME,0.8756003107307414,0.7284939231061103,0.008864945042854717,0.6191234284509661,0.45837008571202914,0.11339528544268086,0.07666165155937116,0.07666165155937116,0.048893805487612754,0.02914356320758086,0.02914356320758086,0.019670841619118633,0.0,0.0,0.0,0.0,0.0,0.0,0.0,0.0,0.009970344322786578,0.019929444740108018,0.047721697278450756
1041957,Worms,TreeSHAP,0.8756003107307414,0.6854122062105411,0.0,0.7484083557202088,0.5150159553089858,0.25993187202825535,0.10325758618728832,0.053922675885071436,0.053922675885071436,0.058061137473492154,0.03983481565807587,0.029763071184566562,0.039762899870986336,0.0,0.0,0.0,0.0,0.0,0.0,0.0,0.0,0.0,0.0
1041957,Worms,Random,0.8756003107307414,0.4159146481043073,0.0,0.6599323590572385,0.6599323590572385,0.6004952656509596,0.5807205406344903,0.4904884593477856,0.37341711549236756,0.3633291440423718,0.3633291440423718,0.3138086033956277,0.19140363554389023,0.0,0.0,0.0,0.0,0.0,0.0,0.0,0.0,0.0,0.0
1259108,Worms,LIME,0.9861361879697611,0.7839200868064676,0.010540443428234788,0.7388657844903244,0.5213238215586753,0.24742509741572455,0.15862164926574887,0.1086535709447512,0.1086535709447512,0.05925552669619078,0.02971964922744205,0.02971964922744205,0.0199226918618847,0.0,0.0,0.0,0.0,0.0,0.0,0.009205036883127057,0.019164137300448497,0.037786976417364095,0.037786976417364095
1259108,Worms,TreeSHAP,0.9861361879697611,0.7952243530026977,0.0,0.8265458269806216,0.40114555241284755,0.26919084521635384,0.12290203938298387,0.06385102401721415,0.058061137473492154,0.058061137473492154,0.03983481565807587,0.029763071184566562,0.039762899870986336,0.0,0.0,0.0,0.0,0.0,0.0,0.0,0.0,0.0,0.0
1259108,Worms,Random,0.9861361879697611,0.5187414585876129,0.009099463137015592,0.7402043661709324,0.5332608840269001,0.5332608840269001,0.5133311307728844,0.503569505966561,0.4439365800246039,0.39506426763338304,0.33710655839977227,0.33710655839977227,0.33710655839977227,0.0,0.009970344322786578,0.009970344322786578,0.009970344322786578,0.009970344322786578,0.009970344322786578,0.009970344322786578,0.009970344322786578,0.009970344322786578,0.009970344322786578
1430270,Worms,LIME,0.9650602558017443,0.7593420043318299,0.00713399644875201,0.6869634149390191,0.5018186646673705,0.25958903006814127,0.15490090148925184,0.11615637732260163,0.09635669965471955,0.09635669965471955,0.06694547334694548,0.04830610090612295,0.029789152650251605,0.0,0.0,0.0,0.0,0.0,0.009970344322786578,0.009970344322786578,0.019808728991948066,0.019808728991948066,0.009289217747744206
1430270,Worms,TreeSHAP,0.9650602558017443,0.7766184773867659,0.0,0.8111229509927437,0.394921376911326,0.2813432244825423,0.1059536061389173,0.06724702385017141,0.05774221693748652,0.05774221693748652,0.038819196843556524,0.029763071184566562,0.039762899870986336,0.0,0.0,0.0,0.0,0.0,0.0,0.0,0.0,0.0,0.0
1430270,Worms,Random,0.9650602558017443,0.4554954734292157,0.004144747906175954,0.9454904178592548,0.8513845551055524,0.8112406423104591,0.5915592358082412,0.5346011413707161,0.3718725921253515,0.3519134543987195,0.2315525152478677,0.21294786414755418,0.19308540535156873,0.0,0.0,0.0,0.0,0.0,0.0,0.009999828686419776,0.009999828686419776,0.009999828686419776,0.009999828686419776
1853130,Worms,LIME,0.9969595145870319,0.7800656823207562,0.010006034102278164,0.7461092131749492,0.5267081245893938,0.2585450027690264,0.15964961556125862,0.10954657125466667,0.10954657125466667,0.089603453669928,0.06958477390857758,0.04982249824014464,0.04982249824014464,0.0,0.0,0.0,0.0,0.0,0.0,0.009970344322786578,0.029928588230899562,0.029928588230899562,0.029928588230899562
1853130,Worms,TreeSHAP,0.9969595145870319,0.8050554844996185,0.0009997651260353398,0.835531186194806,0.3863412819366829,0.27493030874783725,0.14722793756743344,0.06828289526036194,0.0586539845203233,0.0586539845203233,0.0397309644263933,0.029763071184566562,0.019924686515405073,0.0,0.0,0.0,0.0,0.0,0.0,0.0,0.0,0.0,0.009967253547532352
1853130,Worms,Random,0.9969595145870319,0.5542652022421412,0.004012199032632644,0.7477352352330526,0.6679716650867481,0.5981975709868679,0.5076523086633355,0.5076523086633355,0.3762967138502413,0.2860335912605509,0.284911432496478,0.2450622006728901,0.20543009653540653,0.0,0.0,0.0,0.0,0.0,0.0,0.01,0.01,0.01,0.01
996702,Worms,LIME,0.9930740023190775,0.768675326273363,0.01154962608782879,0.7137642139410343,0.5330489108825617,0.3747652641095238,0.16736673323462756,0.16736673323462756,0.11907889757640554,0.08923401716159635,0.02971964922744205,0.02971964922744205,0.0199226918618847,0.0,0.0,0.0,0.0,0.0,0.0,0.019958243908112985,0.019164137300448497,0.037786976417364095,0.037786976417364095
996702,Worms,TreeSHAP,0.9930740023190775,0.7897128241035962,0.0010063620228647288,0.7939821764681935,0.5627470877803645,0.28437753323406695,0.11753198168448291,0.0682682702809537,0.058643005290193166,0.058643005290193166,0.0397309644263933,0.029763071184566562,0.019924686515405073,0.0,0.0,0.0,0.0,0.0,0.0,0.0,0.0,0.0,0.009993919618281992
996702,Worms,Random,0.9930740023190775,0.5580379272471818,0.0049311348043703206,0.8939595425335007,0.6135078840400753,0.6135078840400753,0.5444256266554587,0.46549027927539244,0.3569133430662976,0.27702704079700535,0.1887804324457144,0.1887804324457144,0.20796828541972323,0.0,0.0,0.0,0.0,0.0,0.0,0.009905085236976391,0.009905085236976391,0.009905085236976391,0.019254562050580175
1638436,Worms,LIME,0.9515758847440925,0.7434126998980999,0.009362757116051026,0.6408539470327093,0.413046407677046,0.26718542495943154,0.2076406472834773,0.1777952605847077,0.15788909468869572,0.09856125104207625,0.05929755119492713,0.04940587832632545,0.009956385670528698,0.0,0.0,0.0,0.0,0.0,0.0,0.009905085236976391,0.01974346990613788,0.01974346990613788,0.03970171381425087
1638436,Worms,TreeSHAP,0.9515758847440925,0.613043728791258,0.0,0.7628942375070649,0.6246701951020358,0.49529301737942044,0.45902921427298227,0.2835744566603491,0.2538613510686966,0.19441451547772937,0.11599713947619172,0.11599713947619172,0.0795902931076833,0.0,0.0,0.0,0.0,0.0,0.0,0.0,0.0,0.0,0.0
1638436,Worms,Random,0.9515758847440925,0.5039280433318322,0.0010508343304177885,0.9216726417917394,0.7372458613085154,0.6262605199910631,0.6262605199910632,0.4162249702474458,0.3268963843261944,0.3268963843261944,0.21805560370102722,0.1384827642196804,0.1384827642196804,0.0,0.0,0.0,0.0,0.0,0.0,0.0,0.0,0.0,0.009999486076867731
1189420,Worms,LIME,0.9974861906138668,0.7885509322285886,0.0019499257482763815,0.7464047148444632,0.5269977486624348,0.25864072342494465,0.15965470384046868,0.15965470384046868,0.10955748671272604,0.04973287631496864,0.039743815680819444,0.019793047699729324,0.019172762831758644,0.0,0.0,0.0,0.0,0.0,0.0,0.0,0.0,0.0,0.019450240066281016
1189420,Worms,TreeSHAP,0.9974861906138668,0.8055514651347607,0.0010011496525277423,0.8358602691913621,0.3863451419323693,0.27490431967252227,0.14722793756743344,0.06828289526036194,0.0586539845203233,0.0586539845203233,0.0397309644263933,0.029763071184566562,0.019924686515405073,0.0,0.0,0.0,0.0,0.0,0.0,0.0,0.0,0.0,0.00998632953134294
1189420,Worms,Random,0.9974861906138668,0.4671749428327187,0.0,0.8878535006287086,0.7980149029334953,0.708200285611852,0.5776983647831747,0.48709154341420713,0.4361551628525018,0.3664683890202003,0.3566827214809332,0.3566827214809332,0.3282648856054741,0.0,0.0,0.0,0.0,0.0,0.0,0.0,0.0,0.0,0.0
1780608,Worms,LIME,0.9922654103298179,0.7702475390933274,0.008752570306280292,0.7219366279516283,0.5322640019785637,0.37434730465910754,0.16756124797745894,0.1190151933010738,0.1190151933010738,0.09921681661231935,0.04965823938103377,0.019754330924566462,0.01740975627807776,0.0,0.0,0.0,0.0,0.0,0.0,0.009970344322786578,0.019175381205913635,0.02885150106765886,0.02885150106765886
1780608,Worms,TreeSHAP,0.9922654103298179,0.8016365326069398,0.0,0.7902761368798191,0.41389226777459187,0.2796872751447067,0.13305855184549972,0.06389148392354946,0.058061137473492154,0.058061137473492154,0.03983481565807587,0.029763071184566562,0.039762899870986336,0.0,0.0,0.0,0.0,0.0,0.0,0.0,0.0,0.0,0.0
1780608,Worms,Random,0.9922654103298179,0.6999850908483696,0.004027138833273419,0.4666560202579207,0.3918290135316609,0.29599730905821375,0.29599730905821375,0.29599730905821375,0.27616279855019576,0.25588536257159933,0.2147593575761549,0.2147593575761549,0.2147593575761549,0.0,0.0,0.0,0.0,0.0,0.0,0.00998997641713298,0.00998997641713298,0.00998997641713298,0.00998997641713298
1250248,Worms,LIME,0.7192973528384633,0.539653343300609,0.005433867785923371,0.45346679209956553,0.22594624834012797,0.22594624834012797,0.22594624834012797,0.22526370348060148,0.13691672019465465,0.11706965462947086,0.07814272841264112,0.07814272841264112,0.02959902312858408,0.0,0.0,0.0,0.0,0.0,0.0,0.0,0.009970344322786578,0.009970344322786578,0.01914497849531566
1250248,Worms,TreeSHAP,0.7192973528384633,0.40141549009764876,0.0,0.6796296078025533,0.533697546182068,0.4229578829413018,0.4229578829413018,0.3152270794926255,0.3152270794926255,0.22679727320861334,0.16617723136135787,0.05804877297945185,0.038098271006246825,0.0,0.0,0.0,0.0,0.0,0.0,0.0,0.0,0.0,0.0
1250248,Worms,Random,0.7192973528384633,0.4535152018997522,0.0,0.39228053490706183,0.35197540078380724,0.3419754007838073,0.35194853115379826,0.3319582189360424,0.23503391281814554,0.1955441312436923,0.18559360921024548,0.15564183045618138,0.11586993909432888,0.0,0.0,0.0,0.0,0.0,0.0,0.0,0.0,0.0,0.0
42842,Worms,LIME,0.7483954604146871,0.5756268254339414,0.007780732074983296,0.4729648027326126,0.22594624834012797,0.22594624834012797,0.22526370348060148,0.22526370348060148,0.13691672019465465,0.08798979397782494,0.07814272841264112,0.02959902312858408,0.019653377719679885,0.0,0.0,0.0,0.0,0.0,0.0,0.009970344322786578,0.009970344322786578,0.01914497849531566,0.01914497849531566
42842,Worms,TreeSHAP,0.7483954604146871,0.4227033694052313,0.0,0.5824640840133065,0.5627956537582919,0.422558122646203,0.422558122646203,0.412558122646203,0.3251547147598364,0.2367249084758243,0.17610486662856878,0.06797640824666278,0.04802590627345775,0.0,0.0,0.0,0.0,0.0,0.0,0.0,0.0,0.0,0.0
42842,Worms,Random,0.7483954604146871,0.2624958679445719,0.0,0.7483954604146871,0.729374099850867,0.7020854221032097,0.5446989938634014,0.5347535388025574,0.5347535388025574,0.5347535388025574,0.2457702934098382,0.16739374947067412,0.11701728918080204,0.0,0.0,0.0,0.0,0.0,0.0,0.0,0.0,0.0,0.0
1556064,Worms,LIME,0.6007263243236607,0.4654236221669691,0.006506401593919523,0.31372254925902987,0.16707569960768132,0.16707569960768132,0.17634367678160165,0.17634367678160165,0.14649661121641785,0.09793216232486943,0.05900523610803969,0.02914984352695736,0.01988186635303706,0.0,0.0,0.0,0.0,0.0,0.0,0.0,0.009970344322786578,0.009970344322786578,0.01914497849531566
1556064,Worms,TreeSHAP,0.6007263243236607,0.21224054629785694,0.0,0.5710578940686459,0.7193224671584367,0.5729852361616132,0.45179854214710496,0.45179854214710496,0.3633687358630929,0.2459889837920014,0.2459889837920014,0.18536894194474587,0.0771794531832902,0.0,0.0,0.0,0.0,0.0,0.0,0.0,0.0,0.0,0.0
1556064,Worms,Random,0.6007263243236607,0.3664330997873796,0.009987909230971717,0.5410122712957358,0.44117420831393583,0.34350204856879496,0.34350204856879496,0.14539571510822388,0.14552527801789855,0.09819126602147012,0.0981616103442567,0.0981616103442567,0.08830618877944368,0.0,0.0,0.0,0.0,0.01,0.01,0.01,0.01,0.01,0.01
1649686,Worms,LIME,0.9930740023190775,0.7676997601408474,0.010046951591223664,0.7427919649678902,0.5330489108825617,0.2563509227815908,0.16736673323462756,0.16736673323462756,0.11907889757640554,0.08923401716159635,0.06948377488156444,0.059492892682156046,0.04952757437928046,0.0,0.0,0.0,0.0,0.0,0.0,0.019958243908112985,0.019958243908112985,0.029928588230899562,0.029928588230899562
1649686,Worms,TreeSHAP,0.9930740023190775,0.7897128241035962,0.0010063620228647288,0.7939821764681935,0.5627470877803645,0.28437753323406695,0.11753198168448291,0.0682682702809537,0.058643005290193166,0.058643005290193166,0.0397309644263933,0.029763071184566562,0.019924686515405073,0.0,0.0,0.0,0.0,0.0,0.0,0.0,0.0,0.0,0.009993919618281992
1649686,Worms,Random,0.9930740023190775,0.5051731787906235,0.0,0.9527259826499409,0.9231620505759537,0.6637907426350886,0.6637907426350889,0.5213018418447911,0.38402064091758503,0.23731582781051608,0.23731582781051608,0.18768573105952516,0.1078988473455359,0.0,0.0,0.0,0.0,0.0,0.0,0.0,0.0,0.0,0.0
1059089,Worms,LIME,0.9930740023190775,0.7942581362934057,0.012473430615689665,0.7137642139410343,0.5330489108825617,0.2563509227815908,0.16736673323462756,0.11907889757640554,0.059674495316015486,0.04968291233767486,0.04968291233767486,0.019754330924566462,0.019754330924566462,0.0,0.0,0.0,0.0,0.0,0.009205036883127057,0.019175381205913635,0.019175381205913635,0.02885150106765886,0.04746309627910932
1059089,Worms,TreeSHAP,0.9930740023190775,0.7897128241035962,0.0010063620228647288,0.7939821764681934,0.5627470877803645,0.28437753323406695,0.11753198168448291,0.0682682702809537,0.058643005290193166,0.058643005290193166,0.0397309644263933,0.029763071184566562,0.019924686515405073,0.0,0.0,0.0,0.0,0.0,0.0,0.0,0.0,0.0,0.009993919618281992
1059089,Worms,Random,0.9930740023190775,0.6439701122233843,0.003020922905034515,0.7319453023911444,0.6632076433362022,0.5035388020716058,0.315319366796552,0.315319366796552,0.30534364403895375,0.21685501528077253,0.14685806758171227,0.14685806758171227,0.14579362508172491,0.0,0.0,0.0,0.0,0.0,0.0,0.0,0.01,0.01,0.01
1418648,Worms,LIME,0.9636597061435583,0.760845868063392,0.009318986711047597,0.7066311185233176,0.5366464571486576,0.2010487805039541,0.13522934822906255,0.13522934822906255,0.09784897141257452,0.08789398956114089,0.04909935114990123,0.03925550802199564,0.03925550802199564,0.0,0.0,0.0,0.0,0.0,0.0,0.019958243908112985,0.019958243908112985,0.019958243908112985,0.029928588230899562
1418648,Worms,TreeSHAP,0.9636597061435583,0.772993426604369,0.0010308071583057033,0.7974631557251878,0.4130018261598216,0.29366029686168027,0.11789314520139277,0.0682913220136267,0.0682913220136267,0.058643005290193166,0.0397309644263933,0.029763071184566562,0.019924686515405073,0.0,0.0,0.0,0.0,0.0,0.0,0.0,0.0,0.0,0.009933473232635503
1418648,Worms,Random,0.9636597061435583,0.29166499533664064,0.0,0.914049037065839,0.8942588392053094,0.8942588392053094,0.7250103765043844,0.7250103765043842,0.6061291612892621,0.5967540689900841,0.49113102265252495,0.4413380556592464,0.43200733099283345,0.0,0.0,0.0,0.0,0.0,0.0,0.0,0.0,0.0,0.0
1852439,Worms,LIME,0.904249365025374,0.7650909727312587,0.017215957860170845,0.5365595458923321,0.3085169622064026,0.20874601156952188,0.14940820722429726,0.09949847112562711,0.03953944208967744,0.019828820708323466,0.009828820708323466,0.009828820708323466,0.009828820708323466,0.0,0.0,0.0,0.0,0.009970344322786578,0.01914497849531566,0.01914497849531566,0.02914497849531566,0.03913495491244864,0.03913495491244864
1852439,Worms,TreeSHAP,0.904249365025374,0.4366491187198302,0.005495604482915221,0.8646191203089559,0.6949134656482032,0.596187232422869,0.5961872324228689,0.4567455976137186,0.4564957673973558,0.3568121449297066,0.29757499535725285,0.23765108515252162,0.11881582180198577,0.0,0.0,0.0,0.0,0.0,0.0,0.0,0.0,0.019846984320533438,0.029846984320533437
1852439,Worms,Random,0.904249365025374,0.4350519586462226,0.0022117792694760457,0.9043493777564601,0.8843493777564599,0.5265438035646569,0.5265438035646569,0.4379630408157972,0.4379630408157972,0.40796279608390795,0.27852710707915007,0.14886540838597462,0.13890630796865316,0.0,0.0,0.0,0.0,0.0,0.0,0.0,0.0,0.01,0.01
1388846,Worms,LIME,0.9974861906138668,0.7804907533582797,0.007762634664041003,0.7464047148444632,0.5269977486624348,0.25864072342494465,0.15965470384046868,0.15965470384046865,0.10955748671272604,0.089603453669928,0.049664671669876335,0.03986771430431897,0.029908451586241325,0.0,0.0,0.0,0.0,0.0,0.0,0.009970344322786578,0.019175381205913635,0.019175381205913635,0.029110102067000293
1388846,Worms,TreeSHAP,0.9974861906138668,0.8055514651347607,0.0010011496525277423,0.8358602691913624,0.3863451419323694,0.27490431967252227,0.14722793756743344,0.06828289526036194,0.0586539845203233,0.0586539845203233,0.0397309644263933,0.029763071184566562,0.019924686515405073,0.0,0.0,0.0,0.0,0.0,0.0,0.0,0.0,0.0,0.00998632953134294
1388846,Worms,Random,0.9974861906138668,0.5549442212426448,0.0,0.7342661479369379,0.6451241209658537,0.6451241209658537,0.4458347513638994,0.44583475136389944,0.4358620549758963,0.27583318368347726,0.26584685415213427,0.26584685415213427,0.26584685415213427,0.0,0.0,0.0,0.0,0.0,0.0,0.0,0.0,0.0,0.0
65670,Worms,LIME,0.9748680899504116,0.7900256919044716,0.010786807775787095,0.7446554886404829,0.5376878908369577,0.1845425965291059,0.127018065840209,0.09765970698506492,0.03919742314400415,0.03919742314400415,0.03919742314400415,0.029471004830010507,0.009796957365557352,0.0,0.0,0.0,0.0,0.0,0.009205036883127057,0.009205036883127057,0.01904342155228855,0.029013765875075127,0.03868988573682035
65670,Worms,TreeSHAP,0.9748680899504116,0.7885262263050548,0.0,0.7975835816697259,0.41183041847357743,0.26926981941267775,0.10363382002417275,0.054487762327648286,0.058626223916069004,0.058626223916069004,0.03983481565807587,0.029763071184566562,0.039762899870986336,0.0,0.0,0.0,0.0,0.0,0.0,0.0,0.0,0.0,0.0
65670,Worms,Random,0.9748680899504116,0.46369502645867466,0.0010160436410920199,0.6898479862509014,0.6898479862509015,0.6898479862509015,0.5568090229777435,0.5352979083163018,0.47673861373877385,0.47673861373877385,0.38858818305077486,0.3489619448197206,0.25905238952257664,0.0,0.0,0.0,0.0,0.0,0.0,0.0,0.0,0.0,0.009905085236976391
