instance,true_class,explainer,p_original,comprehensiveness_auc,sufficiency_auc,comp_k1,comp_k2,comp_k3,comp_k4,comp_k5,comp_k6,comp_k7,comp_k8,comp_k9,comp_k10,suff_k1,suff_k2,suff_k3,suff_k4,suff_k5,suff_k6,suff_k7,suff_k8,suff_k9,suff_k10
1571748,Analysis,LIME,0.5571417212486267,-0.442670202255249,1.7457548912320762,0.9986947,0.99982125,0.9999505,0.99994123,0.99994195,0.99994195,0.99993205,0.999964,0.9999628,0.99996877,0.99975353,0.998879,0.98882675,0.9731429,0.971931,0.971931,0.9578873,0.96417034,0.9524703,0.94733757
1571748,Analysis,TreeSHAP,0.5571417212486267,-0.4426542162895203,1.7575826012403386,0.9986947,0.99982125,0.99985445,0.9998635,0.99992037,0.9999167,0.9999405,0.99998033,0.9999819,0.9999857,0.99975353,0.998879,0.9988638,0.9986656,0.99809414,0.9979284,0.94855416,0.9549112,0.9527517,0.9438234
1571748,Analysis,Random,0.5571417212486267,-0.0737757682800293,1.794868607329592,0.2899398,0.2899398,0.3045047,0.74978185,0.78725076,0.79370004,0.7760647,0.78380376,0.7400226,0.7941669,0.99999917,0.99999917,0.99999917,0.9999962,0.99999654,0.99999404,0.99999416,0.99999404,0.9999951,0.9999944
1124981,Analysis,LIME,0.5643075704574585,-0.43548893332481386,1.7497823609375645,0.9985384,0.9997272,0.99992704,0.9999558,0.9999627,0.9999627,0.99995327,0.99997425,0.99997866,0.9999851,0.99975353,0.998879,0.98882675,0.9848305,0.985788,0.985788,0.98802674,0.9885097,0.977391,0.97636026
1124981,Analysis,TreeSHAP,0.5643075704574585,-0.43547341227531433,1.7462613717862459,0.9985384,0.9997272,0.9998797,0.9998747,0.9998952,0.99997795,0.9999747,0.99997914,0.99998045,0.99998236,0.99975353,0.998879,0.99845374,0.9979753,0.9977913,0.99840194,0.9975515,0.95608497,0.9601707,0.9492238
1124981,Analysis,Random,0.5643075704574585,-0.20738251209259034,1.771677452677631,0.5667864,0.57393444,0.5196938,0.5277813,0.53222364,0.9994399,0.99937147,0.99937147,0.9991492,0.9991492,0.99999917,0.99999917,0.99999905,0.99999905,0.99999905,0.99964035,0.99968016,0.99968016,0.99935764,0.99935764
1259370,Analysis,LIME,0.5846776366233826,-0.41449211835861205,1.689102433077796,0.99362975,0.9991487,0.99975663,0.9997744,0.9998067,0.9998889,0.99990106,0.9999254,0.9999206,0.9999454,0.99975353,0.998879,0.98882675,0.98811185,0.98969483,0.9880866,0.9833734,0.985872,0.9771236,0.9760824
1259370,Analysis,TreeSHAP,0.5846776366233826,-0.41452889442443847,1.6870391791921575,0.99362975,0.9991487,0.9998235,0.99984014,0.99985206,0.9999039,0.9999267,0.9999765,0.99998057,0.99998343,0.99975353,0.998879,0.99809605,0.9973346,0.99708396,0.9951379,0.9958806,0.9965295,0.93473834,0.95030725
1259370,Analysis,Random,0.5846776366233826,-0.0015795141458511352,1.710340929792585,0.61769754,0.47666213,0.39770317,0.47609308,0.49039927,0.7010656,0.7010656,0.7010656,0.6540841,0.6467354,0.99999917,0.99999905,0.9999989,0.9999989,0.9999988,0.9999976,0.9999976,0.9999976,0.99999654,0.9999969
1016305,Analysis,LIME,0.4786659777164459,-0.5206775665283203,2.0734616267048285,0.9946168,0.99926096,0.99979,0.9999002,0.9999715,0.9999796,0.9999765,0.9999789,0.9999788,0.9999821,0.99975353,0.998879,0.98882675,0.994005,0.99349254,0.9936959,0.9930969,0.9929484,0.98800665,0.98224974
1016305,Analysis,TreeSHAP,0.4786659777164459,-0.5206125438213348,2.0725673067015165,0.9946168,0.99926096,0.9996588,0.9997589,0.9998234,0.99986327,0.999863,0.9999789,0.99997914,0.999982,0.99975353,0.998879,0.9992893,0.9991824,0.99180675,0.9878848,0.983155,0.9857547,0.98799163,0.9869774
1016305,Analysis,Random,0.4786659777164459,-0.26986048817634584,2.0891352634100526,0.49192056,0.50779855,0.5483322,0.4938608,0.52132225,0.97311044,0.9848358,0.9871565,0.98680043,0.9901271,0.99999917,0.9999989,0.9999988,0.99999905,0.9999989,0.9999987,0.9999982,0.9999982,0.99999535,0.99999404
1764370,Analysis,LIME,0.7398223876953125,-0.2599691331386566,1.3393093546973291,0.9985821,0.99971443,0.99992085,0.99992085,0.9999511,0.99995136,0.9999589,0.9999589,0.9999589,0.99999785,0.99975353,0.998879,0.98882675,0.98882675,0.99102426,0.9903582,0.9865471,0.9865471,0.9865471,0.99120015
1764370,Analysis,TreeSHAP,0.7398223876953125,-0.2599551796913147,1.322585190651748,0.9985821,0.99971443,0.99986255,0.99982685,0.9998697,0.99998164,0.9999844,0.9999851,0.999984,0.99998486,0.99975353,0.998879,0.99808925,0.99727196,0.99698275,0.99763906,0.966812,0.9361646,0.9388089,0.9543813
1764370,Analysis,Random,0.7398223876953125,-0.08633262515068055,1.3516694918531504,0.692363,0.692363,0.9112641,0.8550664,0.8543498,0.92300224,0.8343821,0.8343821,0.83403116,0.8303461,0.99999905,0.99999905,0.99999547,0.99999535,0.99999595,0.99999523,0.9999933,0.9999933,0.9999932,0.99999356
1046218,Analysis,LIME,0.18915076553821564,0.1891145544984937,0.35738559298700545,0.00033369582,1.4727127e-05,8.953337e-06,9.404486e-07,9.904644e-07,9.904644e-07,6.2315223e-07,4.1691376e-07,3.8633615e-07,3.8633615e-07,0.00014740297,0.0008251716,0.00046740478,0.0039410903,0.004113747,0.004113747,0.006952109,0.011520538,0.32195818,0.32195818
1046218,Analysis,TreeSHAP,0.18915076553821564,0.18910089262111568,0.010898090541893522,0.00033369582,0.00013769978,8.080164e-06,2.8614045e-06,4.8224733e-06,3.888175e-06,4.4240783e-06,9.703452e-07,1.1678022e-06,1.1191283e-06,0.00014740297,0.0001753554,0.0010524396,0.00277964,0.0014370598,0.0023716176,0.002749542,0.0027136896,0.00286677,0.004320305
1046218,Analysis,Random,0.18915076553821564,0.08647389553570975,0.005559377499518856,0.10257351,0.30651984,0.32218006,0.29530925,2.3659182e-05,3.073182e-05,3.0753636e-05,4.940604e-05,2.8600078e-05,2.289843e-05,9.668788e-07,9.019127e-07,9.4207354e-07,8.211328e-07,0.00081825926,0.0029768776,0.0018392238,0.0005854728,0.0022867254,0.0020054139
1781662,Analysis,LIME,0.23288844525814056,0.23286277014473172,0.03456070809685071,0.0002145721,2.5836709e-05,2.606031e-06,2.6741068e-06,1.9819427e-06,1.8101903e-06,1.8101903e-06,1.7975184e-06,1.7985941e-06,1.8637578e-06,0.00029742107,0.0009408705,0.008522503,0.007953112,0.007974286,0.010371649,0.010371649,0.0065465644,0.008031333,0.019478504
1781662,Analysis,TreeSHAP,0.23288844525814056,0.23285101291792215,0.00455223887938476,0.0002145721,9.601264e-05,1.38927635e-05,1.3150138e-05,8.943827e-06,8.604039e-06,6.1690794e-06,6.278834e-06,3.1543425e-06,3.5456428e-06,0.00029742107,0.00036440836,0.0012124794,0.001757081,0.0011066217,0.00083745306,0.00088184775,0.00059485214,0.0015922765,0.0019571977
1781662,Analysis,Random,0.23288844525814056,-0.09760394072845884,0.00041693030704969305,0.22996329,0.23419718,0.2048487,0.25407264,0.309964,0.31067413,0.50584483,0.6707996,0.5845458,1.3676913e-05,7.6222835e-07,9.491365e-07,1.0458937e-06,1.0683764e-06,8.495069e-07,1.3103701e-06,1.7858367e-06,1.1288538e-06,1.3522712e-06,0.00096073
1045716,Analysis,LIME,0.264926016330719,0.26489838147059575,2.1020574242692553e-05,0.00022999664,9.303168e-06,8.468288e-06,8.803709e-06,6.078874e-06,5.492236e-06,4.87706e-06,8.892288e-07,1.4016881e-06,1.0377067e-06,4.637873e-07,6.505591e-07,7.639503e-07,7.6393695e-07,1.5552451e-06,1.0286368e-06,3.245346e-06,1.581048e-05,1.2637751e-05,1.8769275e-05
1045716,Analysis,TreeSHAP,0.264926016330719,0.2648991331146206,3.5949642058028555e-06,0.00022999664,9.303168e-06,9.515332e-06,6.822008e-06,6.411335e-06,5.286331e-06,7.885814e-07,2.2174788e-07,2.1543543e-07,2.7157907e-07,4.637873e-07,6.505591e-07,6.505479e-07,6.190367e-07,4.729553e-07,6.596097e-07,3.3176187e-07,1.2165891e-06,2.8724296e-06,1.5867191e-06
1045716,Analysis,Random,0.264926016330719,0.23566644535467846,3.3007542691883414e-06,0.26492602,0.027631463,3.0786476e-05,1.7666529e-06,1.2768966e-06,1.0057195e-06,1.0057195e-06,7.320501e-07,7.320501e-07,9.243824e-07,2.4441855e-08,3.3897475e-08,7.208595e-07,1.0294556e-06,9.965689e-07,1.1755031e-06,1.1755031e-06,1.2377516e-06,1.2377516e-06,1.1128245e-06
1046503,Analysis,LIME,0.17069651186466217,0.1704058189900195,0.006021161674442869,0.0026461137,0.00011668287,0.0001080945,6.6515254e-06,7.835823e-06,1.1318252e-05,7.451227e-06,8.3164014e-07,9.1951375e-07,1.0296451e-06,1.5408054e-05,0.00024013108,0.00024548153,0.0003383673,0.0007015521,0.0006936444,0.00031365998,0.0029843617,0.0021496485,0.0025956582
1046503,Analysis,TreeSHAP,0.17069651186466217,0.16378396644019516,0.0005539447632532911,0.045454446,0.023639198,7.1801383e-06,7.353294e-06,3.7575257e-06,6.0927327e-06,2.1316519e-06,2.187129e-06,2.2065433e-06,9.006106e-07,1.1640053e-06,2.8617767e-06,0.00033099562,6.0376915e-05,9.290862e-05,8.7503424e-05,4.3508357e-05,4.3801727e-05,7.231812e-05,0.00021012589
1046503,Analysis,Random,0.17069651186466217,0.037546750530600546,2.6491009752478906e-06,0.13513745,0.13513745,0.12753047,0.33964026,0.29066768,0.09369193,0.06641659,0.071528785,0.041129116,0.03061787,8.837378e-08,8.837378e-08,1.2712599e-07,1.3511189e-07,1.8303592e-07,2.1158513e-07,1.1277671e-06,8.087552e-07,8.615277e-07,8.9026673e-07
1049376,Analysis,LIME,0.16326691210269928,0.1631363569638779,7.418852998384338e-05,0.0009591332,8.3731466e-05,7.818401e-05,3.0820705e-05,2.5706053e-05,2.6721867e-05,2.1251428e-05,2.4644703e-05,3.093419e-05,2.4423758e-05,6.866688e-06,9.8711325e-06,9.870787e-06,1.320092e-05,1.1701691e-05,1.3433959e-05,1.3052908e-05,1.2990296e-05,1.10458495e-05,1.9091094e-05
1049376,Analysis,TreeSHAP,0.16326691210269928,0.1631477449483441,6.148498779098405e-05,0.0009591332,8.3731466e-05,5.0519142e-05,6.0719838e-05,2.7145623e-05,3.2170858e-06,1.781584e-06,1.9909899e-06,2.0729392e-06,1.3596707e-06,6.866688e-06,9.8711325e-06,8.009704e-06,9.658874e-06,1.12302205e-05,1.1372768e-05,7.6405095e-06,8.167445e-06,1.162024e-05,1.5947051e-05
1049376,Analysis,Random,0.16326691210269928,0.11728230754742981,9.570899543224042e-05,0.16326691,0.13363452,0.16044009,0.0006462835,0.00053364737,0.00053364737,0.0005599735,7.213505e-05,8.283464e-05,7.600217e-05,9.698171e-08,7.8420676e-08,7.894413e-08,5.1368006e-06,7.810073e-06,7.810073e-06,1.0522403e-05,4.0626437e-05,4.0613093e-05,4.348788e-05
1048013,Analysis,LIME,0.17247988283634186,0.1722254226485802,0.01106580761748085,0.0024459057,3.4031167e-05,3.0251913e-05,6.6515254e-06,6.4991546e-06,5.3324493e-06,6.6345615e-06,7.2162406e-06,1.0974896e-06,9.816744e-07,1.5408054e-05,0.00024013108,0.00024548153,0.00038617617,0.00043849132,0.00057606737,0.0005076514,0.00066710205,0.0067093233,0.00930046
1048013,Analysis,TreeSHAP,0.17247988283634186,0.16673938101841373,0.0005284456769805025,0.033730462,0.023639198,7.1801383e-06,7.353294e-06,3.7575257e-06,6.0927327e-06,5.6796193e-06,2.187129e-06,2.2065433e-06,9.006106e-07,1.1802348e-06,2.8236636e-06,0.00035694815,5.145839e-05,7.727591e-05,7.277278e-05,7.6324846e-05,3.7958675e-05,6.267111e-05,0.00017204872
1048013,Analysis,Random,0.17247988283634186,0.06214451789855957,8.320954612079772e-07,0.0904503,0.096358165,0.14208545,0.12803525,0.07522285,0.09552409,0.089354135,0.089354135,0.17210804,0.12486124,6.5263386e-08,6.2606794e-08,8.3531425e-08,5.400555e-08,1.7399776e-07,1.6992985e-07,2.0603531e-07,2.0603531e-07,1.9023913e-07,2.2355276e-07
1047359,Analysis,LIME,0.16607137024402618,0.16563531433189382,3.638979199327694e-05,0.0033354338,0.0004252216,0.00044667488,3.444547e-05,3.320519e-05,4.158867e-05,1.928882e-05,9.93616e-06,7.9267365e-06,6.8378117e-06,6.773301e-07,8.997232e-07,1.0407832e-06,2.595533e-06,3.6063404e-06,4.06784e-06,1.0279898e-05,1.0159238e-05,1.2725961e-05,1.4380375e-05
1047359,Analysis,TreeSHAP,0.16607137024402618,0.15675402702597124,5.482344138603994e-05,0.08446472,0.008674625,1.7587161e-05,5.5515725e-06,3.827386e-06,5.0732997e-06,7.258353e-07,5.7153306e-07,3.7811864e-07,3.705853e-07,1.2450863e-07,2.9039336e-07,1.7159934e-06,2.6003058e-06,5.770621e-06,4.5679144e-06,6.0683933e-06,7.1592594e-06,2.5377914e-05,3.737074e-05
1047359,Analysis,Random,0.16607137024402618,-0.0018577218055725099,2.1676352709547072e-07,0.16607137,0.15672554,0.18899181,0.16891503,0.14001113,0.14501163,0.14501163,0.14501163,0.18150711,0.24203402,4.275425e-08,5.0374425e-08,3.392465e-08,4.2708624e-08,3.9282945e-08,2.4398176e-08,2.4398176e-08,2.4398176e-08,3.1526827e-08,4.6215884e-08
1299541,Analysis,LIME,0.5106126666069031,0.5105899112280327,0.018592715447760907,0.00019808393,1.2129972e-05,1.0756471e-05,1.3129693e-06,1.2904025e-06,1.0065538e-06,8.344094e-07,8.2713444e-07,6.5597334e-07,6.5597345e-07,0.00014740297,0.0008788223,0.0009425065,0.00770791,0.009967174,0.011534721,0.01127163,0.01089741,0.019937675,0.021651503
1299541,Analysis,TreeSHAP,0.5106126666069031,0.5105859670689881,0.007149164806402356,0.00019808393,1.2129972e-05,1.2410979e-05,1.2053713e-05,1.1109726e-05,9.54637e-06,4.4343074e-06,3.9581405e-06,2.4587293e-06,8.095116e-07,0.00014740297,0.0008788223,0.0015300148,0.0018248869,0.0022411526,0.002293821,0.008022731,0.008574606,0.0059466776,0.005044424
1299541,Analysis,Random,0.5106126666069031,0.4867446214775555,2.463395731377723e-06,0.049205218,0.047494404,0.047494404,0.047632933,0.037837304,0.0021996165,0.0019530558,0.0019530558,0.0017629397,0.001147521,8.753351e-07,8.92421e-07,8.92421e-07,8.9242087e-07,9.5121555e-07,1.1900318e-06,1.1684511e-06,1.1684511e-06,1.8527915e-06,2.6948717e-06
1046184,Analysis,LIME,0.21095286309719086,0.21044801688331063,1.5438744342181777e-05,0.0038749364,0.00046872674,0.0004888305,3.444547e-05,3.8645077e-05,3.632093e-05,3.3384462e-05,4.21329e-05,2.3147686e-05,7.8920075e-06,6.773301e-07,8.997232e-07,1.0407832e-06,2.4550748e-06,1.620591e-06,1.87247e-06,4.282916e-06,3.890217e-06,4.303305e-06,1.1526063e-05
1046184,Analysis,TreeSHAP,0.21095286309719086,0.20163511947803556,7.099602087759135e-05,0.08446472,0.008674625,1.7587161e-05,5.5515725e-06,3.827386e-06,5.0732997e-06,3.6443844e-06,1.7028262e-06,3.7811864e-07,3.2475407e-07,1.4215082e-07,3.89686e-07,1.8357184e-06,2.9550563e-06,6.659745e-06,5.804328e-06,6.8127706e-06,2.3103268e-05,3.6455618e-05,6.56098e-05
1046184,Analysis,Random,0.21095286309719086,0.1657068974338472,3.5708998381795734e-07,0.1602364,0.16746667,0.06949964,0.009030993,0.0072639547,0.007863186,0.007867365,0.009865493,0.0056641586,0.007701791,5.0617217e-08,5.38459e-08,7.815277e-08,6.043881e-08,4.54441e-08,5.3737764e-08,6.165603e-08,7.120129e-08,1.16354194e-07,1.6184346e-07
1631161,Analysis,LIME,0.7519470453262329,-0.24787855744361878,1.3080221928793117,0.99885,0.9997762,0.99982905,0.99995375,0.9999738,0.9999738,0.9999709,0.99998,0.99997187,0.99997675,0.99975353,0.998879,0.9990569,0.99038833,0.98711944,0.98711944,0.9692407,0.96458375,0.9657308,0.97376275
1631161,Analysis,TreeSHAP,0.7519470453262329,-0.24786997437477112,1.3114526341955952,0.99885,0.9997762,0.9999033,0.99990034,0.99991536,0.999908,0.99997866,0.99997556,0.99997985,0.99998295,0.99975353,0.998879,0.99845374,0.9979753,0.9977913,0.9967938,0.9975515,0.99489105,0.9393476,0.9399934
1631161,Analysis,Random,0.7519470453262329,0.09272406995296478,1.3298797724527565,0.75194705,0.75194705,0.76285034,0.67800355,0.7351112,0.7215659,0.6582001,0.6062773,0.49058005,0.43574727,0.99999917,0.99999917,0.99999917,0.99999917,0.99999917,0.99999917,0.99999905,0.99999917,0.9999987,0.9999987
1046933,Analysis,LIME,0.18051204085350037,0.1799098883775514,1.5170660873781019e-05,0.0045801494,0.0006102608,0.00065552717,3.444547e-05,3.8645077e-05,2.4667112e-05,2.334658e-05,2.1102376e-05,1.7070912e-05,1.630982e-05,6.773301e-07,8.997232e-07,1.0407832e-06,2.8119096e-06,1.6794318e-06,2.850621e-06,1.892992e-06,2.2093643e-06,6.0640464e-06,7.2586677e-06
1046933,Analysis,TreeSHAP,0.18051204085350037,0.1711944176935077,6.98031281836983e-05,0.08446472,0.008674625,1.7587161e-05,5.5515725e-06,3.827386e-06,5.0732997e-06,2.4397928e-06,1.7028262e-06,3.7811864e-07,3.2475407e-07,1.8438328e-07,4.2232458e-07,1.9231281e-06,2.8667093e-06,6.351494e-06,4.8409274e-06,2.0133213e-05,1.7717095e-05,2.5604866e-05,4.59589e-05
1046933,Analysis,Random,0.18051204085350037,0.15081410040729679,2.1760624576648932e-06,0.13876754,0.07786352,0.034275204,0.03879248,0.0017864831,0.0016725889,0.0016725889,0.0007163325,0.0007163325,0.0007163325,5.0617217e-08,7.625242e-08,3.3984384e-07,3.8839372e-07,4.1776048e-07,4.5462232e-07,3.5568064e-07,6.149614e-07,6.149614e-07,6.149614e-07
1713014,Analysis,LIME,0.22020737826824188,0.22009594569589125,0.0155691986451766,0.00083352946,5.2171818e-05,5.7935446e-05,5.1330626e-05,4.1471387e-05,4.1471514e-05,1.9034609e-05,9.199719e-06,7.0713913e-06,1.1097592e-06,1.5408054e-05,0.00024013108,0.0002454687,0.0002031513,0.00029604667,0.0002719375,0.0006523711,0.0012755148,0.0025950344,0.02848946
1713014,Analysis,TreeSHAP,0.22020737826824188,0.21607742953261208,0.005606372988402183,0.041200016,5.2171818e-05,1.1681352e-05,9.767729e-06,1.0043474e-05,5.343834e-06,4.426467e-06,3.8377702e-06,1.5230611e-06,6.76158e-07,1.1802348e-06,0.00024013108,0.0002565105,0.0002825783,0.00026638724,0.0006924208,0.0012820032,0.0011469497,0.0036981166,0.0044793696
1713014,Analysis,Random,0.22020737826824188,0.08930382616817951,9.785675180747936e-07,0.20394391,0.20394391,0.20897342,0.12180037,0.06627348,0.12835185,0.13052581,0.13052581,0.07875134,0.035945613,1.0787811e-07,7.736247e-08,8.721154e-08,1.0901162e-07,1.0032206e-07,8.135539e-08,8.322624e-08,8.322624e-08,8.9151555e-08,1.3361325e-06
1048616,Analysis,LIME,0.17749737203121185,0.17746606912888296,1.436576151056189,0.00027544147,2.4711308e-05,2.397071e-06,1.9263462e-06,1.926346e-06,1.6984087e-06,1.9288698e-06,1.306043e-06,1.0764572e-06,6.166993e-07,0.00029742107,0.0009408705,0.008522503,0.3608914,0.34587127,0.29269576,0.32016125,0.28121203,0.47549352,0.46379903
1048616,Analysis,TreeSHAP,0.17749737203121185,0.17745210249972843,0.006563556292845146,0.00027544147,0.00011006195,1.1185325e-05,1.0760446e-05,1.0456014e-05,9.893736e-06,6.3094226e-06,7.2716375e-06,8.162315e-06,3.1529962e-06,0.00029742107,0.00036440836,0.0012124794,0.0008269916,0.0011985878,0.0008821762,0.0012447397,0.0009553059,0.00094970805,0.003718321
1048616,Analysis,Random,0.17749737203121185,0.09469333373635891,0.0006551552055784141,0.18092377,0.25878188,0.053489473,0.053283677,0.05268812,0.04914374,0.050910715,0.06113606,0.06763834,4.460582e-05,1.7835663e-07,1.7557569e-07,1.9614173e-07,4.6210874e-07,5.692665e-07,4.225124e-07,3.882912e-07,4.1570098e-07,4.9772814e-07,0.0011595775
1455448,Analysis,LIME,0.6712555289268494,-0.32845072746276854,1.465107839342542,0.9979679,0.99952567,0.9997764,0.99995196,0.9999614,0.9999751,0.99997604,0.99997604,0.99997604,0.99997604,0.99975353,0.9976053,0.996837,0.9848305,0.9774664,0.9814394,0.9741712,0.9741712,0.9741712,0.9741712
1455448,Analysis,TreeSHAP,0.6712555289268494,-0.32846284508705137,1.4677809468984484,0.9979679,0.9996741,0.9999006,0.9998965,0.99991536,0.99990356,0.99998,0.9999833,0.99998105,0.9999814,0.99975353,0.998879,0.9987048,0.9982698,0.99809736,0.9972662,0.99790275,0.9609373,0.9391544,0.9635952
1455448,Analysis,Random,0.6712555289268494,0.19406399130821228,1.489744400517182,0.66059595,0.6360129,0.5930789,0.5930789,0.5930789,0.31908065,0.34424728,0.34424728,0.34424728,0.34424728,0.99999905,0.99999905,0.9999989,0.9999989,0.9999993,0.9999993,0.9999994,0.9999994,0.9999994,0.9999994
1048024,Analysis,LIME,0.17593616247177124,0.17568160406151492,0.0014244291710821728,0.0024457795,3.4030752e-05,3.0251513e-05,6.6515254e-06,5.377986e-06,7.423057e-06,6.6532625e-06,4.562627e-06,2.6579762e-06,2.1958954e-06,1.5408054e-05,0.00024013108,0.00024548153,0.00038617608,0.000516955,0.0005059867,9.723165e-05,0.00012061154,0.00026289772,0.00011520638
1048024,Analysis,TreeSHAP,0.17593616247177124,0.17014961867345732,0.0005180638655231494,0.034190882,0.023639198,7.1801383e-06,7.353294e-06,3.7575257e-06,6.0927327e-06,5.6796193e-06,2.187129e-06,2.2065433e-06,9.006106e-07,1.1802348e-06,2.8236636e-06,0.00035694806,5.1458377e-05,7.727585e-05,7.2772724e-05,7.632477e-05,3.7958624e-05,6.2671e-05,0.00017204834
1048024,Analysis,Random,0.17593616247177124,-0.0416568323969841,7.939084839434711e-07,0.31737703,0.28704563,0.27956823,0.20754334,0.20843278,0.20843278,0.24412493,0.1395128,0.14194621,0.14194621,1.18559804e-07,1.18559804e-07,1.1373397e-07,1.12300505e-07,1.15220466e-07,1.15220466e-07,1.1458675e-07,1.9398774e-07,1.9730138e-07,1.9730138e-07
1712869,Analysis,LIME,0.19203883409500122,-0.8074313342571259,2.330035566224285,0.9963392,0.9991478,0.9997905,0.9998317,0.99988925,0.9999198,0.99994624,0.99994624,0.9999484,0.99994266,0.99953055,0.9979804,0.9826645,0.2837389,0.29392764,0.24966967,0.162155,0.162155,0.17162585,0.17112535
1712869,Analysis,TreeSHAP,0.19203883409500122,-0.8074191689491272,5.136636190642908,0.9963392,0.9991478,0.9997665,0.999762,0.9998348,0.9998348,0.9999738,0.99997497,0.99997365,0.9999726,0.99953055,0.9979804,0.99791175,0.99859995,0.9778986,0.9778986,0.98061746,0.9785326,0.9800305,0.97533643
1712869,Analysis,Random,0.19203883409500122,-0.6042189449071884,5.205756147736242,0.33226362,0.33226362,0.31121376,0.9973224,0.9973224,0.9976913,0.99826837,0.99826837,0.9982686,0.9996954,0.9999982,0.9999982,0.9999982,0.9994968,0.99965024,0.99967194,0.9998357,0.9998357,0.99983263,0.9987556
1501463,Analysis,LIME,0.19244220852851868,0.19223091661860964,1.989132448024531e-05,0.0014293229,0.00014245995,0.00016751814,0.00015036968,0.00015823488,2.644053e-05,1.3986391e-05,1.1073093e-05,6.7567803e-06,6.7567803e-06,4.637873e-07,7.128433e-07,4.91381e-07,4.5207491e-07,5.562279e-07,1.5729627e-06,5.1546385e-06,9.003653e-06,9.935868e-06,9.935868e-06
1501463,Analysis,TreeSHAP,0.19244220852851868,0.19226971429797574,4.18300566458211e-05,0.0014293229,0.00024753803,1.8722232e-05,1.8775774e-05,3.6543079e-06,3.5615337e-06,1.8881507e-06,4.809429e-07,4.992291e-07,4.992291e-07,4.637873e-07,9.870103e-07,1.916867e-06,1.9134077e-06,1.4029467e-06,1.5033943e-06,4.1277804e-06,2.3391265e-05,2.2396114e-05,2.2396114e-05
1501463,Analysis,Random,0.19244220852851868,0.14036338571459056,3.033688760068576e-07,0.15648991,0.05347647,0.05347647,0.05347647,0.05677213,0.036845587,0.032689698,0.03196035,0.021309411,0.024291728,2.4720817e-08,5.0399088e-08,5.0399088e-08,5.0399088e-08,5.0771508e-08,5.5052244e-08,6.2757564e-08,6.822918e-08,8.1510386e-08,8.957083e-08
996895,Analysis,LIME,0.1985742300748825,0.19854787069126018,1.151228893754365,0.00024004065,1.2618258e-05,1.180772e-06,1.1502138e-06,9.085753e-07,6.007585e-07,1.5141134e-06,1.8518585e-06,1.9686406e-06,1.7599945e-06,0.00014740297,0.0008788223,0.007390902,0.2885112,0.34439626,0.44386193,0.48876432,0.2776751,0.28396887,0.15044896
996895,Analysis,TreeSHAP,0.1985742300748825,0.1985353592179763,0.0024392135428630197,0.00024004065,8.807788e-05,6.4111696e-06,5.230504e-06,5.4786738e-06,1.0966162e-05,6.953705e-06,5.369475e-06,9.141331e-06,1.1039014e-05,0.00014740297,0.00017777202,0.0011252202,0.0008377551,0.00081050204,0.0007798217,0.0003857136,0.00018294116,0.00018969752,0.00020682358
996895,Analysis,Random,0.1985742300748825,0.018092435598373414,1.581724250115455e-06,0.20864955,0.20614405,0.17155918,0.08456071,0.08456071,0.24663346,0.22069901,0.2207441,0.14728568,0.2139815,2.1421864e-07,1.8488423e-07,1.7907584e-07,3.820338e-07,3.820338e-07,3.5666835e-07,3.265315e-07,3.265315e-07,3.548924e-07,4.3402687e-07
1454900,Analysis,LIME,0.8062015175819397,-0.19351773858070373,0.8025320762509207,0.9985777,0.99967134,0.99976104,0.99974066,0.99974066,0.9999176,0.9999176,0.9999479,0.9999498,0.9999682,0.99975353,0.9976053,0.84515977,0.86977404,0.86977404,0.39246103,0.39246103,0.36012113,0.36012113,0.38279465
1454900,Analysis,TreeSHAP,0.8062015175819397,-0.19357137084007264,1.2308350763580491,0.9985777,0.99971443,0.9999007,0.9999045,0.9999163,0.99991333,0.99990547,0.99993443,0.99997914,0.99998283,0.99975353,0.998879,0.9983901,0.9980111,0.9977984,0.9944713,0.9939375,0.99570173,0.9960102,0.9500583
1454900,Analysis,Random,0.8062015175819397,0.09485902786254882,1.240382152146521,0.77145916,0.72593296,0.7424528,0.7424528,0.72950375,0.72950375,0.7454884,0.63494945,0.6562646,0.6354172,0.9999988,0.9999976,0.99999774,0.99999774,0.99999774,0.99999774,0.99999774,0.9999982,0.9999982,0.99999833
1455855,Analysis,LIME,0.8024256825447083,-0.19740461707115173,1.2296280125139007,0.9988508,0.99971014,0.99994314,0.9999449,0.99997485,0.9999747,0.9999809,0.99997497,0.99997497,0.99997354,0.99975353,0.9976053,0.98882675,0.9849128,0.98665667,0.9901933,0.98737,0.9778805,0.9778805,0.9757717
1455855,Analysis,TreeSHAP,0.8024256825447083,-0.19737533926963807,1.224258046573775,0.9988508,0.99980086,0.9998927,0.9999032,0.9999002,0.9998852,0.9998704,0.9999654,0.99997234,0.999969,0.99975353,0.998879,0.9984151,0.99794036,0.99787104,0.9967865,0.9952951,0.9969881,0.9222336,0.9195985
1455855,Analysis,Random,0.8024256825447083,0.03341048359870911,1.2459273258122265,0.9481846,0.81008106,0.7019695,0.702473,0.70237494,0.70237494,0.71553284,0.6941266,0.7131624,0.9998721,0.9999964,0.9999957,0.99999607,0.99999547,0.99999654,0.99999654,0.99999416,0.9999918,0.99999213,0.99768543
1131152,Analysis,LIME,0.2500074803829193,0.24998653833117715,0.4082223816135186,0.00015042163,3.0072177e-05,4.464276e-06,4.4642757e-06,3.9680012e-06,3.6310837e-06,3.7179902e-06,2.8936931e-06,2.8936931e-06,2.8936931e-06,0.00029742107,0.0009456144,0.008560063,0.007317093,0.004385293,0.0035265107,0.010091002,0.3284878,0.3284878,0.3284878
1131152,Analysis,TreeSHAP,0.2500074803829193,0.24997676720581694,0.0009873667991529003,0.00015042163,8.9812194e-05,9.558957e-06,7.813594e-06,6.1953147e-06,7.765914e-06,8.909226e-06,8.909242e-06,8.543851e-06,9.201844e-06,0.00029742107,0.0001399171,0.0002701904,0.0004171396,0.0004005944,0.00026613707,0.0002280953,0.00016185602,0.00016312105,0.00012401862
1131152,Analysis,Random,0.2500074803829193,-0.047568130493164065,6.830109028443353e-06,0.25000888,0.5042867,0.44859734,0.45140418,0.5035648,0.51777625,0.07976344,0.073731095,0.07198924,0.074634194,2.405772e-07,5.2932904e-07,5.79601e-07,5.7339116e-07,4.2993705e-07,4.9705994e-07,2.524167e-06,2.524167e-06,4.641738e-06,4.5358156e-06
1896250,Analysis,LIME,0.5110459923744202,-0.4887851655483246,1.9137323157212989,0.9988508,0.9997924,0.9999429,0.99994564,0.9999465,0.9999589,0.9999635,0.9999703,0.9999703,0.9999703,0.99975353,0.998879,0.98882675,0.9853145,0.9853892,0.9751813,0.97390723,0.95795786,0.95795786,0.95688426
1896250,Analysis,TreeSHAP,0.5110459923744202,-0.4887354910373688,1.9183093305297956,0.9988508,0.9997924,0.9997317,0.99981195,0.999864,0.9998462,0.9999728,0.99997663,0.9999826,0.9999857,0.99975353,0.998879,0.9988638,0.9986656,0.9806985,0.9801524,0.9845121,0.9846191,0.9496902,0.9276087
1896250,Analysis,Random,0.5110459923744202,-0.3279478907585144,1.956768478022153,0.5680856,0.5680856,0.50919825,0.9771796,0.97475684,0.96251005,0.9667009,0.9482134,0.95457464,0.96063393,0.9999993,0.9999993,0.9999993,0.99999905,0.99999845,0.99999857,0.99999845,0.99999833,0.99999833,0.99999833
1877227,Analysis,LIME,0.17049969732761383,0.17037609590479405,2.1367575765417694e-05,0.00034766976,6.727018e-05,8.114261e-05,8.847889e-05,9.168291e-05,8.407977e-05,0.000152157,0.00014292555,9.030406e-05,9.03035e-05,4.637873e-07,6.505591e-07,8.078295e-07,9.3054064e-07,9.4493015e-07,1.1830506e-06,2.7364604e-06,7.988943e-06,1.0362481e-05,1.0363072e-05
1877227,Analysis,TreeSHAP,0.17049969732761383,0.17045151471220948,2.158412657161783e-05,0.00034766976,9.416484e-05,1.2345921e-05,1.2054778e-05,9.840063e-06,2.5239483e-06,1.7413884e-06,5.5388426e-07,4.589243e-07,4.7264612e-07,4.637873e-07,9.821445e-07,1.0120509e-06,7.503617e-07,1.0124464e-06,9.1005114e-07,1.4849703e-06,7.016315e-06,1.0711017e-05,1.2457727e-05
1877227,Analysis,Random,0.17049969732761383,0.14153768266551198,1.2580641134734779e-06,0.16499887,0.0851696,0.019866921,0.006752392,0.006752392,0.0012159939,0.0012159939,0.0012159939,0.0012159939,0.0012159939,3.12526e-08,5.1142962e-08,1.0576779e-07,1.5190294e-07,1.5190294e-07,3.3060525e-07,3.3060525e-07,3.3060525e-07,3.3060525e-07,3.3060525e-07
1049130,Analysis,LIME,0.16422723233699799,0.16380495589714883,2.2081789534122204e-05,0.0032450985,0.00040786076,0.00041638012,3.444547e-05,4.5699744e-05,3.6792306e-05,1.1271124e-05,7.2335592e-06,7.583196e-06,1.0399602e-05,6.773301e-07,8.997232e-07,1.0407832e-06,2.6835e-06,3.0377337e-06,4.3122227e-06,5.072445e-06,5.13527e-06,6.634889e-06,6.7704163e-06
1049130,Analysis,TreeSHAP,0.16422723233699799,0.15490989370206593,6.069754710186732e-05,0.08446472,0.008674625,1.7587161e-05,5.5515725e-06,3.827386e-06,5.0732997e-06,7.258353e-07,5.7153306e-07,3.7811864e-07,3.2475407e-07,1.264275e-07,3.07813e-07,1.8724586e-06,2.95847e-06,6.096244e-06,4.8876714e-06,6.493117e-06,7.4579752e-06,2.4845582e-05,4.463615e-05
1049130,Analysis,Random,0.16422723233699799,0.14071064572781325,7.520270841758045e-07,0.16422723,0.04901062,0.008587264,0.008028001,0.0011068613,0.0011068613,0.00083707,0.0011762532,0.00084074226,0.00024496118,4.275425e-08,4.859758e-08,1.2341387e-07,1.2679992e-07,1.4528577e-07,1.4528577e-07,1.8675453e-07,1.8434983e-07,1.1593837e-07,1.15853204e-07
1046275,Analysis,LIME,0.16687782108783722,0.1664038705948201,2.742225550336901e-05,0.004110455,0.00031569778,0.0002965494,8.803709e-06,1.6979199e-06,1.4175031e-06,1.4696147e-06,1.2940919e-06,1.1387102e-06,9.811521e-07,4.637873e-07,6.505591e-07,7.639503e-07,2.0601851e-06,3.860619e-06,6.6040907e-06,5.3580484e-06,6.1780033e-06,8.712717e-06,1.1109703e-05
1046275,Analysis,TreeSHAP,0.16687782108783722,0.16644099950173086,1.7529037489043507e-05,0.004110455,0.00023490857,9.515332e-06,8.751171e-06,2.1219362e-06,9.260277e-07,7.885814e-07,2.2174788e-07,2.6321842e-07,2.6422967e-07,4.637873e-07,1.1087069e-06,1.754413e-06,1.6963268e-06,1.360458e-06,2.396441e-06,2.0738958e-06,9.4289035e-06,3.90957e-06,5.059574e-06
1046275,Analysis,Random,0.16687782108783722,0.08646222365787253,8.403536180899412e-07,0.16047338,0.15883678,0.16072164,0.15634236,0.08866625,0.03811297,0.03408124,0.0028275738,0.002776109,0.0013176707,3.408581e-08,6.578305e-08,4.2036188e-08,2.9032558e-08,6.634885e-08,6.012488e-08,6.534837e-08,1.4245647e-07,3.5195455e-07,5.45193e-07
1764718,Analysis,LIME,0.6211591958999634,-0.3787017524242401,1.2838934446128811,0.9990362,0.9998264,0.9999536,0.9999536,0.99994874,0.9999696,0.99998,0.99998116,0.99997973,0.99998045,0.99975353,0.998879,0.98882675,0.98882675,0.99009645,0.97916883,0.9810476,0.379856,0.33462188,0.33394596
1764718,Analysis,TreeSHAP,0.6211591958999634,-0.37868655323982237,1.5822547273752792,0.9990362,0.9998264,0.99989545,0.99988735,0.9999057,0.99998164,0.99997854,0.99998224,0.99998236,0.99998164,0.99975353,0.998879,0.99808925,0.99727196,0.99698275,0.99763906,0.9962704,0.9361646,0.9516284,0.95564145
1764718,Analysis,Random,0.6211591958999634,-0.37836920022964476,1.6050708345831748,0.9990362,0.99895513,0.9994438,0.9996026,0.9996228,0.99961436,0.99961436,0.9997677,0.9997677,0.9998592,0.99975353,0.99953246,0.99712497,0.99735546,0.9972567,0.9973374,0.9973374,0.9966871,0.9966871,0.9909733
1565899,Analysis,LIME,0.7465057969093323,-0.25326748490333556,1.312855683863571,0.99847704,0.99965453,0.9999027,0.99993765,0.99993765,0.9999398,0.99996424,0.99997234,0.9999721,0.9999747,0.99975353,0.998879,0.98882675,0.99038833,0.99038833,0.98969483,0.9877944,0.9763449,0.93965936,0.9388143
1565899,Analysis,TreeSHAP,0.7465057969093323,-0.2532342731952667,1.323975836073409,0.99847704,0.99965453,0.9998567,0.99983084,0.99986887,0.9998536,0.9999063,0.99998236,0.9999851,0.99998534,0.99975353,0.998879,0.99817836,0.9978557,0.9974953,0.99504554,0.9951723,0.9961838,0.96081865,0.944175
1565899,Analysis,Random,0.7465057969093323,0.008027184009552001,1.339569216264492,0.7212784,0.6015047,0.6044465,0.6044465,0.8737921,0.83392805,0.83392805,0.83392805,0.8331819,0.6443519,0.9999988,0.9999987,0.9999987,0.9999987,0.9999943,0.9999949,0.9999949,0.9999949,0.9999949,0.99999356
1047324,Analysis,LIME,0.16214163601398468,0.13503033345218682,3.095343450679799e-05,0.27013376,0.00041627724,0.00043727967,3.444547e-05,3.196862e-05,1.7011047e-05,1.624046e-05,1.4747443e-05,6.9857338e-06,4.3063865e-06,5.698027e-08,8.997232e-07,1.0407832e-06,2.5463166e-06,7.5342696e-06,1.0943333e-05,8.870867e-06,4.862034e-06,6.6777798e-06,6.7563215e-06
1047324,Analysis,TreeSHAP,0.16214163601398468,0.15282429279592974,5.572893027895983e-05,0.08446472,0.008674625,1.7587161e-05,5.5515725e-06,3.827386e-06,5.0732997e-06,7.258353e-07,5.7153306e-07,3.7811864e-07,3.705853e-07,1.2215096e-07,2.8489455e-07,1.6834962e-06,2.551061e-06,5.6613494e-06,4.4814105e-06,5.953428e-06,7.1300424e-06,2.5274077e-05,3.721789e-05
1047324,Analysis,Random,0.16214163601398468,0.06326266581709206,4.845617674801873e-06,0.14401118,0.14401118,0.16208342,0.14037238,0.16643438,0.08048124,0.09768221,0.03626306,0.017421203,2.9448554e-05,1.2862985e-07,1.2862985e-07,1.2851619e-07,1.1359355e-07,1.08131786e-07,1.10951156e-07,2.8573825e-07,4.6420212e-07,4.040259e-07,5.984345e-06
1048627,Analysis,LIME,0.16794447600841522,0.1675292804268338,0.00013464042467726547,0.0032090028,0.00040267623,0.00041906314,3.444547e-05,3.196862e-05,1.7669336e-05,1.4989136e-05,8.251948e-06,7.3428128e-06,6.546335e-06,6.773301e-07,8.997232e-07,1.0407832e-06,2.542666e-06,7.5014673e-06,4.266649e-05,5.084573e-05,3.7653626e-05,6.177048e-05,2.0522859e-05
1048627,Analysis,TreeSHAP,0.16794447600841522,0.15862713737348316,6.197904188895111e-05,0.08446472,0.008674625,1.7587161e-05,5.5515725e-06,3.827386e-06,5.0732997e-06,7.258353e-07,5.7153306e-07,3.7811864e-07,3.2475407e-07,1.2573959e-07,3.1150321e-07,1.8407355e-06,2.8743916e-06,6.1034734e-06,4.831373e-06,6.4176793e-06,7.4119107e-06,2.6995249e-05,4.717832e-05
1048627,Analysis,Random,0.16794447600841522,0.10692904301573662,5.1051429900493327e-05,0.17062436,0.17552397,0.12417824,0.12378276,0.015922885,5.3285203e-05,5.093494e-05,1.3482253e-05,2.6602156e-06,1.7553251e-06,4.5225075e-08,5.3874242e-08,1.0857119e-07,1.0857118e-07,3.622639e-07,2.6390564e-06,7.0146593e-06,3.0414427e-05,2.7908816e-05,1.7082588e-05
1877097,Analysis,LIME,0.18139633536338806,-0.8181190073490143,2.823256335873373,0.9969494,0.9991647,0.99980587,0.99976367,0.99981195,0.99988997,0.9999014,0.99992347,0.9999498,0.9999932,0.99953055,0.9979804,0.9826645,0.98113704,0.27047223,0.20512491,0.22653641,0.19747208,0.12685157,0.13351406
1877097,Analysis,TreeSHAP,0.18139633536338806,-0.8181272268295288,5.38379052782885,0.9969494,0.9991647,0.9997111,0.99979764,0.9998685,0.99990165,0.99988556,0.99997854,0.9999893,0.9999893,0.99953055,0.9979804,0.99791175,0.9746011,0.9778986,0.97699046,0.9573891,0.9634049,0.9601462,0.9601462
1877097,Analysis,Random,0.18139633536338806,-0.0279471330344677,5.512770158827901,0.18139634,0.0921943,0.1014148,0.20215115,0.19650763,0.19607797,0.18117864,0.25679398,0.34859282,0.33712706,0.99999917,0.99999666,0.9999962,0.9999958,0.99999595,0.99999607,0.9999962,0.9999962,0.9999957,0.99999535
1630576,Analysis,LIME,0.7446888089179993,-0.2548599481582642,1.3312247149687384,0.9975721,0.99942076,0.9994211,0.9994336,0.99989367,0.9999503,0.9999503,0.9999503,0.9999546,0.9999409,0.99975353,0.9976053,0.9974854,0.99768746,0.98946977,0.98557484,0.98953295,0.98953295,0.9857985,0.98104113
1630576,Analysis,TreeSHAP,0.7446888089179993,-0.25498427748680114,1.3147017261754925,0.9975721,0.99962366,0.99988973,0.99990225,0.9999182,0.99990463,0.9999776,0.9999814,0.9999789,0.99998236,0.99975353,0.998879,0.9981262,0.9973347,0.9969848,0.99525046,0.9964599,0.93634427,0.93344617,0.9378578
1630576,Analysis,Random,0.7446888089179993,0.14213839173316956,1.3428394312221137,0.6733461,0.64563984,0.57162905,0.5129387,0.5029759,0.5029759,0.4274348,0.42170805,0.8855917,0.8812642,0.9999993,0.9999993,0.9999993,0.99999917,0.9999988,0.9999988,0.99999833,0.9999987,0.99999416,0.9999896
1260439,Analysis,LIME,0.7289226055145264,-0.27090365886688234,1.3544286946456099,0.9986553,0.9996966,0.9999325,0.99999714,0.9999969,0.999997,0.9999968,0.9999968,0.9999968,0.9999968,0.99975353,0.9976053,0.98882675,0.993618,0.9909835,0.99105597,0.98276615,0.9825883,0.97276944,0.97276944
1260439,Analysis,TreeSHAP,0.7289226055145264,-0.27086570858955383,1.3539886037556386,0.9986553,0.9997565,0.99990165,0.9998964,0.99991333,0.9999156,0.9999095,0.9999751,0.9999795,0.9999802,0.99975353,0.998879,0.99817836,0.997591,0.99725866,0.99439126,0.9941056,0.9947543,0.9418425,0.95277494
1260439,Analysis,Random,0.7289226055145264,-0.12304921150207519,1.3718808087990704,0.7289226,0.72561634,0.7897285,0.7897285,0.8435377,0.8392943,0.96905285,0.9177181,0.9177181,0.9984011,0.99999917,0.99999917,0.9999989,0.99999917,0.9999989,0.9999988,0.9999964,0.9999945,0.9999945,0.9999707
1254953,Analysis,LIME,0.6887209415435791,-0.31106841564178467,1.422435053077417,0.99840254,0.99973863,0.99992764,0.999951,0.9999714,0.9999714,0.99997866,0.99998355,0.99998355,0.9999852,0.99975353,0.998879,0.98882675,0.9845451,0.97857076,0.97857076,0.97713304,0.96718866,0.96718866,0.95595145
1254953,Analysis,TreeSHAP,0.6887209415435791,-0.3110490679740906,1.4254856414898718,0.99840254,0.99973863,0.99990535,0.99990344,0.99991906,0.99991,0.99997866,0.99998236,0.99998236,0.9999777,0.99975353,0.998879,0.998126,0.99731135,0.9969625,0.99540544,0.9965829,0.93936515,0.9481476,0.94708455
1254953,Analysis,Random,0.6887209415435791,-0.31053979992866515,1.4515415212006764,0.99840254,0.99893945,0.99922013,0.9992416,0.99956304,0.99956304,0.9995055,0.99941766,0.99941766,0.9993368,0.99975353,0.9997551,0.9997491,0.9997311,0.9996971,0.9996971,0.9996915,0.99968636,0.99968636,0.99962306
1454641,Analysis,LIME,0.5792843699455261,-0.420537930727005,1.7005148486245032,0.9987999,0.9997577,0.9999378,0.99994004,0.99994695,0.99993527,0.99994826,0.99998546,0.9999858,0.9999858,0.99975353,0.998879,0.98882675,0.98811185,0.9876096,0.982525,0.9841978,0.97441304,0.9732503,0.9732503
1454641,Analysis,TreeSHAP,0.5792843699455261,-0.42051672339439394,1.6956831717235261,0.9987999,0.9997577,0.9998635,0.9998808,0.9998579,0.999967,0.99997365,0.9999709,0.99996984,0.9999697,0.99975353,0.998879,0.9986247,0.9982407,0.99814713,0.9986766,0.98156047,0.9684857,0.955706,0.9247538
1454641,Analysis,Random,0.5792843699455261,-0.3859453320503235,1.7253989415748625,0.66195667,0.99883944,0.9985714,0.99874336,0.9991277,0.99892443,0.99871767,0.9987657,0.9990421,0.9996086,0.99999917,0.99975437,0.99968064,0.9995968,0.99945813,0.99905735,0.99928147,0.9992544,0.99940157,0.99948335
1074211,Analysis,LIME,0.20579402148723602,0.2051833626296684,0.012953181696700716,0.0059739114,7.6066455e-05,1.4504989e-05,6.740459e-06,5.758648e-06,6.5621257e-06,6.1783953e-06,5.672336e-06,5.741045e-06,5.452744e-06,1.5408054e-05,0.00026900193,0.0003580909,0.0011074838,0.0022827082,0.0024232445,0.002347176,0.005564511,0.0061446205,0.0061446284
1074211,Analysis,TreeSHAP,0.20579402148723602,0.2031387513951813,0.002510563690629584,0.02641912,7.6066455e-05,1.4504989e-05,1.44429405e-05,6.4119686e-06,4.7098197e-06,4.157567e-06,4.956041e-06,4.1004787e-06,4.2307515e-06,1.3222509e-06,0.00026900193,0.0003580909,0.00074242306,0.00080448535,0.000814869,0.0007629041,0.0005110955,0.000591249,0.00031114943
1074211,Analysis,Random,0.20579402148723602,0.020283061265945434,9.072183871204466e-07,0.21241152,0.20006067,0.19365957,0.24226043,0.24193947,0.26697138,0.20677142,0.102589004,0.102589004,0.08585714,1.3445607e-07,9.3586074e-08,1.0732971e-07,1.7288234e-07,1.7288234e-07,1.682076e-07,1.961956e-07,2.7945944e-07,2.7945944e-07,2.6254264e-07
1630974,Analysis,LIME,0.7519470453262329,-0.2478785216808319,0.8612515415464912,0.99885,0.9997762,0.9999372,0.9999465,0.9999465,0.9999492,0.99994254,0.9999608,0.9999734,0.9999734,0.99975353,0.998879,0.98882675,0.9845451,0.9885964,0.3509811,0.36532384,0.2692512,0.2649992,0.2649992
1630974,Analysis,TreeSHAP,0.7519470453262329,-0.24786997437477112,1.3114526341955952,0.99885,0.9997762,0.9999033,0.99990034,0.99991536,0.999908,0.99997866,0.99997556,0.99997985,0.99998295,0.99975353,0.998879,0.99845374,0.9979753,0.9977913,0.9967938,0.9975515,0.99489105,0.9393476,0.9399934
1630974,Analysis,Random,0.7519470453262329,-0.04535645246505737,1.32987834564536,0.7542841,0.7542841,0.33117118,0.33117118,0.97374177,0.9726744,0.9726744,0.9728536,0.94849026,0.96168995,0.9999988,0.9999988,0.9999988,0.9999988,0.99999857,0.9999976,0.9999976,0.9999974,0.99999726,0.9999969
1630954,Analysis,LIME,0.48927053809165955,-0.5105178356170654,2.0110253913655773,0.99850297,0.99978656,0.999943,0.99993944,0.99993944,0.99994564,0.9999448,0.9999579,0.9999579,0.999966,0.99975353,0.998879,0.98882675,0.9845451,0.9885964,0.9836135,0.982027,0.9736536,0.9736536,0.9658063
1630954,Analysis,TreeSHAP,0.48927053809165955,-0.5105222463607788,2.015499480879651,0.99850297,0.99978656,0.9999105,0.9999188,0.9999254,0.99994385,0.99998343,0.9999863,0.99998355,0.9999865,0.99975353,0.998879,0.9983342,0.9978315,0.99776864,0.99523157,0.9967608,0.9666209,0.95505214,0.95501256
1630954,Analysis,Random,0.48927053809165955,0.17700088620185853,2.0438570657167685,0.48927054,0.37700427,0.31248268,0.31248268,0.31248268,0.33949003,0.30557942,0.19388914,0.24000753,0.24000753,0.99999917,0.99999905,0.99999905,0.99999905,0.99999905,0.99999905,0.99999917,0.99999917,0.99999905,0.99999905
1455078,Analysis,LIME,0.6153097152709961,-0.3843617022037506,1.610832181234007,0.99756646,0.99946314,0.9999021,0.9999021,0.9999021,0.99999595,0.99999595,0.99999595,0.999995,0.99999535,0.99975353,0.9976053,0.98882675,0.98882675,0.98882675,0.993618,0.99183464,0.99183464,0.9861609,0.98431927
1455078,Analysis,TreeSHAP,0.6153097152709961,-0.3843583583831787,1.5985279347922114,0.99756646,0.9996358,0.99984944,0.9998412,0.9998889,0.99997854,0.99998224,0.9999802,0.99997866,0.99997926,0.99975353,0.998879,0.9987048,0.9982698,0.99809736,0.99862266,0.97988313,0.9609373,0.9391544,0.9635952
1455078,Analysis,Random,0.6153097152709961,0.021802273392677308,1.6251929637212705,0.5192419,0.36789024,0.41527495,0.41847014,0.57868266,0.5618307,0.90762854,0.70817,0.7373118,0.7205735,0.99999917,0.99999917,0.99999917,0.99999917,0.9999987,0.99999857,0.9999956,0.9999951,0.9999926,0.9999932
1127056,Analysis,LIME,0.7483403086662292,-0.251349538564682,1.1794088394749307,0.9985549,0.9996625,0.9996654,0.99970716,0.99970716,0.9999267,0.9999126,0.9999182,0.9999219,0.9999219,0.99975353,0.9976053,0.9975394,0.9974178,0.9974178,0.98778397,0.9897099,0.9897877,0.43448824,0.43448824
1127056,Analysis,TreeSHAP,0.7483403086662292,-0.25143128633499146,1.3169737764043792,0.9985549,0.99973327,0.9998615,0.999866,0.99990773,0.9999292,0.999918,0.99997795,0.99998176,0.9999857,0.99975353,0.998879,0.9986247,0.9981863,0.9979911,0.99481165,0.9937232,0.9947188,0.93167293,0.9470858
1127056,Analysis,Random,0.7483403086662292,-0.029478380084037782,1.3362832711287005,0.69271594,0.5652591,0.55600405,0.4852238,0.5443436,0.9656216,0.97601557,0.99744797,0.99777764,0.99777764,0.99999917,0.9999993,0.99999905,0.9999989,0.9999974,0.9999968,0.99999654,0.9999864,0.999987,0.999987
1536023,Analysis,LIME,0.21136260032653809,0.21062331470348,2.0196289250179944e-05,0.0044844467,0.0008520616,0.0006171824,0.00063653255,0.00063653255,4.2123604e-05,4.8006703e-05,2.7792452e-05,2.502842e-05,2.314921e-05,6.773301e-07,1.3635644e-06,1.6595498e-06,1.2696852e-06,1.2696852e-06,3.2723742e-06,7.0037086e-06,9.559436e-06,9.2077125e-06,7.4043583e-06
1536023,Analysis,TreeSHAP,0.21136260032653809,0.205761256580206,4.8303316523761054e-05,0.049552787,0.0064444584,1.0245621e-05,1.6503224e-06,7.151723e-07,8.50417e-07,7.434652e-07,6.126488e-07,6.560313e-07,7.1830635e-07,1.4175313e-07,3.282169e-07,1.9395063e-06,3.1930697e-06,4.516998e-06,1.0698257e-05,1.5111481e-05,1.509118e-05,1.7750799e-05,3.332389e-05
1536023,Analysis,Random,0.21136260032653809,0.1511010634712875,2.418433690897848e-07,0.2113626,0.20988764,0.03085273,0.03718582,0.03718582,0.03112207,0.013870006,0.014331487,0.008935892,0.007881301,4.275425e-08,4.275425e-08,4.0144673e-08,4.37582e-08,3.1380257e-08,3.135794e-08,7.378163e-08,7.150602e-08,6.304405e-08,7.068518e-08
1452854,Analysis,LIME,0.6738408207893372,-0.3260220348834991,1.4774816802891915,0.99904686,0.99982435,0.9998266,0.99995446,0.99999595,0.9999968,0.9999969,0.99999547,0.9999956,0.9999956,0.99975353,0.998879,0.99884677,0.9885103,0.9935495,0.9950316,0.99601704,0.99599373,0.99471635,0.9945761
1452854,Analysis,TreeSHAP,0.6738408207893372,-0.32599852085113523,1.4539670467669976,0.99904686,0.99982435,0.9998877,0.9998965,0.9998809,0.9999716,0.9999672,0.9999739,0.9999722,0.9999721,0.99975353,0.998879,0.9984446,0.99801886,0.9977143,0.998345,0.99580103,0.95649713,0.94193506,0.9120341
1452854,Analysis,Random,0.6738408207893372,0.006311625242233276,1.4840266486855176,0.65536886,0.5298415,0.622997,0.59945875,0.6105748,0.7359168,0.7190285,0.7211605,0.73990935,0.741036,0.9999988,0.9999987,0.9999981,0.999998,0.99999666,0.99999714,0.99999726,0.99999726,0.9999969,0.99999785
1455677,Analysis,LIME,0.5954033732414246,-0.40437889099121094,1.6579220320804116,0.99858737,0.99969566,0.9999169,0.9999176,0.9999409,0.9999409,0.9999409,0.99994636,0.9999634,0.9999727,0.99975353,0.998879,0.98882675,0.9885103,0.9840352,0.9840352,0.9840352,0.9841987,0.97766215,0.9813871
1455677,Analysis,TreeSHAP,0.5954033732414246,-0.40437598824501036,1.6532653079407373,0.99858737,0.99969566,0.9998087,0.9998802,0.9999006,0.9999815,0.99998474,0.999985,0.99998295,0.9999869,0.99975353,0.998879,0.99870014,0.9983429,0.9980914,0.9986186,0.97977245,0.96393967,0.95001286,0.9574868
1455677,Analysis,Random,0.5954033732414246,-0.33712081909179686,1.6795259405372456,0.5954034,0.9827831,0.9751105,0.9655582,0.9659606,0.9645885,0.9660928,0.9686016,0.97057164,0.97057164,0.99999917,0.999997,0.99999666,0.9999962,0.9999963,0.9999963,0.99999416,0.99999416,0.9999919,0.9999919
1260013,Analysis,LIME,0.7849471569061279,-0.21492540836334229,0.9912265168466975,0.9993007,0.99987996,0.9999651,0.99993014,0.999933,0.99994314,0.99994004,0.99994314,0.99994314,0.9999473,0.99975353,0.998879,0.98882675,0.9845451,0.9844701,0.98691666,0.98825574,0.3189486,0.3189486,0.21106003
1260013,Analysis,TreeSHAP,0.7849471569061279,-0.21492029428482057,1.2495946611297184,0.9993007,0.99987996,0.99991083,0.9998951,0.9998692,0.99990344,0.99997675,0.9999808,0.9999808,0.9999769,0.99975353,0.998879,0.99809605,0.99730444,0.99551165,0.9951379,0.9961144,0.93036985,0.95117295,0.94631773
1260013,Analysis,Random,0.7849471569061279,0.29114031940698626,1.2739696662553037,0.76850766,0.71841896,0.51598835,0.46119207,0.46119207,0.4434764,0.4434764,0.49772823,0.42220262,0.2058856,0.9999988,0.99999905,0.99999905,0.99999905,0.99999905,0.9999988,0.99999917,0.9999988,0.99999857,0.99999833
1259962,Analysis,LIME,0.4455547034740448,-0.5541619300842285,2.2088103042507075,0.9978289,0.9996855,0.99991417,0.9999192,0.9999217,0.99996257,0.99998415,0.99998546,0.99998236,0.99998236,0.99975353,0.998879,0.98882675,0.9849128,0.98447466,0.9780489,0.97879195,0.9846364,0.9715668,0.9715668
1259962,Analysis,TreeSHAP,0.4455547034740448,-0.5541656494140625,2.2007426589437626,0.9978289,0.9996855,0.99990654,0.99991786,0.9999324,0.99998546,0.99998796,0.9999856,0.9999857,0.9999876,0.99975353,0.998879,0.99818987,0.99753225,0.9973605,0.9980108,0.9724389,0.9418758,0.94663244,0.95483917
1259962,Analysis,Random,0.4455547034740448,0.11332284659147263,2.2443907778655126,0.3476702,0.31264356,0.44139287,0.30985868,0.31639415,0.34916928,0.3917121,0.3490921,0.25874004,0.2456456,0.99999917,0.9999993,0.9999989,0.9999987,0.99999857,0.99999857,0.99999833,0.99999857,0.9999987,0.9999989
1047484,Analysis,LIME,0.15207360684871674,0.1516714128985086,1.6896562857597155e-05,0.0030846272,0.00039374235,0.0004164922,3.444547e-05,2.1408694e-05,2.5742145e-05,2.904648e-05,8.811097e-06,4.0554432e-06,3.5684131e-06,6.773301e-07,8.997232e-07,1.0407832e-06,2.4737858e-06,3.1418258e-06,2.482902e-06,1.7023227e-06,2.7327928e-06,4.982566e-06,5.5611804e-06
1047484,Analysis,TreeSHAP,0.15207360684871674,0.1427562636306618,5.585995091950904e-05,0.08446472,0.008674625,1.7587161e-05,5.5515725e-06,3.827386e-06,5.0732997e-06,7.258353e-07,5.7153306e-07,3.7811864e-07,3.705853e-07,1.2115576e-07,2.7845053e-07,1.6454226e-06,2.500709e-06,5.224289e-06,4.1354674e-06,5.493977e-06,6.6917664e-06,2.3936758e-05,3.4920242e-05
1047484,Analysis,Random,0.15207360684871674,0.12994420955656097,2.676026754039273e-05,0.13380192,0.0566571,0.025765501,0.0025334193,0.00039367433,0.00031026886,0.00030120957,0.0005749536,0.0004113356,0.00054459024,5.0374425e-08,5.966944e-08,2.2213744e-07,1.2283391e-06,1.136147e-06,4.5710467e-06,4.3838218e-06,4.0284062e-06,1.26791e-05,1.23362615e-05
1877151,Backdoor,LIME,0.25434157252311707,0.2542007112344436,7.033869957901141e-05,0.00056512567,0.00013017468,0.00013930797,0.0001123109,0.00011292047,7.433635e-05,8.352365e-05,7.952418e-05,5.8712907e-05,5.267611e-05,6.866688e-06,9.8711325e-06,9.87027e-06,1.545283e-05,1.5500593e-05,2.0272835e-05,2.1381342e-05,3.0400382e-05,2.8198585e-05,2.1085913e-05
1877151,Backdoor,TreeSHAP,0.25434157252311707,0.2542066116129945,6.375426898625582e-05,0.00056512567,0.0004456847,0.000106227795,5.961906e-05,5.8620968e-05,5.65246e-05,4.6832894e-05,5.69459e-06,3.2871667e-06,1.991653e-06,6.866688e-06,1.0322252e-05,1.5454081e-05,1.6262766e-05,1.3078768e-05,1.2826409e-05,1.2431445e-05,1.7616143e-05,2.7350423e-05,2.9944624e-05
1877151,Backdoor,Random,0.25434157252311707,0.05342550371160541,1.5275179104144478e-05,0.23551002,0.5182518,0.5614147,0.5464412,0.048912175,0.048912175,0.048912175,0.00035207294,0.00044337168,1.100433e-05,7.931375e-08,1.9042687e-07,2.0661797e-07,1.893585e-07,2.4622756e-07,2.4622756e-07,2.4622756e-07,2.4395564e-07,2.4649307e-07,3.695628e-05
1473607,Backdoor,LIME,0.2140083760023117,0.2139651184905688,0.5631331222510958,0.00035224555,2.5141375e-05,2.5141375e-05,8.499627e-06,5.5343107e-06,5.5343107e-06,2.8267925e-06,2.5537822e-06,2.553782e-06,2.5442105e-06,0.00029742107,0.0023562806,0.0023562806,0.10776736,0.23341018,0.23341018,0.23524405,0.12185906,0.10523542,0.16321582
1473607,Backdoor,TreeSHAP,0.2140083760023117,0.21395626633811843,0.0058311463413267045,0.00035224555,3.9588103e-05,3.473803e-05,2.1593407e-05,1.6607637e-05,1.0499869e-05,1.1911136e-05,1.1911131e-05,1.1774043e-05,1.0227734e-05,0.00029742107,0.0009456144,0.0015558943,0.0025186,0.0011600727,0.0014365283,0.0013795445,0.000974823,0.0009822508,0.0012283917
1473607,Backdoor,Random,0.2140083760023117,-0.08044905960559845,3.439845527416277e-06,0.22644004,0.29495248,0.2859096,0.2372299,0.21074389,0.29651687,0.29530862,0.32471657,0.42692137,0.34583503,2.2926744e-07,2.2926744e-07,2.1411628e-07,6.0621755e-07,6.9018415e-07,9.1663986e-07,9.1664e-07,9.677732e-07,1.3841884e-06,1.2072634e-06
1800457,Backdoor,LIME,0.6025610566139221,0.5947134861148242,2.02073980968944e-06,0.05222071,0.011296958,0.0069153844,0.0036260355,0.004366429,1.3554497e-05,1.3554497e-05,7.044809e-06,1.0883684e-05,5.1511297e-06,5.3305024e-07,6.9960055e-07,6.9829287e-07,8.179457e-07,9.569535e-07,1.5002644e-06,1.5402479e-06,1.6826992e-06,1.2730563e-06,2.4740798e-06
1800457,Backdoor,TreeSHAP,0.6025610566139221,0.6020727877221873,0.0004132858877483024,0.003358052,0.00075989333,0.00031257002,0.00026238192,0.00014055199,4.691895e-05,7.527119e-07,6.5331835e-07,4.0316604e-07,5.11408e-07,5.873392e-08,6.231533e-07,2.7623555e-06,2.160052e-05,2.2548184e-05,5.136666e-05,0.0008183431,0.00048255283,0.0006689323,0.000421512
1800457,Backdoor,Random,0.6025610566139221,0.47265358287434084,3.4741463895402265e-06,0.36786452,0.26680073,0.3972271,0.26517928,0.0015651179,0.0004322652,1.7563822e-06,1.4983108e-06,1.2319653e-06,1.231965e-06,4.014468e-08,5.4736944e-08,3.8079623e-08,4.5293696e-08,5.63124e-08,1.0876702e-06,5.662324e-06,5.0749672e-06,4.7171575e-06,4.1571675e-06
1008491,Backdoor,LIME,0.2404259890317917,-0.7591458648443222,3.1483330198271244,0.99728596,0.9993337,0.9998324,0.999811,0.99976856,0.99992776,0.99992394,0.99994266,0.99994266,0.99994993,0.99953055,0.9979804,0.9826645,0.9844744,0.9831345,0.9813456,0.96915853,0.20564978,0.20564978,0.25982285
1008491,Backdoor,TreeSHAP,0.2404259890317917,-0.759173360466957,4.077441219135262,0.99728596,0.9993337,0.9997987,0.99986064,0.9999008,0.99988353,0.9999814,0.99998033,0.99998033,0.9999881,0.99953055,0.9979804,0.99791175,0.9746011,0.9778986,0.9720321,0.97503906,0.9718309,0.9718309,0.9645726
1008491,Backdoor,Random,0.2404259890317917,-0.5508131444454193,4.158410731147095,0.32597315,0.3313836,0.4032987,0.97990406,0.9681548,0.97397476,0.9652357,0.9654318,0.99951816,0.9995166,0.9999993,0.99999917,0.99999917,0.99999917,0.99999905,0.99999905,0.99999905,0.99999905,0.99838686,0.9995198
1008404,Backdoor,LIME,0.15543556213378906,-0.8439623057842255,5.850019710281865,0.99613756,0.9991141,0.99979883,0.99976605,0.99972016,0.99984145,0.9998696,0.9998938,0.99990785,0.9999293,0.99953055,0.9979804,0.9826645,0.9844744,0.9831345,0.97960085,0.9720401,0.96334034,0.98269814,0.24754712
1008404,Backdoor,TreeSHAP,0.15543556213378906,-0.8440010070800781,6.3514780410587415,0.99613756,0.9991141,0.9997296,0.99976784,0.99984074,0.99984074,0.9999764,0.99998415,0.99998605,0.99998856,0.99953055,0.9979804,0.99791175,0.99859995,0.9778986,0.9778986,0.98061746,0.97731906,0.9844611,0.98023844
1008404,Backdoor,Random,0.15543556213378906,-0.6222854554653168,6.423669440933577,0.30733156,0.4077497,0.78515565,0.810289,0.819249,0.819249,0.8290427,0.9996927,0.9997093,0.9997416,0.9999982,0.9999981,0.9999906,0.9999889,0.9999889,0.9999889,0.99998975,0.9957202,0.99408287,0.9949208
1045682,Backdoor,LIME,0.2173248529434204,0.21728482521173192,0.00010525401715331285,0.00027956173,2.642299e-05,2.5545953e-05,2.6460737e-05,2.3802833e-05,7.92856e-06,4.929237e-06,2.4754847e-06,1.6201691e-06,1.5296207e-06,6.866688e-06,9.8711325e-06,9.870787e-06,9.87081e-06,1.762978e-05,2.16389e-05,3.0617954e-05,4.343425e-05,3.7782826e-05,4.1160023e-05
1045682,Backdoor,TreeSHAP,0.2173248529434204,0.21728452119109534,2.9918470448148354e-05,0.00027956173,2.642299e-05,1.991182e-05,2.4478331e-05,2.790153e-05,1.7640998e-05,1.8496139e-06,1.7324978e-06,1.9415681e-06,1.8764424e-06,6.866688e-06,9.8711325e-06,8.009704e-06,9.658874e-06,7.754351e-06,3.873727e-06,3.6038386e-06,3.6470335e-06,5.135433e-06,6.5994914e-06
1045682,Backdoor,Random,0.2173248529434204,0.18842164014931767,8.119185171015566e-07,0.24418172,0.008926456,0.0067805564,0.0067805564,0.003948734,0.003948734,0.004407611,0.003652426,0.0031466384,0.003258693,9.3095785e-08,1.0581941e-07,1.308109e-07,1.308109e-07,1.8220467e-07,1.8220467e-07,2.2874885e-07,2.3698851e-07,2.3690852e-07,2.3690852e-07
1877022,Backdoor,LIME,0.19349147379398346,-0.8060016244649887,5.0934151446981915,0.99689543,0.99928004,0.99982494,0.9997905,0.9997905,0.9998653,0.99986804,0.9998578,0.9998605,0.99989796,0.99953055,0.9979804,0.9826645,0.98113704,0.98113704,0.98397875,0.9835835,0.98235554,0.982248,0.9807084
1877022,Backdoor,TreeSHAP,0.19349147379398346,-0.8060525625944137,5.084829541302025,0.99689543,0.99928004,0.9997712,0.99983823,0.99985933,0.9998882,0.9999753,0.9999753,0.99997914,0.9999782,0.99953055,0.9979804,0.99791175,0.9746011,0.9778986,0.97699046,0.9785326,0.9785326,0.98059297,0.9761412
1877022,Backdoor,Random,0.19349147379398346,-0.38593295589089394,5.166545719354643,0.19367385,0.08320939,0.17421754,0.17301047,0.17301047,0.9990631,0.99949026,0.99952674,0.9995222,0.9995203,0.99999905,0.9999964,0.9999964,0.9999968,0.9999968,0.99959284,0.99922323,0.9992847,0.9992543,0.99948466
1895916,Backdoor,LIME,0.813866138458252,0.8128916027284504,1.1575073869918051e-05,0.009308287,0.0001810908,0.00022959207,1.0870832e-05,7.975022e-06,2.5174397e-06,1.9358654e-06,1.3166368e-06,9.1007394e-07,8.6161515e-07,6.773301e-07,1.3635644e-06,9.997597e-07,1.189264e-06,1.2958546e-06,1.7118548e-06,2.3007558e-06,2.1774875e-05,2.733342e-05,3.555893e-05
1895916,Backdoor,TreeSHAP,0.813866138458252,0.8125983654435004,0.00012614507192819163,0.007054897,0.0026312298,0.0029213137,5.3424374e-05,3.98182e-06,2.1424873e-06,2.2269064e-06,3.2383862e-06,2.878995e-06,2.3965936e-06,6.019433e-08,2.9547354e-07,3.6898655e-07,2.0862604e-05,3.702447e-05,8.773613e-05,0.00013354025,0.0001535262,0.0002944908,0.00029874692
1895916,Backdoor,Random,0.813866138458252,0.4241570342332125,1.2662119856647905e-07,0.6918015,0.6808666,0.5937798,0.48086026,0.48086026,0.43681598,0.22101986,0.23574258,0.041335084,0.034009118,3.9691137e-08,4.1111093e-08,3.7092292e-08,5.0575043e-08,5.0575043e-08,5.5433738e-08,1.359602e-07,1.359602e-07,2.6347251e-07,2.2065578e-07
1434580,Backdoor,LIME,0.25908753275871277,-0.740557873249054,2.239226275617456,0.99780375,0.9994856,0.99987745,0.9998493,0.99988484,0.99988484,0.99991894,0.9999207,0.9999143,0.9999143,0.99953055,0.9979804,0.9826645,0.98113704,0.27047223,0.27047223,0.2997638,0.27694875,0.32652643,0.39605993
1434580,Backdoor,TreeSHAP,0.25908753275871277,-0.7405912220478058,3.798554212987007,0.99780375,0.9994856,0.99981755,0.99987364,0.9998871,0.99997985,0.99997985,0.99998736,0.9999863,0.9999865,0.99953055,0.9979804,0.99791175,0.9746011,0.9778986,0.98061746,0.98061746,0.97731906,0.9773563,0.9777478
1434580,Backdoor,Random,0.25908753275871277,-0.18206546902656556,3.8596906781878717,0.25693575,0.25674495,0.25674495,0.25426596,0.24423568,0.24423568,0.6840617,0.6840617,0.7531611,0.77708256,0.9999993,0.9999993,0.9999993,0.99999917,0.99999905,0.99999905,0.99999535,0.99999535,0.99999547,0.99999595
1008380,Backdoor,LIME,0.248680979013443,-0.7509724795818329,2.5325393269145384,0.9978714,0.9995425,0.9998878,0.9998878,0.9998611,0.9998903,0.9998903,0.99991167,0.9998778,0.9999138,0.99953055,0.9979804,0.9826645,0.9826645,0.98113704,0.27047223,0.3337938,0.22190765,0.29985392,0.22793865
1008380,Backdoor,TreeSHAP,0.248680979013443,-0.7509986340999604,3.967852734826887,0.9978714,0.9995425,0.99982965,0.99988055,0.99988437,0.99987614,0.999979,0.99997854,0.99997854,0.99997544,0.99953055,0.9979804,0.99791175,0.9746011,0.9778986,0.9836525,0.985559,0.98350346,0.98350346,0.9831541
1008380,Backdoor,Random,0.248680979013443,-0.637334144115448,4.021212919066544,0.124565184,0.9710708,0.9713858,0.9713858,0.9713858,0.9713858,0.9722066,0.97198606,0.9692982,0.9654813,0.99999917,0.9999989,0.9999989,0.9999993,0.9999993,0.9999993,0.9999993,0.9999993,0.9999993,0.99999905
1047411,Backdoor,LIME,0.16904672980308533,0.16878661297150757,0.002122423560985405,0.0024969366,3.3159373e-05,2.9476767e-05,6.6515254e-06,5.377986e-06,6.1006976e-06,8.113498e-06,5.2952546e-06,4.9010687e-06,5.155555e-06,1.5408054e-05,0.00024013108,0.00024548153,0.00035042188,0.00046908626,0.0004010932,0.0003648547,0.00027228435,0.00028125301,0.0009478737
1047411,Backdoor,TreeSHAP,0.16904672980308533,0.16344467929326925,0.00047746506399855206,0.032349497,0.023639198,7.1801383e-06,7.353294e-06,3.7575257e-06,6.0927327e-06,2.1316519e-06,2.187129e-06,2.2065433e-06,9.006106e-07,1.1802348e-06,2.5621396e-06,0.00032388812,4.8048958e-05,7.216317e-05,6.796672e-05,3.3793145e-05,3.5454235e-05,5.8536025e-05,0.00016354633
1047411,Backdoor,Random,0.16904672980308533,0.10701386444270611,7.787797893530157e-06,0.14486581,0.1509689,0.03544403,0.032236684,0.032236684,0.03393397,0.03175311,0.039587524,0.059650972,0.059650972,1.0730064e-07,1.6138023e-07,1.5192879e-06,1.8631804e-06,1.8631804e-06,1.6640429e-06,1.8329658e-06,1.9807326e-06,1.0864733e-06,1.0864733e-06
1549928,Backdoor,LIME,0.9857466220855713,0.9359664694386993,9.292259724584783e-05,0.49642256,0.0003339029,0.00021821428,0.00017399089,0.00014132298,1.5075876e-05,7.2198454e-05,9.25698e-05,0.00013523991,0.00019645237,8.6363215e-08,1.3635644e-06,1.3309884e-05,3.1294603e-05,9.321267e-05,0.0001018973,9.924184e-05,0.00017406183,0.00024129766,0.00016021564
1549928,Backdoor,TreeSHAP,0.9857466220855713,0.8956288318336192,0.00010269939201391165,0.49642256,0.35838726,0.046171054,8.235207e-05,5.830125e-05,1.3216628e-05,1.3175801e-05,7.696144e-06,8.649926e-06,1.3635806e-05,8.6363215e-08,9.1427005e-08,3.1464717e-07,2.1204323e-05,3.216518e-05,1.7071417e-05,7.6384385e-05,0.00012358584,0.00025361392,0.00048783835
1549928,Backdoor,Random,0.9857466220855713,0.8314565079257591,2.4492971734775964e-07,0.6356363,0.6356363,0.2621224,0.0019300091,0.0015088668,0.0016390323,0.0016390323,0.0021196872,0.00041118325,0.0002582788,5.179879e-08,5.179879e-08,1.2746229e-07,1.2186426e-07,2.943668e-07,2.7185408e-07,2.7185408e-07,3.319098e-07,4.5422166e-07,4.3725595e-07
1048928,Backdoor,LIME,0.19764116406440735,0.19642393566846295,2.5541637394988625e-05,0.010383887,0.0009347032,0.0007180416,4.9377904e-05,5.811879e-05,1.2481972e-05,8.620429e-06,2.6308958e-06,1.8329772e-06,2.5889447e-06,7.7631546e-07,1.2930745e-06,1.5279786e-06,4.852618e-06,4.783327e-06,4.789011e-06,3.2125492e-06,5.1784787e-06,1.1013759e-05,1.3053679e-05
1048928,Backdoor,TreeSHAP,0.19764116406440735,0.1867486817733152,1.8820852124601745e-05,0.10026419,0.002572996,0.0017812817,0.0018181801,0.0008748444,0.0005920996,0.00043909936,0.0002722711,0.00016761188,0.00014224711,2.1604158e-07,1.0648353e-06,1.3720532e-06,2.0886991e-06,2.0620055e-06,2.2378313e-06,2.7268782e-06,3.6812937e-06,9.109434e-06,1.2638682e-05
1048928,Backdoor,Random,0.19764116406440735,0.18224318230058997,1.785227030387042e-06,0.10390546,0.008982851,0.009014156,0.005793985,0.006513131,0.005142472,0.0051882667,0.005392352,0.001902998,0.0021441441,7.3322724e-08,3.0267068e-07,4.1285892e-07,4.1492908e-07,4.6012636e-07,4.6012616e-07,4.1051814e-07,4.226045e-07,2.801232e-07,2.9106377e-07
1712899,Backdoor,LIME,0.18330438435077667,-0.8161354631185531,2.0637453664634666,0.9961314,0.9990945,0.99977773,0.9998215,0.99988043,0.99990964,0.99993,0.99993,0.99994814,0.9999751,0.99953055,0.9979804,0.9826645,0.2837389,0.14030148,0.084345914,0.08530328,0.08530328,0.05421458,0.06955281
1712899,Backdoor,TreeSHAP,0.18330438435077667,-0.8161297768354416,5.376869805092108,0.9961314,0.9990945,0.9997609,0.999762,0.99983466,0.99983466,0.9999734,0.9999751,0.99998677,0.9999882,0.99953055,0.9979804,0.99791175,0.99859995,0.9778986,0.9778986,0.98061746,0.9785326,0.97263676,0.97443074
1712899,Backdoor,Random,0.18330438435077667,-0.08066500425338745,5.455392250069484,0.12444803,0.24944878,0.26021817,0.26021817,0.26021817,0.3569559,0.36835733,0.37032396,0.21551423,0.17399116,0.99999917,0.9999989,0.9999989,0.9999993,0.9999993,0.9999981,0.999998,0.9999981,0.9999919,0.9999924
1010603,Backdoor,LIME,0.9701154828071594,0.9642219854213181,1.2001791544168166e-05,0.057362672,0.00046292332,0.00030617006,0.00015407188,0.00015407188,0.0001581918,0.00014235318,0.00010720392,5.1397572e-05,3.5918307e-05,6.773301e-07,1.3635644e-06,1.3309884e-05,1.2106187e-05,1.2106187e-05,1.5032436e-05,1.3325238e-05,7.748105e-06,1.2929229e-05,2.7833084e-05
1010603,Backdoor,TreeSHAP,0.9701154828071594,0.8349865478960055,5.659675043828967e-05,0.87411517,0.47653276,0.00042663698,0.00010165393,2.1486723e-05,2.4588044e-05,2.3697135e-05,2.2352291e-05,1.0992013e-05,1.0015663e-05,4.507006e-08,9.1427005e-08,1.4210851e-06,1.7171185e-05,9.197582e-06,4.2403728e-05,7.041798e-05,7.720645e-05,0.00013560095,0.00019549839
1010603,Backdoor,Random,0.9701154828071594,0.558123117312789,1.7571556406620528e-07,0.94751245,0.95123625,0.8090005,0.73188287,0.3300174,0.08141851,0.08401281,0.06138288,0.06138288,0.06207714,4.5058364e-08,6.265931e-08,1.4573965e-07,2.3181924e-07,1.9130513e-07,1.7944815e-07,1.6732662e-07,2.3079026e-07,2.3079026e-07,2.1970689e-07
1047750,Backdoor,LIME,0.1574450582265854,0.14319036127112666,2.7574864611533665e-05,0.14238374,5.5268956e-05,5.273624e-05,8.803709e-06,7.5886587e-06,5.5992136e-06,7.3606257e-06,1.0962786e-05,6.7617193e-06,8.148295e-06,3.453761e-08,6.505591e-07,7.639503e-07,2.1466146e-06,3.920647e-06,4.5789257e-06,3.0086644e-06,6.401457e-06,1.1577824e-05,1.0332083e-05
1047750,Backdoor,TreeSHAP,0.1574450582265854,0.15735947681367007,8.131636070629775e-06,0.00075895246,5.5268956e-05,3.0691936e-05,5.374709e-06,2.1851856e-06,1.8608508e-06,4.7791065e-07,5.3552515e-07,2.6321842e-07,2.033766e-07,4.637873e-07,6.505591e-07,5.179581e-07,3.8766373e-07,3.8349685e-07,3.317706e-07,1.2167571e-06,7.0555825e-07,4.207001e-06,3.938307e-06
1047750,Backdoor,Random,0.1574450582265854,0.06778299920260906,5.466819782265819e-07,0.26824787,0.21196485,0.21196485,0.0703536,0.0703536,0.012598334,0.011974881,0.011905836,0.011905836,0.015350944,5.2893203e-08,5.025214e-08,5.025214e-08,6.592252e-08,6.592252e-08,1.3014251e-07,1.0131403e-07,1.01313994e-07,1.01313994e-07,1.4139671e-07
1049729,Backdoor,LIME,0.1776721179485321,0.17662753866354705,3.2211538524855935e-05,0.008922638,0.00080166577,0.0005697364,4.9377904e-05,5.811879e-05,1.788917e-05,1.108891e-05,9.181212e-06,3.6623867e-06,2.4339306e-06,7.7631546e-07,1.2930745e-06,1.5279786e-06,4.775774e-06,5.101579e-06,6.183821e-06,9.680293e-06,8.412264e-06,9.98923e-06,9.49059e-06
1049729,Backdoor,TreeSHAP,0.1776721179485321,0.16671988422604045,1.5754922822869022e-05,0.10026419,0.002572996,0.0017812817,0.0018181801,0.0013669113,0.0005920996,0.00043909936,0.0002722711,0.00027305924,0.00014224711,2.0179661e-07,1.0246487e-06,1.320274e-06,2.0098764e-06,2.172161e-06,1.8673145e-06,2.3971697e-06,2.91291e-06,3.871039e-06,1.0214916e-05
1049729,Backdoor,Random,0.1776721179485321,0.0990007957443595,8.39479018459548e-07,0.19836098,0.19705245,0.1256086,0.070980124,0.070980124,0.062876895,0.021262167,0.013237405,0.013237405,0.013117081,1.0239882e-07,1.12549365e-07,1.3026188e-07,1.640802e-07,1.640802e-07,1.640801e-07,1.5502876e-07,1.6634694e-07,1.6634694e-07,1.6634696e-07
1607651,Backdoor,LIME,0.192175954580307,0.18169471605015133,3.843039355534401e-05,0.10369073,0.00049741974,0.00049741974,2.7334509e-05,1.8914145e-05,1.7190625e-05,1.33055e-05,1.6905662e-05,1.5809484e-05,1.7357359e-05,1.1313883e-07,1.4285725e-06,1.4285725e-06,4.227817e-06,1.0860148e-05,1.06431235e-05,1.1433045e-05,9.751049e-06,1.1254494e-05,1.2714014e-05
1607651,Backdoor,TreeSHAP,0.192175954580307,0.18791375170694663,4.821912388903655e-06,0.029112924,0.0017992224,0.0017291618,0.0014738652,0.0014738652,0.0016066037,0.0016066037,0.0017984052,0.0010106887,0.0010106887,1.761769e-07,8.3245243e-07,8.5802293e-07,8.6860047e-07,8.6860047e-07,9.0235585e-07,9.0235585e-07,1.3470659e-06,1.2554625e-06,1.2554625e-06
1607651,Backdoor,Random,0.192175954580307,0.1402778156567365,1.825376792457661e-06,0.22480612,0.17783923,0.0724686,0.014272642,0.012722147,0.0054145893,0.005583566,0.005583566,0.00014546397,0.00014546397,8.801076e-08,1.0114433e-07,1.0645746e-07,2.1155593e-07,1.8176448e-07,3.179576e-07,3.1795767e-07,3.1795767e-07,9.325648e-07,9.325648e-07
996567,Backdoor,LIME,0.2232188731431961,0.22010070357355288,8.082104405002366e-06,0.01819976,0.007132616,0.0017843383,0.0017120651,0.0012682156,0.00066181563,0.00011154811,0.0001470207,9.055636e-05,7.375959e-05,4.637873e-07,6.505591e-07,1.0294556e-06,1.7641128e-06,2.4247024e-06,2.7567269e-06,2.0122286e-06,2.3380735e-06,2.0553985e-06,2.5457377e-06
996567,Backdoor,TreeSHAP,0.2232188731431961,0.22136237605076303,9.681252663127363e-06,0.01819976,0.00025119222,3.553956e-05,3.0960433e-05,1.9339037e-05,7.2711064e-06,7.707694e-06,6.026634e-06,5.3927115e-06,1.7810604e-06,4.637873e-07,9.821445e-07,1.0120509e-06,1.0125033e-06,7.7165294e-07,1.3216734e-06,1.0387864e-06,2.4901894e-06,2.9459054e-06,9.571691e-06
996567,Backdoor,Random,0.2232188731431961,0.22024331502325367,5.133291098883993e-05,0.01819976,0.0039933054,0.0023285325,0.0011059903,0.0010616125,0.0007793529,0.0006820069,0.0006505555,0.0004772283,0.0004772365,4.637873e-07,1.769283e-06,2.2192687e-06,4.6956657e-06,4.8344423e-06,1.5442343e-05,1.2122774e-05,2.0894124e-05,2.9235433e-05,2.290763e-05
1048137,Backdoor,LIME,0.17991122603416443,0.16444334858325646,2.8982645028405584e-05,0.15453333,5.8864993e-05,5.529579e-05,8.803709e-06,6.078874e-06,4.895679e-06,4.0375935e-06,4.1519756e-06,1.8142531e-06,1.5050168e-06,3.453761e-08,6.505591e-07,7.639503e-07,2.1245016e-06,7.681844e-06,1.3711018e-05,8.311159e-06,6.060132e-06,7.5416865e-06,5.2636383e-06
1048137,Backdoor,TreeSHAP,0.17991122603416443,0.17981647836739398,3.3676587815444417e-06,0.0008442743,5.8864993e-05,3.268782e-05,5.5863097e-06,2.2712165e-06,1.9341126e-06,4.9672616e-07,5.566088e-07,4.0256418e-07,4.02017e-07,4.637873e-07,6.505591e-07,5.179581e-07,3.8766373e-07,3.8349685e-07,3.317706e-07,1.2167571e-06,7.0555825e-07,6.713401e-07,7.2990485e-07
1048137,Backdoor,Random,0.17991122603416443,0.13772765826433897,2.5731110279061965e-07,0.050182715,0.04729083,0.04729083,0.04548704,0.07094093,0.07094093,0.030836642,0.04180425,0.008993989,0.008067526,3.8358717e-08,3.768401e-08,2.948255e-08,3.7196422e-08,3.0345525e-08,3.0345525e-08,4.1128974e-08,4.1128974e-08,5.6891782e-08,1.2036908e-07
1580263,Backdoor,LIME,0.9756166934967041,0.9688431825041676,4.2728284580576296e-05,0.06762675,7.890852e-05,1.5557907e-05,3.8500502e-06,3.8500502e-06,3.850048e-06,7.140691e-07,6.861475e-07,5.705161e-07,3.7066064e-07,6.773301e-07,1.3635644e-06,4.351507e-06,1.5118998e-05,1.5519272e-05,1.6298498e-05,8.652869e-05,8.658802e-05,7.8531346e-05,0.000111887035
1580263,Backdoor,TreeSHAP,0.9756166934967041,0.9188412248502488,0.0014783115885642906,0.2940947,0.24616012,0.027482975,9.208038e-06,2.4850026e-06,2.3360467e-06,1.519888e-06,3.9850516e-07,4.0116075e-07,5.3123483e-07,8.6363215e-08,8.43243e-08,1.7591692e-07,4.101785e-06,1.9862886e-05,1.9847992e-05,4.6937417e-05,0.0012151678,0.0012153074,0.011901083
1580263,Backdoor,Random,0.9756166934967041,0.6574883970664814,2.99287802252901e-07,0.97229904,0.97229904,0.8018436,0.42362043,0.0057932935,0.002762443,0.00063581474,0.00053653505,0.0007463916,0.0007463916,3.805653e-08,3.805653e-08,4.3443027e-08,8.049782e-08,3.2800955e-07,3.3696054e-07,5.306661e-07,5.0807046e-07,5.0807046e-07,5.0807046e-07
1962085,Backdoor,LIME,0.7001487612724304,0.7001151629953029,0.26769296543060694,0.00025583242,4.515002e-05,5.6096283e-06,5.8004043e-06,4.176027e-06,5.051461e-06,5.293829e-06,3.7005589e-06,3.082074e-06,2.2863496e-06,0.00029742107,0.0009456144,0.008560063,0.02253059,0.47468823,0.31669033,0.2792407,0.20639607,0.24921213,0.31568784
1962085,Backdoor,TreeSHAP,0.7001487612724304,0.7001060965091256,0.00025265507446837354,0.00025583242,5.3666008e-05,2.8017044e-05,2.183919e-05,2.8760714e-05,2.7670052e-05,2.8921804e-06,2.5269746e-06,2.7633064e-06,2.6797425e-06,0.00029742107,0.0001399171,7.347622e-05,0.00011788626,7.743177e-05,5.5187535e-05,0.000114080576,0.0002991276,0.00036515016,0.00022928294
1962085,Backdoor,Random,0.7001487612724304,0.0871720552444458,4.810691852195879e-07,0.66880924,0.7499544,0.49540666,0.5767213,0.6430441,0.65805393,0.5965853,0.6327261,0.6327261,0.47574,2.1297807e-07,3.2349465e-07,3.1428775e-07,3.397719e-07,2.68114e-07,3.7354062e-07,4.2500326e-07,3.4610068e-07,3.4610068e-07,4.188081e-07
1048424,Backdoor,LIME,0.15421096980571747,0.15418061022317603,0.08614076314994323,0.0002842692,1.3713644e-05,1.1281292e-06,7.035993e-07,5.512206e-07,5.512206e-07,5.512206e-07,5.754196e-07,6.058405e-07,9.4634095e-07,0.00014740297,0.0008251716,0.0069440803,0.008531449,0.022095678,0.022095678,0.022095678,0.030057022,0.013832537,0.006213812
1048424,Backdoor,TreeSHAP,0.15421096980571747,0.15417843816525192,0.011973776160089315,0.0002842692,1.3713644e-05,8.080164e-06,2.8614045e-06,4.8224733e-06,3.888175e-06,4.4240783e-06,9.703452e-07,1.1678022e-06,1.1191283e-06,0.00014740297,0.0008251716,0.0011486545,0.0025747102,0.0012455743,0.0020578979,0.0023855334,0.0023541993,0.0022982073,0.0034275244
1048424,Backdoor,Random,0.15421096980571747,0.14138512848876417,1.4389472101381158e-06,0.027363209,0.027363209,0.013552412,0.0063158832,0.012564018,0.010597412,0.011116897,0.007310515,0.006037429,0.006037429,2.6029397e-07,1.6103084e-07,1.7296182e-07,1.1204721e-07,2.1771076e-07,2.3146389e-07,3.1737557e-07,2.5056602e-07,2.477822e-07,2.477822e-07
1139085,Backdoor,LIME,0.9759806394577026,0.9651057610055431,5.639630391872568e-06,0.10606181,0.0002760821,0.00034987336,0.00033102042,0.00038029792,0.000244786,0.00018345685,0.00018345685,0.00043414367,0.00030385857,6.773301e-07,1.3635644e-06,2.3254845e-06,2.1093738e-06,1.8886955e-06,1.8850494e-06,5.3278704e-06,5.4690645e-06,3.4428608e-06,3.0552408e-05
1139085,Backdoor,TreeSHAP,0.9759806394577026,0.9560113836516166,4.0251772451993264e-05,0.11455678,0.07818887,0.0063868985,0.00029030707,0.00023220047,1.5910722e-05,1.6569898e-05,1.5682635e-06,1.4873606e-06,1.9674899e-06,8.6363215e-08,9.1427005e-08,2.8129446e-07,2.6996292e-07,1.862986e-07,4.260858e-06,1.551346e-05,5.2402673e-05,8.628016e-05,0.000233477
1139085,Backdoor,Random,0.9759806394577026,0.2547691188054159,1.0184454009696688e-07,0.98461044,0.98376805,0.9866534,0.9466454,0.9018039,0.78024685,0.6344021,0.6375355,0.3532043,0.0032452724,6.890396e-08,6.885495e-08,5.2407877e-08,5.2071993e-08,5.7969515e-08,1.6088003e-07,1.0172609e-07,1.18302e-07,1.4993924e-07,1.629273e-07
1712824,Backdoor,LIME,0.2117120623588562,-0.7876384377479553,2.313620813870959,0.9961887,0.99883956,0.9997832,0.9998271,0.9998271,0.9997893,0.9997893,0.9997893,0.9998357,0.9998357,0.99953055,0.9979804,0.9826645,0.2837389,0.25771245,0.24504651,0.3068021,0.3068021,0.25896826,0.25896826
1712824,Backdoor,TreeSHAP,0.2117120623588562,-0.7876874446868897,4.616012549765072,0.9961887,0.99883956,0.99968934,0.9997819,0.999818,0.99986327,0.9998832,0.99997854,0.9999763,0.9999763,0.99953055,0.9979804,0.99791175,0.9746011,0.95958835,0.9652765,0.9634433,0.9669875,0.973668,0.973668
1712824,Backdoor,Random,0.2117120623588562,0.05652820467948914,4.723391083011279,0.123338744,0.11765019,0.18677227,0.18677227,0.22270018,0.19844511,0.13487594,0.13149282,0.099173106,0.15061794,0.99999917,0.99999917,0.99999905,0.99999905,0.99999905,0.99999917,0.99999905,0.9999988,0.99999857,0.99999845
1330003,Backdoor,LIME,0.9393635988235474,0.9077449976731942,1.183120987480281e-05,0.2465599,0.063923486,0.004283894,0.00072479877,0.00041170258,0.00027233807,2.66381e-06,2.7187402e-06,2.4430863e-06,2.0639873e-06,5.3305024e-07,6.9960055e-07,8.2481716e-07,1.6525629e-06,1.9358783e-06,1.5046108e-05,2.4832127e-05,2.4573526e-05,1.934035e-05,2.1700056e-05
1330003,Backdoor,TreeSHAP,0.9393635988235474,0.9364088873441687,0.0009095787119542464,0.02144161,0.0033824362,0.0025462513,0.001175785,0.00090043433,6.537429e-05,1.260231e-05,1.1502483e-05,5.486472e-06,5.6318886e-06,5.29637e-08,5.370058e-07,2.2026538e-06,7.313432e-06,8.2947245e-06,2.362884e-05,0.00035979113,0.0008027096,0.003853659,0.003486062
1330003,Backdoor,Random,0.9393635988235474,0.7567517939547542,4.943915871964116e-06,0.92114604,0.42903423,0.4488497,0.006000334,0.007063444,0.007063444,0.002608814,0.002608814,0.0008530872,0.0008901358,5.8356253e-08,6.1046435e-08,6.055473e-08,1.1609783e-07,2.06124e-07,2.06124e-07,4.3769597e-07,4.3769597e-07,2.1297428e-05,2.3560222e-05
1324018,Backdoor,LIME,0.9834780097007751,0.9681988145706782,1.4433360932497828e-05,0.15154058,0.0003587374,0.00024497337,0.00022720522,0.00017114732,0.00011113715,4.509167e-05,4.7949063e-05,2.3710892e-05,2.1421805e-05,6.773301e-07,1.3635644e-06,1.245697e-06,1.2435478e-06,2.4411574e-06,2.6335814e-05,3.2618926e-05,2.2526303e-05,2.2644324e-05,3.085225e-05
1324018,Backdoor,TreeSHAP,0.9834780097007751,0.9204127898779916,3.65490916013136e-05,0.33968863,0.2552334,0.035352886,0.00015841455,7.598588e-05,2.5128187e-05,2.9670593e-05,3.72516e-05,3.4769426e-05,1.6056334e-05,8.6363215e-08,9.1427005e-08,2.9012577e-07,1.8351044e-05,1.13077795e-05,3.596274e-05,1.7578217e-05,6.924014e-05,9.1598726e-05,0.00011494571
1324018,Backdoor,Random,0.9834780097007751,0.7088274730340345,2.4399807759128057e-06,0.94156694,0.93052775,0.59874696,0.12336445,0.10532929,0.011505539,0.017786235,0.017257905,0.0002979207,0.00012238335,1.05206176e-07,9.8339434e-08,1.2181876e-07,1.1353649e-07,1.00166815e-07,1.0446277e-07,9.987604e-08,1.0348112e-07,1.08912645e-05,1.2258522e-05
1081413,Backdoor,LIME,0.9589720368385315,0.8629130802582949,2.7882366521657536e-06,0.93683237,0.008716162,0.0072097126,0.0037603492,0.0007043447,0.0010499178,0.001255872,0.0003719912,0.00026381304,0.00042503458,5.698027e-08,8.997232e-07,8.2178883e-07,5.967355e-07,4.638987e-06,4.778113e-06,4.842957e-06,3.060362e-06,3.619014e-06,3.4237496e-06
1081413,Backdoor,TreeSHAP,0.9589720368385315,0.9470621235875569,2.599168671463327e-05,0.11706273,0.0007219997,0.0007227219,0.0005446639,1.2200471e-05,9.486264e-06,8.641857e-06,5.709458e-06,7.4701243e-06,3.5062371e-06,2.1591924e-07,8.4828605e-07,6.9761757e-07,7.485235e-07,5.1592433e-06,5.54943e-06,3.0617364e-05,4.0447223e-05,5.07964e-05,0.000114173
1081413,Backdoor,Random,0.9589720368385315,0.4903887751395814,1.0428910189049349e-07,0.95897204,0.94826186,0.94826186,0.84398836,0.81705546,0.05893047,0.051673565,0.047680657,0.010423499,0.0005848502,4.275425e-08,5.2021974e-08,5.2021974e-08,6.6999895e-08,4.2012804e-08,4.88036e-08,5.264261e-08,2.0820981e-07,2.0524449e-07,2.2939184e-07
29559,Backdoor,LIME,0.26644784212112427,0.2661722764431261,0.0011305568163591637,0.002600507,4.2019026e-05,3.4292654e-05,3.106021e-05,2.810469e-05,5.2313408e-06,3.9444394e-06,3.6769152e-06,3.374235e-06,3.4461548e-06,1.5408054e-05,0.00026900193,0.0002627248,0.00027830678,0.00028450944,0.0004069745,0.00037797942,0.0004017889,0.00035814664,0.0003575038
29559,Backdoor,TreeSHAP,0.26644784212112427,0.26077900747911825,0.002352055510756326,0.056612898,4.2019026e-05,6.1250876e-06,5.343493e-06,4.4437784e-06,3.651071e-06,3.651071e-06,4.7354906e-06,2.630032e-06,2.849706e-06,1.3222509e-06,0.00026900193,0.0003580909,0.00036476058,0.0008171794,0.00082328764,0.00082328764,0.00084898464,0.0009413691,0.0010197172
29559,Backdoor,Random,0.26644784212112427,-0.031641560792922976,4.385643151285673e-07,0.2859967,0.36005932,0.3385803,0.3173699,0.3173699,0.35196155,0.24685742,0.24685742,0.26506412,0.25077736,7.23118e-08,6.86097e-08,6.86097e-08,8.230039e-08,8.230039e-08,1.1052166e-07,1.2660088e-07,1.2660088e-07,1.2131972e-07,3.0937005e-07
1769578,Backdoor,LIME,0.6568880677223206,0.6467317338013345,1.4867861229184356e-05,0.069736436,0.01370604,0.0074463594,0.004961806,0.0053022155,0.00039584326,6.1689175e-06,2.473841e-06,3.1099003e-06,2.886918e-06,5.3305024e-07,6.9960055e-07,6.9829287e-07,5.804618e-06,4.1308726e-06,9.070445e-06,1.85443e-05,2.3605191e-05,1.949063e-05,1.5088214e-05
1769578,Backdoor,TreeSHAP,0.6568880677223206,0.6564562248059133,0.00042201303007040445,0.0029131107,0.0006293523,0.0002900269,0.0002546375,0.00018144399,4.763375e-05,7.9716824e-07,4.770503e-07,4.1872573e-07,5.311446e-07,5.6175185e-08,5.967098e-07,2.192278e-06,2.0179707e-05,2.02578e-05,4.6609395e-05,0.0006938767,0.00096168957,0.0006381684,0.0003885267
1769578,Backdoor,Random,0.6568880677223206,0.3066178347391542,3.63459216764956e-07,0.65688807,0.7221127,0.71877444,0.44684073,0.46118167,0.46118167,0.017757569,0.017757569,0.0001096044,9.82934e-05,4.275425e-08,4.0058467e-08,3.787852e-08,4.4770864e-08,4.174656e-08,4.174656e-08,5.9340863e-07,6.1602816e-07,6.101218e-07,3.1900646e-07
1046682,Backdoor,LIME,0.1662255823612213,0.15081540835194573,2.1844742813577273e-05,0.15385923,9.932148e-05,9.329083e-05,8.803709e-06,6.989947e-06,5.6366753e-06,7.1558466e-06,7.380101e-06,6.7907345e-06,7.1428763e-06,3.453761e-08,6.505591e-07,7.639503e-07,2.0600655e-06,2.249733e-06,3.5875742e-06,3.5219218e-06,1.0332957e-05,5.8151563e-06,7.2950966e-06
1046682,Backdoor,TreeSHAP,0.1662255823612213,0.16608695677859373,1.3444557984635093e-05,0.00121268,9.932148e-05,5.517123e-05,9.882154e-06,4.082405e-06,3.4764898e-06,8.928604e-07,2.2174788e-07,2.6321842e-07,2.6422967e-07,4.637873e-07,6.505591e-07,5.179581e-07,3.8766373e-07,3.8349685e-07,3.317706e-07,1.2167571e-06,9.428106e-06,3.9089823e-06,5.059213e-06
1046682,Backdoor,Random,0.1662255823612213,0.10486626327037811,3.4414955388268365e-07,0.14522241,0.10694302,0.111197256,0.111197256,0.030219192,0.030219192,0.025661103,0.015720638,0.019322969,0.017890157,4.411038e-08,4.2014364e-08,5.6353556e-08,5.6353556e-08,5.943165e-08,5.943165e-08,6.2478016e-08,7.416732e-08,6.5426356e-08,5.2297743e-08
1877144,Backdoor,LIME,0.24028125405311584,-0.7589750587940216,2.3292201762207534,0.9957891,0.9987708,0.99970007,0.9996344,0.99970835,0.9997911,0.9997851,0.9997851,0.9997851,0.999814,0.99953055,0.9979804,0.9826645,0.98113704,0.27047223,0.23481464,0.2833977,0.2833977,0.2833977,0.27988714
1877144,Backdoor,TreeSHAP,0.24028125405311584,-0.7590703010559082,4.066372953008006,0.9957891,0.9987708,0.9996834,0.9997719,0.99984014,0.9998518,0.99986875,0.9999759,0.9999759,0.99998784,0.99953055,0.9979804,0.99791175,0.9976109,0.960322,0.9633769,0.9631739,0.9664758,0.9664758,0.9578742
1877144,Backdoor,Random,0.24028125405311584,-0.6324159055948257,4.157521344803554,0.3145705,0.4234548,0.9983728,0.9983728,0.9983728,0.9983631,0.9986198,0.9985429,0.9986467,0.9996555,0.99999917,0.99999845,0.99893826,0.99893826,0.99893826,0.9988697,0.9988223,0.999124,0.9993162,0.9967991
1434528,Backdoor,LIME,0.19349147379398346,-0.8059925705194473,3.9613082579251295,0.99689543,0.99928004,0.99982494,0.9997905,0.99979717,0.99979717,0.9998331,0.99987376,0.99984455,0.9999038,0.99953055,0.9979804,0.9826645,0.98113704,0.9790435,0.9790435,0.9768868,0.27645215,0.29713503,0.19492126
1434528,Backdoor,TreeSHAP,0.19349147379398346,-0.8060525625944137,5.084829541302025,0.99689543,0.99928004,0.9997712,0.99983823,0.99985933,0.9998882,0.9999753,0.9999753,0.99997914,0.9999782,0.99953055,0.9979804,0.99791175,0.9746011,0.9778986,0.97699046,0.9785326,0.9785326,0.98059297,0.9761412
1434528,Backdoor,Random,0.19349147379398346,-0.4160619810223579,5.162398162247758,0.25573683,0.25573683,0.25103608,0.22710706,0.6863755,0.6863755,0.73390436,0.9997516,0.9997516,0.99975914,0.99999917,0.99999917,0.99999917,0.99999905,0.99999297,0.9999945,0.99999475,0.9962831,0.9962831,0.99625504
1049280,Backdoor,LIME,0.17975537478923798,0.1786426435543717,4.012444151848364e-05,0.009531232,0.00085790834,0.00062581716,4.9377904e-05,2.1664206e-05,1.7551509e-05,1.145311e-05,5.5165087e-06,4.1020003e-06,2.6900132e-06,7.7631546e-07,1.2930745e-06,1.5279786e-06,4.5875813e-06,4.530396e-06,4.751482e-06,8.389776e-06,1.0522336e-05,1.3213237e-05,2.2533666e-05
1049280,Backdoor,TreeSHAP,0.17975537478923798,0.16881368580216077,1.9588016305506383e-05,0.10026419,0.002572996,0.0017812817,0.0018181801,0.0013669113,0.0005920996,0.00043909936,0.0002722711,0.00016761188,0.00014224711,2.018786e-07,1.0505523e-06,1.3536506e-06,2.0606842e-06,2.3417574e-06,2.0610796e-06,2.540191e-06,3.389555e-06,8.465668e-06,1.1745494e-05
1049280,Backdoor,Random,0.17975537478923798,0.16290711576348257,2.0398430278741978e-05,0.08994157,0.031447873,0.020275643,0.017074851,0.0048476304,0.002343166,0.0022728434,0.0001267644,0.0001267644,2.548616e-05,5.4662152e-08,5.5748455e-08,5.6636942e-08,3.8550596e-07,6.5587614e-07,7.1847626e-07,6.980147e-07,1.0802995e-05,1.0802995e-05,1.2436367e-05
1012830,Backdoor,LIME,0.17964786291122437,0.17936820151353458,0.010317718838161759,0.0023577034,0.00013222416,0.00016225231,2.4343524e-05,2.0048377e-05,2.2935441e-05,2.1679714e-05,1.8376877e-05,2.1470629e-05,1.5579542e-05,1.5408054e-05,0.00024013108,0.00024548155,0.0019213709,0.0011465763,0.0034002836,0.0030479745,0.0029329502,0.0028951466,0.0026902405
1012830,Backdoor,TreeSHAP,0.17964786291122437,0.17000728797326586,0.002128750926201339,0.061632633,0.034716073,1.4911929e-05,1.474808e-05,8.005418e-06,1.2742201e-05,1.9104414e-06,1.8003902e-06,2.1691885e-06,7.550996e-07,6.769225e-07,2.500988e-06,0.0002565105,9.563689e-05,0.00017531686,0.00012120059,0.0006263164,0.00079281285,0.0011479004,0.00060538296
1012830,Backdoor,Random,0.17964786291122437,0.08514016205444933,1.071919463340924e-05,0.13719492,0.13719492,0.149459,0.12043191,0.1513535,0.084512725,0.084512725,0.050703418,0.013418437,0.016295465,1.7125492e-07,1.3235554e-07,1.7919848e-07,1.6262487e-07,2.754621e-07,3.0136457e-06,3.0136457e-06,4.0453883e-06,4.0677032e-06,4.195526e-06
1396760,Backdoor,LIME,0.9386350512504578,0.9374977456631314,3.052943715971234e-06,0.009874688,0.00016843312,0.00019947355,0.00019273673,0.00017173598,0.00034084602,0.00010851477,0.00013866596,9.389573e-05,8.4065556e-05,6.773301e-07,1.3635644e-06,2.3254845e-06,2.2243719e-06,3.5376195e-06,2.2604224e-06,2.4105896e-06,2.719365e-06,6.228117e-06,4.909133e-06
1396760,Backdoor,TreeSHAP,0.9386350512504578,0.9184445193266229,5.679743741036578e-05,0.19371371,0.0030897295,0.0027633915,0.002335039,1.3681102e-06,8.213938e-07,4.0675096e-07,3.5830033e-07,3.1125654e-07,1.8381091e-07,2.1591924e-07,5.5948766e-07,5.2961576e-07,4.3185372e-07,3.1230325e-06,4.028131e-06,8.7633176e-05,0.00013833477,0.00017591687,0.00012234779
1396760,Backdoor,Random,0.9386350512504578,0.5661529028788209,7.238667303929014e-08,0.9386444,0.8970825,0.912669,0.37219664,0.36005482,0.1054925,0.046913218,0.03058946,0.03058946,0.03058946,4.275425e-08,5.2021974e-08,7.6190055e-08,7.1539674e-08,6.719083e-08,6.229516e-08,7.686368e-08,7.686367e-08,7.686367e-08,7.686367e-08
1495286,Backdoor,LIME,0.9600182771682739,0.9555456322568261,1.1919415468653901e-05,0.04426619,0.00012423495,0.00011691706,9.555979e-05,6.579617e-05,4.333798e-05,4.7823737e-06,3.1992058e-06,3.2156e-06,3.2156e-06,6.773301e-07,1.3635644e-06,1.360953e-06,1.5146237e-06,1.477984e-05,2.0047999e-05,2.3739683e-05,1.5368716e-05,1.7936707e-05,1.7639144e-05
1495286,Backdoor,TreeSHAP,0.9600182771682739,0.9365660761373874,4.5104488873485666e-05,0.1419829,0.07945856,0.012760882,5.9135666e-05,6.964625e-05,4.518658e-05,4.150356e-05,6.231087e-05,2.4016055e-05,1.787387e-05,8.6363215e-08,9.1427005e-08,3.1464717e-07,2.1204323e-05,1.118145e-05,3.5544585e-05,1.7385846e-05,6.652451e-05,0.00011089843,0.00016977976
1495286,Backdoor,Random,0.9600182771682739,0.7972953797667287,3.946447676951579e-07,0.9327324,0.6590227,0.013866636,0.009384939,0.0038104774,0.0025078885,0.0018286037,0.0018286037,0.0011113831,0.0011353501,5.829497e-08,5.994696e-08,5.628801e-08,1.3710319e-07,1.4039014e-07,1.1264616e-07,4.7018443e-07,4.7018443e-07,1.0991693e-06,1.1844543e-06
1162444,Backdoor,LIME,0.3209496736526489,0.31957996378878023,0.28436073373123044,0.011245558,0.0022261303,0.00018069496,9.797471e-06,8.9183e-06,6.6204743e-06,8.0396685e-06,6.185413e-06,4.7866183e-06,3.6735813e-07,0.00014740297,0.0008251716,0.0069440803,0.010103966,0.035679657,0.40964586,0.1393228,0.13956791,0.07471763,0.09570033
1162444,Backdoor,TreeSHAP,0.3209496736526489,0.3197299208172126,0.0037532606334367263,0.011245558,0.0008432427,8.445706e-05,6.033507e-06,3.3718625e-06,4.9654577e-06,4.712332e-06,1.7303254e-06,1.8259304e-06,1.6311566e-06,0.00014740297,0.00017535467,0.0014207802,0.0026896659,0.0015910919,0.0010685308,0.0015728453,0.0016316834,0.00079482404,0.0009538976
1162444,Backdoor,Random,0.3209496736526489,0.0987831100821495,4.408151397575802e-07,0.13611843,0.137911,0.11293326,0.10298598,0.10298598,0.13805081,0.22726457,0.22935188,0.5676182,0.46644554,2.3155576e-07,2.3324348e-07,2.56257e-07,1.9923203e-07,1.2325476e-07,7.3930266e-08,7.934026e-08,6.675273e-08,6.779823e-08,8.343006e-08
30780,Backdoor,LIME,0.8946244120597839,0.8945175635139548,0.024458936545171606,0.00090317643,9.580858e-05,1.0732534e-05,1.1034317e-05,1.1107358e-05,9.905754e-06,1.0160546e-05,9.476293e-06,4.1024873e-06,2.9811545e-06,0.00029742107,0.0009456144,0.009590746,0.009563406,0.012903274,0.020283751,0.032130033,0.022061685,0.039166182,0.071873516
30780,Backdoor,TreeSHAP,0.8946244120597839,0.8944239582168848,0.0010941103337166066,0.00090317643,0.0008424189,0.0001960668,1.1829606e-05,1.0131018e-05,1.3426848e-05,1.4759407e-05,4.4069757e-06,4.336799e-06,3.9856095e-06,0.00029742107,0.00034757305,0.00017825527,0.00041103043,0.00087111455,0.0019802633,0.001582441,0.0015662819,0.0012638408,0.0012899562
30780,Backdoor,Random,0.8946244120597839,0.6725222865119577,3.939780127476957e-06,0.89912117,0.84252536,0.08336622,0.09196469,0.09939351,0.050479088,0.042813465,0.042813465,0.038084246,0.03046004,2.4007622e-07,8.335368e-07,2.5220634e-06,1.959339e-06,2.0407913e-06,3.1977986e-06,4.163058e-06,4.163058e-06,4.8195598e-06,1.1306952e-05
1292187,Backdoor,LIME,0.8688267469406128,0.8681508180932042,0.00010242456717419069,0.0066061034,2.1907355e-05,2.5343357e-05,2.5343352e-05,2.534332e-05,1.964022e-05,2.3824467e-05,4.9190157e-06,5.0301646e-06,1.8338353e-06,6.773301e-07,1.3635644e-06,1.2168856e-06,1.2171945e-06,1.217588e-06,1.0874242e-05,9.66734e-06,0.0001296251,0.0001882056,0.0005458272
1292187,Backdoor,TreeSHAP,0.8688267469406128,0.8523226229881515,0.000781196926002062,0.077400826,0.07746695,0.0076407464,0.0025246118,2.5662973e-06,2.3404896e-06,8.9170703e-07,8.917069e-07,6.9584746e-07,7.19543e-07,8.6363215e-08,8.6363194e-08,3.153726e-07,6.3465467e-07,5.1690295e-05,4.1235908e-05,0.00020665416,0.00020665184,0.0031394837,0.0031404095
1292187,Backdoor,Random,0.8688267469406128,0.5766741321305744,1.2199876272210812e-07,0.84349597,0.8378409,0.8290811,0.16212146,0.17232102,0.031828713,0.04162726,0.0012025688,0.0010035628,0.0010035628,4.275425e-08,4.031795e-08,4.0317953e-08,4.8518675e-08,5.0943726e-08,1.0472641e-07,9.0141576e-08,1.9813079e-07,2.2205325e-07,2.2205325e-07
1238883,Backdoor,LIME,0.2331201136112213,0.23306936286628002,0.008197472377701808,0.00040906583,2.0643667e-05,1.9440948e-05,1.9465704e-05,1.5436366e-05,1.8950344e-05,1.2704295e-06,1.1973165e-06,1.2282833e-06,8.085578e-07,0.00014740297,0.0008788223,0.00058259425,0.00058242615,0.0003431223,0.00034312144,0.0026119302,0.0015941834,0.0055035474,0.0065228064
1238883,Backdoor,TreeSHAP,0.2331201136112213,0.23305468637117882,0.003014912168238068,0.00040906583,0.00015451902,1.2063804e-05,1.1709838e-05,9.8262835e-06,1.1323505e-05,1.28727015e-05,9.644381e-06,1.1098008e-05,1.2149029e-05,0.00014740297,0.00017777202,0.0011252202,0.0010662074,0.00090781006,0.000801351,0.0006401391,0.0010556586,0.0005902112,0.00051659404
1238883,Backdoor,Random,0.2331201136112213,0.14714698736181048,0.012498184457199005,0.3274957,0.5320954,6.857383e-05,5.712246e-05,6.794263e-06,5.6519953e-06,5.1370057e-07,5.0948955e-07,5.0948955e-07,5.2043305e-07,2.3764514e-07,3.166607e-07,7.704534e-05,6.734446e-05,0.0006109663,0.0005737504,0.0062836357,0.0069431756,0.0069431756,0.007636133
1061202,Backdoor,LIME,0.9780988693237305,0.9654702885175539,1.46583479816653e-05,0.12424797,0.00035096225,0.00034570677,0.0003802979,0.00038029792,0.000244786,0.00016710538,0.00015256066,8.484179e-06,7.638822e-06,6.773301e-07,1.3635644e-06,1.3635282e-06,2.3986656e-06,2.0303878e-06,2.0264522e-06,2.276668e-05,2.9107767e-05,4.389031e-05,3.774845e-05
1061202,Backdoor,TreeSHAP,0.9780988693237305,0.9552311125753249,4.016460078740753e-05,0.13118252,0.08827914,0.0085518295,0.00035294922,0.00026704543,1.734553e-05,2.0000369e-05,1.963201e-06,1.9884344e-06,2.7812468e-06,8.6363215e-08,9.1427005e-08,2.8129446e-07,2.6996292e-07,1.862986e-07,4.260858e-06,1.551346e-05,5.2402673e-05,8.628016e-05,0.000233477
1061202,Backdoor,Random,0.9780988693237305,0.33370507815270684,2.8955937954529994e-07,0.97703177,0.9123962,0.9071656,0.8994012,0.9006348,0.87224084,0.5519797,0.4215037,0.00073744846,0.0008466484,4.275425e-08,4.4725198e-08,4.3591402e-08,4.3560316e-08,4.0912397e-08,4.8072167e-08,7.886305e-08,1.5994753e-07,1.136059e-06,1.1936914e-06
1465307,Backdoor,LIME,0.2324310541152954,0.20698985991411972,9.910278570429256e-05,0.25411177,7.6889526e-05,7.6889526e-05,5.3108226e-05,2.6715456e-05,2.3672916e-05,1.4332426e-05,1.2504314e-05,7.653201e-06,8.409606e-06,1.536109e-07,1.0761719e-05,1.0761719e-05,1.3629961e-05,2.4440904e-05,2.8594726e-05,2.3157358e-05,1.9226272e-05,4.9906812e-05,4.971255e-05
1465307,Backdoor,TreeSHAP,0.2324310541152954,0.23233545400178174,6.37358302740763e-05,0.00071599166,7.6889526e-05,6.927619e-05,7.257684e-05,7.3179517e-06,4.197921e-06,2.1928024e-06,2.6835037e-06,2.7607489e-06,2.1139945e-06,6.866688e-06,1.0761719e-05,8.885363e-06,1.1495306e-05,2.2082877e-05,1.7827948e-05,1.4241811e-05,1.8547562e-05,1.7368464e-05,2.0064126e-05
1465307,Backdoor,Random,0.2324310541152954,0.09996803030371666,1.3104871265676816e-06,0.21103297,0.16654202,0.16654202,0.16654202,0.16499826,0.15940115,0.09381972,0.08441191,0.08441191,0.026928239,1.4802391e-07,1.4209294e-07,1.4209294e-07,1.4209294e-07,3.844614e-07,4.209268e-07,4.2472544e-07,4.4022067e-07,4.4022067e-07,3.6112118e-07
1343890,Backdoor,LIME,0.3062278628349304,0.2904763445395474,5.8107200232335627e-05,0.15732865,2.885414e-05,2.348281e-05,2.5043748e-05,2.460059e-05,2.460059e-05,2.4443405e-05,1.0308649e-05,1.4684716e-05,1.0513953e-05,1.536109e-07,1.0761719e-05,1.0760517e-05,1.5076979e-05,1.5076104e-05,1.5076104e-05,2.918947e-05,3.605706e-05,2.5777525e-05,2.0011352e-05
1343890,Backdoor,TreeSHAP,0.3062278628349304,0.3061962229828282,2.6619874744047972e-05,0.00021611877,2.885414e-05,2.4286506e-05,3.100737e-05,3.868743e-06,3.379742e-06,2.4579463e-06,2.3048676e-06,2.3331543e-06,1.7872786e-06,6.866688e-06,1.0761719e-05,5.2136793e-06,6.303725e-06,5.9118142e-06,1.1889916e-05,1.1135523e-05,7.7242275e-06,7.2935045e-06,8.41667e-06
1343890,Backdoor,Random,0.3062278628349304,0.10462524369359016,4.603434860201999e-07,0.42049384,0.42049384,0.18061805,0.1555326,0.17057498,0.17408837,0.13241814,0.13241814,0.10988808,0.11950015,1.08147916e-07,1.08147916e-07,1.0869465e-07,1.88671e-07,1.933031e-07,1.7224495e-07,1.593343e-07,1.2465742e-07,1.2749163e-07,1.1900722e-07
1434509,Backdoor,LIME,0.1690322309732437,0.16894698538312697,0.03158182371038513,0.0006284436,4.2200998e-05,4.686216e-05,3.9684943e-05,3.63108e-05,2.7430753e-05,2.3340659e-05,3.9698193e-06,2.3276154e-06,1.8845446e-06,1.5408054e-05,0.00024013108,0.0002454687,0.00020176866,0.00023167959,0.00013582154,0.00045790162,0.0034221816,0.012359944,0.036073156
1434509,Backdoor,TreeSHAP,0.1690322309732437,0.1651691440976947,0.00232887437336697,0.03854809,4.2200998e-05,8.914894e-06,6.8312306e-06,6.2020545e-06,5.6042004e-06,3.193113e-06,5.5100218e-06,2.3927385e-06,1.9299407e-06,1.1802348e-06,0.00024013108,0.0002565105,0.00021084346,0.0005090031,0.0004133624,0.0011942241,0.00031830813,0.0003769625,0.00041602275
1434509,Backdoor,Random,0.1690322309732437,0.14920089207589626,8.876182963020483e-07,0.13842596,0.007441226,0.0052940594,0.0058669206,0.0058669206,0.0058669206,0.004800762,0.004800762,0.0038921493,0.016057707,1.0935124e-07,1.4551068e-07,1.621222e-07,1.6828758e-07,1.6828758e-07,1.6828758e-07,1.5464833e-07,1.5464833e-07,1.6423294e-07,1.0498445e-07
1547887,Backdoor,LIME,0.99327152967453,0.9628359660571733,0.00014349106586922092,0.30111572,0.0011560689,0.00077119196,0.00048808806,0.0003281486,0.00017774131,0.00017774131,7.4515054e-05,3.5508143e-05,3.0911397e-05,6.773301e-07,1.3635644e-06,1.360953e-06,1.5144157e-06,1.47581295e-05,4.473917e-05,4.473917e-05,0.00051980605,0.0004375072,0.0003587899
1547887,Backdoor,TreeSHAP,0.99327152967453,0.9032143514361906,5.738755401056904e-05,0.50774807,0.31616235,0.046948414,0.013586407,0.013343743,0.0026007062,8.86217e-05,8.729233e-05,3.278061e-06,2.9049982e-06,8.6363215e-08,9.1427005e-08,8.26411e-08,2.537e-07,1.3446908e-07,3.6972966e-07,1.551346e-05,7.000129e-05,0.00017896426,0.00030451693
1547887,Backdoor,Random,0.99327152967453,0.2570706369355321,5.6782429487883155e-08,0.9932715,0.9842158,0.97880024,0.9664454,0.9664454,0.783815,0.783815,0.78432465,0.092471324,0.02840457,4.275425e-08,5.03722e-08,5.03722e-08,4.7759897e-08,4.7759897e-08,5.8485288e-08,4.1941476e-08,4.194147e-08,5.081416e-08,1.3180286e-07
1877212,Backdoor,LIME,0.24660834670066833,-0.7529000997543335,3.949630704199242,0.996956,0.99925333,0.9998141,0.9997795,0.99985456,0.99985194,0.9998579,0.99988246,0.99990654,0.9999281,0.99953055,0.9979804,0.9826645,0.98113704,0.9686895,0.96386766,0.96401024,0.96160245,0.9632011,0.95743597
1877212,Backdoor,TreeSHAP,0.24660834670066833,-0.7529642045497894,3.9925380700906112,0.996956,0.99925333,0.9998079,0.9998692,0.9999045,0.99998343,0.99998343,0.9999845,0.9999918,0.9999914,0.99953055,0.9979804,0.99791175,0.9746011,0.9778986,0.98061746,0.98061746,0.9831024,0.9778022,0.9758699
1877212,Backdoor,Random,0.24660834670066833,-0.33975067622959615,4.054954782609326,0.24660835,0.15844905,0.059491534,0.09481299,0.8229157,0.8946717,0.89970237,0.8964149,0.8964149,0.89410883,0.99999917,0.99999917,0.9999964,0.9999963,0.9999869,0.9999845,0.999974,0.9999738,0.9999738,0.9999732
1008461,Backdoor,LIME,0.3210195004940033,-0.6787302076816559,1.4917867096586244,0.9983936,0.99958616,0.99990785,0.9999267,0.99993026,0.99991715,0.9999192,0.9999671,0.99998,0.9999691,0.99953055,0.9979804,0.9826645,0.2837389,0.28112608,0.26789328,0.26623276,0.25609165,0.16938849,0.2842799
1008461,Backdoor,TreeSHAP,0.3210195004940033,-0.6786993861198425,3.0440478490389613,0.9983936,0.99958616,0.99983406,0.99977165,0.99985087,0.9998925,0.99990594,0.999984,0.99998045,0.9999896,0.99953055,0.9979804,0.99791175,0.9971233,0.9977666,0.96392405,0.97578955,0.97936755,0.9314756,0.93111783
1008461,Backdoor,Random,0.3210195004940033,-0.39387266933917997,3.115067575214032,0.41640997,0.41640997,0.35634398,0.34629127,0.92789286,0.92583466,0.92583466,0.9176385,0.9552466,0.9610192,0.99999917,0.9999994,0.9999995,0.9999994,0.999998,0.99999666,0.99999666,0.99999666,0.99999404,0.9999943
1232837,Backdoor,LIME,0.3214499354362488,0.3170701154007702,1.2881347648554164e-05,0.04329906,0.0001009434,8.280241e-05,0.00010687578,9.333664e-05,9.333664e-05,1.0615818e-05,4.9132714e-06,3.7820007e-06,2.5340833e-06,8.6363215e-08,1.3635644e-06,1.2173315e-06,1.5347485e-06,1.8322863e-06,1.8809784e-06,2.3015177e-06,3.5126059e-06,3.9168362e-06,2.376085e-05
1232837,Backdoor,TreeSHAP,0.3214499354362488,0.3160031064075909,0.0002712339244695357,0.04329906,0.008543137,0.0026080883,1.3452232e-05,2.0519342e-06,1.6234699e-06,2.714122e-07,2.8376206e-07,1.760765e-07,1.4531265e-07,8.6363215e-08,1.3659441e-07,1.9206675e-07,4.8417937e-06,8.5482325e-06,5.1494833e-05,9.6942706e-05,0.0002682314,0.00018670647,0.0002547008
1232837,Backdoor,Random,0.3214499354362488,0.24534366292064078,1.384578463939502e-06,0.32894662,0.20002927,0.13853353,0.08458339,0.0026817976,0.0022705721,0.0018557796,0.00066447456,0.00066447456,0.0008328183,4.275425e-08,4.4725198e-08,6.063346e-08,7.780221e-08,1.1904261e-07,2.3814718e-07,3.7168294e-07,1.3177636e-06,1.3177636e-06,8.6041166e-07
1236366,Backdoor,LIME,0.6008118391036987,0.5897869920157035,2.7582620261555738e-05,0.11023169,8.969635e-06,5.3436647e-06,5.006966e-07,3.5941827e-07,3.122557e-07,2.7845886e-07,2.6735978e-07,3.746411e-07,3.746411e-07,2.3140787e-08,4.1259588e-07,3.9197008e-07,1.238213e-06,1.188586e-05,1.5544385e-05,1.2028902e-05,1.2026859e-05,5.6083856e-05,5.6083856e-05
1236366,Backdoor,TreeSHAP,0.6008118391036987,0.6006421929991348,0.0008388079879488489,0.0012890523,0.0003809399,2.4103896e-05,5.006966e-07,8.4838575e-07,3.6653256e-07,1.9281602e-07,1.6656921e-07,1.5537428e-07,1.3457714e-07,2.658779e-07,2.738336e-07,7.214501e-07,1.238213e-06,4.890821e-06,5.0885915e-06,5.0999173e-05,0.00028305931,0.001971382,0.0027217385
1236366,Backdoor,Random,0.6008118391036987,0.5907638868586218,8.903280779324573e-07,0.032179493,0.03431931,0.019977622,0.005470858,0.003988661,0.003988661,0.00020327534,0.00011354599,0.0001197909,0.00011830395,2.8200951e-08,2.8200951e-08,4.6382063e-08,8.996527e-08,1.8167637e-07,1.8167637e-07,9.028208e-07,1.2745625e-06,1.3119275e-06,1.3037837e-06
538709,Benign,LIME,0.9999984502792358,-7.152557373046875e-08,1.0000007152568458,0.99999845,0.99999845,0.99999845,0.9999987,0.9999987,0.99999857,0.99999857,0.99999845,0.99999845,0.99999845,0.99999917,0.99999917,0.99999917,0.99999905,0.99999905,0.99999905,0.99999917,0.99999905,0.99999905,0.99999905
538709,Benign,TreeSHAP,0.9999984502792358,1.1920928955078125e-07,1.000000774861583,0.99999845,0.99999845,0.99999845,0.99999845,0.99999833,0.9999982,0.999998,0.999998,0.99999845,0.99999857,0.99999917,0.99999917,0.99999917,0.99999917,0.9999994,0.9999993,0.9999994,0.9999994,0.99999905,0.99999917
538709,Benign,Random,0.9999984502792358,-3.0994415283203126e-07,1.0000007152568458,0.99999857,0.99999857,0.99999857,0.99999857,0.9999987,0.9999987,0.9999988,0.99999905,0.99999905,0.99999905,0.99999917,0.99999917,0.99999917,0.99999917,0.99999917,0.99999917,0.9999993,0.99999905,0.9999989,0.9999989
1073604,Benign,LIME,0.9999934434890747,-4.339218139648437e-06,1.0000029206467433,0.99999344,0.99999344,0.9999987,0.9999988,0.9999988,0.9999987,0.9999987,0.99999905,0.99999905,0.99999917,0.99999917,0.99999917,0.999997,0.9999963,0.9999963,0.9999949,0.9999949,0.9999956,0.9999956,0.9999956
1073604,Benign,TreeSHAP,0.9999934434890747,-5.245208740234375e-07,1.0000057220834153,0.99999344,0.99999344,0.99999344,0.9999939,0.9999939,0.9999933,0.99999225,0.9999943,0.9999958,0.9999958,0.99999917,0.99999917,0.99999917,0.9999994,0.9999993,0.9999993,0.9999993,0.9999989,0.9999987,0.9999987
1073604,Benign,Random,0.9999934434890747,-4.4226646423339845e-06,1.0000029206467433,0.9999944,0.9999944,0.9999987,0.9999988,0.9999989,0.9999988,0.9999988,0.99999845,0.9999987,0.9999987,0.9999987,0.9999987,0.9999949,0.99999464,0.9999945,0.9999956,0.99999535,0.9999968,0.9999968,0.9999969
1495300,Benign,LIME,0.9999990463256836,1.6689300537109374e-07,1.0000001788141049,0.99999905,0.99999905,0.99999917,0.9999988,0.9999988,0.99999905,0.9999988,0.9999987,0.9999987,0.9999987,0.99999917,0.99999917,0.99999905,0.9999993,0.9999993,0.9999994,0.99999905,0.9999993,0.99999917,0.99999917
1495300,Benign,TreeSHAP,0.9999990463256836,3.5762786865234374e-08,1.0000001192094032,0.99999905,0.99999905,0.99999905,0.99999905,0.9999989,0.99999905,0.99999917,0.9999989,0.9999989,0.9999989,0.99999917,0.99999917,0.99999917,0.99999917,0.9999994,0.99999917,0.9999993,0.9999989,0.9999993,0.99999917
1495300,Benign,Random,0.9999990463256836,-1.1920928955078125e-07,1.0,0.99999917,0.99999917,0.99999905,0.9999989,0.99999905,0.99999905,0.9999993,0.9999993,0.9999993,0.9999994,0.99999917,0.9999989,0.99999905,0.9999989,0.99999905,0.99999905,0.99999917,0.99999917,0.99999917,0.99999905
148348,Benign,LIME,0.9999978542327881,-5.960464477539063e-08,1.0000011920954535,0.99999785,0.99999785,0.9999981,0.999998,0.999998,0.999998,0.999998,0.999998,0.99999785,0.9999976,0.99999917,0.99999917,0.99999905,0.9999989,0.9999989,0.9999989,0.99999905,0.99999905,0.99999905,0.99999905
148348,Benign,TreeSHAP,0.9999978542327881,-2.86102294921875e-07,1.0000011920954535,0.99999785,0.99999785,0.99999785,0.99999785,0.99999833,0.99999833,0.9999982,0.99999833,0.99999833,0.99999845,0.99999917,0.99999917,0.99999917,0.99999917,0.99999905,0.9999989,0.99999905,0.9999989,0.9999989,0.9999989
148348,Benign,Random,0.9999978542327881,-1.5497207641601563e-07,1.0000013709097715,0.99999833,0.9999976,0.9999976,0.99999785,0.99999774,0.99999774,0.9999982,0.99999833,0.99999833,0.99999833,0.99999905,0.9999994,0.9999994,0.9999994,0.9999993,0.9999993,0.9999993,0.9999993,0.9999993,0.9999993
1662917,Benign,LIME,0.9999994039535522,1.1920928955078126e-08,0.9999997615812788,0.9999994,0.9999994,0.9999994,0.9999994,0.9999994,0.9999994,0.9999994,0.9999994,0.9999994,0.9999993,0.99999917,0.99999917,0.99999917,0.99999917,0.99999917,0.99999917,0.99999917,0.99999905,0.9999989,0.99999905
1662917,Benign,TreeSHAP,0.9999994039535522,-5.960464477539063e-08,0.9999996423719182,0.9999994,0.9999994,0.9999994,0.9999994,0.9999994,0.9999995,0.9999995,0.9999995,0.9999995,0.9999995,0.99999917,0.99999917,0.99999917,0.99999917,0.99999917,0.99999905,0.99999905,0.99999905,0.9999989,0.99999905
1662917,Benign,Random,0.9999994039535522,-3.5762786865234374e-08,0.9999998211859591,0.9999994,0.9999994,0.9999994,0.9999994,0.9999994,0.9999995,0.9999995,0.9999995,0.9999994,0.9999994,0.99999917,0.9999993,0.9999993,0.9999993,0.9999993,0.9999993,0.9999993,0.99999917,0.99999917,0.99999917
162798,Benign,LIME,0.9999991655349731,-3.5762786865234374e-08,0.999999880790611,0.99999917,0.99999917,0.9999993,0.9999993,0.9999993,0.9999993,0.9999993,0.9999993,0.99999917,0.9999988,0.99999917,0.99999917,0.99999905,0.99999905,0.99999905,0.99999905,0.99999905,0.99999905,0.99999905,0.9999994
162798,Benign,TreeSHAP,0.9999991655349731,1.9073486328125e-07,0.999999880790611,0.99999917,0.99999917,0.99999917,0.99999917,0.9999988,0.9999989,0.9999987,0.9999988,0.9999988,0.99999905,0.99999917,0.99999917,0.99999917,0.99999917,0.99999917,0.99999917,0.99999905,0.9999989,0.9999988,0.99999857
162798,Benign,Random,0.9999991655349731,3.933906555175781e-07,0.999999761581222,0.9999988,0.9999987,0.9999987,0.9999988,0.9999988,0.9999988,0.9999988,0.9999988,0.9999987,0.9999988,0.99999917,0.99999905,0.9999989,0.9999989,0.9999988,0.9999988,0.9999988,0.9999989,0.9999989,0.9999989
1696280,Benign,LIME,0.999998927116394,-3.5762786865234374e-08,1.000000238418835,0.9999989,0.9999989,0.9999989,0.99999905,0.99999905,0.99999905,0.99999905,0.99999905,0.99999905,0.99999857,0.99999917,0.99999917,0.99999917,0.99999917,0.99999905,0.99999917,0.99999917,0.99999917,0.99999917,0.9999994
1696280,Benign,TreeSHAP,0.999998927116394,-8.344650268554687e-08,0.9999999403952913,0.9999989,0.9999989,0.9999989,0.9999989,0.9999989,0.99999905,0.99999905,0.99999905,0.99999905,0.9999993,0.99999917,0.99999917,0.99999917,0.99999917,0.99999905,0.9999989,0.9999989,0.9999989,0.99999857,0.99999845
1696280,Benign,Random,0.999998927116394,2.384185791015625e-08,1.0000001192094174,0.9999989,0.9999989,0.9999988,0.9999988,0.9999988,0.9999989,0.9999989,0.9999989,0.9999989,0.99999905,0.99999917,0.99999917,0.9999993,0.9999993,0.99999917,0.9999989,0.9999989,0.9999989,0.9999989,0.9999988
1807777,Benign,LIME,0.9999943971633911,-3.790855407714844e-06,1.0000022649891918,0.9999944,0.99999857,0.9999988,0.9999987,0.99999857,0.99999857,0.99999845,0.99999845,0.9999987,0.9999987,0.99999917,0.999997,0.9999963,0.9999968,0.9999975,0.999997,0.99999595,0.99999595,0.9999956,0.9999956
1807777,Benign,TreeSHAP,0.9999943971633911,-9.417533874511719e-07,1.0000039935335752,0.9999944,0.99999416,0.99999416,0.9999957,0.9999963,0.9999964,0.99999547,0.9999943,0.99999404,0.99999845,0.99999917,0.99999917,0.99999917,0.9999989,0.9999988,0.9999989,0.9999988,0.9999987,0.9999987,0.99999356
1807777,Benign,Random,0.9999943971633911,3.2782554626464844e-06,1.0000048280032774,0.99999464,0.99999285,0.99999154,0.99999166,0.9999894,0.9999896,0.9999896,0.9999901,0.9999907,0.99999106,0.9999989,0.9999993,0.9999994,0.9999994,0.9999994,0.9999993,0.9999993,0.9999993,0.9999993,0.99999917
236417,Benign,LIME,0.9999988079071045,1.1920928955078125e-07,1.0000004172330108,0.9999988,0.9999988,0.9999988,0.9999987,0.9999982,0.9999982,0.99999857,0.9999988,0.9999989,0.99999905,0.99999917,0.99999917,0.99999917,0.99999917,0.9999994,0.9999994,0.9999994,0.9999993,0.9999993,0.99999917
236417,Benign,TreeSHAP,0.9999988079071045,5.960464477539063e-08,1.0000001192094317,0.9999988,0.9999988,0.9999988,0.9999988,0.99999857,0.99999857,0.9999988,0.9999988,0.9999988,0.9999987,0.99999917,0.99999917,0.99999917,0.99999917,0.9999989,0.99999917,0.9999989,0.99999857,0.99999857,0.9999987
236417,Benign,Random,0.9999988079071045,1.7881393432617188e-07,1.0000004172330108,0.9999988,0.99999905,0.9999987,0.99999857,0.9999987,0.99999857,0.99999845,0.99999857,0.99999857,0.99999833,0.99999917,0.9999989,0.9999993,0.9999994,0.9999994,0.9999994,0.9999994,0.9999994,0.9999994,0.9999994
512132,Benign,LIME,0.9999984502792358,-3.0994415283203126e-07,1.0000005960473715,0.99999845,0.99999845,0.99999845,0.9999987,0.9999988,0.9999988,0.9999988,0.99999905,0.99999905,0.99999905,0.99999917,0.99999917,0.99999917,0.99999905,0.99999905,0.99999905,0.99999905,0.9999987,0.9999987,0.9999989
512132,Benign,TreeSHAP,0.9999984502792358,1.1920928955078125e-07,1.000000774861583,0.99999845,0.99999845,0.99999845,0.99999845,0.99999833,0.9999982,0.999998,0.999998,0.99999845,0.99999857,0.99999917,0.99999917,0.99999917,0.99999917,0.9999994,0.9999993,0.9999994,0.9999994,0.99999905,0.99999917
512132,Benign,Random,0.9999984502792358,-4.5299530029296873e-07,1.0000004768378972,0.9999988,0.9999987,0.9999987,0.9999989,0.9999989,0.9999989,0.9999989,0.99999905,0.99999905,0.99999905,0.9999988,0.9999989,0.99999905,0.9999989,0.9999988,0.9999989,0.9999989,0.9999988,0.9999988,0.9999988
189264,Benign,LIME,0.999998927116394,1.3113021850585939e-07,1.000000238418835,0.9999989,0.9999989,0.9999989,0.9999989,0.99999905,0.9999987,0.9999987,0.9999987,0.99999857,0.99999857,0.99999917,0.99999917,0.99999917,0.99999917,0.99999905,0.9999993,0.9999993,0.9999993,0.9999993,0.9999993
189264,Benign,TreeSHAP,0.999998927116394,1.3113021850585939e-07,1.0000001192094174,0.9999989,0.9999989,0.9999989,0.9999989,0.9999988,0.9999987,0.99999857,0.99999845,0.9999988,0.9999989,0.99999917,0.99999917,0.99999917,0.99999917,0.99999905,0.99999905,0.9999989,0.9999989,0.9999988,0.9999988
189264,Benign,Random,0.999998927116394,2.5033950805664064e-07,1.0000002980235436,0.9999989,0.99999857,0.99999845,0.99999857,0.99999857,0.9999987,0.9999988,0.9999988,0.9999987,0.9999987,0.99999917,0.9999994,0.9999994,0.9999993,0.9999993,0.9999994,0.9999993,0.9999993,0.99999917,0.9999993
1012594,Benign,LIME,0.9999986886978149,-2.0265579223632812e-07,1.0000003576283376,0.9999987,0.9999987,0.9999987,0.9999988,0.9999989,0.9999989,0.9999989,0.99999905,0.99999917,0.99999905,0.99999917,0.99999917,0.99999917,0.99999905,0.99999905,0.99999905,0.99999905,0.9999989,0.9999987,0.9999987
1012594,Benign,TreeSHAP,0.9999986886978149,2.384185791015625e-08,1.0000003576283376,0.9999987,0.9999987,0.9999987,0.9999987,0.9999982,0.99999833,0.9999987,0.9999988,0.99999905,0.9999988,0.99999917,0.99999917,0.99999917,0.99999917,0.99999917,0.99999917,0.99999905,0.9999989,0.9999988,0.9999989
1012594,Benign,Random,0.9999986886978149,-1.430511474609375e-07,0.9999997615811083,0.9999987,0.9999988,0.9999989,0.9999989,0.99999905,0.99999905,0.9999988,0.9999987,0.9999987,0.9999987,0.9999988,0.99999857,0.99999857,0.99999857,0.9999988,0.9999988,0.99999833,0.99999833,0.99999833,0.99999833
784017,Benign,LIME,0.9999990463256836,-1.1920928955078126e-08,0.9999998211858951,0.99999905,0.99999905,0.99999905,0.99999905,0.99999917,0.99999917,0.9999989,0.99999905,0.99999905,0.99999905,0.99999917,0.99999917,0.99999917,0.99999917,0.99999905,0.99999905,0.99999845,0.9999981,0.9999981,0.99999857
784017,Benign,TreeSHAP,0.9999990463256836,0.0,1.0000001192094032,0.99999905,0.99999905,0.99999905,0.99999905,0.9999989,0.99999905,0.99999905,0.99999905,0.99999905,0.99999917,0.99999917,0.99999917,0.99999917,0.99999917,0.99999905,0.99999905,0.99999905,0.99999917,0.99999917,0.99999905
784017,Benign,Random,0.9999990463256836,-9.5367431640625e-08,1.0000001192094032,0.99999905,0.99999905,0.99999917,0.99999917,0.99999917,0.99999917,0.99999917,0.99999917,0.99999917,0.99999917,0.99999917,0.99999905,0.99999905,0.99999905,0.99999905,0.99999917,0.99999917,0.99999917,0.99999917,0.99999917
1832736,Benign,LIME,0.9999994039535522,1.1920928955078125e-07,0.9999998211859591,0.9999994,0.9999994,0.9999994,0.9999994,0.9999994,0.99999917,0.99999917,0.99999917,0.99999917,0.99999917,0.99999917,0.99999917,0.99999905,0.99999905,0.99999917,0.9999994,0.9999994,0.9999994,0.9999994,0.9999994
1832736,Benign,TreeSHAP,0.9999994039535522,2.384185791015625e-08,0.9999997615812788,0.9999994,0.9999994,0.9999994,0.9999994,0.9999994,0.9999993,0.9999993,0.9999993,0.9999994,0.9999995,0.99999917,0.99999917,0.99999917,0.99999917,0.99999917,0.99999917,0.99999917,0.99999917,0.99999917,0.9999989
1832736,Benign,Random,0.9999994039535522,-2.384185791015625e-08,0.9999997615812788,0.9999994,0.9999994,0.9999994,0.9999995,0.9999994,0.9999995,0.9999994,0.9999994,0.9999994,0.9999994,0.99999905,0.99999905,0.99999905,0.99999905,0.9999993,0.99999917,0.99999905,0.99999905,0.99999905,0.99999905
1344962,Benign,LIME,0.999998927116394,-8.344650268554687e-08,1.000000238418835,0.9999989,0.9999989,0.9999989,0.9999989,0.9999989,0.99999905,0.99999917,0.99999917,0.99999905,0.99999905,0.99999917,0.99999917,0.99999917,0.99999917,0.99999917,0.99999905,0.99999905,0.99999905,0.99999905,0.99999905
1344962,Benign,TreeSHAP,0.999998927116394,-3.5762786865234374e-08,1.0000001192094174,0.9999989,0.9999989,0.9999989,0.9999989,0.99999905,0.99999905,0.9999989,0.99999905,0.9999989,0.9999989,0.99999917,0.99999917,0.99999917,0.99999917,0.99999917,0.9999989,0.99999905,0.9999988,0.9999989,0.9999988
1344962,Benign,Random,0.999998927116394,-2.0265579223632812e-07,1.0000001192094174,0.99999905,0.99999905,0.99999905,0.99999917,0.99999917,0.99999917,0.99999917,0.99999917,0.99999917,0.99999917,0.99999905,0.99999905,0.99999905,0.99999905,0.99999905,0.99999905,0.99999905,0.99999905,0.99999905,0.99999917
655924,Benign,LIME,0.9999992847442627,9.5367431640625e-08,0.9999999403953126,0.9999993,0.9999993,0.99999917,0.99999917,0.99999917,0.99999917,0.99999917,0.99999917,0.99999917,0.99999917,0.99999917,0.99999917,0.9999993,0.9999993,0.9999993,0.9999993,0.9999993,0.9999993,0.9999993,0.9999993
655924,Benign,TreeSHAP,0.9999992847442627,-2.384185791015625e-08,0.9999998807906252,0.9999993,0.9999993,0.9999993,0.9999993,0.9999993,0.9999993,0.9999993,0.9999993,0.9999994,0.9999994,0.99999917,0.99999917,0.99999917,0.99999917,0.99999917,0.99999917,0.99999917,0.9999993,0.9999993,0.9999993
655924,Benign,Random,0.9999992847442627,-7.152557373046875e-08,0.9999998807906252,0.9999993,0.9999993,0.9999993,0.9999993,0.9999994,0.9999994,0.9999994,0.9999994,0.9999994,0.9999994,0.99999917,0.99999917,0.99999917,0.99999917,0.99999905,0.99999905,0.99999905,0.9999989,0.99999905,0.9999989
1089862,Benign,LIME,0.9999992847442627,-2.384185791015625e-08,0.9999998807906252,0.9999993,0.9999993,0.9999993,0.9999993,0.9999994,0.9999993,0.9999993,0.9999993,0.9999994,0.9999993,0.99999917,0.99999917,0.99999917,0.99999917,0.99999917,0.99999917,0.99999917,0.99999917,0.99999917,0.99999917
1089862,Benign,TreeSHAP,0.9999992847442627,0.0,0.9999998807906252,0.9999993,0.9999993,0.9999993,0.9999993,0.9999993,0.9999993,0.9999993,0.9999993,0.9999993,0.9999993,0.99999917,0.99999917,0.99999917,0.99999917,0.99999917,0.99999917,0.99999917,0.99999905,0.99999905,0.99999917
1089862,Benign,Random,0.9999992847442627,0.0,0.9999998807906252,0.9999993,0.9999993,0.9999993,0.9999993,0.9999993,0.9999993,0.9999993,0.9999993,0.9999993,0.9999993,0.99999917,0.99999917,0.99999905,0.99999917,0.99999917,0.99999917,0.99999905,0.99999905,0.99999905,0.99999905
367103,Benign,LIME,0.9999995231628418,4.76837158203125e-08,0.9999995231626144,0.9999995,0.9999995,0.9999995,0.9999995,0.9999995,0.9999995,0.9999995,0.9999995,0.9999993,0.9999993,0.99999917,0.99999917,0.99999917,0.99999917,0.9999989,0.9999989,0.9999989,0.99999917,0.9999994,0.9999994
367103,Benign,TreeSHAP,0.9999995231628418,4.76837158203125e-08,0.9999996423719608,0.9999995,0.9999995,0.9999995,0.9999995,0.9999995,0.9999995,0.9999994,0.9999994,0.9999994,0.9999994,0.99999917,0.99999917,0.99999917,0.99999917,0.99999917,0.99999917,0.99999905,0.99999905,0.99999905,0.99999905
367103,Benign,Random,0.9999995231628418,9.5367431640625e-08,0.9999996423719608,0.9999995,0.9999995,0.9999994,0.9999994,0.9999994,0.9999994,0.9999994,0.9999994,0.9999994,0.9999994,0.99999917,0.99999917,0.99999917,0.99999917,0.99999917,0.99999905,0.99999905,0.99999905,0.99999905,0.9999993
1490660,Benign,LIME,0.999998927116394,-9.5367431640625e-08,1.0000001192094174,0.9999989,0.9999989,0.9999989,0.9999989,0.9999989,0.99999905,0.99999917,0.99999905,0.99999917,0.99999917,0.99999917,0.99999917,0.99999917,0.99999917,0.99999917,0.99999905,0.9999989,0.9999989,0.9999988,0.9999987
1490660,Benign,TreeSHAP,0.999998927116394,-3.5762786865234374e-08,1.0000001192094174,0.9999989,0.9999989,0.9999989,0.9999989,0.99999905,0.99999905,0.9999989,0.99999905,0.9999989,0.9999989,0.99999917,0.99999917,0.99999917,0.99999917,0.99999917,0.9999989,0.99999905,0.9999988,0.9999989,0.9999988
1490660,Benign,Random,0.999998927116394,-8.344650268554687e-08,1.000000238418835,0.9999989,0.9999989,0.99999905,0.9999989,0.99999905,0.99999905,0.99999905,0.99999905,0.99999905,0.99999905,0.99999917,0.99999917,0.99999905,0.99999917,0.99999917,0.99999917,0.99999905,0.99999917,0.99999917,0.99999917
886235,Benign,LIME,0.9999990463256836,-2.7418136596679685e-07,1.0,0.99999905,0.99999905,0.99999917,0.99999917,0.99999917,0.9999995,0.9999995,0.9999995,0.9999995,0.9999995,0.99999917,0.99999917,0.99999905,0.99999905,0.99999905,0.99999905,0.99999905,0.99999905,0.99999905,0.99999905
886235,Benign,TreeSHAP,0.9999990463256836,2.384185791015625e-08,1.0000001788141049,0.99999905,0.99999905,0.99999905,0.99999905,0.99999905,0.99999917,0.99999905,0.9999989,0.9999989,0.9999989,0.99999917,0.99999917,0.99999917,0.99999917,0.9999994,0.99999917,0.9999994,0.9999994,0.9999994,0.9999993
886235,Benign,Random,0.9999990463256836,-5.960464477539063e-08,1.0,0.99999905,0.99999905,0.99999905,0.99999905,0.99999905,0.99999905,0.99999917,0.99999917,0.9999993,0.99999917,0.99999917,0.99999917,0.9999993,0.9999989,0.9999989,0.9999989,0.99999905,0.99999905,0.99999917,0.99999917
762115,Benign,LIME,0.9999995231628418,0.0,0.9999996423719608,0.9999995,0.9999995,0.9999995,0.9999995,0.9999995,0.9999995,0.9999995,0.9999995,0.9999995,0.9999995,0.99999917,0.99999917,0.99999917,0.99999917,0.99999917,0.9999993,0.99999917,0.99999917,0.99999917,0.9999993
762115,Benign,TreeSHAP,0.9999995231628418,4.76837158203125e-08,0.9999996423719608,0.9999995,0.9999995,0.9999995,0.9999995,0.9999995,0.9999995,0.9999994,0.9999994,0.9999994,0.9999994,0.99999917,0.99999917,0.99999917,0.99999917,0.99999917,0.99999917,0.99999905,0.99999905,0.99999905,0.99999905
762115,Benign,Random,0.9999995231628418,2.980232238769531e-07,0.9999998807906536,0.9999994,0.9999994,0.99999917,0.99999917,0.99999917,0.99999917,0.99999917,0.9999993,0.99999917,0.99999917,0.9999993,0.9999993,0.9999995,0.9999995,0.9999995,0.9999995,0.9999995,0.9999995,0.9999995,0.9999995
1739598,Benign,LIME,0.9999991655349731,-3.5762786865234374e-08,1.0,0.99999917,0.99999917,0.99999917,0.99999917,0.99999917,0.99999917,0.99999917,0.9999993,0.9999993,0.9999993,0.99999917,0.99999917,0.99999917,0.99999917,0.99999917,0.99999917,0.99999917,0.99999917,0.99999917,0.99999917
1739598,Benign,TreeSHAP,0.9999991655349731,-4.76837158203125e-08,1.0,0.99999917,0.99999917,0.99999917,0.99999917,0.99999917,0.99999917,0.9999993,0.9999993,0.9999993,0.9999993,0.99999917,0.99999917,0.99999917,0.99999917,0.99999917,0.99999917,0.9999993,0.9999993,0.9999993,0.9999993
1739598,Benign,Random,0.9999991655349731,3.5762786865234374e-08,1.0000001788140835,0.99999917,0.99999917,0.99999905,0.99999905,0.99999905,0.99999917,0.99999917,0.99999917,0.99999917,0.99999917,0.9999993,0.9999993,0.9999993,0.9999993,0.9999994,0.9999994,0.9999994,0.9999994,0.9999994,0.9999993
1685876,Benign,LIME,0.9999990463256836,-1.1920928955078126e-08,1.0000001788141049,0.99999905,0.99999905,0.99999905,0.99999917,0.99999917,0.99999917,0.9999988,0.99999905,0.99999905,0.99999905,0.99999917,0.99999917,0.99999917,0.99999917,0.99999917,0.99999917,0.9999994,0.9999993,0.9999993,0.9999993
1685876,Benign,TreeSHAP,0.9999990463256836,-1.1920928955078126e-08,1.0000001192094032,0.99999905,0.99999905,0.99999905,0.99999905,0.99999905,0.99999905,0.99999905,0.99999905,0.99999905,0.99999917,0.99999917,0.99999917,0.99999917,0.99999917,0.99999905,0.99999905,0.9999989,0.99999917,0.99999917,0.99999905
1685876,Benign,Random,0.9999990463256836,2.384185791015625e-08,1.0000001192094032,0.99999905,0.99999905,0.99999917,0.99999917,0.99999905,0.99999905,0.9999989,0.9999989,0.9999989,0.9999989,0.99999917,0.99999917,0.99999917,0.99999917,0.99999917,0.99999917,0.99999917,0.99999917,0.99999917,0.9999993
1440305,Benign,LIME,0.9999985694885254,-5.960464477539063e-08,1.0000005960473004,0.99999857,0.99999857,0.99999857,0.99999857,0.99999857,0.99999857,0.99999905,0.99999857,0.99999857,0.9999987,0.99999917,0.99999917,0.99999917,0.99999917,0.99999917,0.99999917,0.99999905,0.9999993,0.9999993,0.9999993
1440305,Benign,TreeSHAP,0.9999985694885254,-3.0994415283203126e-07,1.0000004768378403,0.99999857,0.99999857,0.99999857,0.99999857,0.99999857,0.99999905,0.99999905,0.99999905,0.9999994,0.9999994,0.99999917,0.99999917,0.99999917,0.99999917,0.99999917,0.99999905,0.99999905,0.99999905,0.9999989,0.9999987
1440305,Benign,Random,0.9999985694885254,-2.0265579223632812e-07,1.0000004768378403,0.99999857,0.99999857,0.99999905,0.9999989,0.9999988,0.9999988,0.9999988,0.9999988,0.9999989,0.99999845,0.99999917,0.99999917,0.99999905,0.99999905,0.99999905,0.99999905,0.99999905,0.99999905,0.99999917,0.9999994
1152155,Benign,LIME,0.9999990463256836,2.384185791015625e-08,1.0000001788141049,0.99999905,0.99999905,0.99999905,0.99999905,0.99999905,0.99999917,0.99999917,0.99999917,0.9999987,0.9999988,0.99999917,0.99999917,0.99999917,0.99999917,0.99999917,0.99999917,0.99999917,0.99999917,0.9999994,0.9999995
1152155,Benign,TreeSHAP,0.9999990463256836,-8.344650268554687e-08,1.0000001192094032,0.99999905,0.99999905,0.99999905,0.99999905,0.99999905,0.99999917,0.99999917,0.99999917,0.9999993,0.9999993,0.99999917,0.99999917,0.99999917,0.99999917,0.99999917,0.99999905,0.99999905,0.99999905,0.99999917,0.99999917
1152155,Benign,Random,0.9999990463256836,-8.344650268554687e-08,1.0,0.99999905,0.99999905,0.99999905,0.99999905,0.99999917,0.99999917,0.99999917,0.99999917,0.99999917,0.9999993,0.99999917,0.99999917,0.99999905,0.99999905,0.9999989,0.99999905,0.99999905,0.99999905,0.99999917,0.99999905
346542,Benign,LIME,0.9999995231628418,0.0,0.9999996423719608,0.9999995,0.9999995,0.9999995,0.9999995,0.9999995,0.9999995,0.9999995,0.9999995,0.9999995,0.9999995,0.99999917,0.99999917,0.99999917,0.99999917,0.99999917,0.99999917,0.99999917,0.99999905,0.99999905,0.99999905
346542,Benign,TreeSHAP,0.9999995231628418,0.0,0.9999996423719608,0.9999995,0.9999995,0.9999995,0.9999995,0.9999995,0.9999995,0.9999995,0.9999995,0.9999995,0.9999995,0.99999917,0.99999917,0.99999917,0.99999917,0.99999917,0.99999905,0.99999905,0.99999905,0.99999905,0.99999905
346542,Benign,Random,0.9999995231628418,1.3113021850585939e-07,0.999999701976634,0.9999995,0.9999994,0.9999994,0.9999994,0.9999994,0.9999994,0.9999994,0.9999994,0.9999993,0.9999993,0.99999917,0.9999993,0.9999993,0.9999993,0.99999917,0.9999993,0.9999993,0.9999993,0.9999993,0.9999993
1512639,Benign,LIME,0.9999994039535522,0.0,0.9999997615812788,0.9999994,0.9999994,0.9999994,0.9999994,0.9999994,0.9999994,0.9999994,0.9999994,0.9999994,0.9999994,0.99999917,0.99999917,0.99999917,0.99999917,0.99999917,0.99999917,0.99999917,0.99999917,0.99999917,0.99999917
1512639,Benign,TreeSHAP,0.9999994039535522,1.430511474609375e-07,0.9999997615812788,0.9999994,0.9999994,0.9999994,0.9999994,0.99999917,0.99999905,0.99999905,0.99999905,0.9999993,0.9999994,0.99999917,0.99999917,0.99999917,0.99999917,0.99999905,0.99999905,0.99999905,0.9999989,0.99999905,0.9999989
1512639,Benign,Random,0.9999994039535522,2.384185791015625e-07,0.9999997615812788,0.9999994,0.9999994,0.99999917,0.99999917,0.99999917,0.99999917,0.99999917,0.99999905,0.99999905,0.9999989,0.9999989,0.9999989,0.9999993,0.99999917,0.99999917,0.99999917,0.99999917,0.9999993,0.9999993,0.9999993
791805,Benign,LIME,0.9999959468841553,-2.2649765014648438e-06,1.0000015497270454,0.99999595,0.99999595,0.9999988,0.99999905,0.99999905,0.99999857,0.9999987,0.99999857,0.99999857,0.9999989,0.99999917,0.99999917,0.999997,0.9999963,0.9999963,0.9999975,0.9999974,0.9999975,0.99999785,0.99999726
791805,Benign,TreeSHAP,0.9999959468841553,1.7881393432617188e-07,1.0000032782687498,0.99999595,0.9999957,0.9999957,0.9999957,0.999995,0.999995,0.9999964,0.9999964,0.9999963,0.99999547,0.99999917,0.99999917,0.99999917,0.99999917,0.99999917,0.9999995,0.9999994,0.9999993,0.9999993,0.99999917
791805,Benign,Random,0.9999959468841553,-2.0384788513183595e-06,1.0000007152586363,0.9999958,0.9999958,0.9999958,0.9999988,0.9999989,0.9999989,0.9999989,0.9999989,0.9999989,0.9999989,0.99999917,0.99999917,0.99999917,0.9999969,0.9999974,0.99999726,0.9999968,0.9999938,0.9999938,0.99999356
675546,Benign,LIME,0.9999948740005493,-3.6478042602539064e-06,1.0000016093336583,0.9999949,0.99999857,0.9999988,0.9999989,0.99999905,0.99999905,0.9999993,0.9999989,0.9999989,0.9999988,0.99999917,0.999997,0.9999963,0.9999963,0.99999595,0.9999968,0.99999523,0.99999666,0.99999666,0.9999956
675546,Benign,TreeSHAP,0.9999948740005493,2.2649765014648436e-07,1.0000043511613728,0.9999949,0.9999945,0.9999945,0.99999356,0.99999356,0.9999957,0.99999547,0.9999956,0.99999475,0.9999939,0.99999917,0.99999917,0.99999917,0.99999917,0.9999995,0.9999994,0.9999994,0.9999993,0.99999917,0.9999993
675546,Benign,Random,0.9999948740005493,-2.133846282958984e-06,1.0000021457782111,0.9999958,0.9999958,0.9999958,0.9999958,0.9999957,0.9999958,0.9999988,0.9999988,0.9999988,0.9999988,0.99999905,0.9999987,0.9999987,0.9999987,0.9999987,0.9999987,0.99999535,0.9999939,0.9999939,0.9999939
1775211,Benign,LIME,0.9999994039535522,9.5367431640625e-08,0.9999997615812788,0.9999994,0.9999994,0.9999993,0.9999993,0.9999993,0.9999993,0.9999993,0.9999993,0.9999993,0.9999993,0.99999917,0.99999917,0.99999917,0.99999917,0.99999917,0.99999917,0.99999917,0.99999917,0.99999917,0.9999993
1775211,Benign,TreeSHAP,0.9999994039535522,4.76837158203125e-08,0.9999997615812788,0.9999994,0.9999994,0.9999993,0.9999993,0.9999993,0.9999993,0.9999994,0.9999994,0.9999994,0.9999994,0.99999917,0.99999917,0.99999917,0.99999917,0.99999917,0.99999917,0.99999917,0.99999917,0.99999917,0.9999993
1775211,Benign,Random,0.9999994039535522,0.0,0.9999997615812788,0.9999994,0.9999994,0.9999994,0.9999994,0.9999994,0.9999994,0.9999994,0.9999994,0.9999994,0.9999994,0.99999917,0.99999917,0.99999917,0.99999917,0.99999917,0.99999917,0.9999993,0.9999993,0.9999993,0.9999993
1599583,Benign,LIME,0.9925813674926758,-0.007393097877502442,0.885093646983994,0.99988234,0.99997926,0.99997747,0.9999845,0.99998784,0.99998784,0.99998784,0.99998784,0.99998486,0.99998486,0.99953055,0.9956262,0.98960567,0.81737083,0.8289155,0.8289155,0.8289155,0.8289155,0.8337396,0.8337396
1599583,Benign,TreeSHAP,0.9925813674926758,-0.007334393262863159,1.002220533879325,0.99988234,0.99978894,0.99995863,0.9999392,0.9999379,0.999941,0.99993324,0.99993265,0.9999279,0.99991584,0.99953055,0.9989316,0.995284,0.99531305,0.9943613,0.98994154,0.99392104,0.9941286,0.9946384,0.991804
1599583,Benign,Random,0.9925813674926758,0.11727580428123474,1.0072042747048655,0.6625984,0.5381491,0.55287224,0.99993134,0.99993134,0.99993324,0.99990785,0.9998994,0.9999167,0.9999161,0.99999857,0.9999981,0.999998,0.99963796,0.99963796,0.99963975,0.99963,0.99972886,0.99952567,0.99952674
1701819,Benign,LIME,0.9999994039535522,4.76837158203125e-08,0.9999998211859591,0.9999994,0.9999994,0.9999994,0.9999994,0.9999994,0.9999994,0.9999994,0.9999994,0.99999917,0.99999917,0.99999917,0.99999917,0.99999917,0.99999917,0.99999917,0.99999917,0.99999917,0.99999917,0.9999994,0.9999995
1701819,Benign,TreeSHAP,0.9999994039535522,-1.1920928955078126e-08,0.9999997615812788,0.9999994,0.9999994,0.9999994,0.9999994,0.9999994,0.9999994,0.9999994,0.9999994,0.9999994,0.9999995,0.99999917,0.99999917,0.99999917,0.99999917,0.99999917,0.99999917,0.99999917,0.99999917,0.99999917,0.99999905
1701819,Benign,Random,0.9999994039535522,5.960464477539063e-08,0.9999998211859591,0.9999994,0.9999994,0.9999994,0.9999995,0.9999993,0.9999993,0.9999993,0.9999993,0.9999993,0.9999993,0.99999905,0.9999989,0.9999989,0.99999917,0.9999994,0.9999994,0.9999994,0.9999994,0.9999994,0.9999994
632209,Benign,LIME,0.9999949932098389,-3.0517578125e-06,1.000001192098864,0.999995,0.999995,0.99999857,0.9999988,0.9999989,0.9999989,0.9999988,0.9999988,0.9999988,0.9999988,0.99999917,0.99999917,0.999997,0.9999963,0.99999595,0.99999595,0.99999595,0.9999943,0.9999943,0.9999943
632209,Benign,TreeSHAP,0.9999949932098389,5.960464477539063e-08,1.0000041723460242,0.999995,0.99999464,0.99999464,0.9999937,0.9999963,0.99999595,0.9999951,0.9999951,0.99999475,0.99999416,0.99999917,0.99999917,0.99999917,0.99999917,0.99999905,0.99999905,0.99999905,0.99999905,0.99999917,0.9999993
632209,Benign,Random,0.9999949932098389,3.814697265625e-07,1.000004410765797,0.99999416,0.99999416,0.99999356,0.99999344,0.9999949,0.9999949,0.999995,0.99999475,0.99999523,0.99999607,0.99999917,0.99999917,0.99999917,0.9999995,0.9999995,0.9999995,0.9999995,0.9999995,0.9999995,0.9999995
1973615,Benign,LIME,0.9999945163726807,-3.5762786865234375e-06,1.0000020265690353,0.9999945,0.9999945,0.99999857,0.9999988,0.99999917,0.99999905,0.99999905,0.99999917,0.99999917,0.9999989,0.99999917,0.99999917,0.999997,0.9999963,0.9999962,0.9999962,0.9999962,0.99999595,0.9999938,0.9999957
1973615,Benign,TreeSHAP,0.9999945163726807,-9.65595245361328e-07,1.0000038743231559,0.9999945,0.9999943,0.9999943,0.9999957,0.9999963,0.9999964,0.99999547,0.99999523,0.99999416,0.99999845,0.99999917,0.99999917,0.99999917,0.9999989,0.9999988,0.9999988,0.9999988,0.9999988,0.9999987,0.99999356
1973615,Benign,Random,0.9999945163726807,-3.7789344787597655e-06,1.0000024438038366,0.99999595,0.99999607,0.9999989,0.9999988,0.9999987,0.9999988,0.99999917,0.99999917,0.9999987,0.9999987,0.9999988,0.9999988,0.99999595,0.999997,0.999997,0.9999964,0.9999968,0.9999968,0.99999547,0.99999607
989598,Benign,LIME,0.9999991655349731,-7.152557373046875e-08,0.9999997019765274,0.99999917,0.99999917,0.99999917,0.9999993,0.9999993,0.9999994,0.99999917,0.99999917,0.9999993,0.9999993,0.99999917,0.99999917,0.99999917,0.99999905,0.99999905,0.9999989,0.99999857,0.99999857,0.99999857,0.99999857
989598,Benign,TreeSHAP,0.9999991655349731,1.6689300537109374e-07,1.0,0.99999917,0.99999917,0.99999917,0.99999917,0.99999905,0.9999988,0.9999988,0.9999988,0.9999989,0.9999989,0.99999917,0.99999917,0.99999917,0.99999917,0.99999917,0.99999917,0.9999993,0.99999917,0.9999989,0.9999989
989598,Benign,Random,0.9999991655349731,2.980232238769531e-07,0.999999880790611,0.99999905,0.99999905,0.9999988,0.9999988,0.99999905,0.99999905,0.9999989,0.9999989,0.99999845,0.99999857,0.99999917,0.99999917,0.99999905,0.99999917,0.99999905,0.9999989,0.9999988,0.9999988,0.99999917,0.99999917
193128,Benign,LIME,0.9999948740005493,-3.087520599365234e-06,1.0000019073584099,0.9999949,0.9999949,0.99999857,0.9999988,0.9999988,0.9999989,0.9999989,0.9999988,0.99999845,0.99999857,0.99999917,0.99999917,0.999997,0.9999963,0.9999963,0.99999595,0.99999595,0.99999523,0.99999666,0.99999654
193128,Benign,TreeSHAP,0.9999948740005493,2.2649765014648436e-07,1.0000042915564225,0.9999949,0.99999464,0.99999464,0.9999939,0.99999404,0.99999356,0.9999939,0.9999951,0.9999963,0.99999547,0.99999917,0.99999917,0.99999917,0.99999917,0.9999994,0.9999994,0.9999993,0.99999905,0.9999988,0.9999989
193128,Benign,Random,0.9999948740005493,1.1324882507324219e-06,1.0000039935316707,0.9999945,0.9999938,0.9999938,0.9999938,0.99999106,0.99999094,0.99999094,0.9999926,0.999998,0.999998,0.99999917,0.99999917,0.9999993,0.9999993,0.9999995,0.9999994,0.9999994,0.9999993,0.99999714,0.99999714
1924369,Benign,LIME,0.9999994039535522,2.0265579223632812e-07,0.9999999403953197,0.9999994,0.9999994,0.99999917,0.99999917,0.99999917,0.99999905,0.99999917,0.99999917,0.99999917,0.99999917,0.99999917,0.99999917,0.9999994,0.9999994,0.9999994,0.9999994,0.9999994,0.9999994,0.9999993,0.9999993
1924369,Benign,TreeSHAP,0.9999994039535522,0.0,0.9999997615812788,0.9999994,0.9999994,0.9999994,0.9999994,0.9999994,0.9999994,0.9999994,0.9999994,0.9999994,0.9999994,0.99999917,0.99999917,0.99999917,0.99999917,0.99999917,0.99999917,0.99999917,0.99999917,0.99999917,0.99999905
1924369,Benign,Random,0.9999994039535522,0.0,0.9999996423719182,0.9999994,0.9999994,0.9999994,0.9999994,0.9999994,0.9999994,0.9999994,0.9999994,0.9999994,0.9999994,0.99999917,0.99999905,0.99999905,0.99999905,0.99999905,0.99999905,0.99999905,0.99999905,0.99999905,0.99999905
581627,Benign,LIME,0.9999988079071045,-3.5762786865234374e-08,1.000000357628295,0.9999988,0.9999988,0.9999988,0.9999988,0.9999988,0.99999905,0.9999989,0.9999988,0.9999988,0.9999988,0.99999917,0.99999917,0.99999917,0.99999905,0.99999905,0.9999989,0.99999917,0.99999905,0.99999905,0.9999989
581627,Benign,TreeSHAP,0.9999988079071045,-8.344650268554687e-08,1.0000002384188633,0.9999988,0.9999988,0.9999988,0.9999988,0.9999989,0.99999905,0.9999989,0.9999989,0.99999905,0.9999988,0.99999917,0.99999917,0.99999917,0.99999917,0.99999905,0.99999905,0.99999905,0.99999917,0.9999989,0.9999989
581627,Benign,Random,0.9999988079071045,1.0728836059570313e-07,1.000000357628295,0.9999988,0.9999988,0.9999988,0.9999987,0.9999987,0.99999857,0.99999905,0.99999857,0.99999845,0.99999857,0.99999917,0.99999917,0.99999917,0.99999917,0.99999917,0.99999917,0.99999905,0.9999993,0.9999993,0.9999993
705606,Benign,LIME,0.9999990463256836,8.344650268554687e-08,1.0,0.99999905,0.99999905,0.99999905,0.9999989,0.9999988,0.9999988,0.99999905,0.99999905,0.99999917,0.9999987,0.99999917,0.99999917,0.99999917,0.99999905,0.99999917,0.99999917,0.99999905,0.9999989,0.9999989,0.9999993
705606,Benign,TreeSHAP,0.9999990463256836,0.0,1.0000001192094032,0.99999905,0.99999905,0.99999905,0.99999905,0.99999905,0.99999905,0.99999905,0.99999905,0.99999905,0.99999905,0.99999917,0.99999917,0.99999917,0.99999917,0.99999917,0.99999917,0.99999917,0.99999917,0.99999917,0.99999917
705606,Benign,Random,0.9999990463256836,2.384185791015625e-07,1.0000001788141049,0.99999905,0.99999905,0.99999917,0.9999987,0.9999987,0.9999987,0.9999987,0.9999987,0.9999987,0.9999987,0.99999917,0.99999905,0.99999905,0.9999994,0.9999994,0.9999994,0.9999994,0.9999994,0.9999994,0.9999994
1887795,Benign,LIME,0.9999991655349731,9.5367431640625e-08,1.0,0.99999917,0.99999917,0.99999917,0.99999917,0.99999905,0.9999993,0.9999989,0.9999989,0.9999989,0.9999989,0.99999917,0.99999917,0.99999917,0.99999917,0.99999917,0.99999905,0.9999994,0.9999993,0.9999993,0.9999993
1887795,Benign,TreeSHAP,0.9999991655349731,-2.384185791015625e-08,0.999999880790611,0.99999917,0.99999917,0.99999917,0.99999917,0.99999917,0.99999917,0.99999917,0.9999993,0.9999993,0.99999917,0.99999917,0.99999917,0.99999917,0.99999917,0.99999917,0.99999917,0.99999905,0.9999989,0.9999989,0.9999989
1887795,Benign,Random,0.9999991655349731,0.0,1.0,0.99999917,0.99999917,0.99999917,0.99999917,0.99999917,0.99999917,0.99999917,0.99999917,0.99999917,0.99999917,0.99999917,0.99999917,0.99999917,0.99999917,0.99999917,0.99999917,0.99999905,0.99999905,0.99999905,0.99999905
170208,Benign,LIME,0.9999985694885254,-3.0994415283203126e-07,1.0000006556520304,0.99999857,0.99999857,0.9999987,0.9999989,0.9999989,0.9999989,0.9999989,0.9999989,0.99999917,0.99999917,0.99999917,0.99999917,0.99999917,0.9999993,0.9999994,0.9999994,0.9999994,0.9999994,0.9999993,0.9999993
170208,Benign,TreeSHAP,0.9999985694885254,-3.457069396972656e-07,1.0000004768378403,0.99999857,0.99999857,0.99999857,0.99999857,0.99999917,0.9999993,0.99999917,0.99999905,0.99999905,0.99999917,0.99999917,0.99999917,0.99999917,0.99999917,0.99999917,0.99999917,0.99999905,0.9999989,0.9999988,0.9999989
170208,Benign,Random,0.9999985694885254,-2.86102294921875e-07,1.0000008344662206,0.99999857,0.99999857,0.9999988,0.9999989,0.99999857,0.99999905,0.9999989,0.9999989,0.99999905,0.99999917,0.99999917,0.99999917,0.9999993,0.9999994,0.9999995,0.9999995,0.9999995,0.9999995,0.9999995,0.9999995
662613,Benign,LIME,0.9999994039535522,4.76837158203125e-08,0.9999997615812788,0.9999994,0.9999994,0.9999994,0.9999994,0.9999994,0.9999994,0.9999993,0.9999993,0.9999993,0.9999993,0.99999917,0.99999917,0.99999917,0.99999917,0.99999917,0.99999917,0.99999905,0.99999905,0.9999989,0.9999989
662613,Benign,TreeSHAP,0.9999994039535522,-1.1920928955078126e-08,0.9999997615812788,0.9999994,0.9999994,0.9999994,0.9999994,0.9999994,0.9999994,0.9999994,0.9999994,0.9999994,0.9999995,0.99999917,0.99999917,0.99999917,0.99999917,0.99999917,0.99999917,0.99999917,0.99999917,0.99999917,0.9999994
662613,Benign,Random,0.9999994039535522,1.430511474609375e-07,0.9999997615812788,0.9999994,0.9999994,0.9999994,0.9999994,0.9999993,0.9999993,0.9999993,0.9999993,0.9999989,0.9999989,0.99999917,0.99999917,0.99999917,0.9999993,0.99999917,0.99999917,0.99999917,0.99999917,0.9999994,0.9999994
186355,Benign,LIME,0.9999994039535522,0.0,0.9999997615812788,0.9999994,0.9999994,0.9999994,0.9999994,0.9999994,0.9999994,0.9999994,0.9999994,0.9999994,0.9999994,0.99999917,0.99999917,0.99999917,0.99999917,0.99999905,0.99999905,0.99999905,0.99999905,0.99999905,0.99999905
186355,Benign,TreeSHAP,0.9999994039535522,3.5762786865234374e-08,0.9999997615812788,0.9999994,0.9999994,0.9999994,0.9999994,0.9999994,0.9999993,0.9999993,0.9999993,0.9999994,0.9999994,0.99999917,0.99999917,0.99999917,0.99999917,0.99999917,0.99999917,0.99999917,0.99999917,0.9999993,0.9999993
186355,Benign,Random,0.9999994039535522,1.5497207641601563e-07,0.9999997615812788,0.9999994,0.9999994,0.9999994,0.9999993,0.9999993,0.9999993,0.9999993,0.99999905,0.99999905,0.99999905,0.99999917,0.99999917,0.99999917,0.9999993,0.99999917,0.99999917,0.99999917,0.9999994,0.9999995,0.9999994
1182413,Benign,LIME,0.9999994039535522,0.0,0.9999997615812788,0.9999994,0.9999994,0.9999994,0.9999994,0.9999994,0.9999994,0.9999994,0.9999994,0.9999994,0.9999994,0.99999917,0.99999917,0.99999917,0.99999917,0.99999917,0.99999917,0.99999917,0.99999917,0.99999917,0.99999917
1182413,Benign,TreeSHAP,0.9999994039535522,-2.384185791015625e-08,0.9999996423719182,0.9999994,0.9999994,0.9999994,0.9999994,0.9999994,0.9999994,0.9999995,0.9999995,0.9999994,0.9999994,0.99999917,0.99999917,0.99999917,0.99999917,0.99999917,0.99999917,0.9999989,0.99999905,0.9999989,0.9999989
1182413,Benign,Random,0.9999994039535522,-1.1920928955078126e-08,0.9999998211859591,0.9999994,0.9999994,0.9999994,0.9999994,0.9999995,0.9999994,0.9999994,0.9999994,0.9999994,0.9999994,0.99999917,0.99999917,0.99999917,0.99999917,0.9999993,0.9999993,0.9999993,0.9999993,0.9999993,0.9999993
129345,Benign,LIME,0.9999934434890747,-3.3020973205566405e-06,1.0000045299827038,0.99999344,0.99999344,0.9999908,0.9999981,0.99999845,0.99999845,0.9999987,0.9999987,0.99999857,0.9999988,0.99999917,0.99999917,0.9999994,0.999998,0.9999975,0.9999975,0.9999969,0.9999969,0.99999726,0.999998
129345,Benign,TreeSHAP,0.9999934434890747,-5.245208740234375e-07,1.0000057220834153,0.99999344,0.99999344,0.99999344,0.9999939,0.9999939,0.9999933,0.99999225,0.9999943,0.9999958,0.9999958,0.99999917,0.99999917,0.99999917,0.9999994,0.9999993,0.9999993,0.9999993,0.9999989,0.9999987,0.9999987
129345,Benign,Random,0.9999934434890747,-4.184246063232422e-06,1.0000019073611384,0.99999344,0.99999297,0.99999857,0.99999845,0.9999988,0.9999988,0.9999988,0.9999988,0.9999988,0.9999988,0.99999917,0.99999917,0.999997,0.99999595,0.99999404,0.9999939,0.9999939,0.99999356,0.9999933,0.9999933
328082,Benign,LIME,0.9999994039535522,3.5762786865234374e-08,0.9999997615812788,0.9999994,0.9999994,0.9999994,0.9999994,0.9999994,0.9999994,0.9999994,0.9999993,0.9999993,0.9999993,0.99999917,0.99999917,0.99999917,0.99999917,0.99999917,0.99999917,0.99999917,0.9999993,0.9999993,0.99999917
328082,Benign,TreeSHAP,0.9999994039535522,1.1920928955078126e-08,0.9999998211859591,0.9999994,0.9999994,0.9999993,0.9999993,0.9999993,0.9999994,0.9999994,0.9999994,0.9999995,0.9999995,0.99999917,0.99999917,0.99999917,0.99999917,0.99999917,0.9999993,0.9999993,0.9999993,0.99999917,0.99999917
328082,Benign,Random,0.9999994039535522,-2.384185791015625e-08,0.9999996423719182,0.9999994,0.9999994,0.9999994,0.9999994,0.9999994,0.9999994,0.9999994,0.9999994,0.9999995,0.9999995,0.99999917,0.99999917,0.99999917,0.99999905,0.99999905,0.99999905,0.99999905,0.99999905,0.9999989,0.99999905
1102400,Benign,LIME,0.9999984502792358,-2.980232238769531e-07,1.0000005960473715,0.99999845,0.99999845,0.99999857,0.9999988,0.9999988,0.9999988,0.9999987,0.9999989,0.9999988,0.99999917,0.99999917,0.99999917,0.99999917,0.99999917,0.99999917,0.99999917,0.99999905,0.9999989,0.9999989,0.9999989
1102400,Benign,TreeSHAP,0.9999984502792358,1.1920928955078125e-07,1.000000774861583,0.99999845,0.99999845,0.99999845,0.99999845,0.99999833,0.9999982,0.999998,0.999998,0.99999845,0.99999857,0.99999917,0.99999917,0.99999917,0.99999917,0.9999994,0.9999993,0.9999994,0.9999994,0.99999905,0.99999917
1102400,Benign,Random,0.9999984502792358,-5.7220458984375e-07,1.0000004768378972,0.9999989,0.9999988,0.99999905,0.9999989,0.9999989,0.9999993,0.99999905,0.99999905,0.99999905,0.99999917,0.9999989,0.9999989,0.99999905,0.99999905,0.9999988,0.9999988,0.99999917,0.99999917,0.99999905,0.99999905
524775,Benign,LIME,0.9999991655349731,9.5367431640625e-08,1.0,0.99999917,0.99999917,0.99999917,0.99999917,0.99999917,0.99999905,0.99999905,0.99999905,0.99999905,0.9999987,0.99999917,0.99999917,0.99999917,0.99999917,0.99999917,0.99999917,0.99999917,0.99999905,0.99999917,0.9999994
524775,Benign,TreeSHAP,0.9999991655349731,1.0728836059570313e-07,1.0,0.99999917,0.99999917,0.99999905,0.99999905,0.99999905,0.99999905,0.99999905,0.99999905,0.9999989,0.99999905,0.99999917,0.99999917,0.99999917,0.99999917,0.99999917,0.99999917,0.9999993,0.99999905,0.99999917,0.99999905
524775,Benign,Random,0.9999991655349731,-4.76837158203125e-08,0.999999880790611,0.99999905,0.99999905,0.99999917,0.99999917,0.9999993,0.9999993,0.9999993,0.9999993,0.9999993,0.9999993,0.99999917,0.99999917,0.99999917,0.99999917,0.99999905,0.9999989,0.9999989,0.9999989,0.9999989,0.9999989
1372841,Benign,LIME,0.999998927116394,2.980232238769531e-07,1.0000002980235436,0.9999989,0.9999989,0.99999845,0.99999857,0.9999987,0.9999987,0.99999857,0.99999857,0.99999845,0.99999845,0.99999917,0.99999917,0.9999994,0.9999993,0.9999993,0.99999905,0.99999917,0.99999917,0.9999993,0.9999993
1372841,Benign,TreeSHAP,0.999998927116394,2.384185791015625e-08,1.0000001192094174,0.9999989,0.9999989,0.9999989,0.9999989,0.9999988,0.9999989,0.99999905,0.9999988,0.9999988,0.9999989,0.99999917,0.99999917,0.99999917,0.99999917,0.9999994,0.99999917,0.9999993,0.9999989,0.9999989,0.99999857
1372841,Benign,Random,0.999998927116394,-1.430511474609375e-07,1.0,0.9999989,0.99999917,0.99999917,0.99999905,0.99999905,0.99999905,0.99999905,0.99999905,0.99999905,0.99999917,0.99999917,0.99999917,0.99999917,0.99999905,0.99999905,0.99999905,0.9999988,0.9999988,0.99999857,0.9999987
296427,Benign,LIME,0.9999992847442627,0.0,0.9999998807906252,0.9999993,0.9999993,0.9999993,0.9999993,0.9999993,0.9999993,0.9999993,0.9999993,0.9999993,0.9999993,0.99999917,0.99999917,0.99999917,0.99999917,0.99999917,0.99999917,0.99999917,0.99999917,0.99999917,0.99999905
296427,Benign,TreeSHAP,0.9999992847442627,-4.76837158203125e-08,0.9999998807906252,0.9999993,0.9999993,0.9999993,0.9999993,0.9999993,0.9999993,0.9999994,0.9999994,0.9999994,0.9999994,0.99999917,0.99999917,0.99999917,0.99999917,0.99999917,0.99999917,0.99999917,0.99999917,0.99999917,0.99999917
296427,Benign,Random,0.9999992847442627,0.0,0.9999998807906252,0.9999993,0.9999993,0.9999993,0.9999993,0.9999993,0.9999993,0.9999993,0.9999993,0.9999993,0.9999993,0.99999917,0.99999917,0.99999917,0.99999917,0.9999993,0.9999993,0.99999917,0.99999917,0.99999917,0.99999917
1158565,DoS,LIME,0.976725161075592,0.9766783884442418,0.0072193504306136995,0.00038152668,2.735263e-05,1.8077882e-05,1.5862706e-05,1.5862706e-05,6.42861e-06,8.140249e-07,6.051452e-07,6.0171146e-07,5.942148e-07,0.000106152555,0.0005300361,0.00060717424,0.00086955633,0.00086955633,0.0012367533,0.0160558,0.015240425,0.017204924,0.017792838
1158565,DoS,TreeSHAP,0.976725161075592,0.9766406640363925,0.001066065960105583,0.00038152668,0.0003744953,2.6847936e-05,1.6345375e-05,1.27098665e-05,1.2229419e-05,9.683372e-06,6.582776e-06,2.725374e-06,1.8242769e-06,0.000106152555,0.00011204596,0.0005594593,0.0007640675,0.0007864665,0.00079359725,0.0004444749,0.0013237438,0.0013199872,0.00420254
1158565,DoS,Random,0.976725161075592,0.9086773303337395,1.5323964733144586e-06,0.5783165,0.022647053,0.013412627,0.015715111,0.010231882,0.009443715,0.009443715,0.005033129,0.006729964,0.0095046,9.668788e-07,1.2096274e-06,1.2096274e-06,1.2388728e-06,1.4473602e-06,2.0577286e-06,2.0577286e-06,1.8992132e-06,1.4794667e-06,1.4007977e-06
1201022,DoS,LIME,0.7015407681465149,0.7014781648629651,0.007296579931938255,0.0004786825,7.2469615e-05,8.929565e-06,1.02776485e-05,1.2047277e-05,1.2304966e-05,8.427991e-06,7.595953e-06,7.805826e-06,7.4915083e-06,0.00012865497,0.00052065076,0.0058210506,0.0060082558,0.006285756,0.0044520167,0.006815383,0.0048871003,0.004710471,0.011559146
1201022,DoS,TreeSHAP,0.7015407681465149,0.7014830888755569,0.0024869270154120244,0.0004786825,7.074825e-05,6.408836e-06,5.956254e-06,6.0158777e-06,2.5300671e-06,1.6550794e-06,1.6550794e-06,1.5541992e-06,1.5865836e-06,0.00012865497,0.00013723648,0.00028107353,0.0003830374,0.0020007177,0.0014099146,0.0019157758,0.0019157758,0.0039744056,0.0053002145
1201022,DoS,Random,0.7015407681465149,0.1577662408351898,1.399585954772441e-06,0.71852845,0.72952676,0.62425923,0.62425923,0.4922843,0.5654722,0.5654722,0.59041655,0.26208064,0.26544574,2.5040825e-07,2.9258368e-07,3.3210938e-07,3.3210938e-07,1.2829827e-06,1.3173304e-06,1.3173304e-06,1.289805e-06,1.4653534e-06,1.9386546e-06
1750824,DoS,LIME,0.8047119379043579,0.8046540966005636,0.008169151789305336,0.00048879173,1.7822127e-05,1.682634e-05,1.8641997e-05,1.9213858e-05,1.2238956e-05,1.3301969e-06,1.3187024e-06,1.0924816e-06,1.1366492e-06,0.000106152555,0.0005300361,0.00044892723,0.00062696513,0.00064801367,0.0008303087,0.008988466,0.010360052,0.011076117,0.032123104
1750824,DoS,TreeSHAP,0.8047119379043579,0.8046339057513023,0.0012245739457441345,0.00048879173,0.00024385945,1.1821154e-05,9.164346e-06,7.1756717e-06,6.4508995e-06,6.860039e-06,1.961944e-06,2.1176525e-06,2.1186402e-06,0.000106152555,0.00015232855,0.0007781997,0.00065608043,0.0005373847,0.00094191515,0.0011766141,0.0017457866,0.0017801353,0.0019796956
1750824,DoS,Random,0.8047119379043579,0.7241756839216578,0.0011984731845064516,0.80471194,0.00048879173,3.507322e-05,2.5300202e-05,1.4604254e-05,1.5320365e-05,1.2218934e-05,1.945234e-05,1.3631183e-05,2.6209695e-05,1.3719385e-07,6.606252e-05,0.0005758275,0.000536337,0.0007451934,0.00059149595,0.00096488657,0.0007217938,0.0022333518,0.0032091714
1506711,DoS,LIME,0.5162959098815918,0.5162363786277183,0.020850152470420255,0.00046219132,7.4001284e-05,7.71008e-06,7.4705868e-06,7.781016e-06,7.737066e-06,7.753214e-06,7.753214e-06,7.811303e-06,5.10345e-06,0.00029742107,0.0009456144,0.009590746,0.011264522,0.010895046,0.011118486,0.011086855,0.011086855,0.009508668,0.031854272
1506711,DoS,TreeSHAP,0.5162959098815918,0.5162341841552575,0.004735451587120446,0.00046219132,0.00011246968,8.736312e-06,8.784689e-06,9.233526e-06,7.3137244e-06,4.813287e-06,1.5335827e-06,1.2857146e-06,8.954232e-07,0.00029742107,0.0001493455,0.0002883948,0.0003729139,0.00095355755,0.0016830607,0.00387848,0.0031574587,0.0038403512,0.009827959
1506711,DoS,Random,0.5162959098815918,0.18335008174180983,9.135677903595188e-07,0.45782247,0.45562518,0.4248648,0.39483696,0.39709818,0.23429456,0.2598057,0.23373413,0.23373413,0.23764215,2.405772e-07,2.405772e-07,2.7634098e-07,3.455482e-07,3.8312135e-07,4.3956325e-07,4.3864782e-07,3.8475912e-07,3.8475912e-07,1.5828189e-06
1834768,DoS,LIME,0.9289600849151611,0.9289265768121993,0.0008497392243894656,0.0003038118,1.0075636e-05,8.062357e-06,7.884206e-06,9.311547e-07,9.613832e-07,9.587201e-07,7.3282763e-07,6.9252826e-07,9.70416e-07,0.00014740297,0.0008788223,0.00016508023,0.00015834677,0.0013690471,0.00111059,0.0016825839,0.0010385723,0.0008111693,0.00053212384
1834768,DoS,TreeSHAP,0.9289600849151611,0.9289156289339416,0.0008625943339974286,0.0003038118,0.000106956446,8.062357e-06,4.7074823e-06,4.139069e-06,5.1891557e-06,6.5418776e-06,1.7212692e-06,1.7864601e-06,1.6438945e-06,0.00014740297,4.4309527e-05,0.00016508023,0.00011728023,0.00014233984,0.00022129038,0.0007370068,0.0006772256,0.0023243215,0.0034369
1834768,DoS,Random,0.9289600849151611,0.21037031542946352,2.3149845399173465e-05,0.9471814,0.9767209,0.9767209,0.96401536,0.90080136,0.8060455,0.8070095,0.8070095,0.00021965479,0.00017354397,1.6083868e-07,1.4057862e-07,8.6624844e-08,1.0994669e-07,9.287038e-08,1.3325463e-07,1.3946081e-07,1.3946081e-07,0.00010071197,0.00011333783
1860645,DoS,LIME,0.5228396058082581,0.5228132048179617,0.024448217499546558,0.00021843724,3.403353e-05,3.95411e-06,3.1517795e-06,1.2588389e-06,1.2588389e-06,1.1793162e-06,2.49179e-07,2.49179e-07,2.378907e-07,0.00029742107,0.0009456144,0.009590746,0.02597497,0.022359718,0.022359718,0.020737113,0.006976367,0.006976367,0.011606932
1860645,DoS,TreeSHAP,0.5228396058082581,0.5227872989539719,0.0015310468871287204,0.00021843724,0.000117997355,8.7680244e-05,6.4656488e-06,1.5407093e-05,1.4863839e-05,1.2785983e-05,1.662072e-05,1.6666509e-05,1.614391e-05,0.00029742107,0.0001493455,0.00019549472,0.00038411823,0.00032757493,0.00029895033,0.0006362512,0.0016569108,0.0020656409,0.001993212
1860645,DoS,Random,0.5228396058082581,-0.1750439465045929,8.04238330718589e-07,0.54495287,0.54495287,0.72999257,0.72999257,0.77394414,0.8217396,0.8217396,0.81887096,0.8360223,0.356628,2.1297807e-07,2.1297807e-07,2.8885765e-07,2.8885765e-07,2.539316e-07,2.4005882e-07,2.4005882e-07,3.6762304e-07,3.4898247e-07,1.7505503e-06
1974112,DoS,LIME,0.9039112329483032,0.9038521183581907,0.008166855644804252,0.00043978306,6.9062284e-05,8.168782e-06,9.0475905e-06,1.0725004e-05,1.1683535e-05,1.161332e-05,1.4374038e-05,8.344142e-06,8.344142e-06,0.00012865497,0.00052065076,0.0058210506,0.0066540185,0.006740357,0.0064720027,0.007834856,0.011508064,0.014070735,0.014070735
1974112,DoS,TreeSHAP,0.9039112329483032,0.9038567319257254,0.000537724273114185,0.00043978306,6.333119e-05,5.030933e-06,4.397872e-06,4.870999e-06,4.6849987e-06,5.3152958e-06,5.873026e-06,5.8614255e-06,5.8614255e-06,0.00012865497,0.00013723648,0.00028107353,0.0003830374,0.0004391472,0.00037192015,0.00041097956,0.0008260168,0.000941242,0.000941242
1974112,DoS,Random,0.9039112329483032,0.6862299900501967,7.193326722205592e-07,0.9023615,0.9023615,0.06317304,0.0623325,0.0623325,0.032595366,0.036406282,0.035290666,0.041278344,0.038680706,2.7643696e-07,2.7643696e-07,3.4839377e-07,4.25118e-07,4.25118e-07,9.353639e-07,9.539342e-07,9.628658e-07,8.583515e-07,1.0401099e-06
1155705,DoS,LIME,0.40964043140411377,0.4095968309186901,0.023663621263546132,0.00032410573,2.987991e-05,1.1926663e-05,1.1926666e-05,1.1000738e-05,1.100077e-05,1.100077e-05,9.078897e-06,8.249285e-06,7.835427e-06,0.00029742107,0.0030071028,0.009590746,0.009592067,0.009966281,0.009984608,0.009984608,0.01433445,0.01348379,0.01669469
1155705,DoS,TreeSHAP,0.40964043140411377,0.4095809884473738,0.0026936181990333827,0.00032410573,9.177079e-05,7.236523e-05,7.87237e-05,8.380447e-06,4.679694e-06,4.5134543e-06,4.098672e-06,3.402595e-06,2.389263e-06,0.00029742107,0.0001493455,0.0002640962,0.00032922623,0.00061408494,0.0013950518,0.0015886842,0.001653236,0.001920724,0.0028222804
1155705,DoS,Random,0.40964043140411377,0.395070939976722,7.279594454106203e-06,0.029199744,0.016794067,0.016794067,0.016794067,0.014232521,0.014232521,0.009243818,0.009715485,0.0093443785,0.009344246,3.0319976e-07,2.5273307e-06,2.5273307e-06,2.5273307e-06,3.970878e-06,3.970878e-06,3.7711798e-06,3.8818953e-06,3.423765e-06,2.9163753e-06
1282649,DoS,LIME,0.6672667264938354,0.6672536896273925,0.0080366810663323,0.000111817935,6.1658493e-06,5.818394e-06,7.409464e-07,9.725344e-07,1.0169065e-06,9.752597e-07,9.178349e-07,9.178349e-07,1.025169e-06,0.00014740297,0.0008788223,0.00065574446,0.005875408,0.0034680804,0.0044705286,0.007444072,0.007826703,0.007827599,0.015031737
1282649,DoS,TreeSHAP,0.6672667264938354,0.6672503474899258,0.0020471597033036,0.000111817935,6.1658493e-06,7.206352e-06,6.2221975e-06,6.6225703e-06,5.864554e-06,5.6194476e-06,4.8411425e-06,4.8722286e-06,4.5577617e-06,0.00014740297,0.0008788223,0.0007570223,0.000569452,0.0010418439,0.0015439112,0.0018020151,0.0024239684,0.0024094363,0.0020861416
1282649,DoS,Random,0.6672667264938354,0.23842676728963852,2.6276413928503044e-07,0.78884953,0.71864885,0.7957664,0.8640645,0.8667204,0.06988552,0.06988552,0.04512783,0.04461813,0.024832897,2.0686292e-07,2.0686292e-07,1.5812267e-07,1.6040106e-07,1.2774892e-07,1.5982201e-07,1.5982201e-07,1.9384011e-07,1.9384011e-07,1.8601482e-07
1751148,DoS,LIME,0.55760258436203,0.5575788819685045,0.012142841786318125,0.00018625638,2.9705843e-05,4.5795105e-06,3.2184776e-06,3.8413655e-06,3.8413655e-06,2.1089488e-06,1.1383506e-06,1.1982993e-06,1.135394e-06,0.00012865497,0.00052065076,0.0058210506,0.008550015,0.0089997575,0.0089997575,0.011479548,0.0070437584,0.0073782047,0.008787403
1751148,DoS,TreeSHAP,0.55760258436203,0.5575725384553607,0.0004983215552194495,0.00018625638,2.6759813e-05,5.61191e-05,4.272329e-06,4.2266975e-06,4.9160944e-06,4.884782e-06,4.2119077e-06,4.2585207e-06,4.5534407e-06,0.00012865497,0.00013723648,0.00018304698,0.0003749117,0.00039910327,0.00042903895,0.00030933155,0.00027710866,0.00026783365,0.00027238787
1751148,DoS,Random,0.55760258436203,0.10108934789896011,5.993218740245982e-07,0.61792713,0.6873299,0.6873299,0.71045804,0.62122,0.5703226,0.29314455,0.1281785,0.12756449,0.1216573,2.5743475e-07,2.5478425e-07,2.5478425e-07,2.525037e-07,2.5859245e-07,3.9694893e-07,4.2044235e-07,4.2044235e-07,4.1929675e-07,4.0660453e-07
1877091,DoS,LIME,0.2435782253742218,-0.7558366298675537,2.2091698295720037,0.9964921,0.9991059,0.99977237,0.99972874,0.9997899,0.9997632,0.99982613,0.9998741,0.99987376,0.9999224,0.99953055,0.9979804,0.9826645,0.98113704,0.27047223,0.3170851,0.18294074,0.24812756,0.23258309,0.16853595
1877091,DoS,TreeSHAP,0.2435782253742218,-0.7559008717536926,4.026529863899126,0.9964921,0.9991059,0.99977773,0.9998406,0.99982977,0.9998934,0.9999083,0.999982,0.99998057,0.99998057,0.99953055,0.9979804,0.99791175,0.9746011,0.9694018,0.97380406,0.9717353,0.97304416,0.9748703,0.9748703
1877091,DoS,Random,0.2435782253742218,-0.18454247564077378,4.105444316368921,0.20411769,0.22717771,0.22063866,0.21769108,0.6278868,0.51109195,0.54721534,0.54721534,0.54721534,0.6309571,0.99999905,0.99999905,0.99999905,0.99999905,0.9999964,0.99999607,0.99999475,0.99999475,0.99999475,0.9999951
1766857,DoS,LIME,0.5220920443534851,0.5220681839291729,0.014916879023103688,0.00018114939,3.1494168e-05,3.9366023e-06,3.1640682e-06,2.978648e-06,2.978648e-06,3.1660743e-06,3.1660838e-06,2.2655977e-06,4.304967e-06,0.00012865497,0.00052065076,0.0058210506,0.010450759,0.010417372,0.010689333,0.008924943,0.007866599,0.011941758,0.011118717
1766857,DoS,TreeSHAP,0.5220920443534851,0.5220626216765595,0.000965313901589588,0.00018114939,5.8723053e-05,6.1095834e-06,6.502825e-06,8.407134e-06,6.8306617e-06,8.167451e-06,9.416786e-06,5.3325534e-06,3.5873354e-06,0.00012865497,0.00013723648,0.00028107353,0.00048067054,0.00044675244,0.0003898822,0.00045666326,0.00041242377,0.0008047452,0.0015017246
1766857,DoS,Random,0.5220920443534851,0.5218550769117428,0.00031449941289215253,0.00018114939,0.00018114939,0.00018114939,0.00029376638,0.00028346173,0.00026048723,0.00026048723,0.00024267456,0.00024267456,0.00024267456,0.00012865497,0.00012865497,0.00012865497,0.00022773455,0.00024143077,0.00010786175,7.735582e-05,0.00020054291,0.00020054291,0.00020054291
1394195,DoS,LIME,0.48764699697494507,0.4876112640634801,0.016633401385393307,0.00025621784,4.152256e-05,4.937029e-06,5.659269e-06,4.6524633e-06,4.987042e-06,5.918811e-06,7.9077845e-06,1.2647362e-05,1.2878953e-05,0.00012865497,0.00052065076,0.0058210506,0.007442258,0.014813031,0.0112033645,0.011245089,0.006798907,0.009124119,0.01401515
1394195,DoS,TreeSHAP,0.48764699697494507,0.48761019704249975,0.000578759358431466,0.00025621784,7.138162e-05,5.85278e-06,7.747834e-06,7.780169e-06,8.0768705e-06,2.8775792e-06,3.1394795e-06,2.5134948e-06,2.411657e-06,0.00012865497,0.00013723648,0.00028107353,0.00035455512,0.00029353556,0.0002492563,0.00013512526,0.00023227638,0.00027681838,0.0007337706
1394195,DoS,Random,0.48764699697494507,0.3431406276693451,0.0009402940040279372,0.502344,0.49244654,0.44999847,7.126852e-05,8.128761e-05,7.1791605e-05,2.0853582e-05,1.7846842e-05,6.068964e-06,5.5537253e-06,2.2926744e-07,2.0296575e-07,2.53797e-07,6.2867875e-05,7.8833116e-05,0.00012530516,0.0010977653,0.0008509308,0.0011459687,0.0012229586
1090425,DoS,LIME,0.837411642074585,0.8373964542417582,0.0055265207799088875,0.00011544717,5.613907e-06,6.818386e-06,6.9313683e-06,8.176191e-06,6.236653e-06,7.444311e-07,6.000218e-07,6.55101e-07,6.55101e-07,0.00014740297,0.0008788223,0.00089653145,0.0010447294,0.0012728712,0.00083553547,0.007890295,0.010503757,0.011259885,0.011549899
1090425,DoS,TreeSHAP,0.837411642074585,0.8373948145243958,0.0028025463308633883,0.00011544717,5.613907e-06,7.2559837e-06,6.2243644e-06,4.9351643e-06,5.925354e-06,5.993152e-06,5.939613e-06,5.50397e-06,5.436825e-06,0.00014740297,0.0008788223,0.00075265573,0.0007053759,0.00087083183,0.0021145951,0.002817915,0.004394342,0.0048741563,0.0059127533
1090425,DoS,Random,0.837411642074585,0.6399488363415002,2.2053548358044268e-07,0.8199531,0.82551867,0.08176725,0.04959413,0.04959413,0.05041811,0.024524665,0.02441934,0.02441934,0.02441934,1.6258352e-07,1.6819251e-07,2.1041973e-07,2.1403093e-07,2.1403093e-07,2.0222225e-07,1.8661932e-07,1.8661932e-07,1.8661932e-07,1.1545191e-07
1088595,DoS,LIME,0.7206615805625916,0.7206175552137211,0.01722730527484152,0.0003019139,5.3888547e-05,5.4000935e-05,5.6943604e-06,5.8775267e-06,4.278711e-06,4.500793e-06,3.5570667e-06,3.5570667e-06,2.984571e-06,0.00012865497,0.00052065076,0.00060353155,0.0068749785,0.011475731,0.014955196,0.028439084,0.023733694,0.018840643,0.018578403
1088595,DoS,TreeSHAP,0.7206615805625916,0.720621347370934,0.000770069930972744,0.0003019139,5.6373312e-05,6.021565e-06,6.3110315e-06,6.6895564e-06,4.988639e-06,4.8327333e-06,3.9472266e-06,4.8289135e-06,6.4250285e-06,0.00012865497,0.00013723648,0.00028107353,0.00039355655,0.0003156782,0.00067683496,0.0006401014,0.0008607954,0.000984917,0.0011307496
1088595,DoS,Random,0.7206615805625916,0.44960101433098315,1.7679362457357283e-06,0.6544257,0.46735176,0.46735176,0.42077497,0.25735137,0.21276236,0.07866076,0.048963178,0.051481914,0.051481914,1.9509592e-07,7.9021567e-07,7.9021567e-07,8.3905763e-07,9.610569e-07,1.7100051e-06,2.4133521e-06,1.9379693e-06,1.5605391e-06,1.5433308e-06
1724142,DoS,LIME,0.5639351010322571,0.5639082827072599,0.014887003764614463,0.000244974,9.473195e-06,9.136323e-06,9.569857e-07,8.990134e-07,5.6869936e-07,5.6869936e-07,5.55063e-07,5.7858364e-07,4.726747e-07,0.00014740297,0.0008788223,0.000915903,0.0079208715,0.008214077,0.010142116,0.011109953,0.011078906,0.014389366,0.019155623
1724142,DoS,TreeSHAP,0.5639351010322571,0.5639038289148175,0.0049565943495798286,0.000244974,9.473195e-06,9.421463e-06,8.063953e-06,7.813842e-06,6.545078e-06,6.787792e-06,7.4891886e-06,6.755043e-06,5.397607e-06,0.00014740297,0.0008788223,0.0009578615,0.0011702527,0.0009645175,0.0009901831,0.0034539239,0.0060103023,0.006431113,0.006947598
1724142,DoS,Random,0.5639351010322571,0.1996561035513878,4.019969067006037e-07,0.64598984,0.6113507,0.4556943,0.29820797,0.337984,0.337984,0.31183085,0.31183085,0.16521086,0.16670662,2.5746468e-07,2.0119487e-07,1.5507302e-07,3.1068018e-07,3.364608e-07,2.0815125e-07,2.236645e-07,2.236645e-07,1.7288862e-07,1.7775938e-07
43503,DoS,LIME,0.8728187084197998,0.8727832306345136,0.00035357821850158717,0.0002945209,9.326539e-06,7.359249e-06,4.9669607e-06,5.464119e-06,9.303077e-06,8.6748805e-06,8.283957e-06,3.898185e-06,2.979988e-06,0.00014740297,0.0008788223,0.00016508023,0.0002489963,0.00015844304,0.0001880352,0.0001691685,0.00017367155,0.00082425785,0.00013221918
43503,DoS,TreeSHAP,0.8728187084197998,0.8727759738864279,0.0005073732603207451,0.0002945209,0.000102300786,7.359249e-06,5.2602463e-06,4.6251157e-06,5.990583e-06,1.9891165e-06,1.9196139e-06,1.8596592e-06,1.5200659e-06,0.00014740297,4.4309527e-05,0.00016508023,0.00011728023,0.00014233984,0.00022129038,0.0002031525,0.0006772256,0.0006944893,0.002015878
43503,DoS,Random,0.8728187084197998,0.7640931298024952,3.2466170437280253e-06,0.8392652,0.048298225,0.04078241,0.055246845,0.08009884,0.00849392,0.00471515,0.00471515,0.0028107716,0.002829249,2.5327637e-07,3.1686514e-07,3.277967e-07,3.3205342e-07,2.8515998e-07,3.3790109e-06,5.324001e-06,5.324001e-06,7.367169e-06,5.4277484e-06
1455512,DoS,LIME,0.7521654367446899,0.7521355077593569,0.005856308316696043,0.0002456432,1.1590472e-05,1.1439414e-05,1.0279121e-05,5.093232e-06,4.352928e-06,4.8004936e-06,5.0864246e-06,5.02285e-07,5.0228493e-07,0.000106152555,0.0005300361,0.0005524518,0.00055981224,0.00075322983,0.001931766,0.0015141702,0.0016452948,0.017920319,0.018535899
1455512,DoS,TreeSHAP,0.7521654367446899,0.7521360382423723,0.0004844961078337748,0.0002456432,1.1590472e-05,8.1483495e-06,7.874408e-06,6.5732866e-06,6.040718e-06,2.2742267e-06,2.1589838e-06,1.8760336e-06,1.8053476e-06,0.000106152555,0.0005300361,0.00039124885,0.0005454913,0.00056511123,0.00035704256,0.0002301321,0.00023224438,0.00028632287,0.0004004302
1455512,DoS,Random,0.7521654367446899,0.17459442168474198,6.644376755332981e-07,0.75216544,0.75216544,0.73991746,0.76385504,0.76385504,0.7434705,0.7184585,0.24496168,0.1855522,0.1113089,2.2176353e-07,2.2176353e-07,2.0857128e-07,2.1127975e-07,2.1127975e-07,2.1784328e-07,2.2706644e-07,1.2328084e-06,1.1317603e-06,1.1135343e-06
1271970,DoS,LIME,0.6440133452415466,-0.3558356106281281,1.5361923657472532,0.99897707,0.99982053,0.9999517,0.9999517,0.9999548,0.9999658,0.999966,0.999966,0.99996793,0.99996793,0.99975353,0.998879,0.98882675,0.98882675,0.9845451,0.9869621,0.9862271,0.9862271,0.9855692,0.98746824
1271970,DoS,TreeSHAP,0.6440133452415466,-0.3558173358440399,1.522815472563875,0.99897707,0.99982053,0.99989104,0.99988663,0.9999074,0.99990153,0.99997735,0.9999813,0.99998236,0.99998164,0.99975353,0.998879,0.99813396,0.9974686,0.997115,0.9953548,0.9965461,0.93673354,0.9448234,0.94232625
1271970,DoS,Random,0.6440133452415466,-0.09517103433609009,1.552658455525722,0.5459471,0.50220853,0.46380064,0.37974504,0.8147208,0.87639636,0.9010915,0.9155241,0.99689156,0.99551815,0.99999917,0.9999988,0.99999857,0.99999833,0.9999881,0.9999813,0.99995065,0.9999585,0.99972767,0.99972767
1574871,DoS,LIME,0.8733754754066467,0.8733542217447621,0.006478193127508862,0.00018381287,9.069974e-06,8.189922e-06,1.0257305e-06,1.1708743e-06,1.5417123e-06,1.9944212e-06,1.9752486e-06,2.022686e-06,1.7331839e-06,0.00014740297,0.0008788223,0.000915903,0.0079208715,0.009019846,0.009922136,0.0057686325,0.005492087,0.006657168,0.00985608
1574871,DoS,TreeSHAP,0.8733754754066467,0.8733487639253668,0.0038067508932928835,0.00018381287,6.045538e-05,4.636397e-06,4.419552e-06,3.3716312e-06,3.2287378e-06,3.2581306e-06,1.2266452e-06,1.3099028e-06,1.3955706e-06,0.00014740297,0.00015491004,0.0009487407,0.0007186428,0.0040997383,0.0054600094,0.006008417,0.0040954123,0.0051059383,0.0065080165
1574871,DoS,Random,0.8733754754066467,0.39783321171998975,2.859082317419599e-07,0.851494,0.851494,0.851494,0.67971104,0.5915947,0.16414408,0.16414408,0.13570128,0.1361914,0.329454,2.3115265e-07,2.3115265e-07,2.3115265e-07,2.1461409e-07,2.246375e-07,2.7401433e-07,2.7401433e-07,2.8683908e-07,2.6901904e-07,2.6045615e-07
1491512,DoS,LIME,0.7210608124732971,0.7210120807834756,0.01826369739331441,0.00037156354,5.6248256e-05,7.3075066e-06,6.952998e-06,6.9439006e-06,6.8764157e-06,7.8741405e-06,6.56506e-06,9.095235e-06,7.889846e-06,0.00012865497,0.00052065076,0.0058210506,0.008902045,0.009187192,0.008841993,0.016333442,0.02461626,0.024682075,0.032659005
1491512,DoS,TreeSHAP,0.7210608124732971,0.7210154619607806,0.0015414261801075654,0.00037156354,5.570759e-05,5.0462954e-06,5.0462954e-06,5.0601607e-06,2.1941032e-06,2.1941032e-06,1.8146285e-06,2.3081907e-06,2.5702177e-06,0.00012865497,0.00013723648,0.00028107353,0.0003830374,0.0020007177,0.0014099146,0.0014099146,0.0019157758,0.0014658864,0.0019824088
1491512,DoS,Random,0.7210608124732971,0.12606559991836547,5.395230664148949e-07,0.6819795,0.588655,0.588655,0.6059693,0.6059693,0.5873584,0.50689036,0.6455961,0.6358235,0.5030557,2.405772e-07,2.9053265e-07,2.9053265e-07,2.7284744e-07,2.7284744e-07,3.3089546e-07,3.1601502e-07,4.0033174e-07,3.545817e-07,1.1211281e-06
1208754,DoS,LIME,0.8820697069168091,0.8820604478955374,0.0009977671553123612,6.9853224e-05,2.3900616e-06,1.9007973e-06,2.4494752e-06,3.0161293e-06,2.7434235e-06,2.613141e-06,2.4916394e-06,2.4768196e-06,2.6555017e-06,0.00014740297,0.0008251716,0.0013790851,0.0011723775,0.00047327313,0.00051982864,0.0005655085,0.00058939384,0.0005878684,0.0025410918
1208754,DoS,TreeSHAP,0.8820697069168091,0.8820605344407454,0.005189275108364438,6.9853224e-05,2.3900616e-06,1.9007973e-06,1.9310423e-06,2.33602e-06,2.0543941e-06,1.548059e-06,2.8794568e-06,2.9850348e-06,3.8466706e-06,0.00014740297,0.0008251716,0.0013790851,0.0017221703,0.0015327212,0.0015424459,0.0046128873,0.009494436,0.013651117,0.010865589
1208754,DoS,Random,0.8820697069168091,0.6848892912268638,1.1914753682795647e-06,0.24353537,0.24353537,0.2560618,0.24265046,0.23833728,0.22276321,0.18115984,0.18115984,0.086605266,0.07599573,1.2433718e-06,1.2433718e-06,1.1292382e-06,1.0859341e-06,1.0831398e-06,8.915736e-07,8.8870337e-07,8.8870337e-07,1.1044838e-06,9.511245e-07
1458722,DoS,LIME,0.7448909878730774,0.7448674368409798,0.007152418858404809,0.00021503956,8.449902e-06,6.317679e-06,7.115352e-07,8.129069e-07,1.1661531e-06,1.0284374e-06,1.0305936e-06,6.273727e-07,3.261813e-07,0.00014740297,0.0008788223,0.00018539075,0.0012853887,0.0023979808,0.0019030683,0.0032640018,0.008022855,0.014204813,0.020988002
1458722,DoS,TreeSHAP,0.7448909878730774,0.744856334681657,0.0009083275114861757,0.00021503956,0.000112658265,6.317679e-06,4.083015e-06,2.079433e-06,2.1240662e-06,1.6374332e-06,8.76687e-07,8.7720815e-07,8.385685e-07,0.00014740297,0.000117685064,0.00018539075,0.00056484295,0.00029502943,0.00036358315,0.0012835405,0.0016574733,0.0013819571,0.00076914445
1458722,DoS,Random,0.7448909878730774,0.12732629477977753,2.2933914673682677e-07,0.67214954,0.69472885,0.6050791,0.7731673,0.7125844,0.70490336,0.72663337,0.40092483,0.40092483,0.48455134,1.9739163e-07,2.0774543e-07,1.8789814e-07,1.8537197e-07,1.6562889e-07,1.771833e-07,1.4574177e-07,1.3654036e-07,1.3654036e-07,1.6828474e-07
1775172,DoS,LIME,0.5220994353294373,-0.4777751088142395,1.8868893043168034,0.99915075,0.9998572,0.99996054,0.9999647,0.9999647,0.9999665,0.99996626,0.9999678,0.99996674,0.9999802,0.99975353,0.998879,0.98882675,0.98811185,0.98811185,0.9873584,0.98287636,0.9827114,0.9728968,0.9619119
1775172,DoS,TreeSHAP,0.5220994353294373,-0.47775912284851074,1.885066229040314,0.99915075,0.9998572,0.9998765,0.9998834,0.9999161,0.9999801,0.99997616,0.99998283,0.99997973,0.99998283,0.99975353,0.998879,0.9988638,0.9986656,0.9806985,0.9847761,0.9844343,0.9664692,0.97253203,0.9568479
1775172,DoS,Random,0.5220994353294373,-0.2937053829431534,1.9148549982161969,0.4252399,0.44095486,0.44095486,0.970555,0.96757644,0.96757644,0.9728636,0.9728636,0.9997317,0.9997317,0.99999917,0.99999917,0.99999917,0.9999989,0.9999989,0.9999993,0.9999993,0.9999993,0.9987268,0.9987268
1914309,DoS,LIME,0.6252092123031616,0.6251598803860361,0.045836879616026664,0.00036686848,5.5004184e-05,8.3547875e-06,9.22213e-06,8.202594e-06,9.336714e-06,9.377057e-06,9.377057e-06,9.053959e-06,8.522209e-06,0.00029742107,0.0009456144,0.009590746,0.014983061,0.01692468,0.04626436,0.04648213,0.04648213,0.045590557,0.05901569
1914309,DoS,TreeSHAP,0.6252092123031616,0.6251517810014547,0.003401953406910109,0.00036686848,8.163705e-05,9.3314164e-05,6.9622142e-06,7.126604e-06,4.2939496e-06,4.245595e-06,4.1355947e-06,2.9629098e-06,2.7664537e-06,0.00029742107,0.0001493455,0.00012545164,0.00026761222,0.00027594774,0.0008670893,0.002059743,0.002285244,0.0071415114,0.007799959
1914309,DoS,Random,0.6252092123031616,0.562638537112889,0.00996837422909316,0.6252092,0.00036686848,4.413198e-05,1.3673726e-05,1.4563487e-05,1.4563487e-05,1.23757745e-05,1.23757745e-05,9.997243e-06,8.989648e-06,2.405772e-07,0.00029742107,0.0030071028,0.009696778,0.008024596,0.008024596,0.0065714815,0.0065714815,0.010194031,0.0099354675
1137787,DoS,LIME,0.7058711647987366,0.705846326793619,0.0009747823893526168,0.00014737253,8.446163e-06,1.3828302e-05,1.405798e-05,1.0541617e-05,1.5951971e-05,1.5951924e-05,1.0612374e-05,1.05762365e-05,1.0409561e-06,0.000106152555,0.0005300361,0.0005364943,0.0003900636,0.0004435582,0.0003868884,0.000341468,0.0005877621,0.00030890116,0.003249383
1137787,DoS,TreeSHAP,0.7058711647987366,0.7058529043169074,0.0017877872147796172,0.00014737253,8.446163e-06,3.4825628e-06,1.8244518e-06,1.7412749e-06,2.8427423e-06,3.5147718e-06,4.8936295e-06,4.451908e-06,4.034787e-06,0.000106152555,0.0005300361,0.0007985671,0.001336089,0.0015044374,0.0010911823,0.0011740214,0.0014369221,0.0019263234,0.002715742
1137787,DoS,Random,0.7058711647987366,0.5018629509955644,5.111111779431413e-07,0.7770037,0.84334564,0.16238177,0.10610207,0.03786129,0.031082235,0.012854151,0.025415273,0.025415273,0.018620726,2.2467225e-07,2.240342e-07,2.8028126e-07,2.3665793e-07,3.9275776e-07,3.8095158e-07,5.3712716e-07,4.6380518e-07,4.6380518e-07,4.0369397e-07
1046186,DoS,LIME,0.21095286309719086,0.21046168163497897,1.3185582099607409e-05,0.0038749364,0.00046872674,0.0004888305,3.444547e-05,8.353008e-06,1.1384138e-05,1.08569675e-05,7.3495157e-06,4.491929e-06,2.4399865e-06,6.773301e-07,8.997232e-07,1.0407832e-06,2.4550748e-06,3.0536903e-06,3.5733106e-06,2.9922219e-06,3.4745033e-06,3.8944204e-06,5.754308e-06
1046186,DoS,TreeSHAP,0.21095286309719086,0.20163511947803556,7.099602087759135e-05,0.08446472,0.008674625,1.7587161e-05,5.5515725e-06,3.827386e-06,5.0732997e-06,3.6443844e-06,1.7028262e-06,3.7811864e-07,3.2475407e-07,1.4215082e-07,3.89686e-07,1.8357184e-06,2.9550563e-06,6.659745e-06,5.804328e-06,6.8127706e-06,2.3103268e-05,3.6455618e-05,6.56098e-05
1046186,DoS,Random,0.21095286309719086,0.15000574679579587,3.1792777103067e-07,0.21095286,0.15727153,0.14399879,0.07434652,0.018457659,0.0018952221,0.0007021718,0.00069908355,0.0005736614,0.0005736614,4.275425e-08,4.2234635e-08,4.2470838e-08,4.4389683e-08,6.826664e-08,7.781616e-08,7.575723e-08,8.7510095e-08,9.473908e-08,9.473908e-08
1055420,DoS,LIME,0.5290457606315613,0.528952824583439,3.099884659118595e-05,0.00084004825,2.7122616e-05,2.7123195e-05,1.8235616e-05,4.157835e-06,3.0642732e-06,2.2142428e-06,1.9129457e-06,2.2270472e-06,3.2544626e-06,4.637873e-07,7.128433e-07,7.114787e-07,8.241419e-07,2.0483092e-06,1.8926601e-05,3.2747303e-05,3.379474e-05,3.102618e-05,4.274271e-05
1055420,DoS,TreeSHAP,0.5290457606315613,0.5289484116534652,7.176213095607167e-06,0.00084004825,7.1669194e-05,5.5156168e-05,4.157832e-06,4.3559953e-07,3.9727843e-07,3.2250833e-07,3.0933077e-07,5.1501803e-07,4.786047e-07,4.637873e-07,1.1052919e-06,1.2937691e-06,2.052365e-06,1.9997765e-06,3.0203657e-06,4.934234e-06,1.0737322e-05,6.626512e-06,5.7320303e-06
1055420,DoS,Random,0.5290457606315613,0.5288138701578646,8.010648722774285e-06,0.00084004825,0.00084004825,0.00017920672,0.00013868994,0.00013868994,4.6225192e-05,4.6225192e-05,4.1630563e-05,4.0084047e-05,8.0566515e-06,4.637873e-07,4.637873e-07,1.8855774e-06,2.834768e-06,2.834768e-06,4.3814225e-06,4.3814225e-06,4.559801e-06,4.337737e-06,1.6236927e-05
1048475,DoS,LIME,0.168539360165596,0.16738596072079873,5.054628540948399e-05,0.009852339,0.00088789355,0.0006968257,4.9377904e-05,2.3300616e-05,8.930889e-06,7.549321e-06,3.1799002e-06,2.269166e-06,2.3288435e-06,7.7631546e-07,1.2930745e-06,1.5279786e-06,4.130359e-06,8.117757e-06,1.0245037e-05,9.743786e-06,1.5329439e-05,1.6255524e-05,1.7771123e-05
1048475,DoS,TreeSHAP,0.168539360165596,0.15762554201937745,1.1996738807060164e-05,0.10026419,0.002572996,0.0017812817,0.0018181801,0.0008748444,0.0005920996,0.00043909936,0.0002722711,0.00027305924,0.0002501583,1.9157281e-07,9.421115e-07,1.2139219e-06,1.8479751e-06,1.8204626e-06,2.044523e-06,2.3914868e-06,2.9206376e-06,3.936564e-06,2.9099722e-06
1048475,DoS,Random,0.168539360165596,0.12985745879632304,1.3305446967977887e-05,0.14716223,0.094022095,0.083685435,0.05958743,0.0011666486,0.0006274821,0.00037770992,0.00010072228,4.4630622e-05,4.4630622e-05,1.1510397e-07,1.0337073e-07,8.786966e-08,1.4265854e-07,4.3634077e-06,2.680379e-06,3.1666857e-06,4.690894e-06,3.5372732e-06,3.5372732e-06
1896371,DoS,LIME,0.6090668439865112,0.6090077796633239,0.0995685278368159,0.0005031205,5.808165e-05,6.175429e-06,5.380802e-06,5.592006e-06,5.840684e-06,2.4341218e-06,1.899938e-06,9.4563194e-07,1.1724923e-06,0.00029742107,0.0009456144,0.009590746,0.010856349,0.042226315,0.08069764,0.10483757,0.099905916,0.14109458,0.11598678
1896371,DoS,TreeSHAP,0.6090668439865112,0.6089834672601228,0.002492631684467971,0.0005031205,0.00014457434,0.00012862813,8.53508e-06,1.016651e-05,1.1806609e-05,1.1806622e-05,6.9026864e-06,6.3389966e-06,1.8878081e-06,0.00029742107,0.0001493455,0.00029103694,0.0007649592,0.000714415,0.0012439092,0.0011235891,0.003514547,0.0035636143,0.0035189558
1896371,DoS,Random,0.6090668439865112,0.2685788796676206,0.0005416255835127719,0.5799821,0.68262446,0.6912196,0.68825555,0.7622979,0.00012214397,0.00010981857,0.00010981857,9.108538e-05,6.711085e-05,5.227291e-07,1.3659027e-06,1.2285681e-06,1.2717138e-06,1.2717136e-06,0.0007003084,0.0007485858,0.0005369738,0.00054189697,0.0007654363
1392263,DoS,LIME,0.6979573369026184,0.6979091912367039,0.008622383848382818,0.00037449598,6.419145e-05,6.6512075e-06,5.4857587e-06,5.4972124e-06,5.682725e-06,5.301019e-06,4.740688e-06,4.5297807e-06,4.880833e-06,0.00012865497,0.00052065076,0.0058210506,0.0047429213,0.0057962155,0.008263158,0.007116791,0.005455885,0.00784246,0.014492776
1392263,DoS,TreeSHAP,0.6979573369026184,0.6979093235529831,0.0009419949602387952,0.00037449598,6.711867e-05,6.884459e-06,7.3207134e-06,5.746247e-06,5.9971344e-06,5.8820824e-06,3.358836e-06,2.2785666e-06,1.0508028e-06,0.00012865497,0.00013723648,0.00028107353,0.00036357722,0.0006873101,0.00095801684,0.00095025694,0.0007377316,0.0012533173,0.0010775478
1392263,DoS,Random,0.6979573369026184,0.6280237941718951,0.0017281683283615638,0.69795734,0.00037449598,0.0001222837,0.000125664,0.000125664,0.00016273852,0.00014285238,0.00012053143,0.00010558034,9.8280056e-05,2.405772e-07,0.00012865497,0.0010865307,0.0018324262,0.0018324262,0.0014001202,0.0013455346,0.0012411192,0.0011752849,0.0020195397
1217886,DoS,LIME,0.9466548562049866,0.9466388871639083,0.011422918497984508,0.00014935563,5.8880532e-06,2.2860095e-06,3.3557956e-07,3.5374026e-07,3.141446e-07,3.3199174e-07,3.0262592e-07,2.5698446e-07,2.6564777e-07,0.00014740297,0.0008788223,0.0010566565,0.010794122,0.010435163,0.006693658,0.008014702,0.025609273,0.023104142,0.02140167
1217886,DoS,TreeSHAP,0.9466548562049866,0.9466356829888355,0.009287514466637028,0.00014935563,5.8880532e-06,5.615011e-06,4.393441e-06,4.7462067e-06,4.6475084e-06,4.969489e-06,4.418339e-06,3.6066854e-06,4.091794e-06,0.00014740297,0.0008788223,0.0008972777,0.001657232,0.0031360802,0.003290448,0.0058120047,0.009222395,0.023524597,0.039354444
1217886,DoS,Random,0.9466548562049866,0.2938484190031886,4.287538111494907e-07,0.90575397,0.9585538,0.95795345,0.95795345,0.9097372,0.8235279,0.8080788,0.11356505,0.08308441,0.009856315,1.6888269e-07,1.9905069e-07,2.0355914e-07,2.0355914e-07,1.8517576e-07,1.8517576e-07,1.963117e-07,1.1276206e-06,7.526119e-07,8.3687166e-07
1242761,DoS,LIME,0.7314943075180054,0.7314784519626756,0.0010090060236757766,9.731498e-05,5.7563952e-06,6.930398e-06,6.8090512e-06,1.0164688e-05,6.48632e-06,6.9441935e-06,5.949875e-06,6.1097385e-06,6.0899138e-06,0.000106152555,0.0005300361,0.00052496407,0.0008014394,0.00079035066,0.0007559407,0.00086601253,0.0008522426,0.00088681956,0.0012668644
1242761,DoS,TreeSHAP,0.7314943075180054,0.7314718163192652,0.0007851209867845737,9.731498e-05,9.99292e-05,5.9110625e-06,5.501853e-06,4.166738e-06,4.153217e-06,3.982653e-06,1.3462789e-06,1.3881817e-06,1.2178205e-06,0.000106152555,0.0001104694,0.0005515753,0.0006488967,0.0006238664,0.0008942089,0.0008577407,0.0005948092,0.0007274941,0.00062790164
1242761,DoS,Random,0.7314943075180054,0.7142862667795271,1.4587625239447889e-05,0.04653303,0.043623928,0.03260213,0.03228804,0.0029141223,0.00205355,0.0022780953,0.0019413382,0.0031447571,0.0047014146,9.668788e-07,9.875145e-07,1.116626e-06,1.116626e-06,1.1177723e-05,1.5549374e-05,1.9729801e-05,1.8167804e-05,1.8167804e-05,1.9727502e-05
1632351,DoS,LIME,0.7033072710037231,0.7032716683043873,0.013121941193799282,0.00026674388,1.2650594e-05,1.2604611e-05,1.3236748e-05,9.209633e-06,8.78793e-06,9.903078e-06,7.630174e-06,7.630172e-06,7.630172e-06,0.00014740297,0.0008788223,0.0010240958,0.0014027837,0.0022942743,0.013651499,0.012838318,0.020459892,0.019541241,0.020049244
1632351,DoS,TreeSHAP,0.7033072710037231,0.6811390642457354,0.0012823332111075027,0.22146149,7.910269e-05,7.910269e-05,9.135466e-06,1.3022374e-05,2.1435115e-05,1.1014835e-05,2.946461e-06,2.405179e-06,2.4129722e-06,2.3248998e-07,0.000217293,0.000217293,0.001437807,0.0012676514,0.0009110843,0.0015215921,0.0010061907,0.0011547834,0.0012848142
1632351,DoS,Random,0.7033072710037231,0.5768337303641602,0.00043761284505641236,0.7033073,0.5595756,0.00020817564,0.00020817564,0.0002677758,0.0002509563,0.000333456,0.0003557138,0.00015130118,7.6963726e-05,2.2176353e-07,2.733216e-07,0.00018169358,0.00018169358,0.00037803227,0.00026307293,0.00034842285,0.00042548197,0.0007402604,0.00055861013
1126551,DoS,LIME,0.5043579936027527,0.504287593952722,1.5622307079992565e-05,0.00036868572,3.9971314e-05,3.4407738e-05,3.5029596e-05,3.502886e-05,4.2829608e-05,5.2211777e-05,3.8343864e-05,2.7831979e-05,2.9656041e-05,6.866688e-06,9.8711325e-06,9.87027e-06,1.0376232e-05,1.0376026e-05,8.208103e-06,6.6702537e-06,6.2359222e-06,4.6319697e-06,5.6857616e-06
1126551,DoS,TreeSHAP,0.5043579936027527,0.5043027148941974,1.7444728133429874e-05,0.00036868572,3.9971314e-05,4.069373e-05,3.7303813e-05,4.433167e-05,5.344535e-06,4.60441e-06,3.4820946e-06,3.767743e-06,4.6020527e-06,6.866688e-06,9.8711325e-06,1.0377169e-05,6.9902976e-06,5.561746e-06,8.383764e-06,8.535733e-06,1.4159086e-05,7.44156e-06,9.796706e-06
1126551,DoS,Random,0.5043579936027527,0.3696365949261235,7.518954483514921e-06,0.4717043,0.3745705,0.3522697,0.14793397,0.000106551764,0.000106551764,0.00012951421,0.00012951421,0.00013075111,0.00013262658,8.005972e-08,7.110359e-08,7.051353e-08,7.810704e-08,7.354533e-06,7.354533e-06,4.987522e-06,4.987522e-06,5.561263e-06,7.3772903e-06
1736916,DoS,LIME,0.7262800335884094,0.7262152997709108,0.014875620560253105,0.00045177393,6.7436165e-05,7.761736e-05,1.0822219e-05,9.752937e-06,7.703272e-06,7.088303e-06,5.5391447e-06,4.7066474e-06,4.898195e-06,0.00012865497,0.00052065076,0.0005375496,0.0060082558,0.009187192,0.009215811,0.011912422,0.010078858,0.02785227,0.032597
1736916,DoS,TreeSHAP,0.7262800335884094,0.7262260778344967,0.00214466288227361,0.00045177393,6.284209e-05,5.6119447e-06,5.40572e-06,5.227911e-06,3.1685026e-06,1.4721728e-06,1.5314724e-06,1.2618985e-06,1.2618985e-06,0.00012865497,0.00013723648,0.00028107353,0.0003830374,0.0020007177,0.002538641,0.0019157758,0.0017335287,0.0032287966,0.0032287966
1736916,DoS,Random,0.7262800335884094,0.25300200581550597,1.7937189349163083e-06,0.8316729,0.64997655,0.4052105,0.47828642,0.5865141,0.42839587,0.36136243,0.3232413,0.3340601,0.3340601,3.845575e-07,3.610696e-07,1.066242e-06,1.8887458e-06,1.703566e-06,2.0749035e-06,1.8841799e-06,1.4485681e-06,1.1077957e-06,1.1077957e-06
1439727,DoS,LIME,0.649533212184906,0.6494913261971874,0.008180899897397158,0.00033964525,1.6589132e-05,1.6372893e-05,1.6372907e-05,7.552657e-06,8.383758e-06,8.176467e-06,4.732303e-06,5.7820256e-07,4.5630526e-07,0.000106152555,0.0005300361,0.0005524518,0.00055981224,0.00075322983,0.0018357589,0.0017876496,0.001727348,0.022360558,0.022924667
1439727,DoS,TreeSHAP,0.649533212184906,0.6494943880565757,0.0007455231042820788,0.00033964525,1.6589132e-05,7.1142467e-06,7.114291e-06,7.348448e-06,2.6307525e-06,2.1756446e-06,2.1246192e-06,2.483063e-06,1.0158338e-06,0.000106152555,0.0005300361,0.00035007254,0.00048807732,0.0005056298,0.00032593697,0.00030480188,0.00033075674,0.0005646479,0.0013363082
1439727,DoS,Random,0.649533212184906,0.24824098339886405,4.530076988758526e-05,0.6821408,0.49170706,0.43937922,0.43937922,0.5947878,0.70188075,0.66257167,0.00038552994,0.0003815381,0.00030870727,1.9139613e-07,1.5975604e-07,1.6370883e-07,1.6370883e-07,2.632938e-07,1.9466314e-07,1.6233645e-07,7.479878e-05,0.000110015,0.00010813091
1362406,DoS,LIME,0.9003431797027588,0.9003210563468059,0.011472882494777313,0.00020696124,6.8172303e-06,4.0111327e-06,5.1537046e-07,5.530966e-07,5.7200856e-07,4.0413755e-07,4.4709927e-07,4.796857e-07,4.7256015e-07,0.00014740297,0.0008788223,0.00065574446,0.005875408,0.007996271,0.015326721,0.015497814,0.017332815,0.018665323,0.020918997
1362406,DoS,TreeSHAP,0.9003431797027588,0.9003191455273282,0.0015018552715141728,0.00020696124,6.8172303e-06,4.0111327e-06,3.9949346e-06,3.8338794e-06,3.64595e-06,3.8462736e-06,3.1076777e-06,3.0615172e-06,1.0619206e-06,0.00014740297,0.0008788223,0.00065574446,0.0006646645,0.0011342383,0.0012386198,0.0015958057,0.0022022014,0.0029895788,0.0020147727
1362406,DoS,Random,0.9003431797027588,0.04053957462310791,2.6511312256838507e-07,0.91455317,0.9141761,0.9233805,0.91506964,0.81052923,0.8543822,0.86831534,0.8729791,0.874371,0.65027976,2.2366405e-07,2.1035514e-07,2.1761244e-07,2.3211273e-07,1.7691325e-07,2.2671716e-07,2.2477077e-07,2.9174345e-07,2.9174342e-07,2.9129552e-07
1069485,DoS,LIME,0.47323450446128845,0.4732134464354772,0.00906375489125181,0.00015299782,3.3346765e-05,4.3305836e-06,4.008519e-06,4.0032787e-06,4.3498662e-06,1.8632699e-06,1.8632699e-06,1.8632699e-06,1.9536176e-06,0.00012865497,0.00052065076,0.0058210506,0.008407182,0.008691886,0.0066058487,0.0034526086,0.0034526086,0.0034526086,0.0023597144
1069485,DoS,TreeSHAP,0.47323450446128845,0.473212080532312,0.004282525742146209,0.00015299782,4.040833e-05,5.269925e-06,5.3755484e-06,5.189426e-06,3.4852562e-06,2.9236317e-06,2.923749e-06,2.7870922e-06,2.878514e-06,0.00012865497,0.00013723648,0.00028107353,0.00033477345,0.000505532,0.0010717119,0.0053945943,0.0043118577,0.003788856,0.004312098
1069485,DoS,Random,0.47323450446128845,0.1673213079571724,8.639666747222393e-06,0.4732345,0.39593917,0.502045,0.51606846,0.5474122,0.27446088,0.14446324,0.18899317,0.007820221,0.008695124,2.405772e-07,2.9053265e-07,3.2557764e-07,3.269448e-07,3.2011332e-07,1.5436538e-06,1.8986113e-06,2.0724924e-06,1.2295907e-05,2.157147e-05
1741245,DoS,LIME,0.49008163809776306,0.49004122857959376,0.016154578674176898,0.00030996732,4.580806e-05,6.0416214e-06,5.977557e-06,5.9775584e-06,5.9775575e-06,6.377501e-06,5.072979e-06,6.170941e-06,6.7240853e-06,0.00012865497,0.00052065076,0.0058210506,0.011261334,0.00932491,0.008657111,0.008934173,0.005574363,0.008122802,0.020825572
1741245,DoS,TreeSHAP,0.49008163809776306,0.49003918347848413,0.00468491002429336,0.00030996732,7.508025e-05,5.613398e-06,4.4282174e-06,4.13724e-06,3.8154953e-06,5.4278066e-06,5.83271e-06,5.634606e-06,4.6091495e-06,0.00012865497,0.00013723648,0.00028107353,0.00020040083,0.00027033937,0.0011012214,0.003454999,0.0058497465,0.0057686293,0.005767585
1741245,DoS,Random,0.49008163809776306,-0.03677082657814026,6.930624713467963e-07,0.44469416,0.44469416,0.45424652,0.6323996,0.6323996,0.6323996,0.6927981,0.44434735,0.4998028,0.39074272,2.4637842e-07,2.4637842e-07,2.5527555e-07,2.9293588e-07,2.9293588e-07,2.100727e-07,2.4270634e-07,7.2195195e-07,4.885532e-07,3.9938337e-07
1936178,DoS,LIME,0.4565111994743347,0.4565058433877368,0.018163261995352648,4.3641e-05,1.9515496e-06,2.1101398e-06,1.9760637e-06,1.927769e-06,3.410135e-07,3.456415e-07,3.456415e-07,4.1944338e-07,5.02603e-07,0.00014740297,0.0008788223,0.0013782956,0.0012905663,0.0012728712,0.011001139,0.012934085,0.013089719,0.020873383,0.020051038
1936178,DoS,TreeSHAP,0.4565111994743347,0.4565036904012459,0.002590314815784385,4.3641e-05,1.9515496e-06,2.5358686e-06,2.661523e-06,2.8842169e-06,4.0587065e-06,3.6840927e-06,5.4176394e-06,5.886733e-06,2.3694001e-06,0.00014740297,0.0008788223,0.00075392675,0.00056410796,0.0005397537,0.0005967899,0.0017705762,0.0016422791,0.0024572625,0.0024741555
1936178,DoS,Random,0.4565111994743347,0.33627612050113387,0.0003776055726266411,0.32362357,0.29727098,0.29727098,0.2835268,7.2962066e-05,6.489221e-05,0.00013939958,0.00015037777,0.00011960972,0.00011120563,4.3188817e-07,2.9307503e-07,2.9307503e-07,3.1777e-07,0.0003164132,0.00031269915,0.00043177675,0.00027673208,0.0001976224,0.00018723235
1460502,DoS,LIME,0.8657068610191345,0.8655824158598989,0.007729167891637865,0.00080219907,9.403697e-05,9.766998e-05,8.2898376e-05,0.00010479178,1.41559e-05,1.4155894e-05,1.9297098e-05,8.789475e-06,6.4570477e-06,0.00029742107,0.0009456144,0.00094559713,0.00088300655,0.0010361425,0.011026038,0.0106100235,0.0068036714,0.016533604,0.017830819
1460502,DoS,TreeSHAP,0.8657068610191345,0.8655941783752497,0.002061387701766527,0.00080219907,0.00016274163,0.00012018445,1.0597311e-05,6.626583e-06,5.503349e-06,6.1455603e-06,4.7036856e-06,4.230581e-06,3.894219e-06,0.00029742107,0.0001493455,0.00029103694,0.0007649592,0.0010716321,0.0009590196,0.0018847291,0.004328107,0.0029294079,0.005169915
1460502,DoS,Random,0.8657068610191345,0.27748661139048636,0.00015761076827528508,0.86570686,0.81237394,0.8606407,0.8606407,0.75889355,0.5690055,0.57383,0.58034366,0.00044391936,0.00032365948,2.405772e-07,2.2565702e-07,1.9541507e-07,1.9541507e-07,1.8622839e-07,2.1987498e-07,2.0337768e-07,2.7555203e-07,0.00055742695,0.00080527825
1370283,DoS,LIME,0.3573506474494934,0.3572429852494679,2.9424534687514907e-05,0.0007355408,6.137059e-05,5.1624414e-05,5.444499e-05,5.5400644e-05,2.447187e-05,2.2977225e-05,1.6649474e-05,2.4615167e-05,2.9526807e-05,6.866688e-06,1.0761719e-05,8.663078e-06,9.496665e-06,1.042545e-05,1.0252676e-05,9.135959e-06,1.3475087e-05,1.25603165e-05,1.35111295e-05
1370283,DoS,TreeSHAP,0.3573506474494934,0.3572603580532984,4.3273106858280895e-05,0.0007355408,6.137059e-05,4.1532112e-05,2.4679712e-05,2.933626e-05,3.156262e-06,3.2867752e-06,1.988569e-06,1.1589136e-06,8.439509e-07,6.866688e-06,1.0761719e-05,1.3629961e-05,9.868244e-06,7.723467e-06,1.4333361e-05,1.1135067e-05,1.05525805e-05,2.355522e-05,4.621041e-05
1370283,DoS,Random,0.3573506474494934,0.1464480483904481,5.070865987638918e-07,0.35735065,0.43454015,0.4590988,0.2476837,0.28343374,0.13023347,0.11590919,0.032104284,0.02433853,0.024333496,9.698171e-08,9.698171e-08,1.0135409e-07,1.6031309e-07,1.749927e-07,1.7290566e-07,1.6035081e-07,3.0254841e-07,3.0456832e-07,2.4108084e-07
1465498,DoS,LIME,0.8196397423744202,0.8196276248046303,0.009576256594571281,0.00010385196,4.607657e-06,4.160573e-06,3.7743841e-06,1.6563197e-06,1.628809e-06,2.6730038e-07,2.95091e-07,4.2390454e-07,5.0969686e-07,0.00014740297,0.0008788223,0.000915903,0.0009883463,0.0010669995,0.0014483706,0.01810547,0.015645074,0.019947216,0.019347213
1465498,DoS,TreeSHAP,0.8196397423744202,0.8196245097314773,0.004293008511375638,0.00010385196,2.9991008e-05,2.0681516e-06,3.3278343e-06,3.2927442e-06,3.2079588e-06,3.164207e-06,1.217079e-06,1.0488064e-06,1.1566779e-06,0.00014740297,0.00015491004,0.0009487407,0.0007186428,0.004398504,0.0048408676,0.0064457096,0.0043938886,0.0058488497,0.0072896867
1465498,DoS,Random,0.8196397423744202,0.6102523362031207,2.008508090528166e-06,0.797766,0.5782376,0.6068394,0.022565916,0.021002762,0.028052118,0.01691828,0.016319046,0.0057471385,0.00042582047,2.8119578e-07,2.4057502e-07,2.3301948e-07,8.15417e-07,1.0049926e-06,1.0396632e-06,1.1460816e-06,1.0388912e-06,1.3307007e-06,9.331995e-06
994229,DoS,LIME,0.5537520051002502,0.553701411867155,0.031348915769873406,0.00036253937,6.212189e-05,4.778767e-05,5.977495e-06,7.0189967e-06,7.0189976e-06,4.3956056e-06,3.4484463e-06,2.9634737e-06,2.6603786e-06,0.00029742107,0.0009456144,0.00094558933,0.009588667,0.016685138,0.0134253055,0.029880848,0.027339501,0.028451849,0.046035316
994229,DoS,TreeSHAP,0.5537520051002502,0.5536831637178693,0.00185678686099343,0.00036253937,0.00012263759,0.00013798916,1.2180697e-05,9.9206e-06,1.086664e-05,1.0557652e-05,1.0090935e-05,5.932874e-06,5.6983017e-06,0.00029742107,0.0001493455,0.00012545164,0.00026761222,0.00030937183,0.0007646164,0.0018256292,0.0004770025,0.0028755954,0.0031899484
994229,DoS,Random,0.5537520051002502,0.19107938855886458,2.062158647046812e-06,0.53849274,0.5908066,0.5957276,0.27958888,0.27958888,0.41337806,0.41337806,0.4447191,0.026476156,0.044570062,2.405772e-07,1.803883e-07,2.3854142e-07,8.302813e-07,8.302813e-07,8.3139133e-07,8.3139133e-07,7.82579e-07,3.4839695e-06,3.1698444e-06
1125246,DoS,LIME,0.6526750326156616,0.6526641288322367,0.00668123582771617,9.085595e-05,3.930355e-06,3.5204025e-06,2.8047168e-06,2.3362295e-06,2.0306645e-06,2.3806526e-06,4.1946288e-07,4.292752e-07,3.3012293e-07,0.00014740297,0.0008788223,0.0008216376,0.00078060845,0.00061291887,0.000700628,0.0011710541,0.012886496,0.012646109,0.012961082
1125246,DoS,TreeSHAP,0.6526750326156616,0.6526633895661973,0.001493870480108803,9.085595e-05,3.930355e-06,4.1285393e-06,3.3381264e-06,3.3564063e-06,3.8054693e-06,3.9418787e-06,1.2538904e-06,9.205529e-07,8.99324e-07,0.00014740297,0.0008788223,0.0008605288,0.00066466513,0.0008530656,0.0010231069,0.0017430525,0.0010288376,0.00079143216,0.0017592058
1125246,DoS,Random,0.6526750326156616,0.10927098095417023,3.7486903608599043e-07,0.65267503,0.70200914,0.7076779,0.71512604,0.4109421,0.44056347,0.44056347,0.43997052,0.45621964,0.4682932,2.2176353e-07,2.7627405e-07,2.48423e-07,2.4274465e-07,2.8346452e-07,2.88218e-07,1.7830604e-07,1.942315e-07,1.7296904e-07,3.4028233e-07
1895557,DoS,LIME,0.376295804977417,0.3552394947299035,1.127398442121087e-05,0.20275624,0.0025029585,0.002340775,0.0016332545,0.0010866272,6.3396066e-05,5.734053e-05,6.107128e-05,3.8856313e-05,2.2582102e-05,1.1313883e-07,1.4285725e-06,1.4164798e-06,1.4695041e-06,1.4710357e-06,5.581467e-06,8.129675e-06,7.0430115e-06,7.7504e-06,8.020244e-06
1895557,DoS,TreeSHAP,0.376295804977417,0.36834619305445815,4.866988686795322e-06,0.06406466,0.003443051,0.002885587,0.002029884,0.0013396716,0.0013231538,0.0010391802,0.0011691122,0.0012777748,0.0009240456,1.761769e-07,8.3245243e-07,9.798694e-07,1.2008334e-06,1.4012065e-06,1.752729e-06,1.688199e-06,2.09747e-06,2.0286677e-06,6.1566693e-06
1895557,DoS,Random,0.376295804977417,0.2362348894996103,1.1089695338136018e-06,0.34390372,0.30839148,0.13477097,0.16035977,0.14527792,0.11798291,0.111527085,0.072426535,0.0051728403,0.0007959209,5.626505e-08,5.6835308e-08,5.9110867e-08,6.005306e-08,6.4559984e-08,1.2479585e-07,1.2479585e-07,1.2479583e-07,4.0595808e-07,3.095836e-06
1205080,DoS,LIME,0.6983432173728943,0.6983146671331838,0.002869618294198957,0.00023947218,1.0617129e-05,9.540255e-06,9.494295e-06,6.4505684e-06,4.4160283e-06,3.8369058e-06,5.2911946e-07,5.7295716e-07,5.729574e-07,0.000106152555,0.0005300361,0.00053709844,0.00055981224,0.00075322983,0.00037918074,0.0004265235,0.0054140966,0.0062164837,0.005117171
1205080,DoS,TreeSHAP,0.6983432173728943,0.6983035314626136,0.002394661506065718,0.00023947218,0.00012441729,8.9663e-06,6.6763314e-06,5.697943e-06,5.5218425e-06,1.8486112e-06,1.5723832e-06,1.355046e-06,1.3311752e-06,0.000106152555,0.00015232855,0.0007781997,0.0010167452,0.0010670458,0.0008567697,0.00067514495,0.0007291334,0.0032622048,0.008079232
1205080,DoS,Random,0.6983432173728943,0.631856520101428,1.6320406689532745e-06,0.28428012,0.13037539,0.13037539,0.01628216,0.016387742,0.021697413,0.022022497,0.019119848,0.008869237,0.015457184,2.0646914e-07,7.5937635e-07,7.5937635e-07,1.684682e-06,1.1413237e-06,1.2680083e-06,1.2540904e-06,1.303523e-06,1.7620196e-06,1.2583769e-06
1248049,DoS,LIME,0.4595105051994324,0.4594897042206469,0.007982637799837261,0.00014350597,6.912379e-06,1.1341115e-05,1.2687144e-05,1.2687145e-05,1.6790349e-05,1.4718166e-06,1.0719612e-06,8.3770055e-07,7.0421055e-07,0.000106152555,0.0005300361,0.0009802235,0.00093794847,0.0007937672,0.0005446153,0.00617031,0.006513978,0.008944209,0.011159818
1248049,DoS,TreeSHAP,0.4595105051994324,0.4594917721185766,0.0007443614247282538,0.00014350597,6.912379e-06,8.636736e-06,6.3250195e-06,4.9383307e-06,3.9422293e-06,3.648363e-06,3.1979548e-06,3.1979537e-06,3.0258748e-06,0.000106152555,0.0005300361,0.00046827339,0.00056582154,0.00041883005,0.00032594783,0.00022030289,0.00024831676,0.00025689986,0.0002798383
1248049,DoS,Random,0.4595105051994324,-0.013562631607055665,1.021834388244784e-06,0.5169636,0.49024823,0.49026334,0.46211845,0.59628844,0.57668376,0.5748788,0.57285815,0.43303367,0.0173949,2.1791416e-07,3.3947362e-07,3.195569e-07,3.2969726e-07,3.3348852e-07,3.486653e-07,3.486653e-07,3.6771644e-07,2.885728e-07,1.8016859e-06
1269983,DoS,LIME,0.7495930194854736,0.7495179518984969,0.022038681715230275,0.00065333623,5.277109e-05,7.2175653e-06,5.590757e-06,5.590757e-06,5.5907562e-06,4.9134005e-06,7.74755e-06,4.373952e-06,3.5438088e-06,0.00029742107,0.0009456144,0.009590746,0.016548002,0.01655873,0.018080607,0.030609567,0.018651241,0.029113863,0.024804614
1269983,DoS,TreeSHAP,0.7495930194854736,0.749499981318786,0.0012791806263231463,0.00065333623,0.00012845543,9.382624e-05,5.7838997e-06,5.7838865e-06,4.4244875e-06,9.883078e-06,1.1703203e-05,8.06208e-06,9.12313e-06,0.00029742107,0.0001493455,0.00029103694,0.0007649592,0.00088945805,0.0018265991,0.0015738009,0.0012818946,0.0011702537,0.00134388
1269983,DoS,Random,0.7495930194854736,0.037203216552734376,6.662015939720245e-07,0.74309325,0.7503179,0.70559305,0.713712,0.71942437,0.6991253,0.6991253,0.7173523,0.68807733,0.68807733,2.405772e-07,2.950417e-07,2.7642034e-07,6.002225e-07,5.9283497e-07,6.636587e-07,4.759287e-07,5.01478e-07,6.7381933e-07,6.7381933e-07
1851042,Exploits,LIME,0.905583381652832,0.905541932053552,0.012678927668344088,0.00032090966,5.4162632e-05,7.993972e-06,3.2471073e-06,3.3674305e-06,4.4240037e-06,5.3400518e-06,4.880106e-06,4.4651124e-06,5.7059156e-06,0.00012865497,0.00052065076,0.005568848,0.008541145,0.014650436,0.007461773,0.009061188,0.023018869,0.021803766,0.024062928
1851042,Exploits,TreeSHAP,0.905583381652832,0.9055443943087766,0.0005793546429470799,0.00032090966,3.4562272e-05,3.251451e-06,3.2514506e-06,4.3286354e-06,5.8976498e-06,4.5093398e-06,4.298541e-06,5.409995e-06,3.4544444e-06,0.00012865497,0.00013723648,0.00028107353,0.000373322,0.00020692231,0.0002235894,0.00086801196,0.0008880847,0.00067081227,0.0014688318
1851042,Exploits,Random,0.905583381652832,0.015600132942199706,3.973453629025953e-07,0.9055834,0.92459255,0.8536842,0.8536842,0.90063375,0.9009602,0.9009602,0.89378655,0.8940432,0.87190425,2.405772e-07,2.45358e-07,4.1037396e-07,4.1037396e-07,5.1173555e-07,4.7776075e-07,3.4261592e-07,3.4261592e-07,3.1901502e-07,2.9786725e-07
1118520,Exploits,LIME,0.9973825812339783,0.9970257681289922,0.01438604761713811,0.0031658588,0.000337011,2.9302064e-05,7.257419e-06,5.658196e-06,4.44259e-06,6.3601956e-06,5.096359e-06,4.191186e-06,2.9532364e-06,0.00012865497,0.00052065076,0.005568848,0.008541145,0.009413536,0.02665029,0.019294892,0.023150906,0.024824347,0.025390675
1118520,Exploits,TreeSHAP,0.9973825812339783,0.997020898595838,0.0005173494928235328,0.0031658588,0.00032943903,9.372251e-05,5.8591436e-06,4.903443e-06,4.903445e-06,4.31935e-06,2.7678852e-06,3.0071772e-06,2.0455939e-06,0.00012865497,0.00012857244,6.917846e-05,0.00014173378,0.00017880976,0.00059557724,0.0005737303,0.00067517685,0.00074732787,0.001921192
1118520,Exploits,Random,0.9973825812339783,0.22020000219345093,7.355922188039894e-07,0.9973826,0.9877648,0.95790523,0.895914,0.82326674,0.7048857,0.6543766,0.635867,0.5849572,0.5295059,2.405772e-07,1.9649526e-07,2.6357608e-07,8.6150146e-07,8.8420427e-07,8.8420444e-07,9.839969e-07,9.377373e-07,9.181435e-07,1.1662324e-06
1878083,Exploits,LIME,0.9732220768928528,0.973121038868203,0.023658637681983116,0.00085042854,0.00010185439,1.1180591e-05,1.1180767e-05,8.99137e-06,8.99137e-06,5.775793e-06,3.4489183e-06,3.2659962e-06,5.2625132e-06,0.00029742107,0.0009456144,0.009590746,0.009563406,0.01644278,0.016869335,0.04802466,0.060155284,0.028875183,0.03948666
1878083,Exploits,TreeSHAP,0.9732220768928528,0.9730519145661674,0.001971492653099527,0.00085042854,0.00064026186,0.00015512314,9.271704e-06,8.2980905e-06,6.3969806e-06,6.396984e-06,8.708342e-06,9.174017e-06,7.5636135e-06,0.00029742107,0.00048052188,0.0010723282,0.0013268793,0.0018979388,0.0022352852,0.0022294198,0.0036161628,0.0034586666,0.0025723777
1878083,Exploits,Random,0.9732220768928528,0.7058712475030916,0.0010532701672352517,0.89267224,0.89267224,0.8861918,0.0007315975,0.0001692256,0.0001604061,0.0001604061,0.00020234128,0.00035889164,0.00018915889,1.6205108e-06,1.6205108e-06,2.9502996e-06,0.0012031925,0.0016692958,0.0017317577,0.0017976343,0.0013182785,0.0011335944,0.0013907135
1428371,Exploits,LIME,0.8287676572799683,0.8287056032668033,0.19002365004379185,0.0004392115,8.192429e-05,6.53808e-05,7.409544e-06,6.230527e-06,5.2481014e-06,4.1338203e-06,3.961083e-06,3.8400526e-06,3.2004152e-06,0.00029742107,0.0009456144,0.0014283356,0.012998587,0.02359674,0.020701163,0.4313907,0.37410113,0.35721275,0.35218206
1428371,Exploits,TreeSHAP,0.8287676572799683,0.8286986067870658,0.00016740723218473105,0.0004392115,9.536922e-05,4.6303852e-05,4.397859e-05,4.395297e-05,4.4963167e-06,4.5902434e-06,5.2204887e-06,4.295677e-06,3.0860765e-06,0.00029742107,0.0001399171,7.347622e-05,5.0081235e-05,8.39642e-05,0.00019019202,0.00012681614,8.958685e-05,0.0001672398,0.00016872238
1428371,Exploits,Random,0.8287676572799683,0.6733251284662402,0.00023946082876991436,0.7759566,0.7759566,0.0003111151,0.0006426454,0.00031732442,0.00023979694,0.0002451333,0.0002451333,0.0003552701,0.00015572738,1.7835663e-07,1.7835663e-07,0.00027491825,0.00023572343,0.00029736073,0.00042003044,0.00025335912,0.00018171842,0.00012280181,0.00019830505
1463275,Exploits,LIME,0.9828525185585022,0.9827081045390968,0.376232941523072,0.0012184411,0.00015347189,1.2621513e-05,9.453193e-06,9.656827e-06,1.0948144e-05,1.1191178e-05,7.950012e-06,4.3500195e-06,6.0563575e-06,0.00012865497,0.00052065076,0.005568848,0.40351313,0.5452457,0.57457703,0.69211066,0.47713313,0.51318,0.48583698
1463275,Exploits,TreeSHAP,0.9828525185585022,0.98271417435908,0.00029626489359929566,0.0012184411,0.00011161161,3.4759687e-05,3.1912941e-06,2.4777175e-06,2.4777185e-06,2.8993593e-06,2.8155084e-06,2.9337248e-06,1.8343148e-06,0.00012865497,0.00012857244,6.917846e-05,0.00014173378,0.00017880976,0.00059557724,0.00040782808,0.00030018314,0.0003165084,0.00064480066
1463275,Exploits,Random,0.9828525185585022,0.4092657558818928,0.0001303815838647135,0.97110873,0.902193,0.9158058,0.7914701,0.756878,0.756878,0.64150184,2.591127e-05,3.0816182e-06,3.081663e-06,2.7573046e-07,9.327488e-07,8.545029e-07,5.527827e-07,2.5634935e-07,2.5634935e-07,2.630886e-07,7.165246e-05,0.0005328613,0.0006735534
1810130,Exploits,LIME,0.9371204972267151,0.9370571688851669,0.007854773328576599,0.00049421564,7.535737e-05,9.441079e-06,1.0037211e-05,8.695051e-06,8.554225e-06,9.019089e-06,8.492764e-06,4.7354947e-06,4.7354947e-06,0.00012865497,0.00052065076,0.0058210506,0.007748772,0.0088145165,0.00879176,0.010225039,0.011054981,0.010309808,0.010193457
1810130,Exploits,TreeSHAP,0.9371204972267151,0.9370598312913672,0.0004575226430960396,0.00049421564,7.119954e-05,5.491571e-06,5.482506e-06,6.1712353e-06,5.409554e-06,5.321942e-06,5.0243084e-06,5.8291635e-06,2.5138982e-06,0.00012865497,0.00013723648,0.00028107353,0.0003830374,0.0004391472,0.00037192015,0.00030174377,0.0005518324,0.0010298067,0.0006630859
1810130,Exploits,Random,0.9371204972267151,0.43997956719249487,1.0055370542938437e-06,0.6665416,0.6565049,0.6890283,0.68852615,0.54235816,0.56166434,0.56166434,0.5698754,0.018227158,0.017018896,2.405772e-07,2.405772e-07,2.5005076e-07,4.4252835e-07,6.24696e-07,5.596931e-07,5.596931e-07,5.001865e-07,2.9631442e-06,3.0419476e-06
1742089,Exploits,LIME,0.9399018287658691,0.939820553626123,0.011347299763915587,0.0006402948,9.14538e-05,1.2032562e-05,1.201021e-05,1.1638889e-05,9.720908e-06,9.1391885e-06,9.572424e-06,7.966359e-06,8.9222485e-06,0.00012865497,0.00052065076,0.0058210506,0.0060082558,0.0061775367,0.008426302,0.0068064714,0.018233908,0.034659665,0.019870976
1742089,Exploits,TreeSHAP,0.9399018287658691,0.9398250119577369,0.0016295633686857502,0.0006402948,8.906441e-05,7.6105284e-06,7.86445e-06,8.317832e-06,3.5043665e-06,2.9263826e-06,3.242495e-06,2.5587917e-06,2.7840217e-06,0.00012865497,0.00013723648,0.00028107353,0.0003830374,0.0020007177,0.0020503956,0.0021811347,0.0025674764,0.0027860333,0.0028005377
1742089,Exploits,Random,0.9399018287658691,0.10579234957695008,3.2622700587405575e-07,0.9401615,0.94229054,0.8473291,0.85016793,0.87123233,0.74524474,0.7771342,0.7876205,0.789957,0.789957,2.3555039e-07,2.498153e-07,2.2208738e-07,2.2107517e-07,2.8818647e-07,3.3715904e-07,3.7009056e-07,3.7009056e-07,3.8607945e-07,3.8607945e-07
1853426,Exploits,LIME,0.8654231429100037,0.8653704098081562,0.0065706214451418795,0.00039735137,5.8793583e-05,8.727747e-06,8.745961e-06,1.05883655e-05,1.05883655e-05,1.05745075e-05,8.252959e-06,8.195306e-06,5.512858e-06,0.00012865497,0.00052065076,0.0058210506,0.005804728,0.0059687076,0.0059687076,0.006160686,0.008089479,0.0077897226,0.010611294
1853426,Exploits,TreeSHAP,0.8654231429100037,0.8653748218839837,0.0014048665429992897,0.00039735137,5.5127337e-05,4.880712e-06,5.043557e-06,5.090018e-06,6.2074123e-06,3.971804e-06,1.8546543e-06,1.8416996e-06,1.8416996e-06,0.00012865497,0.00013723648,0.00028107353,0.0003830374,0.0020007177,0.002128032,0.002369647,0.0016165449,0.0015565485,0.0015565485
1853426,Exploits,Random,0.8654231429100037,0.45363801756175237,1.0758551173667296e-05,0.8781423,0.8781526,0.8875301,0.7780748,0.594756,0.03776949,0.03242416,0.0271612,0.0018760985,0.0019645044,3.0082805e-07,2.99457e-07,3.4537817e-07,3.6634066e-07,1.4229431e-06,4.4159283e-06,4.548503e-06,5.055376e-06,3.4447225e-05,4.190501e-05
1817762,Exploits,LIME,0.9767729043960571,0.9766926295153098,0.009075809090814783,0.00061664,9.136e-05,1.1986756e-05,9.473233e-06,9.825511e-06,1.2059608e-05,1.2059608e-05,1.2059608e-05,1.2610116e-05,1.4674339e-05,0.00012865497,0.00052065076,0.0058210506,0.008418948,0.0076452196,0.008775096,0.008775096,0.008775096,0.013727402,0.026062828
1817762,Exploits,TreeSHAP,0.9767729043960571,0.9767001483701734,0.0021171719441550984,0.00061664,7.340066e-05,6.2452646e-06,6.387382e-06,6.155828e-06,4.718973e-06,4.067339e-06,3.8990547e-06,3.0228668e-06,3.0228628e-06,0.00012865497,0.00013723648,0.00028107353,0.0005717365,0.0012692325,0.0023264363,0.0026356748,0.0028381958,0.0045895674,0.0059021544
1817762,Exploits,Random,0.9767729043960571,0.5438908509910106,3.833954962793999e-06,0.97895503,0.97895503,0.97689193,0.50446504,0.50446504,0.15475681,0.08613223,0.07962046,0.032289475,0.032289475,2.2926744e-07,2.2926744e-07,2.7288567e-07,1.3540855e-06,1.3540855e-06,6.0555763e-06,5.6486624e-06,5.985942e-06,8.159631e-06,8.159631e-06
1561316,Exploits,LIME,0.921676754951477,0.921562463343298,0.007265246024909511,0.00059926434,0.000103317754,0.00013215328,0.00014028086,0.0001358467,1.4013271e-05,6.911186e-06,4.7960507e-06,3.1453333e-06,3.187315e-06,0.00029742107,0.0009456144,0.0015824945,0.0013822622,0.0012817831,0.0134253055,0.015272253,0.017354535,0.0076091583,0.0078112558
1561316,Exploits,TreeSHAP,0.921676754951477,0.9215636465389707,0.0010792658357730012,0.00059926434,0.00023523562,8.8662106e-05,0.00015544679,1.0837555e-05,1.0045398e-05,9.101893e-06,8.260765e-06,7.656308e-06,6.573345e-06,0.00029742107,0.00026380835,0.00021763632,0.00037330342,0.0010281877,0.0014573064,0.0014411092,0.00094157597,0.0022472017,0.0016797932
1561316,Exploits,Random,0.921676754951477,0.8217956520617008,6.549827707996356e-07,0.1545615,0.12172753,0.102819495,0.09468391,0.087368965,0.09422506,0.11010674,0.09312689,0.072031505,0.06815943,3.0319976e-07,3.0319976e-07,2.937124e-07,3.1178934e-07,3.1178934e-07,4.449824e-07,6.5599625e-07,7.121273e-07,1.3642666e-06,1.3357607e-06
1050647,Exploits,LIME,0.9512863159179688,0.9512139419331561,0.011045461546650313,0.0005650571,9.269958e-05,1.2332601e-05,1.0843515e-05,6.5712984e-06,6.6206403e-06,5.6647254e-06,7.191561e-06,8.585763e-06,8.17307e-06,0.00012865497,0.00052065076,0.005568848,0.009795823,0.0098469015,0.010678706,0.01167761,0.01814202,0.014112991,0.02460176
1050647,Exploits,TreeSHAP,0.9512863159179688,0.9512200509134345,0.0008252141022252533,0.0005650571,6.0870425e-05,5.565076e-06,5.5650758e-06,7.4361515e-06,4.7464832e-06,4.5245943e-06,3.7105476e-06,2.7770602e-06,2.3975351e-06,0.00012865497,0.00013723648,0.00028107353,0.000373322,0.00043937183,0.0012723104,0.0013734228,0.0008880847,0.0011476208,0.0018090513
1050647,Exploits,Random,0.9512863159179688,0.29354815679253077,6.455283750971417e-05,0.9551347,0.84211725,0.83536655,0.83536655,0.8551545,0.74713653,0.76733434,0.7397238,2.9772355e-05,1.7593722e-05,1.803883e-07,2.278704e-07,2.4385918e-07,2.4385918e-07,6.1598416e-07,5.0817033e-07,9.3323473e-07,1.1359971e-06,0.0003424662,0.00026752675
1361311,Exploits,LIME,0.9948304295539856,0.9946959980810106,0.006643996470893446,0.0011444446,0.00013823208,1.3327161e-05,1.2786759e-05,8.97187e-06,8.354024e-06,7.0232163e-06,3.4677034e-06,3.2722764e-06,4.435073e-06,0.00012865497,0.00052065076,0.005568848,0.006312903,0.004061776,0.0044831266,0.0059947413,0.010747431,0.013480215,0.014798152
1361311,Exploits,TreeSHAP,0.9948304295539856,0.9946966876902138,0.0004131405768953089,0.0011444446,0.000122845,5.0160637e-05,3.5653743e-06,3.5653748e-06,3.9900046e-06,3.7556767e-06,1.7067912e-06,2.1386095e-06,1.2466011e-06,0.00012865497,0.00012857244,6.731306e-05,0.00013791221,0.00018321014,0.0005795262,0.0006181679,0.0007345107,0.00082134985,0.0007108304
1361311,Exploits,Random,0.9948304295539856,0.6096932378131896,3.5573246745731924e-06,0.99313337,0.9934842,0.38588423,0.29511994,0.29511994,0.37212244,0.34924653,0.14573288,0.015094093,0.0064343032,2.405772e-07,2.8101837e-07,3.774337e-07,4.280316e-07,4.280316e-07,4.5744352e-07,4.5744352e-07,5.809989e-07,2.6255527e-06,2.951282e-05
1567369,Exploits,LIME,0.8265653252601624,0.8264845451174324,0.06828380763895925,0.0006963488,6.358553e-05,8.54012e-06,6.4160795e-06,5.1608195e-06,6.8378686e-06,6.3678267e-06,6.5129784e-06,4.4804183e-06,3.5510013e-06,0.00029742107,0.0009456144,0.009590746,0.018876534,0.028490972,0.042510193,0.058979258,0.11274568,0.17466606,0.1173078
1567369,Exploits,TreeSHAP,0.8265653252601624,0.8264588043672347,0.0025711569985934703,0.0006963488,0.00017127332,0.00014034167,7.818203e-06,9.585219e-06,8.9760115e-06,8.855404e-06,8.4841e-06,1.0577245e-05,2.9489736e-06,0.00029742107,0.0001493455,0.00029103694,0.0007649592,0.00157113,0.0016330037,0.0016330206,0.003273872,0.006240836,0.0053976686
1567369,Exploits,Random,0.8265653252601624,0.297366726398468,3.2959744950669e-07,0.8262437,0.68302256,0.68627644,0.6726478,0.54252356,0.60883754,0.522162,0.522162,0.11405519,0.11405519,2.405772e-07,2.405772e-07,2.809662e-07,2.7352087e-07,2.7466942e-07,2.5727928e-07,2.721254e-07,2.721254e-07,3.0624867e-07,3.0624867e-07
1916191,Exploits,LIME,0.9188392162322998,0.9187885571312563,0.007315369510645216,0.000378964,5.8711863e-05,9.777273e-06,9.9099e-06,9.618316e-06,8.040266e-06,7.4325444e-06,8.335907e-06,8.382423e-06,7.418515e-06,0.00012865497,0.00052065076,0.0058210506,0.0068749785,0.007550698,0.009233921,0.01002575,0.008409931,0.00910099,0.009549853
1916191,Exploits,TreeSHAP,0.9188392162322998,0.9187932159975162,0.0005167528176596393,0.000378964,5.4570053e-05,4.2768884e-06,4.4195835e-06,3.7392147e-06,3.8894736e-06,3.6754677e-06,2.3721007e-06,2.0017026e-06,2.0938603e-06,0.00012865497,0.00013723648,0.00028107353,0.0003830374,0.00060637895,0.00060641306,0.00063054997,0.0007140269,0.0006427081,0.0006180478
1916191,Exploits,Random,0.9188392162322998,0.9185824588468676,0.0001575821693956916,0.000378964,0.00034123965,0.00033510706,0.00033510706,0.00031299802,0.00031299802,0.00043311922,6.23714e-05,2.7834712e-05,2.7834712e-05,0.00012865497,0.00014044222,0.00013767461,0.00013767461,0.00014149319,0.00014149319,0.00014418631,0.0002120584,0.00013212461,0.00013212461
1647670,Exploits,LIME,0.9926887154579163,0.9926015414001995,0.005788340206428837,0.00073178095,8.6711385e-05,9.141215e-06,9.210098e-06,8.84131e-06,4.3608625e-06,5.2196174e-06,5.2196174e-06,5.349673e-06,5.905849e-06,0.00012865497,0.00052065076,0.005568848,0.00961923,0.006176066,0.004757095,0.007956605,0.007956605,0.0074541415,0.0073223016
1647670,Exploits,TreeSHAP,0.9926887154579163,0.9926033839243018,0.00040959713698485335,0.00073178095,7.852158e-05,2.9289093e-05,2.0431105e-06,2.0431107e-06,2.1422559e-06,2.0164432e-06,1.7067912e-06,2.1386095e-06,1.6333904e-06,0.00012865497,0.00012857244,6.731306e-05,0.00013791221,0.00018321014,0.0005795262,0.0006181679,0.00064785854,0.00071546837,0.00085934054
1647670,Exploits,Random,0.9926887154579163,0.45978303635492923,5.159529926249981e-06,0.9926887,0.9861761,0.9698443,0.95755863,0.9449174,0.22114672,0.20990628,0.040281262,0.0033054005,0.0032320472,2.405772e-07,2.4899566e-07,2.6195374e-07,2.5664914e-07,2.5664914e-07,1.1945577e-06,1.6027337e-06,7.796418e-06,2.2581653e-05,1.6777887e-05
1973640,Exploits,LIME,0.8911013603210449,0.8909783930627782,0.00764761821748204,0.0008971315,0.0001302068,0.00013727492,1.4758134e-05,1.2495677e-05,7.5242333e-06,8.465598e-06,8.178636e-06,6.843919e-06,6.793153e-06,0.00012865497,0.00052065076,0.00059705134,0.0066540185,0.008365458,0.009780156,0.009566122,0.010559584,0.010844959,0.011131372
1973640,Exploits,TreeSHAP,0.8911013603210449,0.8909906536306152,0.0004180611400683603,0.0008971315,0.00015008156,1.1015278e-05,8.668723e-06,8.957949e-06,5.8179967e-06,6.6912694e-06,5.976329e-06,6.354468e-06,6.3718244e-06,0.00012865497,0.00013723648,0.00028107353,0.00034558587,0.00041021183,0.00045207102,0.00044731708,0.0005022708,0.00050232885,0.00051859807
1973640,Exploits,Random,0.8911013603210449,0.11330046728253365,1.025942725511132e-06,0.89530855,0.94021684,0.8918176,0.8918176,0.89150774,0.89150774,0.77706987,0.78353274,0.78127337,0.03395682,2.3761618e-07,2.7303454e-07,2.80152e-07,2.80152e-07,3.8753598e-07,3.8753598e-07,1.5441352e-06,1.1198907e-06,1.1198911e-06,3.512247e-06
1441920,Exploits,LIME,0.9624146223068237,0.9623361033212859,0.0055326528152485985,0.0005894579,9.0403824e-05,1.18222215e-05,1.2921501e-05,1.2680368e-05,1.3197219e-05,1.4564902e-05,1.5008315e-05,1.3621413e-05,1.1512168e-05,0.00012865497,0.00052065076,0.0058210506,0.006100498,0.0059947018,0.0056137205,0.0064157792,0.0058644693,0.0080891885,0.008698348
1441920,Exploits,TreeSHAP,0.9624146223068237,0.9623422488692086,0.0004967964405442328,0.0005894579,8.489576e-05,6.585715e-06,6.418394e-06,7.0835654e-06,6.886707e-06,5.7470975e-06,4.9821556e-06,6.0145617e-06,5.6625004e-06,0.00012865497,0.00013723648,0.00028107353,0.0003830374,0.0004391472,0.00037192015,0.00046631336,0.00045561895,0.0008186721,0.0012995675
1441920,Exploits,Random,0.9624146223068237,0.5087461054412415,0.00011865711314940221,0.94896764,0.94071406,0.9362616,0.8590451,0.8501323,0.00022660388,0.00033302436,0.00028830048,0.00035828695,0.00035828695,2.5920355e-07,2.8774733e-07,2.8165965e-07,2.8900195e-07,3.2553285e-07,0.00022192085,0.00025086856,0.00027624544,0.00019574774,0.00019574774
1911217,Exploits,LIME,0.9493409395217896,0.9492946003916132,0.010225202275363969,0.000362881,5.1621508e-05,7.1905447e-06,7.2055445e-06,5.5016417e-06,5.4989546e-06,5.5230657e-06,5.9007984e-06,5.8599444e-06,6.2083063e-06,0.00012865497,0.00052065076,0.0058210506,0.005804728,0.009348268,0.01554603,0.013509784,0.014492421,0.015692212,0.016208235
1911217,Exploits,TreeSHAP,0.9493409395217896,0.9492955310950719,0.0004147427852228137,0.000362881,5.663482e-05,4.0756313e-06,4.2116108e-06,4.501804e-06,4.3197606e-06,4.510936e-06,3.5706792e-06,4.1571748e-06,5.220856e-06,0.00012865497,0.00013723648,0.00028107353,0.0003830374,0.00039830495,0.00039830006,0.00034364182,0.0005808164,0.0005507,0.00073555764
1911217,Exploits,Random,0.9493409395217896,0.36240496318787335,3.4322379086577255e-07,0.9505745,0.88503754,0.87084657,0.7843258,0.7779636,0.7779636,0.7738267,0.016755797,0.01631537,0.015750313,2.3388522e-07,2.399821e-07,2.399821e-07,3.1172368e-07,3.1381998e-07,3.1381998e-07,3.379429e-07,4.2590983e-07,4.371199e-07,4.041781e-07
1711475,Exploits,LIME,0.980461835861206,0.9803655141720811,0.0074855237107144205,0.00074932945,0.00011103573,1.4568658e-05,1.2926627e-05,1.3122141e-05,1.2816946e-05,9.964258e-06,1.512593e-05,1.3013508e-05,1.1313635e-05,0.00012865497,0.00052065076,0.0058210506,0.005804728,0.008305579,0.005550466,0.00782452,0.009234761,0.006078734,0.024123559
1711475,Exploits,TreeSHAP,0.980461835861206,0.9803737124941563,0.0025137144368160094,0.00074932945,8.920741e-05,7.590455e-06,7.763188e-06,7.485214e-06,5.738081e-06,4.4376015e-06,4.2540005e-06,3.661659e-06,1.7666077e-06,0.00012865497,0.00013723648,0.00028107353,0.0005717365,0.0012692325,0.0023264363,0.0026356748,0.0028381958,0.0045895674,0.009868203
1711475,Exploits,Random,0.980461835861206,0.4241919480264187,4.23736352280858e-07,0.9799192,0.9799192,0.97962713,0.9838485,0.98363197,0.21125425,0.17563213,0.085517064,0.09626891,0.087080516,2.760692e-07,2.760692e-07,2.892744e-07,4.3451195e-07,4.2637902e-07,5.446939e-07,4.2238207e-07,3.5094376e-07,5.5787336e-07,5.763764e-07
1897211,Exploits,LIME,0.9960972666740417,0.995832943085793,0.007561253985895783,0.0023457692,0.00024959276,2.1700427e-05,5.223558e-06,4.1856024e-06,3.8963217e-06,3.2937503e-06,3.776446e-06,2.770216e-06,3.0275983e-06,0.00012865497,0.00052065076,0.005568848,0.008541145,0.010062756,0.0075540766,0.008784032,0.007080842,0.013792073,0.013284366
1897211,Exploits,TreeSHAP,0.9960972666740417,0.9958290794452864,0.0005149398299639852,0.0023457692,0.00024394602,6.941004e-05,4.3391565e-06,4.33916e-06,3.5293017e-06,3.1096588e-06,3.3784981e-06,2.3474324e-06,1.7038191e-06,0.00012865497,0.00012857244,6.917846e-05,0.00014173378,0.00018828649,0.00059557724,0.0005737303,0.000635048,0.00074732787,0.001921192
1897211,Exploits,Random,0.9960972666740417,0.27278355285525324,2.6511692651321885e-07,0.99372596,0.99372596,0.9931155,0.9931075,0.99333453,0.99280715,0.4782824,0.3363463,0.3363463,0.122345574,2.5920355e-07,2.5920355e-07,2.4553987e-07,2.4040935e-07,2.2910744e-07,2.1433448e-07,2.6968405e-07,3.0778006e-07,3.0778006e-07,3.0778006e-07
1952406,Exploits,LIME,0.5325421690940857,0.5325150696549372,0.01871616724914168,0.0001952798,4.2566728e-05,5.456935e-06,1.918985e-06,2.2657425e-06,2.178923e-06,3.771868e-06,3.876211e-06,7.17995e-06,6.4992446e-06,0.00012865497,0.00052065076,0.0058210506,0.016836554,0.014449674,0.013880178,0.011905935,0.012285815,0.012569586,0.011273391
1952406,Exploits,TreeSHAP,0.5325421690940857,0.5325140779275443,0.002336789680119088,0.0001952798,5.412787e-05,7.0594647e-06,6.924279e-06,3.9218326e-06,3.5476958e-06,3.0069393e-06,2.1533695e-06,2.4918243e-06,2.398584e-06,0.00012865497,0.00013723648,0.00028107353,0.00033477345,0.00092731044,0.0010717119,0.0006912378,0.003485143,0.0026050152,0.0027822338
1952406,Exploits,Random,0.5325421690940857,0.3924444697528088,0.0002772149600358719,0.5651076,0.20907524,0.20907524,0.2091698,0.20835742,5.175385e-05,5.426489e-05,2.9175226e-05,2.9175226e-05,2.7327067e-05,2.3555039e-07,4.4322096e-07,4.4322096e-07,4.4453574e-07,3.187893e-07,0.0002465605,0.00026451956,0.000324703,0.0003370793,0.00030153888
1174845,Exploits,LIME,0.9383112788200378,0.9382345558804672,0.01971271254346027,0.0006344935,8.319465e-05,1.0022791e-05,9.993175e-06,8.878396e-06,5.8215032e-06,5.375968e-06,3.7449322e-06,3.285565e-06,2.4189314e-06,0.00029742107,0.0009456144,0.009590746,0.013149585,0.016710594,0.018062592,0.019827543,0.02825884,0.024627574,0.053496104
1174845,Exploits,TreeSHAP,0.9383112788200378,0.9382137307361973,0.0011149556762482698,0.0006344935,0.00013469483,0.00015267053,1.0117815e-05,9.095643e-06,7.0209608e-06,7.987871e-06,7.376546e-06,6.4126043e-06,5.6105605e-06,0.00029742107,0.0001493455,0.00012545164,0.00026761222,0.00034598724,0.0008519028,0.00074361096,0.00081837544,0.0022443307,0.004617718
1174845,Exploits,Random,0.9383112788200378,0.4192194866016507,2.044716618368276e-06,0.9063562,0.90533197,0.8711366,0.8036905,0.8036905,0.5628619,0.2731139,0.018158212,0.016547238,0.030030869,4.0378674e-07,4.0378674e-07,4.1444386e-07,2.934115e-07,2.934115e-07,9.879479e-07,1.0432472e-06,4.9831524e-06,5.959635e-06,4.4029834e-06
976674,Exploits,LIME,0.8598578572273254,0.8597900888252298,0.017101744479645496,0.00052145356,7.731348e-05,1.0127102e-05,1.0113833e-05,1.1099318e-05,1.1705395e-05,9.5622645e-06,1.0615816e-05,7.772289e-06,7.920959e-06,0.00012865497,0.00052065076,0.0058210506,0.0060082558,0.007093946,0.012742089,0.015244292,0.02785092,0.040753674,0.030887153
976674,Exploits,TreeSHAP,0.8598578572273254,0.8597946584461624,0.0015156398527182236,0.00052145356,7.252803e-05,6.4337682e-06,6.1973055e-06,6.227213e-06,5.363852e-06,6.9291896e-06,3.4158431e-06,1.6286199e-06,1.810424e-06,0.00012865497,0.00013723648,0.00028107353,0.0003830374,0.0020007177,0.002048681,0.002414984,0.0023430195,0.0017057913,0.0015891532
976674,Exploits,Random,0.8598578572273254,0.27796392142772675,3.179668569266861e-07,0.85985786,0.85985786,0.8117799,0.79940987,0.73080176,0.73919666,0.682531,0.10022714,0.12411675,0.111160554,2.405772e-07,2.405772e-07,2.5699148e-07,2.2908692e-07,2.7727265e-07,2.7147905e-07,2.8065156e-07,3.3517207e-07,3.0112733e-07,3.0112733e-07
1904836,Exploits,LIME,0.9772135019302368,0.9771306902462129,0.008507727651891239,0.0006470727,9.1947986e-05,1.2243206e-05,8.459399e-06,1.0692447e-05,1.16950005e-05,1.31480265e-05,1.2623005e-05,1.0117545e-05,1.0117545e-05,0.00012865497,0.00052065076,0.0058210506,0.008550015,0.0064634094,0.0088592665,0.0087478105,0.011622438,0.016324474,0.0161009
1904836,Exploits,TreeSHAP,0.9772135019302368,0.9771386505029568,0.0012158682092616847,0.0006470727,7.863248e-05,6.4166397e-06,4.2288616e-06,3.3702738e-06,2.379706e-06,3.111375e-06,1.3116824e-06,1.0363167e-06,9.542555e-07,0.00012865497,0.00013723648,0.00028107353,0.00038445773,0.00056945387,0.0016503311,0.0019734935,0.0014249191,0.0027195832,0.0026124243
1904836,Exploits,Random,0.9772135019302368,0.4016230806708336,8.156841119816321e-07,0.9772135,0.9256392,0.79570746,0.8003404,0.6442967,0.58014923,0.60672593,0.141436,0.15396409,0.13043167,2.405772e-07,5.2932904e-07,5.5475374e-07,6.000623e-07,9.801865e-07,6.969511e-07,6.347501e-07,1.1961503e-06,1.1909377e-06,1.3472769e-06
1718805,Exploits,LIME,0.8735562562942505,0.8733912614916335,0.00792985507929193,0.0013146185,0.0002081758,1.8856677e-05,1.9024312e-05,1.9581536e-05,1.795087e-05,1.7354363e-05,1.2396913e-05,1.2328896e-05,9.660152e-06,0.00012865497,0.00052065076,0.0058210506,0.0065289536,0.008203734,0.0086176805,0.008909777,0.0107921,0.00920707,0.010542074
1718805,Exploits,TreeSHAP,0.8735562562942505,0.8733955650581038,0.0022793491667008965,0.0013146185,0.00022199386,1.7772265e-05,1.3095996e-05,1.3532943e-05,1.1799926e-05,3.6217223e-06,3.4860334e-06,3.4955547e-06,3.4955513e-06,0.00012865497,0.00013723648,0.00028107353,0.00034558587,0.00041021183,0.0005660423,0.0011717714,0.0054285093,0.005602954,0.0058393567
1718805,Exploits,Random,0.8735562562942505,0.26889126397582,0.0001021672064659864,0.87355626,0.87355626,0.9089915,0.9089915,0.7864223,0.8006275,0.89385885,0.00029601034,0.00019315632,0.00015652078,1.7252479e-07,1.7252479e-07,1.7252479e-07,1.7252479e-07,3.246295e-07,3.4899344e-07,3.734809e-07,0.00027577754,0.00025759562,0.0003573777
1561116,Exploits,LIME,0.9620015025138855,0.9619243633076167,0.008805331394801653,0.0005799457,8.727198e-05,4.4700366e-05,6.7470055e-06,7.3249807e-06,8.78066e-06,9.271171e-06,9.935198e-06,8.721789e-06,8.693225e-06,0.00012865497,0.00052065076,0.00066460203,0.007826631,0.009368369,0.009544148,0.010800853,0.008727714,0.014593035,0.02253276
1561116,Exploits,TreeSHAP,0.9620015025138855,0.9619304830500368,0.0004992391275868577,0.0005799457,8.3349434e-05,6.3441707e-06,6.182988e-06,6.7200654e-06,5.763984e-06,5.0700146e-06,5.4470906e-06,4.869749e-06,6.5014574e-06,0.00012865497,0.00013723648,0.00028107353,0.0003830374,0.0004391472,0.00037192015,0.0004697669,0.0007662266,0.00085404026,0.0009715842
1561116,Exploits,Random,0.9620015025138855,0.4972652728058165,0.00014596360481966154,0.9620015,0.9662602,0.9211495,0.90491486,0.8916869,0.00052437576,0.0003179563,0.00036990404,6.854956e-05,6.854956e-05,2.405772e-07,2.1854288e-07,1.9428602e-07,1.9897078e-07,1.9388251e-07,0.00012553176,0.00016914439,0.00024754487,0.00043045238,0.00043045238
52554,Exploits,LIME,0.7352129817008972,0.7351112873613147,0.03524758849475554,0.0008143843,8.248203e-05,8.265417e-05,1.0715874e-05,9.585153e-06,5.0729363e-06,3.2553476e-06,3.3963172e-06,2.4885082e-06,2.908741e-06,0.00029742107,0.0009456144,0.0009443517,0.009563406,0.009848906,0.013125471,0.032935005,0.040085867,0.06419688,0.087201916
52554,Exploits,TreeSHAP,0.7352129817008972,0.7350973279015761,0.003907318177222915,0.0008143843,0.00017150777,0.00014403652,8.72197e-06,6.777469e-06,5.50034e-06,1.6220506e-06,1.477616e-06,1.2549749e-06,1.2549749e-06,0.00029742107,0.0001493455,0.00029103694,0.0007649592,0.00157113,0.0017597728,0.0012429421,0.0032495353,0.009306356,0.010094613
52554,Exploits,Random,0.7352129817008972,0.09260935187339783,1.0664489104169078e-06,0.7273772,0.7273772,0.8791399,0.67650086,0.48449498,0.6324719,0.6324719,0.5765437,0.55697536,0.5326833,2.405772e-07,2.405772e-07,3.0082805e-07,1.0810458e-06,1.030225e-06,1.0911531e-06,1.0911531e-06,9.226059e-07,9.1423436e-07,9.282715e-07
68650,Exploits,LIME,0.9972860813140869,0.9969014819093445,0.019316725306908738,0.0030533704,0.00032500367,0.00023296234,0.00017179259,1.3662076e-05,1.225557e-05,1.1224994e-05,1.0884553e-05,7.5899507e-06,7.2479083e-06,0.00012865497,0.00052065076,0.0017396441,0.0017696058,0.017795976,0.0146023445,0.021740055,0.03912188,0.047022127,0.048202075
68650,Exploits,TreeSHAP,0.9972860813140869,0.9969373227511369,0.0005173995528670336,0.0030533704,0.00031770166,9.03825e-05,5.6503222e-06,4.542204e-06,4.5422057e-06,4.0011405e-06,2.563971e-06,2.7856338e-06,2.0455939e-06,0.00012865497,0.00012857244,6.917846e-05,0.00014173378,0.00017880976,0.00059557724,0.0005737303,0.00067517685,0.00074732787,0.001921192
68650,Exploits,Random,0.9972860813140869,0.03321481347084045,1.305303846763847e-06,0.99604887,0.99621165,0.98422396,0.9791296,0.9803452,0.96623915,0.96623915,0.9660551,0.932905,0.873315,4.1424468e-07,3.947702e-07,1.5851606e-06,1.5671915e-06,1.5344455e-06,1.9198224e-06,1.9198224e-06,1.4977908e-06,1.4109766e-06,7.733885e-07
1772338,Exploits,LIME,0.9330933094024658,0.9330247870982475,0.007284113627350954,0.00054834,8.1309205e-05,9.39291e-06,8.7619155e-06,8.7619155e-06,9.545152e-06,6.786902e-06,4.764601e-06,4.764601e-06,2.7958677e-06,0.00012865497,0.00052065076,0.0058210506,0.005622702,0.005622702,0.0067412145,0.009983349,0.008910797,0.008910797,0.015705662
1772338,Exploits,TreeSHAP,0.9330933094024658,0.9330262001112715,0.0004916082992413529,0.00054834,7.9000856e-05,5.9253407e-06,5.7125962e-06,6.4579094e-06,6.1810306e-06,4.62359e-06,5.1877078e-06,5.187709e-06,4.476199e-06,0.00012865497,0.00013723648,0.00028107353,0.0003830374,0.0004391472,0.0005654639,0.00047869358,0.00083315326,0.00070443907,0.0006362648
1772338,Exploits,Random,0.9330933094024658,0.6241058249026536,5.063064574606588e-07,0.9212642,0.9212642,0.9212642,0.07743118,0.0746782,0.055719107,0.034250088,0.034250088,0.024876835,0.024876835,2.5699148e-07,2.5699148e-07,2.5699148e-07,3.2388667e-07,3.224108e-07,3.6501297e-07,8.031182e-07,8.031182e-07,6.6789505e-07,6.6789505e-07
69386,Exploits,LIME,0.9122100472450256,0.9121584816747259,0.006538045751876346,0.00040900338,6.0827773e-05,8.989811e-06,9.229084e-06,8.997039e-06,8.453036e-06,8.42809e-06,6.747399e-07,6.747399e-07,3.7801385e-07,0.00012865497,0.00052065076,0.0058210506,0.0060082558,0.009187192,0.009412714,0.008591087,0.0064578177,0.0064578177,0.0070554684
69386,Exploits,TreeSHAP,0.9122100472450256,0.9121603416315225,0.001447052929454021,0.00040900338,5.6882265e-05,5.061809e-06,5.230715e-06,5.19422e-06,5.325274e-06,2.8178004e-06,3.6176275e-06,1.7710796e-06,2.151968e-06,0.00012865497,0.00013723648,0.00028107353,0.0003830374,0.0020007177,0.0024308679,0.002656581,0.0023795732,0.0016232932,0.0011791271
69386,Exploits,Random,0.9122100472450256,0.9121294663415028,0.0011449582414340502,0.00040900338,6.0827773e-05,5.8359663e-05,5.166826e-05,6.5050925e-05,3.7417023e-05,3.9220013e-05,3.1345204e-05,2.64584e-05,2.64584e-05,0.00012865497,0.00052065076,0.0004977206,0.0006430259,0.000889787,0.0014151327,0.0015731915,0.0014282397,0.0016740103,0.0016740103
1611520,Exploits,LIME,0.8790375590324402,0.8789951203504642,0.007852935577929812,0.0003267462,5.3482567e-05,6.800411e-06,7.217947e-06,5.4528164e-06,5.1424895e-06,4.9192804e-06,5.0951235e-06,5.371289e-06,4.158695e-06,0.00012865497,0.00052065076,0.005568848,0.006312903,0.006490744,0.0045588957,0.008091332,0.0061900006,0.012443621,0.018724604
1611520,Exploits,TreeSHAP,0.8790375590324402,0.8789979406469228,0.001620345162598117,0.0003267462,2.6170243e-05,2.6170257e-05,2.5169477e-06,2.4825333e-06,2.3769976e-06,2.0784148e-06,2.6496073e-06,2.6746116e-06,2.3180417e-06,0.00012865497,0.00013723648,0.00017810195,0.000373322,0.0011574259,0.0012723104,0.00400124,0.002891804,0.0020903915,0.0020129546
1611520,Exploits,Random,0.8790375590324402,0.7376132811887146,0.00038224291198238135,0.73628867,0.67769223,2.2374528e-05,3.043759e-05,3.043759e-05,3.6234283e-05,3.3334392e-05,3.3334392e-05,3.786221e-05,3.786221e-05,5.2932904e-07,8.0289533e-07,0.00035223144,0.00064648816,0.00064648816,0.00035269442,0.0003661291,0.0003661291,0.00036510656,0.00026345925
1055081,Exploits,LIME,0.6538440585136414,0.6537872634916766,0.01824540816266067,0.00047544052,4.5665496e-05,6.52879e-06,6.518355e-06,5.0607623e-06,4.9576092e-06,6.2269764e-06,6.2269764e-06,5.6623653e-06,5.6623653e-06,0.00029742107,0.0009456144,0.009590746,0.009563406,0.0071392627,0.006832411,0.010514716,0.010785854,0.031813547,0.031813547
1055081,Exploits,TreeSHAP,0.6538440585136414,0.6537751909272516,0.0025150424811728835,0.00047544052,0.00010740521,8.551714e-05,4.9092964e-06,4.4448807e-06,3.331513e-06,3.934937e-06,1.1623891e-06,1.0921842e-06,1.437789e-06,0.00029742107,0.0001493455,0.00029103694,0.0007649592,0.00157113,0.0014619855,0.0026467482,0.0018752097,0.0033122615,0.004074358
1055081,Exploits,Random,0.6538440585136414,0.3815351967859897,0.00019444597826459524,0.76529014,0.62919927,0.62919927,0.69752836,0.00036037358,0.000402639,0.0003888782,0.00040545294,0.00015737921,0.00015685809,2.3474935e-07,2.3286098e-07,1.6699126e-07,1.7756796e-07,0.0003535463,0.00030014408,0.0001948674,0.00015884372,0.00013930254,0.00012385727
1871458,Exploits,LIME,0.9431982636451721,0.9431043963327284,0.20587663572616216,0.000769315,0.000106765576,1.14598215e-05,8.712502e-06,8.163579e-06,7.226348e-06,7.4334926e-06,7.4334926e-06,7.199763e-06,4.963554e-06,0.00029742107,0.0009456144,0.008560063,0.35414276,0.25743535,0.27872765,0.23907198,0.23907198,0.31762242,0.24594958
1871458,Exploits,TreeSHAP,0.9431982636451721,0.9430857735521159,0.00022992529692557608,0.000769315,0.00014437007,5.917821e-05,5.791332e-05,3.9842867e-05,4.358134e-05,3.573622e-06,2.90402e-06,2.1345934e-06,2.0878836e-06,0.00029742107,0.0001399171,7.347622e-05,5.0081235e-05,7.410957e-05,0.00012443843,0.00040834583,0.000308379,0.0004362219,0.0002562611
1871458,Exploits,Random,0.9431982636451721,0.08514724373817444,2.737797315486976e-07,0.91376394,0.92468923,0.92468923,0.86924785,0.8677521,0.8677521,0.88097984,0.8208627,0.8208627,0.68991053,3.2220424e-07,2.1466525e-07,2.1466525e-07,2.1466525e-07,2.0108398e-07,2.0108398e-07,2.0583327e-07,2.433322e-07,2.433322e-07,5.2142013e-07
1974617,Exploits,LIME,0.8631203770637512,0.8630575937482263,0.005117087240328665,0.00038894766,6.0354185e-05,6.727201e-05,6.7412475e-05,8.2214965e-06,7.818758e-06,7.478256e-06,7.478256e-06,6.466326e-06,6.383726e-06,0.00012865497,0.00052065076,0.00054500817,0.0005438461,0.0062409383,0.0069994763,0.007195601,0.007195601,0.0065467902,0.008250058
1974617,Exploits,TreeSHAP,0.8631203770637512,0.8630735737622217,0.0006169243932870706,0.00038894766,4.8379363e-05,4.4922126e-06,4.642094e-06,5.0263548e-06,4.9327687e-06,4.0129466e-06,3.7002983e-06,1.6635047e-06,2.2358079e-06,0.00012865497,0.00013723648,0.00028107353,0.0003830374,0.00060637895,0.0006305177,0.0009088588,0.0010424041,0.00066077424,0.000545864
1974617,Exploits,Random,0.8631203770637512,0.5129657454381231,0.00014736127621168218,0.85065085,0.8546027,0.89705914,0.89705914,0.00033530127,0.00038567334,0.0003552832,0.00036607726,0.00036607726,0.00036607726,2.735822e-07,2.969695e-07,3.479631e-07,3.479631e-07,0.00025967488,0.00017200632,0.00023631375,0.00022143833,0.00022143833,0.00015976706
1969101,Exploits,LIME,0.7308315634727478,0.730790396074417,0.011560495398170457,0.00029648063,4.8759874e-05,6.3903904e-06,8.511671e-06,8.884889e-06,8.831298e-06,8.831298e-06,8.908806e-06,8.02203e-06,8.053094e-06,0.00012865497,0.00052065076,0.0058210506,0.010818371,0.012504129,0.0120399445,0.0120399445,0.009623876,0.0134490905,0.007542042
1969101,Exploits,TreeSHAP,0.7308315634727478,0.7307934483249937,0.0026262119324703156,0.00029648063,4.649694e-05,4.576209e-06,4.576211e-06,5.6912036e-06,5.359623e-06,6.186547e-06,4.84809e-06,2.6889575e-06,4.247061e-06,0.00012865497,0.00013723648,0.00028107353,0.0003830374,0.0020007177,0.002128032,0.0022565771,0.0022123186,0.007206962,0.002458576
1969101,Exploits,Random,0.7308315634727478,0.7042236164677889,1.329883484873784e-06,0.05230789,0.055831917,0.046548657,0.046548657,0.046548657,0.0045748656,0.0043086205,0.0033287778,0.0030453512,0.003036078,3.0319976e-07,2.4482554e-07,2.478504e-07,2.478504e-07,2.478504e-07,1.4199628e-06,1.42127e-06,1.1426146e-06,2.2218917e-06,2.2218915e-06
1757384,Exploits,LIME,0.9952811598777771,0.9951315037324321,0.29617292968453135,0.0012926176,0.00015425637,1.3925904e-05,1.0162709e-05,9.27956e-06,7.0725723e-06,3.1557347e-06,2.3354057e-06,1.8558728e-06,1.8996832e-06,0.00012865497,0.00052065076,0.005568848,0.0035710628,0.008310591,0.4055873,0.5993915,0.58744043,0.6596919,0.67754257
1757384,Exploits,TreeSHAP,0.9952811598777771,0.9951265698204225,0.0002911134677718598,0.0012926176,0.00013877572,4.8749058e-05,4.8749094e-05,3.422772e-06,3.5051473e-06,3.1350671e-06,3.1740708e-06,2.1386095e-06,1.6333904e-06,0.00012865497,0.00012857244,6.731306e-05,8.736126e-05,0.00018321014,0.00015481132,0.0004570122,0.00042215738,0.00057621516,0.0006920896
1757384,Exploits,Random,0.9952811598777771,0.02191067934036255,2.297306608029935e-07,0.99528116,0.9952761,0.9952761,0.98914427,0.9840291,0.9444633,0.9464146,0.94659483,0.9753895,0.96183586,2.405772e-07,2.3555039e-07,2.3555039e-07,2.3598726e-07,2.6574747e-07,1.9484378e-07,1.8936377e-07,1.7695511e-07,1.9516587e-07,3.1672468e-07
1058048,Exploits,LIME,0.964927077293396,0.9649190210563802,0.0020169149213359987,6.3443775e-05,3.806768e-06,2.7792826e-06,2.1942142e-06,1.8610847e-06,1.9105864e-06,1.9875301e-06,1.8350526e-06,3.3044202e-07,4.136348e-07,0.00012865497,0.00033614,0.00033619857,0.00068323984,0.0007391728,0.0007391733,0.0007296562,0.00063560344,0.0059746867,0.0091592325
1058048,Exploits,TreeSHAP,0.964927077293396,0.9649182509445154,0.0006326896864280777,6.3443775e-05,3.806768e-06,3.2288199e-06,3.175562e-06,2.6517762e-06,2.766958e-06,2.5683646e-06,2.5133324e-06,2.0205061e-06,2.0876269e-06,0.00012865497,0.00033614,0.0003636773,0.00035112526,0.0007295778,0.00067987014,0.0013468332,0.00096137944,0.0007650191,0.00044271673
1058048,Exploits,Random,0.964927077293396,0.28021185398101806,3.6322941565756777e-07,0.9657805,0.9374912,0.90827745,0.9064259,0.66043466,0.6529623,0.5367885,0.3852932,0.43201354,0.46168497,2.3227678e-07,1.722031e-07,1.8977528e-07,2.026712e-07,2.3452381e-07,2.790838e-07,4.5455636e-07,4.5455636e-07,6.725982e-07,6.126543e-07
57820,Exploits,LIME,0.9210343956947327,0.920928434092275,0.00876135030509514,0.0007868905,0.00011051014,0.00011074171,1.32846735e-05,9.271027e-06,7.5423295e-06,7.431114e-06,5.6281183e-06,4.3688037e-06,3.9475976e-06,0.00012865497,0.00052065076,0.00051954226,0.005804728,0.006974113,0.009187619,0.010209332,0.016990144,0.015083249,0.01527701
57820,Exploits,TreeSHAP,0.9210343956947327,0.9209384957819566,0.0004693441800668835,0.0007868905,0.0001025021,8.610225e-06,7.925928e-06,8.445637e-06,7.904722e-06,7.535067e-06,9.442709e-06,9.402173e-06,1.034006e-05,0.00012865497,0.00013723648,0.00028107353,0.0003830374,0.0004352516,0.00066648313,0.00062621816,0.00053813297,0.000525756,0.000600977
57820,Exploits,Random,0.9210343956947327,0.39303752293926664,0.00011316261362954835,0.9210344,0.8864461,0.85519135,0.85313815,0.86770517,0.8943975,0.0005084338,0.0005084802,0.0005084802,0.00053065707,2.405772e-07,2.7547193e-07,2.988728e-07,2.9606375e-07,3.0723817e-07,3.5086993e-07,0.0002758628,0.00027587038,0.00027587038,0.00021289398
1078612,Exploits,LIME,0.9631921648979187,0.9631213460141226,0.00815195349902594,0.00053415436,7.754347e-05,1.1004205e-05,1.0568403e-05,1.0568403e-05,1.1320315e-05,1.15139555e-05,1.1393728e-05,1.3858728e-05,1.6263275e-05,0.00012865497,0.00052065076,0.005568848,0.008732444,0.008732444,0.009960854,0.015428259,0.010006038,0.006971269,0.012469516
1078612,Exploits,TreeSHAP,0.9631921648979187,0.9631283113644713,0.0010496080884987039,0.00053415436,6.376993e-05,5.288515e-06,5.28852e-06,4.6003306e-06,5.368469e-06,5.6687795e-06,5.379345e-06,4.47943e-06,4.5376605e-06,0.00012865497,0.00013723648,0.00028107353,0.000373322,0.0012451787,0.0015584676,0.0017131079,0.0017812093,0.001509374,0.0013821181
1078612,Exploits,Random,0.9631921648979187,0.12757262587547302,3.023262952126402e-07,0.94597304,0.91429675,0.8926036,0.9127091,0.9127091,0.8789832,0.85532445,0.8007442,0.6997953,0.54305667,3.7773603e-07,2.5396739e-07,3.1247492e-07,2.7342125e-07,2.7342125e-07,2.7342125e-07,2.523058e-07,2.2083763e-07,3.249261e-07,3.4947152e-07
1609885,Exploits,LIME,0.9950271248817444,0.9948053769869147,0.005186839555858662,0.0018085226,0.0002408611,3.2494816e-05,3.1153395e-05,1.9610716e-05,1.9610716e-05,1.9610716e-05,1.7292972e-05,1.48342515e-05,1.34876445e-05,0.00012865497,0.00052065076,0.0058210506,0.0062839943,0.0062673925,0.0062673925,0.0062673925,0.00804424,0.005795218,0.0062144725
1609885,Exploits,TreeSHAP,0.9950271248817444,0.9948206678876546,0.0007830605306480825,0.0018085226,0.00021343416,1.6309335e-05,9.490231e-06,5.4921925e-06,4.060563e-06,3.4871016e-06,1.5210373e-06,1.1912038e-06,1.0614954e-06,0.00012865497,0.00013723648,0.00028107353,0.00033172563,0.00045823812,0.0009828727,0.0018046247,0.0012913293,0.0012257755,0.0011501338
1609885,Exploits,Random,0.9950271248817444,0.31854955141898245,2.5136028734174945e-07,0.9916317,0.9789002,0.9739967,0.96484625,0.9654614,0.96365124,0.8907722,0.030546853,0.0026507413,0.0023184703,2.1387447e-07,1.6427221e-07,1.38504e-07,1.522911e-07,1.5783976e-07,1.308726e-07,1.1890646e-07,1.5501507e-07,6.347637e-07,6.347637e-07
1767691,Exploits,LIME,0.9962788224220276,0.9960555107858908,0.0029379266619343294,0.001930626,0.00021618273,1.8542047e-05,1.7332546e-05,1.505459e-05,1.1186845e-05,8.02087e-06,6.8322433e-06,4.795181e-06,4.543317e-06,0.00012865497,0.00052065076,0.005568848,0.0037084953,0.003601945,0.0035148845,0.0029457202,0.003395326,0.002126884,0.003758531
1767691,Exploits,TreeSHAP,0.9962788224220276,0.9960542391408126,0.000248355278163913,0.001930626,0.00022881578,6.5232765e-05,4.050522e-06,3.0116844e-06,2.7153096e-06,2.7153105e-06,3.1759794e-06,3.2967048e-06,2.1927585e-06,0.00012865497,0.00012857244,6.917846e-05,0.00014173378,0.00017880976,0.00016602382,0.0004612977,0.00030572052,0.00030869106,0.0005856286
1767691,Exploits,Random,0.9962788224220276,0.45651587480679157,1.8110847700169295e-07,0.97161293,0.82332706,0.82332706,0.8062013,0.591785,0.6648856,0.6577052,0.024713807,0.020176644,0.013894905,2.405772e-07,2.1881921e-07,2.1881921e-07,1.2575768e-07,1.3157342e-07,1.6704303e-07,1.5780886e-07,1.8806094e-07,1.5392669e-07,2.0195918e-07
1355103,Exploits,LIME,0.9872273206710815,0.9870316611122234,0.01111877156397366,0.0014770286,0.00016764653,0.00014672817,0.00010250757,1.1649763e-05,1.2921273e-05,1.4615987e-05,1.1212858e-05,8.418317e-06,3.866527e-06,0.00012865497,0.00052065076,0.0005206533,0.000486217,0.0051980163,0.006384824,0.011015603,0.017494261,0.024384202,0.043634467
1355103,Exploits,TreeSHAP,0.9872273206710815,0.9870524696969823,0.0003751185356304194,0.0014770286,0.00016361367,7.3044364e-05,4.8778156e-06,4.8778156e-06,5.7527313e-06,5.396347e-06,5.3079148e-06,4.3462605e-06,4.264226e-06,0.00012865497,0.00012857244,6.731306e-05,0.00013791221,0.00018321014,0.0005795262,0.0006181679,0.0005140854,0.00056633,0.0007795003
1355103,Exploits,Random,0.9872273206710815,0.44542963765561583,3.0616997691600765e-07,0.9688608,0.9688608,0.9369611,0.70789135,0.5904971,0.55513257,0.5926193,0.045360353,0.030369451,0.021424012,1.8819175e-07,1.3495766e-07,1.520567e-07,1.2137141e-07,1.1094245e-07,1.04088876e-07,9.327638e-08,5.247389e-07,7.040387e-07,8.889311e-07
1770715,Exploits,LIME,0.911217987537384,0.9111292811495332,0.0028006533344189554,0.0004286238,6.79695e-05,8.3714775e-05,6.5181805e-05,6.2074665e-05,7.063887e-05,4.8632384e-05,4.8223617e-05,6.299196e-06,5.7052584e-06,0.00012865497,0.00052065076,0.0008004226,0.0008837575,0.0008837575,0.0010876944,0.0011583576,0.0009487024,0.009211101,0.009896958
1770715,Exploits,TreeSHAP,0.911217987537384,0.9111648272428056,0.00047875539532971637,0.0004286238,6.1746374e-05,4.9531686e-06,6.100664e-06,5.768897e-06,6.564861e-06,6.554009e-06,6.554011e-06,2.5313882e-06,2.205762e-06,0.00012865497,0.00013723648,0.00028107353,0.0004295214,0.0004917039,0.0005774724,0.00067483605,0.0007048445,0.0004297306,0.0005074314
1770715,Exploits,Random,0.911217987537384,0.22107923665425916,4.7656234266611195e-05,0.8978076,0.8978076,0.8917934,0.9004819,0.8720269,0.8504545,0.8597875,0.7311396,5.1794e-05,3.6715046e-05,3.0082805e-07,3.0082805e-07,3.0082805e-07,4.94479e-07,4.3775213e-07,5.4681857e-07,5.353929e-07,5.388048e-07,0.0002081089,0.00022268754
1110130,Exploits,LIME,0.6255900263786316,0.6254963982099071,0.04169352896278357,0.00076629664,9.995009e-05,1.23913405e-05,1.2696438e-05,1.2640562e-05,1.2978007e-05,5.8930923e-06,4.272182e-06,5.02089e-06,4.142445e-06,0.00029742107,0.0009456144,0.009590746,0.017069444,0.015840033,0.014999837,0.04055351,0.04518457,0.05482729,0.061522085
1110130,Exploits,TreeSHAP,0.6255900263786316,0.6254919422405919,0.004070238928660887,0.00076629664,0.00012672553,6.7027504e-05,4.714527e-06,4.640754e-06,2.6366113e-06,2.4385208e-06,2.1282547e-06,2.116521e-06,2.1165208e-06,0.00029742107,0.0001493455,0.0002436616,0.0004987924,0.0005566769,0.0017670183,0.0038054124,0.0058058864,0.0056435643,0.006695229
1110130,Exploits,Random,0.6255900263786316,0.6252678605160327,0.06979003176456094,0.00076629664,0.0007697257,0.00070363446,0.0007294898,7.9231475e-05,8.699218e-05,2.3076085e-05,2.3076085e-05,2.0068106e-05,2.0068106e-05,0.00029742107,0.00023794819,0.0003854682,0.00023980487,0.002629561,0.002676993,0.12764333,0.098329104,0.10207993,0.10207993
1535352,Exploits,LIME,0.8636929392814636,0.8636314470639718,0.012826319896195837,0.00051856774,5.3676908e-05,6.4798023e-06,6.4694377e-06,6.9425246e-06,5.7839643e-06,5.0578697e-06,4.648102e-06,5.13996e-06,2.155863e-06,0.00029742107,0.0009456144,0.009590746,0.009563406,0.009012203,0.014021024,0.018367475,0.016204832,0.014268391,0.018508902
1535352,Exploits,TreeSHAP,0.8636929392814636,0.8636174818448581,0.0014072130107265083,0.00051856774,0.00011713193,9.361852e-05,5.4342463e-06,5.940319e-06,5.4704806e-06,1.7773184e-06,2.2929848e-06,2.1443993e-06,2.1964258e-06,0.00029742107,0.0001493455,0.00029103694,0.0007649592,0.0017139625,0.0015107659,0.0010623666,0.0012005745,0.0019355057,0.0032280623
1535352,Exploits,Random,0.8636929392814636,0.45330922693701725,0.0007282116919922917,0.8395778,0.8666578,0.6791312,0.54014266,0.54014266,0.54014266,0.03274135,0.03274101,0.032554444,5.5565743e-06,4.179645e-07,3.2031818e-07,3.8905634e-07,1.4948957e-06,1.47841e-06,1.47841e-06,5.780623e-06,4.9239666e-06,4.4702138e-06,0.006268759
1592204,Exploits,LIME,0.9145382046699524,0.9144444918664248,0.0166466553545318,0.0007954844,6.9995025e-05,9.442599e-06,9.483775e-06,8.608647e-06,9.596735e-06,1.0038283e-05,7.870147e-06,7.620282e-06,8.988139e-06,0.00029742107,0.0009456144,0.009590746,0.009863563,0.007461955,0.0068101096,0.016204944,0.026534958,0.027762083,0.046768628
1592204,Exploits,TreeSHAP,0.9145382046699524,0.914437019210618,0.002015707873553817,0.0007954844,0.00015642177,8.351581e-06,7.2642956e-06,7.4104228e-06,8.597697e-06,8.045475e-06,6.739938e-06,7.0592932e-06,6.47972e-06,0.00029742107,0.0001493455,0.0002883948,0.0007649592,0.00093209994,0.00077053474,0.0018978338,0.0017926915,0.0038787394,0.007662398
1592204,Exploits,Random,0.9145382046699524,0.2286541283130646,3.427421112960208e-07,0.89651364,0.8309337,0.7734192,0.7359606,0.7256045,0.66170835,0.6187459,0.6187459,0.525967,0.47124195,2.405772e-07,2.2175465e-07,3.9930632e-07,3.993063e-07,3.993063e-07,4.0244373e-07,3.655605e-07,2.621539e-07,2.2499106e-07,2.1910756e-07
1723770,Exploits,LIME,0.9416558146476746,0.9416031803484429,0.027617006901284647,0.00031659755,3.1788186e-05,4.771961e-06,3.4274988e-06,4.409448e-06,4.409448e-06,2.9572231e-05,4.2924712e-05,4.709048e-05,4.1351475e-05,0.00029742107,0.0009456144,0.009590746,0.018294184,0.02712168,0.02781014,0.026160287,0.030288491,0.06018215,0.059366424
1723770,Exploits,TreeSHAP,0.9416558146476746,0.9415884404378858,0.0012587977222307779,0.00031659755,0.00026465638,5.6616893e-05,4.307539e-06,3.267731e-06,5.9124195e-06,5.912421e-06,5.12005e-06,5.5393184e-06,5.8117953e-06,0.00029742107,0.00048052188,0.0010723282,0.0013268793,0.0007743904,0.001548869,0.0015941272,0.0018277848,0.0012605385,0.0016706821
1723770,Exploits,Random,0.9416558146476746,0.0709195852279663,4.798325793167906e-07,0.9416558,0.94465256,0.9207181,0.9458375,0.9445534,0.9445534,0.69759506,0.692469,0.83478975,0.8405378,2.405772e-07,1.8795751e-07,1.8795751e-07,2.007816e-07,2.007816e-07,2.007816e-07,6.9710796e-07,6.8213524e-07,6.645961e-07,1.255695e-06
1669264,Exploits,LIME,0.9952811598777771,0.995131361245069,0.005376082491862671,0.0012926176,0.00015425637,1.3925904e-05,1.169647e-05,5.4313386e-06,5.6896342e-06,4.08863e-06,4.2803204e-06,4.1158505e-06,1.8841678e-06,0.00012865497,0.00052065076,0.005568848,0.0061639734,0.0076263878,0.008117042,0.008099268,0.005053404,0.0060913768,0.0061375313
1669264,Exploits,TreeSHAP,0.9952811598777771,0.9951265698204225,0.0002911134677718598,0.0012926176,0.00013877572,4.8749058e-05,4.8749094e-05,3.422772e-06,3.5051473e-06,3.1350671e-06,3.1740708e-06,2.1386095e-06,1.6333904e-06,0.00012865497,0.00012857244,6.731306e-05,8.736126e-05,0.00018321014,0.00015481132,0.0004570122,0.00042215738,0.00057621516,0.0006920896
1669264,Exploits,Random,0.9952811598777771,0.08450344204902649,5.891571796829532e-07,0.9754733,0.9847115,0.9492673,0.9202287,0.88082784,0.86304957,0.8501513,0.91078997,0.8866388,0.8866388,2.405772e-07,5.2932904e-07,5.1540906e-07,3.9884404e-07,6.084932e-07,6.899012e-07,5.982156e-07,6.7193275e-07,8.0553434e-07,8.0553434e-07
1200517,Exploits,LIME,0.959816575050354,0.9596958517867279,0.0051596077684041225,0.00064954243,0.00010657995,0.00012228022,0.0001223981,0.0001250018,1.623453e-05,1.4978727e-05,1.6449763e-05,1.6449763e-05,1.7317356e-05,0.00012865497,0.00052065076,0.00048621424,0.000486217,0.0006049692,0.0071072057,0.009387454,0.009686619,0.009686619,0.011428168
1200517,Exploits,TreeSHAP,0.959816575050354,0.9597365415287186,0.0005447479524453442,0.00064954243,9.6316624e-05,7.99353e-06,7.673357e-06,7.0660603e-06,7.767718e-06,6.934586e-06,5.393659e-06,5.6725876e-06,5.9746635e-06,0.00012865497,0.00013723648,0.00028107353,0.0003830374,0.00062176,0.00066507095,0.00068121025,0.0008243611,0.0007023709,0.0008038053
1200517,Exploits,Random,0.959816575050354,0.09190726727247238,5.387851691718412e-07,0.963461,0.94871056,0.9421209,0.94855654,0.96927947,0.9740658,0.9442979,0.9332635,0.9218384,0.13349904,2.946107e-07,3.1178433e-07,3.3382142e-07,3.601877e-07,3.1686758e-07,3.2511372e-07,3.2511372e-07,3.5939715e-07,3.9278214e-07,2.1516712e-06
1615917,Exploits,LIME,0.9582082033157349,0.9581268642706163,0.01417915886573245,0.000553275,8.9908914e-05,9.689823e-05,1.4112416e-05,1.258774e-05,1.2485618e-05,1.2072107e-05,7.5551034e-06,7.2305115e-06,7.264822e-06,0.00012865497,0.00052065076,0.00096789974,0.01132226,0.016311036,0.019231735,0.018318988,0.022277506,0.023546727,0.023240408
1615917,Exploits,TreeSHAP,0.9582082033157349,0.9581381419791342,0.00043140185098184156,0.000553275,8.804907e-05,7.2374332e-06,7.4788964e-06,7.537281e-06,8.264309e-06,8.264308e-06,7.642224e-06,6.8528916e-06,6.01196e-06,0.00012865497,0.00013723648,0.00028107353,0.0003830374,0.00039830495,0.00053991796,0.00053991796,0.00052250555,0.00052248535,0.0006805938
1615917,Exploits,Random,0.9582082033157349,0.04521939754486084,2.6733482550327673e-07,0.95722663,0.95722663,0.9472704,0.93353796,0.9345491,0.879594,0.879594,0.8757549,0.8762815,0.8888529,2.405772e-07,2.405772e-07,2.7103385e-07,2.4093404e-07,2.3332517e-07,2.814326e-07,2.814326e-07,2.6572138e-07,2.6446645e-07,2.4212352e-07
1004305,Fuzzers,LIME,0.9786474704742432,0.9785766935743141,1.803711134668441e-05,0.00053371966,3.8433995e-05,3.6594953e-05,3.6594494e-05,1.678538e-05,1.5218564e-05,1.2050744e-05,9.297488e-06,4.7137514e-06,4.3599675e-06,6.866688e-06,9.8711325e-06,9.870787e-06,9.870664e-06,1.230518e-05,1.2410101e-05,1.7645627e-05,1.3901927e-05,2.5703748e-05,5.8073892e-05
1004305,Fuzzers,TreeSHAP,0.9786474704742432,0.978575739670265,1.5337786546233383e-05,0.00053371966,0.00013984973,1.5676582e-05,1.3067003e-05,9.997064e-06,1.5698137e-06,1.5200454e-06,6.8134636e-07,6.7617736e-07,5.506184e-07,6.866688e-06,7.811075e-06,1.0968546e-05,5.789182e-06,7.682407e-06,1.5591788e-05,1.6411032e-05,1.8683657e-05,2.171239e-05,3.8586106e-05
1004305,Fuzzers,Random,0.9786474704742432,0.4985328773735091,3.633473367983166e-07,0.9786475,0.9467286,0.9467286,0.66839814,0.6630562,0.5826912,0.0048137465,0.0044734636,0.0025583117,0.003050235,9.698171e-08,1.4802391e-07,1.4802391e-07,2.5239618e-07,2.70571e-07,2.3738798e-07,5.002991e-07,6.071252e-07,6.071253e-07,6.879551e-07
1171242,Fuzzers,LIME,0.9822924733161926,0.8950006106361797,2.080743163435976e-05,0.87256664,9.5156065e-05,9.515011e-05,6.6689434e-05,2.6799873e-05,2.1240492e-05,1.6278264e-05,1.3182477e-05,9.08032e-06,8.409385e-06,1.40177e-07,9.8711325e-06,9.871012e-06,9.162257e-06,1.667673e-05,2.7849152e-05,2.1067102e-05,2.2292788e-05,4.0025574e-05,4.743393e-05
1171242,Fuzzers,TreeSHAP,0.9822924733161926,0.9820146783802215,0.0005060407668205712,0.0021435274,0.0004764311,3.976722e-05,3.1217893e-05,5.1053594e-05,2.7291377e-05,3.0462907e-06,2.4081917e-06,1.8129234e-06,1.3933889e-06,6.866688e-06,6.7876454e-06,9.973928e-06,1.0585609e-05,1.937901e-05,1.6987815e-05,9.141237e-06,0.0013446732,0.0022302,0.0013162048
1171242,Fuzzers,Random,0.9822924733161926,0.7587559221748961,0.00023782906302053205,0.9334821,0.32999507,0.32999507,0.3068056,0.32903317,0.0013521041,0.0014215019,0.0016259832,0.0016259832,2.8919923e-05,1.4739324e-07,1.0210461e-07,1.0210461e-07,3.4325882e-07,3.4595502e-07,4.2834742e-07,3.5871057e-07,3.8703095e-07,3.8703095e-07,0.0023335752
1499743,Fuzzers,LIME,0.7731806039810181,0.7443215250819776,1.0612971936953898e-05,0.2883184,6.80839e-05,5.770309e-05,5.770265e-05,2.2105149e-05,1.7134711e-05,1.3099358e-05,1.6006506e-05,1.0018866e-05,1.0539143e-05,1.40177e-07,9.8711325e-06,9.87027e-06,9.870149e-06,1.2305066e-05,1.017648e-05,7.391115e-06,5.3794192e-06,7.755424e-06,9.298211e-06
1499743,Fuzzers,TreeSHAP,0.7731806039810181,0.7731243425277057,2.3488061683267912e-05,0.00045183042,6.80839e-05,2.6082096e-05,3.0872516e-06,2.743411e-06,2.74252e-06,2.7703427e-06,2.2648721e-06,1.3721768e-06,1.6375429e-06,6.866688e-06,9.8711325e-06,1.0968546e-05,1.9661873e-05,1.50579235e-05,1.7165561e-05,1.6780243e-05,1.6359772e-05,3.0004681e-05,3.8868715e-05
1499743,Fuzzers,Random,0.7731806039810181,0.6173772010373796,8.378947773309416e-06,0.5135331,0.5159082,0.25897697,0.2686515,0.00014040913,0.00018457402,0.00019178611,0.00019731336,0.00022263544,2.7562735e-05,1.4355865e-07,1.5968821e-07,1.419863e-07,1.4710218e-07,7.659807e-06,6.3577454e-06,8.183112e-06,8.183124e-06,7.924757e-06,2.588352e-05
1535112,Fuzzers,LIME,0.8750938177108765,0.8750343463439094,7.471537520519679e-05,0.00040863096,3.5866764e-05,3.052458e-05,2.5531861e-05,1.6771743e-05,1.535713e-05,1.4931741e-05,1.703694e-05,1.6172366e-05,1.3889579e-05,6.866688e-06,1.0761719e-05,8.0603495e-06,1.0913628e-05,0.00013204348,0.00010698699,0.00010076618,9.131455e-05,7.9539466e-05,0.00010657653
1535112,Fuzzers,TreeSHAP,0.8750938177108765,0.8750388586158409,5.469823546819588e-05,0.00040863096,3.5866764e-05,3.052458e-05,2.3982926e-05,2.7950611e-05,1.900477e-05,1.1442257e-06,9.096271e-07,9.357936e-07,6.406876e-07,6.866688e-06,1.0761719e-05,8.0603495e-06,1.3906983e-05,9.438588e-06,1.5900046e-05,2.6515843e-05,4.945804e-05,0.00013862224,0.00019913034
1535112,Fuzzers,Random,0.8750938177108765,0.6985723859164864,6.810387908869742e-07,0.8750938,0.860366,0.012585906,0.0023886412,0.0031564443,0.0023134958,0.0021643157,0.0021643157,0.0024906972,0.0024906972,9.698171e-08,9.850837e-08,1.1934753e-07,4.4199692e-07,5.400555e-07,7.3193854e-07,8.101018e-07,8.101018e-07,1.1553478e-06,1.1553478e-06
1937800,Fuzzers,LIME,0.9740580916404724,0.9739239235832429,4.012400891507666e-05,0.0010440501,6.119191e-05,5.211625e-05,5.2116156e-05,3.2066404e-05,2.554669e-05,1.678144e-05,1.6781427e-05,2.1632948e-05,1.9397256e-05,6.866688e-06,1.0761719e-05,8.800536e-06,8.055963e-06,7.284613e-06,9.440621e-06,0.000109573506,0.000109519126,5.9985894e-05,6.0542472e-05
1937800,Fuzzers,TreeSHAP,0.9740580916404724,0.9739269917742603,2.5628603614986244e-05,0.0010440501,6.119191e-05,5.211625e-05,5.721811e-05,3.4024975e-05,2.2868282e-05,2.0034062e-05,8.5877045e-06,5.05167e-06,5.855607e-06,6.866688e-06,1.0761719e-05,8.800536e-06,1.0937983e-05,8.048772e-06,1.1815161e-05,1.8080622e-05,3.788891e-05,5.4313005e-05,8.212409e-05
1937800,Fuzzers,Random,0.9740580916404724,0.4111288607120514,1.8604787477390798e-07,0.96698284,0.96698415,0.95282876,0.8133147,0.8127688,0.66181135,0.13476796,0.13476796,0.12478359,0.060282186,1.0086537e-07,1.05412845e-07,1.0069848e-07,1.1487215e-07,8.316201e-08,1.4453809e-07,2.8832645e-07,2.8832645e-07,3.1234953e-07,2.736628e-07
1064371,Fuzzers,LIME,0.9003024697303772,0.9001751139092449,9.322562017492853e-05,0.0009587819,8.684213e-05,4.7101945e-05,3.1560143e-05,3.180936e-05,3.5311263e-05,3.8145223e-05,1.9079484e-05,1.1901662e-05,1.3025085e-05,6.866688e-06,1.0761719e-05,9.6730855e-06,0.00010613532,0.000101617465,8.805822e-05,0.00010152615,0.00019890485,0.00013953658,7.623251e-05
1064371,Fuzzers,TreeSHAP,0.9003024697303772,0.9001799191985128,1.0437323675688172e-05,0.0009587819,8.684213e-05,5.951706e-05,5.1344847e-05,3.187603e-05,3.2648528e-05,1.1410804e-06,1.1867448e-06,1.1084444e-06,1.0585367e-06,6.866688e-06,1.0761719e-05,1.36771905e-05,1.135924e-05,6.8126305e-06,5.4635134e-06,7.349979e-06,8.538786e-06,9.338033e-06,1.37997e-05
1064371,Fuzzers,Random,0.9003024697303772,0.7189908784869659,6.249900532283166e-06,0.84521335,0.6454777,0.13034494,0.1281208,0.019843383,0.018104421,0.018104421,0.0032734198,0.0046212,1.226523e-05,8.99816e-08,1.4759394e-07,1.514749e-07,1.5118728e-07,2.1021586e-07,2.1199757e-07,2.1199757e-07,5.436302e-07,3.106065e-07,5.423932e-05
1177713,Fuzzers,LIME,0.9537646174430847,0.8802517088826789,1.0661139952632025e-05,0.73472655,7.240731e-05,5.583004e-05,5.6174445e-05,5.6174445e-05,4.785665e-05,3.5913738e-05,2.5903297e-05,2.5903297e-05,2.6374184e-05,1.536109e-07,1.0761719e-05,1.12589905e-05,9.3732715e-06,9.3732715e-06,9.372174e-06,8.986632e-06,1.2632286e-05,1.2968518e-05,1.6801705e-05
1177713,Fuzzers,TreeSHAP,0.9537646174430847,0.953600281539184,2.1038170988345672e-05,0.0012927168,7.240731e-05,7.266272e-05,4.231536e-05,3.2627235e-05,3.2627235e-05,2.3935361e-05,2.2695873e-05,2.3055247e-05,2.831587e-05,6.866688e-06,1.0761719e-05,1.6519585e-05,2.0221212e-05,2.1188695e-05,2.1188695e-05,2.5755482e-05,2.1470143e-05,2.7795675e-05,2.8886725e-05
1177713,Fuzzers,Random,0.9537646174430847,0.30787786170840264,1.3250648982319324e-07,0.93582773,0.91671723,0.9122375,0.9122375,0.9150685,0.8741191,0.8741191,0.04195768,0.038900297,0.037682854,1.0008371e-07,9.515418e-08,9.508668e-08,9.508668e-08,1.1385792e-07,1.3933676e-07,1.3933676e-07,1.6266458e-07,1.6260967e-07,1.6058314e-07
1267792,Fuzzers,LIME,0.9647476077079773,0.9643903115644207,8.985993027657856e-06,0.0025753954,0.0002336925,0.0001725123,0.00017250863,0.00017250865,7.734788e-05,4.748398e-05,4.696034e-05,3.7966136e-05,3.6585625e-05,6.866688e-06,9.8711325e-06,9.87027e-06,9.870149e-06,9.869761e-06,6.166614e-06,6.7255064e-06,9.320751e-06,9.706413e-06,8.424875e-06
1267792,Fuzzers,TreeSHAP,0.9647476077079773,0.9644436433802867,1.0848152577080068e-05,0.0025753954,0.0002336925,6.677949e-05,3.559198e-05,2.6581325e-05,2.6881575e-05,2.4960564e-05,2.8142436e-05,1.9439225e-05,2.178792e-06,6.866688e-06,9.8711325e-06,7.385364e-06,4.394155e-06,8.53683e-06,8.55151e-06,7.824479e-06,1.0568868e-05,1.4150321e-05,2.6507952e-05
1267792,Fuzzers,Random,0.9647476077079773,0.9636968740989686,1.1450883917322094e-05,0.0025753954,0.0014314512,0.0013442986,0.0013442934,0.0013442934,0.0010330734,0.00097374787,0.00014535757,0.00014925082,0.00016617455,6.866688e-06,7.653697e-06,7.215508e-06,7.2154703e-06,7.2154703e-06,7.3075507e-06,8.628646e-06,2.1821746e-05,1.9965602e-05,1.6581744e-05
1795765,Fuzzers,LIME,0.6666936874389648,0.6666195960277037,0.00011593150481782884,0.00039082003,4.8837424e-05,4.9419297e-05,4.336921e-05,5.0999286e-05,4.561516e-05,3.2223834e-05,3.0960116e-05,2.9105642e-05,1.956411e-05,6.866688e-06,1.0761719e-05,1.4991182e-05,1.1132251e-05,1.3614988e-05,1.611988e-05,0.00016367302,0.00013265666,0.00017855663,0.00022453508
1795765,Fuzzers,TreeSHAP,0.6666936874389648,0.6666296604792705,4.098000385732821e-05,0.00039082003,4.8837424e-05,4.1928924e-05,3.8316506e-05,4.0472558e-05,6.529636e-05,3.6860872e-06,3.725879e-06,3.6475128e-06,3.5383173e-06,6.866688e-06,1.0761719e-05,1.0744365e-05,9.869507e-06,1.5674916e-05,2.2001177e-05,6.3360465e-05,5.405825e-05,4.861992e-05,3.1254087e-05
1795765,Fuzzers,Random,0.6666936874389648,0.5468563780828845,1.196692165909468e-06,0.6666937,0.52149796,0.0037616245,0.0009739307,0.0009739307,0.00082893827,0.00087680377,0.0008488823,0.0009912181,0.00092611293,9.698171e-08,1.4355865e-07,1.6432604e-07,8.898596e-07,8.898596e-07,9.4077586e-07,1.1934005e-06,1.1722084e-06,1.1792154e-06,1.3080852e-06
1268735,Fuzzers,LIME,0.9647476077079773,0.9643968979897182,8.687550757447518e-06,0.0025753954,0.0002336925,0.0001725123,0.00017250863,7.734788e-05,7.241715e-05,7.00424e-05,7.050217e-05,3.1339383e-05,3.133938e-05,6.866688e-06,9.8711325e-06,9.87027e-06,9.870149e-06,6.1672285e-06,5.6452704e-06,7.305034e-06,6.9332036e-06,1.064207e-05,1.0641893e-05
1268735,Fuzzers,TreeSHAP,0.9647476077079773,0.9644436433802867,1.0848152577080068e-05,0.0025753954,0.0002336925,6.677949e-05,3.559198e-05,2.6581325e-05,2.6881575e-05,2.4960564e-05,2.8142436e-05,1.9439225e-05,2.178792e-06,6.866688e-06,9.8711325e-06,7.385364e-06,4.394155e-06,8.53683e-06,8.55151e-06,7.824479e-06,1.0568868e-05,1.4150321e-05,2.6507952e-05
1268735,Fuzzers,Random,0.9647476077079773,0.44326910376548767,3.385010566133159e-07,0.9634583,0.8601138,0.8601138,0.73259395,0.5943089,0.5809406,0.23475567,0.23475567,0.089204155,0.064540185,9.698171e-08,1.40177e-07,1.40177e-07,1.4713406e-07,1.7006597e-07,1.7006612e-07,5.8158616e-07,5.8158616e-07,5.9818586e-07,6.3972067e-07
1010147,Fuzzers,LIME,0.9873592257499695,0.9871459034131476,0.00016065643292085416,0.0016094183,0.00014337018,0.000120147044,8.2349565e-05,6.394014e-05,2.4139883e-05,2.541437e-05,1.9033705e-05,2.28208e-05,2.258937e-05,6.866688e-06,1.0761719e-05,1.12589905e-05,0.0001417969,0.00015494548,0.00019682037,0.0001972708,0.00014613829,0.00026287246,0.00045752444
1010147,Fuzzers,TreeSHAP,0.9873592257499695,0.9871436915911375,1.5255946428758932e-05,0.0016094183,0.00039952146,3.9530623e-05,2.7451231e-05,1.8905275e-05,2.0659996e-05,1.6927439e-05,2.137685e-05,7.2956857e-07,8.2083085e-07,6.866688e-06,1.0322252e-05,1.684826e-05,1.3336849e-05,8.921204e-06,1.6765016e-05,1.9053792e-05,1.823696e-05,1.9350457e-05,2.0929516e-05
1010147,Fuzzers,Random,0.9873592257499695,0.5822621673345566,1.68322334708229e-07,0.9909376,0.71212435,0.36431614,0.36544454,0.29248342,0.28836176,0.28302968,0.28302968,0.23562172,0.23562172,9.495528e-08,1.17517196e-07,1.7741367e-07,1.9677836e-07,1.9867002e-07,1.5047516e-07,1.5036872e-07,1.5036872e-07,2.4773854e-07,1.7766044e-07
1481108,Fuzzers,LIME,0.9823579788208008,0.9821376893636625,0.00016793320388609298,0.0015268347,0.00015722071,0.00013175444,0.000107073836,7.1281655e-05,4.7282767e-05,5.0322633e-05,5.270471e-05,3.1135784e-05,2.7283364e-05,6.866688e-06,1.0761719e-05,1.12589905e-05,1.1786241e-05,8.4210105e-06,0.00022954022,0.00022966534,0.0002314353,0.00049633504,0.00041363455
1481108,Fuzzers,TreeSHAP,0.9823579788208008,0.9821545926580881,1.5690176852326255e-05,0.0015268347,0.00036997386,4.2318377e-05,3.0111572e-05,2.0482352e-05,2.283006e-05,1.870546e-05,7.6490136e-07,8.660196e-07,9.743505e-07,6.866688e-06,1.0322252e-05,1.684826e-05,1.3336849e-05,8.921204e-06,1.6765016e-05,1.9053792e-05,2.173968e-05,1.9350457e-05,2.0929516e-05
1481108,Fuzzers,Random,0.9823579788208008,0.8135252002626657,2.0305376526686052e-07,0.8403461,0.16337092,0.158093,0.13389301,0.11272859,0.046720847,0.046720847,0.070305586,0.070305586,0.045843292,1.536109e-07,2.1088319e-07,2.1196516e-07,1.851419e-07,1.9182768e-07,1.7851035e-07,1.7654172e-07,1.7428772e-07,1.7428772e-07,3.3765875e-07
1852343,Fuzzers,LIME,0.9699739217758179,0.8924325089305511,5.623168367495919e-05,0.77518374,9.024886e-05,3.6197438e-05,1.8365366e-05,1.2439649e-05,1.2028247e-05,2.4556903e-05,2.3616836e-05,7.68453e-06,5.2533446e-06,1.536109e-07,1.0761719e-05,9.017869e-06,8.064352e-06,8.058196e-05,7.075704e-05,6.1929044e-05,0.00012938105,9.009691e-05,8.468915e-05
1852343,Fuzzers,TreeSHAP,0.9699739217758179,0.969838586601179,1.1689409272149555e-05,0.0010327064,9.024886e-05,3.6197438e-05,4.5050157e-05,4.1484258e-05,4.1667896e-05,3.334765e-05,3.0789783e-05,1.0095852e-06,8.497691e-07,6.866688e-06,1.0761719e-05,9.017869e-06,9.505469e-06,7.294997e-06,6.4775027e-06,1.3442441e-05,1.1014253e-05,1.7730421e-05,2.1272868e-05
1852343,Fuzzers,Random,0.9699739217758179,0.42722992338240146,1.607248392727726e-07,0.9699739,0.95528644,0.7847019,0.6473,0.6473,0.6468491,0.5904757,0.05461669,0.07528779,0.055648472,9.698171e-08,1.115514e-07,1.2506464e-07,1.2005358e-07,1.2005358e-07,1.2771133e-07,1.1100548e-07,2.560106e-07,2.5936907e-07,2.3118771e-07
1050619,Fuzzers,LIME,0.5203150510787964,0.5202868268851489,0.00016401888925832053,0.0001480609,1.3380592e-05,1.8967143e-05,2.0053669e-05,2.4456229e-05,1.6103168e-05,1.619018e-05,8.856975e-06,7.6126553e-06,8.56042e-06,6.866688e-06,1.0761719e-05,1.0360893e-05,1.1606827e-05,1.0941536e-05,0.00013348437,0.0001282928,0.00018452686,0.0001892734,0.00016729994
1050619,Fuzzers,TreeSHAP,0.5203150510787964,0.5202937579300169,3.225377303919436e-05,0.0001480609,1.3380592e-05,1.1272068e-05,1.1843388e-05,1.1456923e-05,1.2322751e-05,1.0159536e-06,1.1993593e-06,1.1993593e-06,1.1801876e-06,6.866688e-06,1.0761719e-05,1.10761885e-05,1.777909e-05,1.6031145e-05,1.4166156e-05,2.3723178e-05,2.0611893e-05,2.0611893e-05,2.619327e-05
1050619,Fuzzers,Random,0.5203150510787964,-0.010977047681808471,2.8302074533352357e-07,0.52031505,0.52031505,0.6219466,0.6219466,0.6219466,0.5995498,0.6033867,0.6033867,0.300064,0.300064,6.954834e-08,6.954834e-08,8.2800305e-08,8.2800305e-08,8.2800305e-08,8.335315e-08,8.335315e-08,8.335315e-08,4.1752128e-07,4.1752128e-07
1073332,Fuzzers,LIME,0.9901946187019348,0.9898882754865781,1.4638673247019985e-05,0.0027440048,0.00013508063,6.522981e-05,3.9779756e-05,3.3524757e-05,1.9202558e-05,1.1267754e-05,7.890801e-06,4.62187e-06,2.8293905e-06,6.866688e-06,1.0761719e-05,1.1942879e-05,1.65653e-05,1.2740687e-05,2.0791535e-05,1.8105307e-05,1.5267842e-05,1.5304558e-05,1.6604836e-05
1073332,Fuzzers,TreeSHAP,0.9901946187019348,0.9898055892468222,2.6382797284098502e-05,0.0027440048,0.00091364834,9.068669e-05,4.8861453e-05,5.0704424e-05,3.722712e-05,1.7719253e-06,1.6021162e-06,1.0472671e-06,7.403816e-07,6.866688e-06,6.7876454e-06,1.1917414e-05,1.3235745e-05,2.2756609e-05,2.4274394e-05,3.1519663e-05,6.087917e-05,2.6553613e-05,5.6450124e-05
1073332,Fuzzers,Random,0.9901946187019348,0.1005927324295044,1.4443084496560554e-07,0.9835685,0.9856716,0.9856716,0.8740719,0.8740719,0.8740719,0.7810294,0.8620627,0.8427565,0.8330429,1.0047523e-07,1.0500513e-07,1.0500513e-07,1.6500978e-07,1.6500978e-07,1.6500978e-07,1.707837e-07,1.276738e-07,1.5233041e-07,1.738437e-07
1761103,Fuzzers,LIME,0.9822924733161926,0.8949880533314627,3.477966609548714e-05,0.87256664,9.5156065e-05,9.515011e-05,6.407675e-05,7.775474e-05,6.2876315e-05,5.579287e-05,1.5353395e-05,6.190424e-06,5.208803e-06,1.40177e-07,9.8711325e-06,9.871012e-06,1.543266e-05,1.4099062e-05,1.2957118e-05,2.6718553e-05,3.9872804e-05,0.00010266558,0.000110009976
1761103,Fuzzers,TreeSHAP,0.9822924733161926,0.9820146783802215,0.0005060407668205712,0.0021435274,0.0004764311,3.976722e-05,3.1217893e-05,5.1053594e-05,2.7291377e-05,3.0462907e-06,2.4081917e-06,1.8129234e-06,1.3933889e-06,6.866688e-06,6.7876454e-06,9.973928e-06,1.0585609e-05,1.937901e-05,1.6987815e-05,9.141237e-06,0.0013446732,0.0022302,0.0013162048
1761103,Fuzzers,Random,0.9822924733161926,0.6572758355803672,1.1827557672668187e-05,0.9334821,0.945461,0.6829061,0.6860912,0.0004934804,0.0004934804,0.00047409712,0.00047409712,0.00014950949,0.0001413513,1.4739324e-07,1.1918422e-07,1.3501796e-07,1.5742907e-07,1.6296452e-05,1.6296452e-05,1.38015985e-05,1.38015985e-05,2.8050757e-05,2.7375336e-05
1148600,Fuzzers,LIME,0.9893799424171448,0.9019537543425941,1.4007533760369989e-05,0.8740172,0.0001029104,5.336942e-05,3.4448403e-05,1.8278704e-05,1.1097295e-05,5.9324298e-06,5.9511285e-06,5.9511285e-06,6.762823e-06,1.536109e-07,1.0761719e-05,1.1942879e-05,1.65653e-05,1.4220758e-05,2.3858438e-05,1.7881772e-05,1.6149475e-05,1.6579983e-05,1.047379e-05
1148600,Fuzzers,TreeSHAP,0.9893799424171448,0.989074388008197,2.281775607713384e-05,0.0020919484,0.00076345133,7.004206e-05,4.0528954e-05,4.0851366e-05,2.9408979e-05,1.7373291e-05,8.404559e-07,4.2023777e-07,6.790089e-07,6.866688e-06,6.7876454e-06,1.1917414e-05,1.3235745e-05,2.2756609e-05,2.4274394e-05,2.0000432e-05,2.4892206e-05,4.2666863e-05,5.2356303e-05
1148600,Fuzzers,Random,0.9893799424171448,0.329546919465065,2.444866968640053e-07,0.9869911,0.9869911,0.9869911,0.98686165,0.9642394,0.7384511,0.39988005,0.16140799,0.16140799,0.22510868,9.875576e-08,9.875576e-08,9.875576e-08,9.875576e-08,8.029339e-08,2.408142e-07,4.0880812e-07,4.602921e-07,3.331693e-07,5.0050227e-07
980937,Fuzzers,LIME,0.7102801203727722,0.6516723562208426,0.00010706551171113419,0.5857286,5.3355463e-05,6.3123945e-05,4.0208946e-05,3.0409656e-05,2.985966e-05,3.475977e-05,3.475977e-05,3.3108467e-05,2.947012e-05,1.536109e-07,1.0761719e-05,9.801369e-06,0.00012346898,0.000100535275,0.00011150472,9.462405e-05,9.462405e-05,0.00012911332,8.587798e-05
980937,Fuzzers,TreeSHAP,0.7102801203727722,0.7101995246382444,1.4483538051043969e-05,0.0006882367,5.3355463e-05,3.2104992e-05,2.5948604e-05,1.0233804e-06,1.0992487e-06,1.0272875e-06,1.0669623e-06,1.0259909e-06,1.0687439e-06,6.866688e-06,1.0761719e-05,5.5944442e-06,8.426223e-06,1.4159675e-05,6.3369125e-06,8.675307e-06,1.0031041e-05,1.651658e-05,1.55051e-05
980937,Fuzzers,Random,0.7102801203727722,0.575990684793851,0.00021132189045149747,0.88140523,0.41762272,0.043688104,3.5395697e-05,2.8936758e-05,2.840888e-05,3.640309e-05,3.640309e-05,7.158816e-06,5.5963314e-06,8.455959e-08,9.036635e-08,1.1784533e-07,2.0676602e-05,2.4001169e-05,2.471115e-05,2.8996805e-05,2.8996805e-05,0.000682973,0.0006903291
1828041,Fuzzers,LIME,0.9125107526779175,0.8336880085456869,0.0001462065283902151,0.7878509,8.229158e-05,5.2418764e-05,5.573933e-05,3.7241472e-05,4.0256567e-05,4.0256567e-05,3.355783e-05,1.5848565e-05,1.891426e-05,1.536109e-07,1.0761719e-05,0.0001357142,0.000119462966,0.00013183917,0.000117580974,0.000117580974,0.00018954555,0.0002555885,0.0002559226
1828041,Fuzzers,TreeSHAP,0.9125107526779175,0.9124014176950936,9.180414066572256e-06,0.00092051784,8.229158e-05,5.256486e-05,3.1153882e-05,1.1880392e-06,1.1478348e-06,1.2018216e-06,1.2499169e-06,9.658768e-07,1.068177e-06,6.866688e-06,1.0761719e-05,1.1934183e-05,5.854603e-06,9.432172e-06,7.1926693e-06,4.1470603e-06,4.845844e-06,1.2387203e-05,1.03501325e-05
1828041,Fuzzers,Random,0.9125107526779175,0.4305187275591379,1.5266889699305612e-06,0.8881893,0.7493708,0.7493708,0.7528788,0.57100576,0.5647777,0.30087575,0.24338967,3.550121e-05,2.6169151e-05,1.0135409e-07,1.6053639e-07,1.6053639e-07,1.5474602e-07,1.8504683e-07,1.2930812e-07,1.8108429e-07,1.5408465e-07,5.6354675e-06,7.0690367e-06
1901624,Fuzzers,LIME,0.8114190101623535,0.7892141817702395,6.210567615265237e-05,0.22188146,3.162486e-05,3.1491563e-05,2.8152466e-05,1.4552075e-05,9.924176e-06,8.827971e-06,1.3661617e-05,1.4521584e-05,1.4063486e-05,1.536109e-07,1.0761719e-05,1.1313257e-05,9.251354e-06,8.987718e-06,0.00010440363,9.8202254e-05,0.000111936955,9.8159704e-05,5.076705e-05
1901624,Fuzzers,TreeSHAP,0.8114190101623535,0.8113650658370034,2.349630229482721e-05,0.0003607223,3.162486e-05,2.8271626e-05,3.0095616e-05,3.245728e-05,1.6142252e-05,1.5263644e-05,1.5263651e-05,9.0735275e-06,5.284935e-07,6.866688e-06,1.0761719e-05,8.800536e-06,8.12398e-06,7.2114635e-06,2.2624668e-05,2.4638872e-05,2.4839219e-05,2.9781499e-05,4.7004818e-05
1901624,Fuzzers,Random,0.8114190101623535,0.4703307211399078,1.377620066666977e-07,0.8098456,0.808343,0.34652144,0.3065285,0.20940158,0.20199767,0.18206127,0.18206127,0.18206127,0.18206127,9.698171e-08,9.6913105e-08,1.0927116e-07,1.0923428e-07,1.293831e-07,1.4182496e-07,1.08554694e-07,1.08554694e-07,1.08554694e-07,1.08554694e-07
1353040,Fuzzers,LIME,0.9004565477371216,0.8602182490097221,8.673086881863222e-05,0.40218568,5.0096933e-05,3.3461245e-05,2.5679474e-05,2.5679474e-05,1.556179e-05,1.1734126e-05,1.0876292e-05,1.2170664e-05,1.2048793e-05,1.536109e-07,1.0761719e-05,0.0001357142,0.00011731511,0.00011731511,0.00010033482,9.269866e-05,9.194115e-05,5.403113e-05,6.0708233e-05
1353040,Fuzzers,TreeSHAP,0.9004565477371216,0.9003718904987181,3.473355866542186e-05,0.0005695927,5.0096933e-05,4.5865876e-05,4.697815e-05,2.0980056e-05,2.0527252e-05,2.0956602e-05,1.5348944e-05,2.9636272e-05,2.6589601e-05,6.866688e-06,1.0761719e-05,1.9158795e-05,2.9900164e-05,3.8213402e-05,4.192869e-05,5.8213598e-05,4.309841e-05,3.111113e-05,3.350803e-05
1353040,Fuzzers,Random,0.9004565477371216,0.3172270353883505,1.198466467609021e-07,0.8535045,0.68291956,0.66431534,0.7455594,0.7455594,0.81082004,0.4393124,0.4254333,0.42448094,0.040390257,9.3095785e-08,8.229397e-08,8.226619e-08,9.5160715e-08,9.5160715e-08,1.0360437e-07,1.2217619e-07,1.2208965e-07,7.763133e-08,2.0568811e-07
1463596,Fuzzers,LIME,0.9823399186134338,0.8998802764632728,6.553391586439848e-05,0.8242089,0.00010850707,8.9056026e-05,8.120408e-05,3.0283929e-05,1.8918425e-05,2.3201048e-05,1.8712444e-05,1.0274628e-05,7.3486176e-06,1.536109e-07,1.0761719e-05,1.0360893e-05,1.0326512e-05,7.943591e-06,1.21079765e-05,9.7508055e-06,0.00012947919,0.00019978228,0.00025309928
1463596,Fuzzers,TreeSHAP,0.9823399186134338,0.9821290657162536,3.1828287921024886e-05,0.0018070715,0.00010850707,3.8186787e-05,4.7700825e-05,3.4751927e-05,3.5744302e-05,3.3284286e-05,1.1546656e-06,1.050848e-06,1.07676e-06,6.866688e-06,1.0761719e-05,2.4048351e-05,2.3167811e-05,3.689022e-05,3.1762866e-05,3.447625e-05,4.358298e-05,4.4793524e-05,5.6311565e-05
1463596,Fuzzers,Random,0.9823399186134338,0.8812024931090491,4.8762781808247507e-05,0.9500377,0.06082879,0.00023393957,0.00013949619,5.145071e-05,2.4416608e-05,2.4416608e-05,1.053431e-05,1.1472472e-05,1.2020691e-05,1.0086537e-07,1.2220315e-07,3.607354e-05,5.745405e-05,5.7035366e-05,4.350072e-05,4.350072e-05,6.654776e-05,6.6479224e-05,0.00010820183
1148577,Fuzzers,LIME,0.8824920058250427,0.8414036115835188,0.00015496876423432598,0.4107019,3.230919e-05,3.441779e-05,1.7421347e-05,1.3387642e-05,1.3387642e-05,1.4149091e-05,2.0240352e-05,1.8314802e-05,1.8413837e-05,1.536109e-07,1.0761719e-05,1.0360893e-05,1.4370987e-05,0.00019413806,0.00019413806,0.00024618313,0.00022440655,0.000251126,0.00022194786
1148577,Fuzzers,TreeSHAP,0.8824920058250427,0.8824394579506759,2.2930658154022617e-05,0.00037103513,3.230919e-05,2.9653376e-05,2.365181e-05,1.79461e-05,1.6346587e-05,1.3208314e-05,1.2777324e-05,7.982591e-06,5.683194e-07,6.866688e-06,1.0761719e-05,1.10761885e-05,1.777909e-05,1.9173604e-05,2.2416292e-05,2.3757777e-05,2.149016e-05,1.4327224e-05,5.4712476e-05
1148577,Fuzzers,Random,0.8824920058250427,0.3789707809686661,1.0210157627605605e-07,0.83986545,0.83986545,0.86026865,0.44902894,0.45692748,0.45692748,0.3660644,0.2883835,0.29151285,0.18636805,9.35354e-08,9.35354e-08,9.728104e-08,9.171465e-08,8.750655e-08,8.750655e-08,8.3936875e-08,8.7846885e-08,8.7846885e-08,9.032807e-08
1050525,Fuzzers,LIME,0.957145094871521,0.9570072416897346,0.00013798520109022756,0.0010960326,8.311649e-05,5.2869098e-05,3.454403e-05,3.320921e-05,1.9336378e-05,1.7120381e-05,1.6209553e-05,1.4046994e-05,1.2047127e-05,6.866688e-06,1.0761719e-05,1.0360893e-05,0.00013636792,0.00013401659,0.00024110515,0.00021292895,0.00022400431,0.00018784004,0.00015646628
1050525,Fuzzers,TreeSHAP,0.957145094871521,0.9570217949462745,2.40569275708089e-05,0.0010960326,8.311649e-05,4.3049902e-05,1.9691076e-06,2.0041803e-06,1.657735e-06,1.1504437e-06,1.5640774e-06,1.4029154e-06,1.051844e-06,6.866688e-06,1.0761719e-05,1.6627697e-05,2.4439729e-05,2.4587205e-05,2.7327154e-05,2.6743879e-05,2.7794218e-05,3.2522017e-05,3.25894e-05
1050525,Fuzzers,Random,0.957145094871521,0.5845665931577969,1.224446026310866e-05,0.9571451,0.8063676,0.7992468,0.57805115,0.58390075,0.0004050152,0.00033882665,0.00023520073,4.0215542e-05,5.440048e-05,9.698171e-08,1.363819e-07,1.7696621e-07,8.7867065e-08,9.6900195e-08,5.945297e-06,5.9744666e-06,9.414802e-06,5.9350336e-05,3.591725e-05
1766305,Fuzzers,LIME,0.746492326259613,0.7464334837413844,1.3914655382193686e-05,0.00038849268,6.0298946e-05,4.585332e-05,1.6869386e-05,1.6869028e-05,1.6869048e-05,1.4315731e-05,8.775541e-06,1.0040749e-05,1.0040749e-05,6.866688e-06,9.8711325e-06,9.87027e-06,1.2305118e-05,1.2305066e-05,1.3348773e-05,9.695573e-06,8.01794e-06,1.0795637e-05,1.0795637e-05
1766305,Fuzzers,TreeSHAP,0.746492326259613,0.7464432820498814,1.722086891389662e-05,0.00038849268,6.0298946e-05,2.2184053e-05,2.9054934e-06,2.9212342e-06,2.5387747e-06,3.059423e-06,3.26936e-06,2.48738e-06,2.284749e-06,6.866688e-06,9.8711325e-06,1.0968546e-05,1.9661873e-05,1.5057945e-05,1.3145312e-05,9.293078e-06,1.5828222e-05,1.7756998e-05,1.0102677e-05
1766305,Fuzzers,Random,0.746492326259613,0.5283446218818426,2.3251081954235833e-07,0.7464923,0.78952223,0.056929518,0.077304654,0.077304654,0.097725175,0.097725175,0.097725175,0.0806954,0.060052738,9.698171e-08,9.9036065e-08,1.4573114e-07,1.2894165e-07,1.2894165e-07,2.1066869e-07,2.1066869e-07,2.1066869e-07,2.5717551e-07,2.4686148e-07
1130670,Fuzzers,LIME,0.9785584211349487,0.8894374776236873,0.00011329694603611205,0.8907855,0.000101177124,6.444823e-05,5.6234872e-05,4.3348144e-05,2.7588063e-05,3.6382713e-05,3.5691613e-05,3.5691613e-05,2.3357434e-05,1.536109e-07,1.0761719e-05,0.0001357142,0.000119462966,9.0765774e-05,0.00011178264,0.00015533992,0.00013970333,0.00013970333,0.00020528927
1130670,Fuzzers,TreeSHAP,0.9785584211349487,0.9783746589036582,1.1684747758533665e-05,0.0016027668,0.000101177124,3.8826107e-05,3.922319e-05,2.786047e-05,2.4060051e-05,9.448512e-07,9.969073e-07,9.383605e-07,8.284517e-07,6.866688e-06,1.0761719e-05,5.622521e-06,4.969036e-06,8.5416095e-06,1.6435948e-05,2.472312e-05,1.0169373e-05,1.0400806e-05,1.585126e-05
1130670,Fuzzers,Random,0.9785584211349487,0.5887659958694712,3.4309638364078654e-06,0.97489035,0.97489035,0.9721953,0.9721953,0.0012333365,0.0009123491,0.000710969,0.0006690289,0.00010842347,0.00011878855,1.15137816e-07,1.15137816e-07,1.1374293e-07,8.156839e-08,4.8053253e-06,3.7305404e-06,4.1801973e-06,4.5415936e-06,8.084063e-06,7.80668e-06
1744800,Fuzzers,LIME,0.9770438075065613,0.9769880237987764,1.3882652163552644e-05,0.0004228136,3.0270516e-05,2.4833444e-05,2.4875724e-05,1.3024026e-05,1.9590665e-05,7.489193e-06,6.484062e-06,3.6555261e-06,4.8003126e-06,6.866688e-06,9.8711325e-06,9.870787e-06,9.870664e-06,1.230518e-05,9.634343e-06,9.569293e-06,1.1609422e-05,2.183395e-05,3.4208144e-05
1744800,Fuzzers,TreeSHAP,0.9770438075065613,0.9769883652935505,1.9839066176390686e-05,0.0004228136,9.95072e-05,1.2502865e-05,1.1217986e-05,1.6114817e-06,1.790116e-06,1.8566814e-06,8.910065e-07,1.2143047e-06,1.016883e-06,6.866688e-06,7.811075e-06,1.0968546e-05,1.0512845e-05,1.9600076e-05,1.5960783e-05,1.4443033e-05,3.7370733e-05,3.8615417e-05,3.1687174e-05
1744800,Fuzzers,Random,0.9770438075065613,0.8219093726947904,2.0996013858615213e-07,0.21223839,0.19986361,0.19986361,0.19986361,0.23767042,0.08992585,0.12867585,0.12867585,0.12851088,0.02605628,1.413713e-07,1.4646372e-07,1.4646372e-07,1.05033195e-07,1.506403e-07,2.6497963e-07,2.6488993e-07,2.6488993e-07,2.5396332e-07,3.1270747e-07
1331791,Fuzzers,LIME,0.9855409264564514,0.9852712715524831,7.32749312718152e-05,0.0024693655,0.00013172884,1.612929e-05,1.6777654e-05,1.1735145e-05,1.1798566e-05,8.6855225e-06,1.011824e-05,9.097188e-06,1.1113108e-05,6.866688e-06,1.0761719e-05,4.9816776e-06,6.2643085e-06,6.974039e-05,6.785934e-05,8.037014e-05,0.00012272778,0.00015588896,0.00019669339
1331791,Fuzzers,TreeSHAP,0.9855409264564514,0.9852712286835896,1.292716019819581e-05,0.0024693655,0.00016915979,1.612929e-05,1.1873621e-05,1.38322375e-05,1.4756171e-05,4.5756357e-07,4.5756357e-07,4.6769767e-07,4.783128e-07,6.866688e-06,1.51082295e-05,4.9816776e-06,5.9265417e-06,9.061188e-06,8.9266505e-06,1.729229e-05,1.729229e-05,1.8817627e-05,2.3129272e-05
1331791,Fuzzers,Random,0.9855409264564514,0.8551123703364283,5.469155502252915e-07,0.98315674,0.19722009,0.07104723,0.024925465,0.007986989,0.007986989,0.006829043,0.001765395,0.0017653658,0.0016022556,9.6913105e-08,1.1741489e-07,1.3833468e-07,1.8461895e-07,9.113506e-07,9.113506e-07,9.113508e-07,7.8367304e-07,6.6753495e-07,6.6753495e-07
1008333,Fuzzers,LIME,0.17136818170547485,-0.8280630052089691,3.285455261956098,0.99640614,0.9991673,0.9998084,0.9997677,0.9998234,0.9998023,0.99984586,0.9998596,0.9998596,0.9999716,0.99953055,0.9979804,0.9826645,0.98113704,0.27047223,0.3170851,0.18294074,0.2860267,0.2860267,0.32636115
1008333,Fuzzers,TreeSHAP,0.17136818170547485,-0.8281156957149506,5.75217080840505,0.99640614,0.9991673,0.99975806,0.99976176,0.99983644,0.9999758,0.9999758,0.99998367,0.9999875,0.9999863,0.99953055,0.9979804,0.99791175,0.99859995,0.9778986,0.98061746,0.98061746,0.97731906,0.97263676,0.9742784
1008333,Fuzzers,Random,0.17136818170547485,-0.7928042888641358,5.835382377053029,0.96188295,0.96452355,0.96981615,0.96981615,0.9641329,0.9564314,0.9661062,0.9661062,0.9636004,0.95930886,0.99999905,0.99999905,0.99999905,0.99999905,0.99999905,0.99999905,0.99999917,0.99999917,0.9999981,0.9999982
1351932,Fuzzers,LIME,0.9823377132415771,0.8930201623028552,0.00013283612394887365,0.89267623,9.781069e-05,8.288508e-05,8.240882e-05,5.2492556e-05,5.0609542e-05,5.2894255e-05,3.8322607e-05,3.292476e-05,8.926829e-06,1.536109e-07,1.0761719e-05,1.1824042e-05,1.0514545e-05,0.00013246847,0.00014559797,0.00015856519,0.00013298294,0.00014167711,0.0005603538
1351932,Fuzzers,TreeSHAP,0.9823377132415771,0.9821281874355975,1.904778943681416e-05,0.0018522227,9.781069e-05,3.7294958e-05,3.7676433e-05,2.6313724e-05,2.0971256e-05,2.0638172e-05,9.578642e-07,6.607136e-07,7.115293e-07,6.866688e-06,1.0761719e-05,5.622521e-06,4.969036e-06,8.5416095e-06,1.6435948e-05,1.6809865e-05,2.5285215e-05,4.5316872e-05,4.6504145e-05
1351932,Fuzzers,Random,0.9823377132415771,0.6671459063887596,4.526880231531768e-07,0.97684824,0.9094034,0.6156424,0.39579192,0.16163987,0.019840539,0.019786574,0.019608522,0.015224339,0.01813225,9.464753e-08,1.0084713e-07,9.502214e-08,9.121474e-08,1.7271543e-07,4.361071e-07,4.9473596e-07,7.887922e-07,9.695956e-07,1.2032473e-06
1795899,Fuzzers,LIME,0.9785584211349487,0.9783626455398917,0.00019028970777141215,0.0016027668,0.000101177124,6.444823e-05,5.3012416e-05,4.9311988e-05,2.406448e-05,2.6928079e-05,1.266666e-05,1.266666e-05,1.0713513e-05,6.866688e-06,1.0761719e-05,0.0001357142,0.00017758334,0.00015694286,0.0001494411,0.00033183905,0.00029943345,0.00029943345,0.00029408012
1795899,Fuzzers,TreeSHAP,0.9785584211349487,0.9783746589036582,1.1684747758533665e-05,0.0016027668,0.000101177124,3.8826107e-05,3.922319e-05,2.786047e-05,2.4060051e-05,9.448512e-07,9.969073e-07,9.383605e-07,8.284517e-07,6.866688e-06,1.0761719e-05,5.622521e-06,4.969036e-06,8.5416095e-06,1.6435948e-05,2.472312e-05,1.0169373e-05,1.0400806e-05,1.585126e-05
1795899,Fuzzers,Random,0.9785584211349487,0.6789448757393984,5.444273196986385e-06,0.9771425,0.90874237,0.5520608,0.5563987,0.0004479648,0.00032066947,0.00032066947,0.00026758586,0.00021710535,0.00021710535,9.6948966e-08,1.2114461e-07,1.8288975e-07,1.8276035e-07,9.872926e-06,1.0296644e-05,1.0296644e-05,8.3428895e-06,6.941275e-06,6.941275e-06
1148785,Fuzzers,LIME,0.9823399186134338,0.9821224922187867,0.0005916837604770337,0.0018070715,0.00010850707,7.224736e-05,5.9295893e-05,3.6859612e-05,4.125725e-05,1.3534534e-05,1.0840949e-05,1.0710967e-05,1.3938806e-05,6.866688e-06,1.0761719e-05,0.0001357142,0.00013636792,0.00019413806,0.00024110515,0.0010853511,0.0011939929,0.0010383617,0.0017696865
1148785,Fuzzers,TreeSHAP,0.9823399186134338,0.9821290657162536,3.1828287921024886e-05,0.0018070715,0.00010850707,3.8186787e-05,4.7700825e-05,3.4751927e-05,3.5744302e-05,3.3284286e-05,1.1546656e-06,1.050848e-06,1.07676e-06,6.866688e-06,1.0761719e-05,2.4048351e-05,2.3167811e-05,3.689022e-05,3.1762866e-05,3.447625e-05,4.358298e-05,4.4793524e-05,5.6311565e-05
1148785,Fuzzers,Random,0.9823399186134338,0.3831559747457504,1.813419727370151e-07,0.9808317,0.9580142,0.9457801,0.8955654,0.79311883,0.70810133,0.23236826,0.23236826,0.17415994,0.071531445,9.875576e-08,9.585583e-08,1.15517736e-07,1.1359174e-07,1.4132864e-07,1.3566606e-07,1.9988778e-07,1.9988778e-07,1.8777436e-07,4.9312894e-07
979823,Fuzzers,LIME,0.9448524713516235,0.9447419157179866,8.90330368388661e-06,0.00081276364,6.951379e-05,5.7074212e-05,5.7074212e-05,4.5871937e-05,3.541136e-05,1.091025e-05,7.03357e-06,6.557142e-06,3.3462184e-06,6.866688e-06,1.0761719e-05,8.0603495e-06,8.274913e-06,7.1672393e-06,8.388652e-06,6.7456895e-06,6.4508286e-06,6.508182e-06,1.4898824e-05
979823,Fuzzers,TreeSHAP,0.9448524713516235,0.9447472032739824,2.86677640140749e-05,0.00081276364,6.951379e-05,5.7074212e-05,1.305129e-05,2.6032398e-05,2.1570364e-05,1.38090945e-05,1.2483473e-05,1.2361133e-05,1.402138e-05,6.866688e-06,1.0761719e-05,8.0603495e-06,8.4707635e-06,1.0142452e-05,1.5103413e-05,3.691764e-05,2.0788173e-05,4.236599e-05,0.000111390895
979823,Fuzzers,Random,0.9448524713516235,0.28195893988013265,9.688260394231857e-08,0.9448525,0.9448525,0.92791194,0.8713474,0.8713474,0.88049775,0.79419774,0.18537636,0.116168045,0.09238368,9.698171e-08,9.698171e-08,7.903649e-08,6.0689345e-08,6.0689345e-08,6.499378e-08,6.156917e-08,1.0274061e-07,1.3510642e-07,1.566091e-07
1531533,Fuzzers,LIME,0.9256731867790222,0.8820454728991536,0.0001241497623470007,0.43604702,4.8511032e-05,4.2288673e-05,2.8254384e-05,2.8254388e-05,1.6955591e-05,2.1794207e-05,2.0825131e-05,1.5201825e-05,8.035992e-06,1.536109e-07,1.0761719e-05,8.0603495e-06,9.8143566e-05,0.00010036469,0.00021605234,0.00015413822,0.00013830696,0.00021870507,0.00020453458
1531533,Fuzzers,TreeSHAP,0.9256731867790222,0.9256017432729664,4.5413257342427045e-05,0.0005487193,4.8511032e-05,3.060453e-05,2.4998211e-05,1.9754354e-05,1.1425574e-05,1.5350757e-05,1.3084204e-05,1.0035916e-06,9.834955e-07,6.866688e-06,1.0761719e-05,2.59132e-05,1.7391727e-05,2.9406752e-05,6.926901e-05,5.8347552e-05,3.9437375e-05,0.00010081766,6.216666e-05
1531533,Fuzzers,Random,0.9256731867790222,0.4002799324691296,1.9769374444421433e-07,0.87014747,0.8659182,0.86403745,0.8640113,0.59943473,0.59857196,0.15936273,0.17630525,0.17630525,0.079838194,9.464753e-08,9.458058e-08,7.368528e-08,8.6743015e-08,8.5065224e-08,7.602095e-08,3.4187357e-07,3.025416e-07,3.025416e-07,3.7229862e-07
1449444,Fuzzers,LIME,0.9822924733161926,0.9820467077611739,2.6782132638744862e-05,0.0021435274,9.5156065e-05,9.515011e-05,6.6689434e-05,2.6799873e-05,1.1363389e-05,7.1977574e-06,4.5438132e-06,4.310106e-06,2.9176185e-06,6.866688e-06,9.8711325e-06,9.871012e-06,9.162257e-06,1.667673e-05,2.944926e-05,4.7844464e-05,4.2281405e-05,4.8913265e-05,4.2142663e-05
1449444,Fuzzers,TreeSHAP,0.9822924733161926,0.9820146783802215,0.0005060407668205712,0.0021435274,0.0004764311,3.976722e-05,3.1217893e-05,5.1053594e-05,2.7291377e-05,3.0462907e-06,2.4081917e-06,1.8129234e-06,1.3933889e-06,6.866688e-06,6.7876454e-06,9.973928e-06,1.0585609e-05,1.937901e-05,1.6987815e-05,9.141237e-06,0.0013446732,0.0022302,0.0013162048
1449444,Fuzzers,Random,0.9822924733161926,0.6427762188017369,2.371133925858114e-07,0.9822925,0.64780045,0.58685416,0.62843937,0.19393706,0.18466002,0.12292588,0.014702785,0.018511144,0.015039212,9.698171e-08,1.2068278e-07,1.1934185e-07,1.2653597e-07,1.4137038e-07,1.6174191e-07,1.3471272e-07,1.1941741e-07,7.381174e-07,5.7024494e-07
1669817,Fuzzers,LIME,0.8451283574104309,0.8450862902861445,6.373914145831894e-05,0.00030697588,2.2584303e-05,2.3203384e-05,1.0997659e-05,8.087257e-06,8.339673e-06,9.931778e-06,9.931778e-06,9.985483e-06,1.0634047e-05,6.866688e-06,1.0761719e-05,8.95916e-06,1.0560965e-05,7.829789e-05,7.832246e-05,8.8276676e-05,8.8276676e-05,9.033863e-05,7.8016674e-05
1669817,Fuzzers,TreeSHAP,0.8451283574104309,0.8450740410395781,3.153741344530929e-05,0.00030697588,0.0001205354,9.543395e-06,1.7970377e-05,1.8117837e-05,1.8117837e-05,1.6758768e-05,1.619391e-05,1.8018587e-05,9.317185e-07,6.866688e-06,8.399495e-06,1.2687984e-05,1.8516685e-05,2.0151381e-05,2.0151381e-05,2.3768882e-05,4.162661e-05,3.0293857e-05,8.4068655e-05
1669817,Fuzzers,Random,0.8451283574104309,0.50301753282547,2.3480068179813388e-06,0.8480736,0.92348325,0.54796785,0.6371346,0.08658282,0.083454505,0.079091616,0.07331699,0.07527273,0.06673027,1.0832739e-07,1.2630827e-07,5.4436566e-07,7.3993226e-07,2.2609986e-06,2.8406823e-06,3.4935938e-06,3.0983185e-06,3.0079013e-06,3.6232427e-06
1493757,Fuzzers,LIME,0.3336382806301117,0.3335465131483716,0.0006673681238875098,0.00085905904,9.025702e-06,7.358001e-06,7.895248e-06,6.7063806e-06,6.7063834e-06,4.741921e-06,6.2273093e-06,6.2206186e-06,3.7342095e-06,1.5408054e-05,0.00024013108,0.0002454687,0.00026572065,0.00022948066,0.00024006634,0.00020444507,0.00019525025,0.00019523664,0.00039538814
1493757,Fuzzers,TreeSHAP,0.3336382806301117,0.32991965228040954,0.0010108549340207983,0.037124395,9.025702e-06,9.5738e-06,7.0889205e-06,7.366751e-06,4.3069304e-06,8.66468e-06,8.199624e-06,3.976881e-06,3.6848385e-06,1.1802348e-06,0.00024013108,0.00020948723,0.0001953019,0.00058791094,0.00051263574,0.00048423634,0.0004949973,0.000534407,0.00011231135
1493757,Fuzzers,Random,0.3336382806301117,0.030642835050821306,3.0873567236924567e-06,0.5527543,0.5527543,0.5612779,0.44168687,0.2399691,0.17762215,0.18357456,0.18357456,0.12644704,0.010293685,1.18559804e-07,1.18559804e-07,1.0250148e-07,1.0470133e-07,1.0820659e-07,1.5036986e-07,2.489779e-07,2.489779e-07,2.4184985e-07,8.857899e-06
29850,Fuzzers,LIME,0.9647476077079773,0.9643820324269654,1.4178264254754416e-05,0.0025753954,0.0002336925,0.0001725123,0.00017250863,0.0001640622,0.00016406224,5.9542257e-05,5.8531252e-05,4.2211417e-05,1.3234617e-05,6.866688e-06,9.8711325e-06,9.87027e-06,9.870149e-06,9.485624e-06,9.485231e-06,2.1240334e-05,1.9442601e-05,2.0282409e-05,2.037003e-05
29850,Fuzzers,TreeSHAP,0.9647476077079773,0.9644436433802867,1.0848152577080068e-05,0.0025753954,0.0002336925,6.677949e-05,3.559198e-05,2.6581325e-05,2.6881575e-05,2.4960564e-05,2.8142436e-05,1.9439225e-05,2.178792e-06,6.866688e-06,9.8711325e-06,7.385364e-06,4.394155e-06,8.53683e-06,8.55151e-06,7.824479e-06,1.0568868e-05,1.4150321e-05,2.6507952e-05
29850,Fuzzers,Random,0.9647476077079773,0.5632037058472633,8.967104703738858e-08,0.8642927,0.79726106,0.7764197,0.34734318,0.34734318,0.18127576,0.18127576,0.17341565,0.17340603,0.17340603,8.324573e-08,6.6761345e-08,6.676135e-08,1.0522088e-07,1.0522088e-07,9.259857e-08,9.259857e-08,9.86946e-08,7.699866e-08,7.699866e-08
1460835,Fuzzers,LIME,0.8702678084373474,0.8068783606908709,2.395615516173238e-05,0.63372916,5.4842687e-05,2.9560691e-05,2.7194925e-05,9.774206e-06,1.04289475e-05,9.07273e-06,1.1237959e-05,6.7956703e-06,6.4098167e-06,1.536109e-07,1.0761719e-05,1.3374574e-05,1.3730312e-05,3.2978343e-05,3.5545974e-05,2.2255244e-05,2.4411383e-05,2.7548056e-05,2.7723492e-05
1460835,Fuzzers,TreeSHAP,0.8702678084373474,0.8701552500184391,2.4093444509705667e-05,0.00091891346,5.4842687e-05,7.143003e-05,3.8656282e-05,3.7087775e-05,1.4432435e-06,9.238116e-07,8.154098e-07,7.5665173e-07,7.148368e-07,6.866688e-06,1.0761719e-05,1.1082561e-05,2.4761372e-05,1.8376453e-05,2.4888806e-05,3.1818094e-05,3.650592e-05,2.2889812e-05,2.172606e-05
1460835,Fuzzers,Random,0.8702678084373474,0.6439581848680973,2.6401315596310034e-07,0.74886525,0.4194432,0.17462271,0.1411718,0.15278675,0.11003935,0.11856087,0.13373242,0.13369372,0.13018017,8.1433164e-08,1.14773684e-07,1.5955105e-07,1.766054e-07,1.6155084e-07,3.1964538e-07,4.3049698e-07,3.1765987e-07,2.680473e-07,2.678577e-07
1350973,Fuzzers,LIME,0.8015376925468445,0.8012519210222309,0.00013507425648073357,0.0021632314,0.00016870584,0.0001687062,9.125437e-05,6.5337896e-05,5.172018e-05,4.9795304e-05,3.486809e-05,3.486809e-05,2.9227898e-05,6.866688e-06,1.0761719e-05,1.1313257e-05,1.4060025e-05,0.00017436733,0.00018400038,0.00017676725,0.00014709267,0.00014709267,0.00021034908
1350973,Fuzzers,TreeSHAP,0.8015376925468445,0.8012785619992429,1.9122548224595495e-05,0.0021632314,0.00016870584,7.6783384e-05,3.317226e-05,2.8155599e-05,2.8155608e-05,2.5154111e-05,2.25787e-05,2.3417426e-05,2.1951177e-05,6.866688e-06,1.0761719e-05,8.909644e-06,1.2660452e-05,1.7122547e-05,1.862786e-05,1.8372884e-05,1.714766e-05,2.1402566e-05,2.1402417e-05
1350973,Fuzzers,Random,0.8015376925468445,0.690554693096783,2.1504545522792072e-07,0.8015377,0.092129506,0.08759103,0.08759103,0.019801587,0.014152875,0.0034194745,0.0012735572,0.0012735572,0.0010596855,9.698171e-08,1.17498004e-07,1.198449e-07,8.5944286e-08,8.0711494e-08,8.1349164e-08,1.9915332e-07,3.0391513e-07,3.0391513e-07,3.3435722e-07
65162,Fuzzers,LIME,0.9439404606819153,0.9438489349292467,0.00043420850286183486,0.0007066133,6.838543e-05,4.7069756e-05,2.3634777e-05,2.0873289e-05,1.1569145e-05,2.121408e-05,6.1208907e-06,5.0011176e-06,4.7757444e-06,6.866688e-06,1.0761719e-05,0.0001357142,0.00019313952,0.00018191416,0.0002250812,0.00018268265,0.0010399825,0.0010612634,0.0010612634
65162,Fuzzers,TreeSHAP,0.9439404606819153,0.9438499251915744,1.8491758166881218e-05,0.0007066133,6.838543e-05,3.727057e-05,1.9192721e-05,1.3965406e-05,1.4152584e-05,1.42922345e-05,2.1712583e-05,8.883409e-06,8.866696e-07,6.866688e-06,1.0761719e-05,9.827538e-06,1.135924e-05,6.8126305e-06,1.3102815e-05,3.2019834e-05,3.110698e-05,2.4764722e-05,2.7929003e-05
65162,Fuzzers,Random,0.9439404606819153,0.7184346606198233,1.5741227547531757e-07,0.54859495,0.52873105,0.52873105,0.13425373,0.2189132,0.23352833,0.059828218,0.0008121451,0.0008121451,0.0008531906,9.032396e-08,9.3577654e-08,9.3577654e-08,1.3263562e-07,1.4037461e-07,1.3082033e-07,1.7961294e-07,2.1536367e-07,2.1536367e-07,1.9422804e-07
1741743,Fuzzers,LIME,0.9561970829963684,0.9561180294271253,7.733243410887294e-06,0.0005484308,4.1069878e-05,3.352308e-05,2.8686049e-05,2.7611599e-05,2.4972975e-05,2.0411057e-05,2.250057e-05,2.0998206e-05,2.2331504e-05,6.866688e-06,1.0761719e-05,8.0603495e-06,7.3944975e-06,7.965123e-06,6.85809e-06,7.76725e-06,7.116863e-06,5.3298168e-06,5.8246546e-06
1741743,Fuzzers,TreeSHAP,0.9561970829963684,0.9561245865480373,3.358289660003888e-05,0.0005484308,4.1069878e-05,3.352308e-05,2.4318808e-05,2.3174107e-05,1.8149323e-05,1.0057537e-05,1.15848425e-05,1.3791143e-05,8.649887e-07,6.866688e-06,1.0761719e-05,8.0603495e-06,5.2905484e-06,5.0497188e-06,9.412442e-06,1.6627115e-05,1.8915423e-05,7.371268e-05,0.00016642199
1741743,Fuzzers,Random,0.9561970829963684,0.760045491863275,1.1280000658357468e-07,0.9561971,0.9473575,0.021305148,0.018170903,0.01319619,0.0013301811,0.0013301811,0.001381507,0.000865323,0.0003819203,6.954834e-08,7.576332e-08,9.179101e-08,7.8372224e-08,1.04116815e-07,1.3864174e-07,1.3864174e-07,1.1374373e-07,1.1384292e-07,1.5412851e-07
1004346,Fuzzers,LIME,0.992428719997406,0.9923305035362773,1.4745525944072221e-05,0.00076501956,4.470713e-05,3.9591672e-05,3.959103e-05,3.9132905e-05,1.6464626e-05,1.261126e-05,1.0224746e-05,9.012852e-06,5.8088303e-06,6.866688e-06,9.8711325e-06,9.870787e-06,9.870664e-06,9.953849e-06,1.2410101e-05,1.9415778e-05,2.6754275e-05,1.6357168e-05,2.4968385e-05
1004346,Fuzzers,TreeSHAP,0.992428719997406,0.9923277972154381,2.8815955817737503e-05,0.00076501956,0.00019422846,1.823527e-05,1.3331646e-05,1.2824868e-05,2.0291022e-06,1.5200447e-06,6.8134597e-07,6.8134557e-07,6.761768e-07,6.866688e-06,7.811075e-06,1.0968546e-05,1.0080064e-05,1.0360812e-05,2.1336917e-05,4.3313543e-05,4.976325e-05,5.8037658e-05,6.743926e-05
1004346,Fuzzers,Random,0.992428719997406,0.6967421902565547,6.5033308106962465e-06,0.9883825,0.9865747,0.97983927,0.0005982054,0.00038791186,0.00041340964,0.00045151587,8.121243e-05,8.121243e-05,5.533671e-05,9.96473e-08,1.0031245e-07,9.1524925e-08,5.8544597e-06,5.854024e-06,5.6373924e-06,6.298557e-06,1.1388335e-05,1.1388335e-05,1.7828335e-05
1374096,Fuzzers,LIME,0.8837805390357971,0.8836531983916757,0.00016580105674730096,0.0010595781,6.745025e-05,4.5882633e-05,1.9874882e-05,1.42806375e-05,1.4357777e-05,1.2250726e-05,1.3067985e-05,1.30679755e-05,1.3595424e-05,6.866688e-06,1.0761719e-05,1.0661363e-05,1.7401058e-05,0.00022357766,0.00020522201,0.0002491066,0.0002542371,0.00025393406,0.00023354919
1374096,Fuzzers,TreeSHAP,0.8837805390357971,0.883658012689206,6.345075245197194e-05,0.0010595781,6.745025e-05,3.135703e-05,2.2112905e-05,1.4999464e-05,1.1986473e-05,1.248943e-05,3.233248e-06,1.8636537e-06,1.9286038e-07,6.866688e-06,1.0761719e-05,2.5766754e-05,2.011325e-05,2.4375218e-05,2.2217257e-05,2.0373485e-05,8.681841e-05,0.00013919578,0.00020427683
1374096,Fuzzers,Random,0.8837805390357971,0.573262675665319,1.5685628541523322e-07,0.8062736,0.70295805,0.6925565,0.6044901,0.07172456,0.07172456,0.07172456,0.07258596,0.006087765,0.005053008,1.0438863e-07,1.227444e-07,1.00224845e-07,7.12321e-08,8.759125e-08,8.759125e-08,8.759125e-08,8.759125e-08,2.528545e-07,3.844558e-07
1818275,Fuzzers,LIME,0.789587676525116,0.7895276993946936,1.7180573528565333e-05,0.00037324347,4.7809885e-05,3.634254e-05,3.54637e-05,3.5463367e-05,1.6859261e-05,1.4703858e-05,1.3974157e-05,1.2873023e-05,1.3038043e-05,6.866688e-06,9.8711325e-06,9.87027e-06,1.032637e-05,1.0326219e-05,1.2062283e-05,1.1412903e-05,1.1413147e-05,2.8770797e-05,2.4735891e-05
1818275,Fuzzers,TreeSHAP,0.789587676525116,0.7895393827928615,1.4182117590927258e-05,0.00037324347,4.7809885e-05,2.3005909e-05,2.4025516e-05,2.8438426e-06,3.5052874e-06,2.3882817e-06,3.588611e-06,1.2268703e-06,1.29965e-06,6.866688e-06,9.8711325e-06,1.0968546e-05,1.0245236e-05,1.9197178e-05,1.079717e-05,9.039554e-06,8.79747e-06,1.6595366e-05,9.601911e-06
1818275,Fuzzers,Random,0.789587676525116,0.6873150281608105,7.887169060903027e-07,0.45914945,0.060829557,0.060020216,0.060020216,0.064297535,0.06499703,0.06825121,0.058003023,0.058003023,0.06915522,3.2723062e-07,5.090811e-07,5.1423183e-07,5.1423183e-07,4.850411e-07,4.85041e-07,7.2030855e-07,8.140906e-07,8.140906e-07,1.0442645e-06
1169185,Fuzzers,LIME,0.9822924733161926,0.8949972047612391,1.558246629097953e-05,0.87256664,9.5156065e-05,9.515011e-05,9.717695e-05,2.9128701e-05,2.3533952e-05,1.2748897e-05,1.1570628e-05,9.751143e-06,1.1828725e-05,1.40177e-07,9.8711325e-06,9.871012e-06,1.1242433e-05,1.2353328e-05,2.1016e-05,2.8774522e-05,1.734131e-05,1.9370003e-05,2.308548e-05
1169185,Fuzzers,TreeSHAP,0.9822924733161926,0.9820146783802215,0.0005060407668205712,0.0021435274,0.0004764311,3.976722e-05,3.1217893e-05,5.1053594e-05,2.7291377e-05,3.0462907e-06,2.4081917e-06,1.8129234e-06,1.3933889e-06,6.866688e-06,6.7876454e-06,9.973928e-06,1.0585609e-05,1.937901e-05,1.6987815e-05,9.141237e-06,0.0013446732,0.0022302,0.0013162048
1169185,Fuzzers,Random,0.9822924733161926,0.4027479074435405,9.557067258010183e-06,0.9795903,0.97690725,0.9653374,0.9590556,0.96646166,0.9471984,0.00068090874,0.00017867035,3.2071297e-05,3.4106758e-06,9.3095785e-08,9.352613e-08,1.6652376e-07,1.9869181e-07,2.2616395e-07,1.4518284e-07,5.5405076e-06,1.078489e-05,2.9425742e-05,4.7204026e-05
1896224,Fuzzers,LIME,0.9873592257499695,0.9871369606998996,0.00013477632895485362,0.0016094183,0.00014337018,0.000120147044,0.00012622886,8.651814e-05,6.717681e-05,3.2386426e-05,1.9033705e-05,8.839569e-06,9.531458e-06,6.866688e-06,1.0761719e-05,1.12589905e-05,1.1260136e-05,0.00014195593,0.00015517623,0.00012119847,0.00014613829,0.00027220772,0.00045390235
1896224,Fuzzers,TreeSHAP,0.9873592257499695,0.9871436915911375,1.5255946428758932e-05,0.0016094183,0.00039952146,3.9530623e-05,2.7451231e-05,1.8905275e-05,2.0659996e-05,1.6927439e-05,2.137685e-05,7.2956857e-07,8.2083085e-07,6.866688e-06,1.0322252e-05,1.684826e-05,1.3336849e-05,8.921204e-06,1.6765016e-05,1.9053792e-05,1.823696e-05,1.9350457e-05,2.0929516e-05
1896224,Fuzzers,Random,0.9873592257499695,0.9673123056418262,3.358847300657189e-07,0.09503671,0.022536673,0.015492431,0.015492431,0.015492431,0.017585713,0.008878358,0.006083494,0.0023159268,0.0015550359,1.17498004e-07,4.4825228e-07,3.8008136e-07,3.8008136e-07,3.8008136e-07,3.6156496e-07,2.52754e-07,2.1520836e-07,3.6041348e-07,4.2045394e-07
1354542,Fuzzers,LIME,0.994005024433136,0.8967504818360794,2.850453066126938e-05,0.97210115,0.00024245198,3.6356916e-05,3.141995e-05,2.1156546e-05,3.57693e-05,2.6173402e-05,2.0330452e-05,1.588984e-05,1.4725646e-05,1.536109e-07,1.0761719e-05,4.9816776e-06,5.9265417e-06,4.8551738e-06,6.5219892e-06,6.6246925e-05,4.0173454e-05,6.438987e-05,7.932552e-05
1354542,Fuzzers,TreeSHAP,0.994005024433136,0.9936186669508402,1.0003369117046331e-05,0.0031176852,0.0005313313,3.6356916e-05,3.141995e-05,2.8211021e-05,2.8211021e-05,3.0193421e-05,3.1081578e-05,2.8096712e-05,9.8771e-07,6.866688e-06,1.51082295e-05,4.9816776e-06,5.9265417e-06,9.061188e-06,9.061188e-06,8.9266505e-06,9.122431e-06,9.068249e-06,2.131114e-05
1354542,Fuzzers,Random,0.994005024433136,0.7012308016419411,1.2157427691723932e-07,0.9932081,0.9932081,0.23676124,0.23676124,0.09968114,0.09968114,0.07736778,0.078407526,0.073925324,0.038740613,9.6948966e-08,9.6948966e-08,1.1745835e-07,1.1745835e-07,1.3838587e-07,1.3838587e-07,1.3591583e-07,1.1984665e-07,1.1984665e-07,1.2725893e-07
1533168,Fuzzers,LIME,0.5905214548110962,-0.40944411158561705,1.639663799624237,0.9997695,0.9999701,0.9999926,0.99999285,0.9999944,0.9999858,0.99998724,0.99998724,0.99998724,0.9999887,0.99953055,0.9978916,0.9811226,0.98036826,0.9691593,0.9531544,0.94521624,0.94521624,0.94521624,0.965692
1533168,Fuzzers,TreeSHAP,0.5905214548110962,-0.40942161679267886,1.4707419958563912,0.9997695,0.9999701,0.9999534,0.99993706,0.9999398,0.999961,0.9999639,0.99995995,0.9999863,0.99998975,0.99953055,0.9978916,0.9965887,0.99728966,0.99624217,0.89422226,0.74143356,0.6425857,0.6746481,0.74461484
1533168,Fuzzers,Random,0.5905214548110962,-0.15830621123313904,1.6934123161230712,0.743847,0.7491896,0.7560001,0.5854048,0.6451709,0.63088757,0.78187513,0.66947806,0.9632117,0.9632117,0.9999987,0.9999987,0.9999987,0.99999857,0.99999833,0.99999833,0.999997,0.9999975,0.9999882,0.9999882
994531,Fuzzers,LIME,0.746492326259613,0.7464255012855574,1.2180441323391069e-05,0.00038849268,6.0298946e-05,4.585332e-05,4.5852878e-05,1.6869028e-05,1.4315714e-05,2.298263e-05,2.298263e-05,2.5300953e-05,2.5300958e-05,6.866688e-06,9.8711325e-06,9.87027e-06,9.870149e-06,1.2305066e-05,8.937557e-06,6.74873e-06,6.74873e-06,9.452978e-06,1.0254763e-05
994531,Fuzzers,TreeSHAP,0.746492326259613,0.7464432820498814,1.722086891389662e-05,0.00038849268,6.0298946e-05,2.2184053e-05,2.9054934e-06,2.9212342e-06,2.5387747e-06,3.059423e-06,3.26936e-06,2.48738e-06,2.284749e-06,6.866688e-06,9.8711325e-06,1.0968546e-05,1.9661873e-05,1.5057945e-05,1.3145312e-05,9.293078e-06,1.5828222e-05,1.7756998e-05,1.0102677e-05
994531,Fuzzers,Random,0.746492326259613,0.6184590918011963,1.835039215305745e-07,0.47892967,0.34484425,0.34484425,0.04031623,0.013179409,0.00785066,0.008302744,0.008302744,0.016881192,0.016881192,8.552225e-08,6.760647e-08,6.760647e-08,9.0366065e-08,9.196241e-08,1.525866e-07,2.1174229e-07,2.1174229e-07,1.9535395e-07,1.9535395e-07
1786394,Generic,LIME,0.8523380756378174,0.8520476921082263,0.0004856677246315698,0.0027357894,1.9576957e-05,2.0667068e-05,1.995711e-05,2.1781872e-05,2.1102871e-05,1.7483499e-05,1.6999784e-05,1.49468115e-05,1.5529924e-05,1.5408054e-05,0.00026900193,0.000268997,0.00029762503,0.00033228222,0.00037347377,0.00042051755,0.00046491963,0.0008519129,0.00084539264
1786394,Generic,TreeSHAP,0.8523380756378174,0.8404708493870657,0.0013944996937470017,0.1185865,1.9576957e-05,1.4075238e-05,1.1513698e-05,7.8536705e-06,1.1052109e-05,6.2298177e-06,5.9253207e-06,5.383018e-06,4.149709e-06,1.3222509e-06,0.00026900193,0.0013016512,0.0007989672,0.0007648498,0.00065329706,0.0012515979,0.001402112,0.0025691958,0.0028738568
1786394,Generic,Random,0.8523380756378174,0.4883655820041895,4.79752429079418e-07,0.8508897,0.84847254,0.8342628,0.7132338,0.1115051,0.11119607,0.040307578,0.040758733,0.040758733,0.04833989,1.0325342e-07,1.0109595e-07,9.9110515e-08,9.6041795e-08,2.7637014e-07,2.7637014e-07,8.3962715e-07,6.379158e-07,6.379158e-07,1.0214122e-06
1833477,Generic,LIME,0.9665311574935913,0.9656542674373668,0.00014524065619969767,0.008603267,2.994428e-05,2.249824e-05,2.1939435e-05,2.3826326e-05,2.1446702e-05,1.4197418e-05,1.4733913e-05,1.0451785e-05,6.5950926e-06,8.494411e-06,6.5776636e-05,7.393514e-05,8.551358e-05,8.679517e-05,9.3563474e-05,9.11497e-05,9.115324e-05,0.00012483382,0.0006825811
1833477,Generic,TreeSHAP,0.9665311574935913,0.9356707022484215,0.0001233884792990692,0.308523,2.994428e-05,1.6641652e-05,8.994946e-06,8.006037e-06,5.8350597e-06,2.5216384e-06,3.1870045e-06,3.1870036e-06,3.2355433e-06,1.0884442e-06,6.5776636e-05,7.1289745e-05,0.00011737784,0.00012960398,0.00012769483,0.0001086107,0.00019039781,0.00019040146,0.00019034662
1833477,Generic,Random,0.9665311574935913,0.26008286476135256,1.838055033808323e-07,0.93490684,0.92823243,0.9085872,0.8409842,0.6548951,0.66715217,0.6562025,0.62652594,0.4660776,0.3809189,8.820556e-08,8.820556e-08,9.914929e-08,1.5703027e-07,1.8251613e-07,1.8710438e-07,1.9866883e-07,2.1536398e-07,2.1863701e-07,3.4165635e-07
56059,Generic,LIME,0.9917300343513489,0.9901705820140705,0.0007312652257285511,0.015451302,3.4468314e-05,2.9462608e-05,1.8436654e-05,1.8940736e-05,9.163476e-06,9.179651e-06,8.702406e-06,7.756364e-06,7.1113427e-06,8.494411e-06,6.5776636e-05,7.6078155e-05,0.0007217361,0.00063817814,0.001367702,0.0012566316,0.0012640713,0.00091873744,0.0009347709
56059,Generic,TreeSHAP,0.9917300343513489,0.9442683231984234,0.0012154957455069934,0.47454113,3.4468314e-05,9.109372e-06,4.7707767e-06,5.283992e-06,5.5755677e-06,5.1832753e-06,5.3205986e-06,4.869259e-06,1.4026926e-06,1.0884442e-06,6.5776636e-05,0.00045148682,0.0011632235,0.0011632959,0.0012471701,0.0011437092,0.0012446627,0.002548693,0.0030253306
56059,Generic,Random,0.9917300343513489,0.3758623470552266,2.0493518256020753e-07,0.9823659,0.9823659,0.9520482,0.94666266,0.90362006,0.8402323,0.25910553,0.25910553,0.023377592,0.009793178,1.03253385e-07,7.404595e-08,7.658317e-08,7.498311e-08,7.8741124e-08,8.650048e-08,1.1841887e-07,1.1841887e-07,4.5708057e-07,8.443782e-07
990517,Generic,LIME,0.9823135733604431,0.9719575522153491,0.01420209282953835,0.10257884,0.00051676173,0.00041687218,8.635594e-06,8.635594e-06,1.0204855e-05,1.4692891e-05,2.5238312e-06,1.765954e-06,1.2776677e-06,1.5408054e-05,0.00024013108,0.0002610384,0.0012717329,0.0012717329,0.0013765397,0.0028380647,0.01882813,0.03983595,0.073570356
990517,Generic,TreeSHAP,0.9823135733604431,0.9779681825804403,0.02682430781626781,0.036085874,0.0073254383,1.5159931e-05,2.9824987e-06,3.3171632e-06,5.2813534e-06,6.0411408e-06,4.4056746e-06,4.8096467e-06,5.982328e-07,5.995366e-07,1.2947714e-05,0.0016792708,0.004784494,0.011694374,0.039077032,0.03820845,0.02418773,0.025394712,0.11845919
990517,Generic,Random,0.9823135733604431,0.4528466442832723,0.00023349156414491877,0.916617,0.938573,0.93704826,0.84161514,0.8335457,0.7987655,0.013020842,0.013020842,0.0012315324,0.0012315324,6.6503947e-07,4.2233114e-07,8.214562e-07,9.0783107e-07,9.251843e-07,1.0806295e-06,0.00013525375,0.00013525375,0.0010091447,0.0010091447
1655343,Generic,LIME,0.9442335963249207,0.9273337205229837,0.001765300702766278,0.16893187,1.0595022e-05,9.984155e-06,8.522155e-06,9.593514e-06,7.2478833e-06,4.5020815e-06,6.068934e-06,6.30192e-06,4.070701e-06,1.3222509e-06,0.00026900193,0.0003716631,0.00040521903,0.00043416055,0.00038833168,0.003984138,0.0041259076,0.0038185448,0.002870274
1655343,Generic,TreeSHAP,0.9442335963249207,0.9273355730829053,0.0018529944946097969,0.16893187,1.0595022e-05,7.5334965e-06,7.6377155e-06,8.631271e-06,4.0722734e-06,2.3583946e-06,2.3117218e-06,2.7282056e-06,2.492667e-06,1.3222509e-06,0.00026900193,0.0002518638,0.00025569953,0.0002556741,0.0006667211,0.002234463,0.0021326516,0.005572474,0.005856726
1655343,Generic,Random,0.9442335963249207,0.9436173911644801,0.0013696783811554898,0.0061018546,1.0595022e-05,1.0741581e-05,7.6377155e-06,7.564034e-06,4.9357004e-06,4.9357004e-06,4.9357004e-06,4.9357e-06,3.9158394e-06,1.5408054e-05,0.00026900193,0.00027309565,0.00025569953,0.0004381839,0.0023923954,0.0023923954,0.0023923954,0.0020409042,0.0024634846
1041063,Generic,LIME,0.9940483570098877,0.9767154402926735,0.0009360416914694972,0.17230938,0.0009484885,1.6589149e-05,8.635594e-06,8.635594e-06,1.0204855e-05,1.0855831e-05,6.693865e-06,5.524357e-06,4.1556978e-06,1.5408054e-05,0.00024013108,0.0016792708,0.0010369555,0.0010369555,0.0011224337,0.0011068585,0.00092758285,0.000837631,0.0013014806
1041063,Generic,TreeSHAP,0.9940483570098877,0.9890513798756672,0.04790323503762345,0.0424227,0.007505417,1.6589149e-05,2.9825017e-06,3.3171675e-06,5.2813552e-06,6.0411426e-06,5.8773535e-06,7.0434214e-07,8.6078734e-07,5.995366e-07,1.2947714e-05,0.0016792708,0.004784494,0.011694374,0.039077032,0.03820845,0.042044934,0.1880566,0.15062259
1041063,Generic,Random,0.9940483570098877,0.23566579222679138,2.702512893794657e-07,0.99630785,0.9486682,0.9537495,0.9537256,0.8297921,0.86668473,0.87784785,0.8325515,0.16759151,0.1569069,1.18559804e-07,6.522043e-08,7.3582896e-08,5.326083e-08,3.1350015e-07,1.8244047e-07,2.228101e-07,4.3616393e-07,5.8211015e-07,6.387801e-07
1639858,Generic,LIME,0.9034385681152344,0.903279446280908,0.0004344465198709569,0.0015388032,8.608587e-06,8.361916e-06,5.976603e-06,5.976579e-06,4.6310083e-06,5.4401416e-06,5.6194312e-06,4.927892e-06,2.8729658e-06,1.5408054e-05,0.00026900193,0.00028856078,0.00034693663,0.00040297693,0.0004968621,0.0004987146,0.00045684213,0.0003299241,0.00081973016
1639858,Generic,TreeSHAP,0.9034385681152344,0.8961481745667698,0.00037551210400873277,0.07284987,8.608587e-06,8.403361e-06,8.162588e-06,5.7154452e-06,6.6288876e-06,5.670305e-06,4.1862495e-06,3.4978839e-06,3.1924492e-06,1.3222509e-06,0.00026900193,0.00017867243,0.000191623,0.00020277033,0.00017163191,0.00018645271,0.0006418252,0.0008246076,0.0007246138
1639858,Generic,Random,0.9034385681152344,0.15361980795860292,1.0603749541039639e-07,0.8904766,0.8512683,0.79890096,0.76044106,0.76044106,0.77477133,0.7276555,0.69258296,0.6320747,0.60957515,1.0325342e-07,9.0774925e-08,8.0667625e-08,1.0118257e-07,1.0118257e-07,9.906837e-08,9.6307396e-08,7.993186e-08,9.5719564e-08,1.0989528e-07
1450893,Generic,LIME,0.6758630871772766,0.675546143452948,0.0009553445239507965,0.0030679288,1.998725e-05,1.8829229e-05,1.720019e-05,1.630765e-05,7.648032e-06,5.2719715e-06,5.5356973e-06,5.3641966e-06,5.3641966e-06,1.5408054e-05,0.00026900193,0.00019042609,0.00025191013,0.0002499061,0.0010143686,0.001006259,0.0010365208,0.0011956093,0.0012274112
1450893,Generic,TreeSHAP,0.6758630871772766,0.6687075527390902,0.0026288022221735217,0.07150016,1.998725e-05,1.327911e-05,5.8652704e-06,3.7445855e-06,3.192848e-06,2.6451053e-06,2.6186453e-06,2.5121185e-06,1.3396485e-06,1.3222509e-06,0.00026900193,0.00029320558,0.00026900318,0.0007588162,0.00092344015,0.0011392948,0.0017198417,0.0021558334,0.010237345
1450893,Generic,Random,0.6758630871772766,0.321223113645101,5.667470039975295e-06,0.19762647,0.23218499,0.4834465,0.49198765,0.45099214,0.5629839,0.5629839,0.5629839,0.0008632561,0.00034711347,1.2536297e-07,1.2536297e-07,1.6325698e-07,1.5984575e-07,1.6400209e-07,1.568128e-07,1.568128e-07,1.568128e-07,2.106237e-05,1.60337e-05
1185595,Generic,LIME,0.8486286997795105,0.8484301898867557,0.0070539351027386794,0.0019254412,1.9068242e-05,1.1989451e-05,7.898578e-06,5.539624e-06,4.351981e-06,4.351981e-06,3.2188293e-06,1.9378442e-06,1.3011937e-06,1.5408054e-05,0.00026900193,0.00033890022,0.00015940644,0.0005456782,0.00050001225,0.0005132788,0.00086648966,0.0050189714,0.051634572
1185595,Generic,TreeSHAP,0.8486286997795105,0.8321966926231881,0.002495194215387859,0.16423085,1.9068242e-05,1.6573094e-05,1.1295116e-05,1.8418235e-05,1.0573078e-05,4.924718e-06,4.393128e-06,1.9756637e-06,1.9969689e-06,1.3222509e-06,0.00026900193,0.00034962565,0.0016831782,0.0009810553,0.0023169164,0.003248307,0.0035935973,0.003642644,0.0050892844
1185595,Generic,Random,0.8486286997795105,0.7972591074925276,0.00033552920359814875,0.50660366,0.0012481149,0.0012225041,0.0011443289,0.0011443289,0.0011443289,0.0011601388,1.07076785e-05,1.07076785e-05,7.105073e-06,1.0482263e-07,1.9586045e-05,1.6047885e-05,2.3869947e-05,2.3869947e-05,2.3869947e-05,2.387093e-05,0.00062411395,0.00062411395,0.0014679496
1206487,Generic,LIME,0.7744298577308655,0.7742326887637546,0.006945005987749963,0.0019052317,1.2828398e-05,1.1091286e-05,1.1117583e-05,9.891338e-06,7.3555234e-06,6.0260895e-06,3.065016e-06,3.178605e-06,1.9040951e-06,1.5408054e-05,0.00026900193,0.0003716631,0.0003733388,0.0006741374,0.0006414681,0.0011070884,0.0024930823,0.0043229247,0.043516085
1206487,Generic,TreeSHAP,0.7744298577308655,0.769464899147988,0.001129211391596654,0.049558718,1.2828398e-05,7.0042033e-06,4.706756e-06,1.041407e-05,1.323819e-05,1.1037201e-05,1.0716345e-05,1.1281478e-05,9.64143e-06,1.3222509e-06,0.00026900193,0.0012835524,0.0011785715,0.0010584855,0.00094104605,0.0013728172,0.0006174218,0.0008131156,0.0012096156
1206487,Generic,Random,0.7744298577308655,0.5057332403957844,2.8278220646932344e-07,0.7523191,0.6168857,0.4674256,0.36630803,0.2587137,0.11253578,0.086821675,0.0083377175,0.0083377175,0.009281121,8.837378e-08,1.4150477e-07,1.5486383e-07,1.3491682e-07,1.9776523e-07,2.2592668e-07,2.683544e-07,3.5577253e-07,3.5577253e-07,2.6669935e-07
1007701,Generic,LIME,0.9957572817802429,0.9785666368627062,0.0016337724286462946,0.17055053,0.00089039764,0.00041687218,8.635594e-06,8.635594e-06,1.0204855e-05,6.8609884e-06,6.2726062e-06,4.93801e-06,3.1065188e-06,1.5408054e-05,0.00024013108,0.00026100708,0.0012681901,0.0012681901,0.0013727047,0.0036767437,0.0019504436,0.0033141666,0.0029014235
1007701,Generic,TreeSHAP,0.9957572817802429,0.9903419681572416,0.0373676713235666,0.045963034,0.008154388,1.5159746e-05,2.982503e-06,1.9053273e-06,2.1191333e-06,3.8515636e-06,4.2884576e-06,4.8096467e-06,5.982328e-07,5.995366e-07,1.2947714e-05,0.0016792708,0.004784494,0.003633717,0.009614163,0.04433551,0.043591943,0.04900721,0.21543145
1007701,Generic,Random,0.9957572817802429,0.7698832101414155,0.0001507087618102904,0.99050504,0.9873453,0.2742131,0.0062360615,9.038145e-05,9.038145e-05,8.895376e-05,8.895376e-05,4.6553392e-05,3.600772e-05,3.4463554e-07,4.9952735e-07,8.073512e-07,2.055851e-05,0.00024299964,0.00024299964,0.00027226703,0.00027226703,0.00022318099,0.00022476916
1727775,Generic,LIME,0.9715457558631897,0.9706074732041088,0.0011195360099701636,0.009286753,2.3313067e-05,2.087134e-05,1.8157147e-05,1.1533231e-05,6.5295408e-06,5.3640256e-06,4.014517e-06,3.0927956e-06,3.1980242e-06,8.494411e-06,6.5776636e-05,9.088793e-05,0.00010367792,0.0009437596,0.0035622697,0.001601607,0.0015742492,0.0015038819,0.0014222005
1727775,Generic,TreeSHAP,0.9715457558631897,0.9406473177548037,0.0006162111398242547,0.30893058,2.3313067e-05,7.259976e-06,5.9532945e-06,4.6292157e-06,3.8777325e-06,3.6421961e-06,3.0217188e-06,1.1227653e-06,9.852705e-07,1.0884442e-06,6.5776636e-05,0.00045148682,0.0004942759,0.00048795433,0.0005437138,0.00051975687,0.00082939793,0.00097419845,0.0016191242
1727775,Generic,Random,0.9715457558631897,0.6512724863975337,6.229137748177964e-05,0.97398925,0.97398925,0.9710109,0.28241393,0.00030780234,0.00030780234,0.0002640626,0.00025931952,0.0001869309,3.4272973e-06,9.3981946e-08,9.3981946e-08,1.1984051e-07,1.83673e-07,2.4198771e-05,1.7456578e-05,1.4248329e-05,1.57329e-05,1.4511206e-05,0.00051855
1781665,Generic,LIME,0.23288844525814056,0.23286319709627606,0.11019500342922868,0.0002145721,2.5836709e-05,2.606031e-06,1.6721755e-06,1.6721755e-06,1.6766102e-06,1.528982e-06,9.433599e-07,8.754527e-07,1.0980291e-06,0.00029742107,0.0009408705,0.008522503,0.01866049,0.01866049,0.019492632,0.025576342,0.043767944,0.0548814,0.06583132
1781665,Generic,TreeSHAP,0.23288844525814056,0.23285101291792215,0.00455223887938476,0.0002145721,9.601264e-05,1.38927635e-05,1.3150138e-05,8.943827e-06,8.604039e-06,6.1690794e-06,6.278834e-06,3.1543425e-06,3.5456428e-06,0.00029742107,0.00036440836,0.0012124794,0.001757081,0.0011066217,0.00083745306,0.00088184775,0.00059485214,0.0015922765,0.0019571977
1781665,Generic,Random,0.23288844525814056,0.08627112470567226,3.7119351792732594e-06,0.35175908,0.24471603,0.17449655,0.14703204,0.14690787,0.16925386,0.046335198,0.055579133,0.06136642,0.06872704,1.9662752e-07,2.2648388e-07,2.3822487e-07,3.5891802e-07,3.4799868e-07,3.7462488e-07,1.6007174e-06,1.4935937e-06,1.8987859e-06,1.9086935e-06
1692963,Generic,LIME,0.823916494846344,0.8237521278869394,0.001971307129544727,0.001574283,1.2457285e-05,1.07805035e-05,1.0901013e-05,1.0698761e-05,8.672467e-06,6.2782137e-06,5.6277527e-06,2.5392544e-06,1.4313433e-06,1.5408054e-05,0.00026900193,0.0003716631,0.00040811033,0.00049898436,0.0008646069,0.0016441069,0.0011232559,0.0029960182,0.00805077
1692963,Generic,TreeSHAP,0.823916494846344,0.8189530827536373,0.001505372433403687,0.049558707,1.2457285e-05,5.339074e-06,3.6980816e-06,1.0299511e-05,8.878601e-06,8.118289e-06,8.502209e-06,1.0055173e-05,8.066121e-06,1.3222509e-06,0.00026900193,0.0012835524,0.0011785715,0.0010584855,0.0018712165,0.002376511,0.0011362223,0.001218474,0.0020096542
1692963,Generic,Random,0.823916494846344,0.41757811009883883,1.9635320427076156e-07,0.82450014,0.8002929,0.75145155,0.75145155,0.6699512,0.060349453,0.060349453,0.055623993,0.055623993,0.033789597,9.3981946e-08,8.04384e-08,1.1016832e-07,1.1016832e-07,1.5415202e-07,2.0257485e-07,2.0257485e-07,1.774214e-07,1.774214e-07,3.0888495e-07
1859121,Generic,LIME,0.8678824305534363,0.8678589897178199,0.0007226562003692349,0.0002098422,3.201553e-06,3.2015507e-06,3.153183e-06,2.7462352e-06,2.766095e-06,2.5853785e-06,2.7880444e-06,2.0387943e-06,2.085325e-06,1.5408054e-05,0.00026900193,0.00030235355,0.00044757486,0.0006532612,0.00069724943,0.00075933395,0.001105385,0.0011186589,0.00090357877
1859121,Generic,TreeSHAP,0.8678824305534363,0.8626237357396007,0.00044782339042782155,0.052564766,3.201553e-06,2.550409e-06,3.0448095e-06,3.18207e-06,3.291899e-06,2.4126746e-06,2.2101478e-06,1.2365883e-06,1.0517291e-06,1.3222509e-06,0.00026900193,0.00027401166,0.00024091524,0.00036968716,0.0003638604,0.00030861088,0.00033527464,0.0007886491,0.0009352472
1859121,Generic,Random,0.8678824305534363,0.3001242458820343,1.330518985002305e-07,0.8834783,0.8240706,0.7215845,0.5863131,0.5615342,0.4604631,0.4100345,0.4100345,0.4100345,0.4100345,1.2182258e-07,1.2863384e-07,1.2357896e-07,1.18548726e-07,1.18548726e-07,1.1297358e-07,1.0765693e-07,1.0765693e-07,1.0765693e-07,1.0765693e-07
1012234,Generic,LIME,0.9983525276184082,0.9842288298420498,0.005534407818741203,0.14051099,0.0006497563,1.4440775e-05,8.635594e-06,8.635594e-06,1.0204855e-05,7.897617e-06,1.14282575e-05,8.373069e-06,6.6144994e-06,1.5408054e-05,0.00024013108,0.0016792708,0.0016792117,0.0016792117,0.0018175365,0.0044676065,0.009424121,0.01457458,0.019675823
1012234,Generic,TreeSHAP,0.9983525276184082,0.972751051769302,0.03338537494919274,0.22497313,0.03100655,1.4440775e-05,2.9504754e-06,1.9053273e-06,2.1191333e-06,3.8515636e-06,4.4056746e-06,4.8096467e-06,5.982328e-07,5.995366e-07,1.2947714e-05,0.0016792708,0.004784494,0.0047840304,0.01169347,0.03906807,0.0381997,0.043267317,0.18981385
1012234,Generic,Random,0.9983525276184082,0.7720990505069494,0.0002474581646686161,0.9975916,0.9981127,0.115481965,0.0688304,0.01347298,0.01448309,0.018567098,0.014874353,0.01146716,0.009653431,2.2624987e-07,2.2837042e-07,2.8426666e-05,7.202726e-05,0.00042212597,0.0004027088,0.00032273476,0.0004226985,0.0004228648,0.0003764631
1313792,Generic,LIME,0.9561071991920471,0.9555891099709243,0.00012624637328030892,0.0051251412,1.1417024e-05,6.432136e-06,5.7985e-06,6.111757e-06,5.505256e-06,6.525256e-06,4.7184917e-06,4.7184917e-06,4.5240613e-06,8.494411e-06,6.5776636e-05,9.088793e-05,0.00010367792,0.00010368629,0.00013167126,0.00015755766,0.00013528293,0.00013888856,0.00027112698
1313792,Generic,TreeSHAP,0.9561071991920471,0.9386054925962639,0.0006698417289936042,0.17498067,1.1417024e-05,9.408611e-06,3.5126968e-06,3.4833445e-06,2.8047748e-06,3.365276e-06,1.1165704e-06,6.849008e-07,6.025458e-07,1.0884442e-06,6.5776636e-05,5.7149664e-05,0.0004826904,0.00044923602,0.00045555833,0.0007568251,0.0009893943,0.0015228393,0.001623847
1313792,Generic,Random,0.9561071991920471,0.10589276552200318,1.6500472087027805e-07,0.95296526,0.9508415,0.9508415,0.9511522,0.94840306,0.85079014,0.7783395,0.7706546,0.70983,0.6383266,1.12493666e-07,1.1014312e-07,1.1014312e-07,1.1014312e-07,1.3665178e-07,1.3742991e-07,1.606873e-07,1.612269e-07,1.9556695e-07,3.4313624e-07
1309489,Generic,LIME,0.9231551885604858,0.9229317526590876,0.0010289241314139926,0.0021636041,1.2227167e-05,1.3830779e-05,8.8443985e-06,6.023867e-06,7.3996953e-06,7.6792885e-06,5.8494275e-06,4.6044706e-06,4.2957863e-06,8.494411e-06,6.5776636e-05,7.6078155e-05,0.0007217361,0.0013465919,0.0011658776,0.0010314503,0.0009289758,0.0014770337,0.0026765512
1309489,Generic,TreeSHAP,0.9231551885604858,0.8988268290928317,9.502753139609318e-05,0.24323446,1.2227167e-05,8.17747e-06,6.2010386e-06,5.482076e-06,7.5741164e-06,4.8698284e-06,1.8115342e-06,1.5625145e-06,1.2333464e-06,1.0884442e-06,6.5776636e-05,0.00012611525,9.968395e-05,9.8076795e-05,0.00013066377,0.0001197803,8.031041e-05,7.542227e-05,8.033373e-05
1309489,Generic,Random,0.9231551885604858,0.31793411672115324,1.212746201287529e-07,0.7522761,0.8325016,0.8706614,0.76835585,0.76835585,0.38038293,0.38038293,0.38038293,0.4222684,0.49664277,1.0125669e-07,9.29283e-08,8.5346585e-08,9.085165e-08,9.085165e-08,1.064971e-07,7.63721e-08,7.63721e-08,1.933619e-07,2.0571491e-07
1205409,Generic,LIME,0.7153658866882324,0.7151047972942252,0.00011037840781243647,0.0025093479,1.4601028e-05,1.5707932e-05,1.2433047e-05,9.383313e-06,9.922587e-06,9.922587e-06,1.0603196e-05,9.677987e-06,9.294401e-06,8.494411e-06,6.5776636e-05,6.2724874e-05,7.986307e-05,0.00010102271,0.00010253232,0.00010253232,9.302551e-05,9.8655255e-05,7.498244e-05
1205409,Generic,TreeSHAP,0.7153658866882324,0.7092315497207778,0.0011910342727792836,0.061316922,1.4601028e-05,2.7110582e-06,1.2836049e-06,1.1989197e-06,1.2528523e-06,1.4253346e-06,1.5400701e-06,1.1705263e-06,1.2639736e-06,1.0884442e-06,6.5776636e-05,0.00017970706,0.0011657716,0.0010799838,0.0010107602,0.00097046554,0.0011724185,0.0014886572,0.0013856245
1205409,Generic,Random,0.7153658866882324,0.05437295436859131,1.2461713122169482e-07,0.70564497,0.70564497,0.7294776,0.7294776,0.7294776,0.6132389,0.6132389,0.6132389,0.60000765,0.5704824,9.583648e-08,9.583648e-08,9.988213e-08,9.988213e-08,9.988213e-08,8.353554e-08,8.353554e-08,8.353554e-08,8.063131e-08,6.891122e-08
980216,Generic,LIME,0.4322671890258789,0.4322466814421887,0.04333003492713975,0.0001579058,2.518448e-05,2.7035317e-06,2.7203464e-06,2.6457494e-06,2.7132755e-06,2.7094848e-06,2.879359e-06,2.879359e-06,2.7344508e-06,0.00029742107,0.0009456144,0.009590746,0.017419538,0.014454803,0.0134253055,0.03014292,0.030087842,0.030087842,0.040849485
980216,Generic,TreeSHAP,0.4322671890258789,0.4322189241412843,0.005708554680174677,0.0001579058,0.00010085399,9.3881186e-05,9.7404365e-05,7.3962788e-06,7.976442e-06,6.292429e-06,3.6880908e-06,4.476642e-06,2.7736196e-06,0.00029742107,0.0001493455,0.00018974721,0.0002066685,0.00042470443,0.0011321135,0.0032203763,0.005185397,0.0033048918,0.010565545
980216,Generic,Random,0.4322671890258789,0.2517175182700157,2.592830780622796e-06,0.30277655,0.124690756,0.1294587,0.117699206,0.099923596,0.18432131,0.19578591,0.24656063,0.16794345,0.2363366,2.157687e-07,7.8245426e-07,7.7888876e-07,1.1751018e-06,1.1751023e-06,1.3867409e-06,1.4439727e-06,1.4439727e-06,1.2772165e-06,1.5287385e-06
1659520,Generic,LIME,0.8226119875907898,0.8223201442811842,0.0010621387560385415,0.0028550853,1.2826748e-05,8.2042825e-06,7.1147624e-06,7.1147647e-06,8.450213e-06,5.353997e-06,5.6580006e-06,3.6762376e-06,4.948788e-06,1.5408054e-05,0.00024013108,0.0002454687,0.00025289116,0.00025287937,0.00025257273,0.0005373375,0.00056909834,0.005079721,0.0012917726
1659520,Generic,TreeSHAP,0.8226119875907898,0.8098164578012301,0.0010453194920633,0.12790485,1.2826748e-05,1.2835561e-05,6.1976757e-06,6.9347007e-06,4.680624e-06,2.0077039e-06,1.8111318e-06,1.5769567e-06,1.5795288e-06,1.1802348e-06,0.00024013108,0.00021958014,0.0003163063,0.001211107,0.0014613791,0.001675531,0.0017127367,0.001173202,0.0005877702
1659520,Generic,Random,0.8226119875907898,0.8215117093467142,0.00020115072610017007,0.0028550853,0.002855072,0.002855066,0.0015063245,0.0009089762,5.913468e-06,4.20303e-06,4.20303e-06,3.2269968e-06,4.7119092e-06,1.5408054e-05,1.1051169e-05,1.10511655e-05,1.6044583e-05,4.3015167e-05,0.0002905796,0.0003892444,0.0003892444,0.00025884647,0.00023020498
1724735,Generic,LIME,0.9091569781303406,0.9085701440356388,0.000111988096659984,0.0057415203,1.7260081e-05,1.5478046e-05,1.5941736e-05,1.5437812e-05,1.4918646e-05,1.4798675e-05,1.0764784e-05,1.2183507e-05,1.003734e-05,8.494411e-06,6.5776636e-05,9.7939184e-05,8.5531385e-05,7.930937e-05,0.00010934936,0.00012472356,0.00012475051,0.000109597684,0.00021267543
1724735,Generic,TreeSHAP,0.9091569781303406,0.8917933818005735,0.0005904431859011758,0.17356901,1.7260081e-05,6.6956827e-06,6.794503e-06,9.4507905e-06,1.2571168e-05,8.4033845e-06,2.0148716e-06,1.9848928e-06,1.7792157e-06,1.0884442e-06,6.5776636e-05,0.00045148682,0.00049036945,0.00038856032,0.0005026846,0.0006832761,0.0008023943,0.0007735847,0.001208834
1724735,Generic,Random,0.9091569781303406,0.06724936366081238,1.231674077605592e-07,0.8954245,0.894998,0.894998,0.81566364,0.82621014,0.75258017,0.76772994,0.8413739,0.8399016,0.8901962,1.4407668e-07,1.5077883e-07,1.0812781e-07,1.2086433e-07,1.11070534e-07,1.1107047e-07,1.04025084e-07,9.362762e-08,9.1671296e-08,8.447248e-08
1053299,Generic,LIME,0.9861888289451599,0.9744567197355082,0.0016339607883181309,0.11624091,0.00059358816,0.00041687218,8.635594e-06,8.635594e-06,1.0204855e-05,7.897617e-06,7.283615e-06,1.3176923e-05,1.388637e-05,1.5408054e-05,0.00024013108,0.00023507276,0.0013243916,0.0013243916,0.00143353,0.0038122823,0.0028593352,0.0027364264,0.0021329683
1053299,Generic,TreeSHAP,0.9861888289451599,0.9818255924175674,0.04828500454171747,0.03627273,0.0073204488,1.4121187e-05,2.9825005e-06,3.3171648e-06,5.2813557e-06,6.0411435e-06,5.8773603e-06,7.043423e-07,8.6078757e-07,5.995366e-07,1.2947714e-05,0.0016792708,0.004784494,0.011694374,0.039077032,0.03820845,0.042044934,0.1880566,0.15062259
1053299,Generic,Random,0.9861888289451599,0.05792353749275207,8.69948032367975e-08,0.98581356,0.9854447,0.98958534,0.9057936,0.9141684,0.85755366,0.8716377,0.897126,0.9058244,0.96970546,1.3427439e-07,1.3716175e-07,1.2835923e-07,5.6203387e-08,5.620339e-08,4.2677357e-08,4.6305694e-08,7.4593125e-08,9.329434e-08,8.886041e-08
1038274,Generic,LIME,0.9977720379829407,0.9856999521676698,0.001773365395149905,0.12005566,0.0005573148,1.3487251e-05,8.635594e-06,8.635594e-06,1.0204855e-05,1.911217e-05,1.49201405e-05,1.6429976e-05,1.6457187e-05,1.5408054e-05,0.00024013108,0.0016792708,0.001595422,0.001595422,0.0017268563,0.0019518755,0.0031689561,0.002835855,0.0028849475
1038274,Generic,TreeSHAP,0.9977720379829407,0.9858891364918521,0.03275254039211971,0.10407392,0.014719808,1.3487251e-05,2.8484467e-06,3.1680636e-06,2.1191333e-06,3.8515636e-06,4.4056746e-06,4.8096467e-06,5.982328e-07,5.995366e-07,1.2947714e-05,0.0016792708,0.004784494,0.011694374,0.011115506,0.037192572,0.036364295,0.04268423,0.1812674
1038274,Generic,Random,0.9977720379829407,0.6819817854673602,0.00030016550816399826,0.99777204,0.99796766,0.99796766,0.16106927,0.0006816669,0.0004746119,0.0004746119,0.0004671871,0.00046826134,0.0005595532,1.0325342e-07,1.3427439e-07,1.3427439e-07,2.0095395e-05,0.0005034245,0.0005189233,0.0005189233,0.0005555766,0.00048157215,0.00039608066
1877215,Generic,LIME,0.24660834670066833,-0.7529108226299286,1.8414106051829875,0.996956,0.99925333,0.9998141,0.99985254,0.99985254,0.99983406,0.9998436,0.9998889,0.9999064,0.9999902,0.99953055,0.9979804,0.9826645,0.2837389,0.2837389,0.27047223,0.268908,0.13853565,0.15856795,0.15693508
1877215,Generic,TreeSHAP,0.24660834670066833,-0.7529642045497894,3.9925380700906112,0.996956,0.99925333,0.9998079,0.9998692,0.9999045,0.99998343,0.99998343,0.9999845,0.9999918,0.9999914,0.99953055,0.9979804,0.99791175,0.9746011,0.9778986,0.98061746,0.98061746,0.9831024,0.9778022,0.9758699
1877215,Generic,Random,0.24660834670066833,-0.6099267899990082,4.053474868223449,0.24660835,0.3217955,0.99955934,0.9996069,0.99955505,0.99960023,0.9996612,0.99966335,0.9996507,0.9996507,0.99999917,0.99999845,0.9997118,0.9997024,0.9996835,0.99965477,0.9994092,0.99936825,0.9993399,0.9993399
1735423,Generic,LIME,0.5510810613632202,0.55093712543121,0.004576816848187128,0.0013353545,2.8307337e-05,1.7357263e-05,1.68032e-05,1.0320674e-05,1.0243511e-05,7.7393715e-06,7.8259045e-06,2.6846599e-06,2.7228782e-06,1.5408054e-05,0.00026900193,0.0003716631,0.00040582416,0.0042854203,0.0015270982,0.0023189767,0.0026577853,0.0066775708,0.006693222
1735423,Generic,TreeSHAP,0.5510810613632202,0.5460503611939658,0.003399350002720211,0.050224245,2.8307337e-05,1.2604459e-05,1.4147626e-05,8.340819e-06,4.2390047e-06,3.408037e-06,3.3917324e-06,3.5897529e-06,4.728331e-06,1.3222509e-06,0.00026900193,0.0013016512,0.001147385,0.0009963192,0.0012594393,0.0017681617,0.0019977717,0.0025223177,0.007469803
1735423,Generic,Random,0.5510810613632202,0.26804965352639554,1.5735333380906114e-06,0.5117233,0.5117233,0.4393748,0.45301694,0.43428594,0.42163923,0.026975285,0.010263499,0.010595769,0.010716052,1.0325342e-07,7.404597e-08,6.9525136e-08,6.187103e-08,6.233774e-08,7.201574e-08,6.480873e-07,2.319983e-06,2.547638e-06,2.7126875e-06
1877154,Generic,LIME,0.25434157252311707,0.25420654205481696,4.848726076574997e-05,0.00056512567,0.00013017468,0.00013930797,0.00013767638,9.160752e-05,6.6838526e-05,8.827455e-05,6.0939492e-05,3.429802e-05,3.606187e-05,6.866688e-06,9.8711325e-06,9.87027e-06,9.48575e-06,8.437318e-06,1.6822089e-05,2.0373687e-05,1.6421904e-05,1.25908355e-05,1.2583594e-05
1877154,Generic,TreeSHAP,0.25434157252311707,0.2542066116129945,6.375426898625582e-05,0.00056512567,0.0004456847,0.000106227795,5.961906e-05,5.8620968e-05,5.65246e-05,4.6832894e-05,5.69459e-06,3.2871667e-06,1.991653e-06,6.866688e-06,1.0322252e-05,1.5454081e-05,1.6262766e-05,1.3078768e-05,1.2826409e-05,1.2431445e-05,1.7616143e-05,2.7350423e-05,2.9944624e-05
1877154,Generic,Random,0.25434157252311707,0.16132108513265847,6.42990702516041e-06,0.2697686,0.2697686,0.16052508,0.036039047,0.04168561,0.042282585,0.042282585,0.009715112,0.031882707,0.026254952,1.1760553e-07,1.1760553e-07,1.568363e-07,4.115961e-07,4.340358e-07,4.933076e-07,4.933076e-07,2.9056714e-06,6.313837e-06,4.9101236e-06
1057943,Generic,LIME,0.9954492449760437,0.9782923362085058,0.0020517165553441026,0.17058739,0.00089046493,1.5159766e-05,8.635594e-06,8.635594e-06,1.0204855e-05,1.911217e-05,1.2349565e-05,1.0207736e-05,6.9268044e-06,1.5408054e-05,0.00024013108,0.0016792708,0.0012681901,0.0012681901,0.0013727047,0.0015518984,0.0051118163,0.0041569564,0.0037592323
1057943,Generic,TreeSHAP,0.9954492449760437,0.9904375479284283,0.03737923456309184,0.04256352,0.0075177355,1.5159766e-05,2.982503e-06,1.9053273e-06,2.1191333e-06,3.8515636e-06,4.2884576e-06,4.8096467e-06,5.982328e-07,5.995366e-07,1.2947714e-05,0.0016792708,0.004784494,0.003633717,0.009614163,0.04433551,0.043591943,0.04900721,0.21543145
1057943,Generic,Random,0.9954492449760437,0.9553659485813114,0.00040199181374273865,0.39591315,0.00089046493,0.00089046377,0.00096736714,0.0005710041,0.0005710041,0.00029746452,0.00029745736,0.00037996034,5.462377e-05,1.1802348e-06,0.00024013108,0.00017118228,0.00016574704,0.00022234503,0.00022234503,0.00032609748,0.0002777436,0.00019861721,0.0021762352
1004892,Generic,LIME,0.9964207410812378,0.9843426277745493,0.0012964024991586492,0.11975194,0.00055710133,0.00041687218,8.635594e-06,8.635594e-06,1.0204855e-05,8.064914e-06,6.1699648e-06,6.172188e-06,7.3387587e-06,1.5408054e-05,0.00024013108,0.00023997236,0.0015951,0.0015951,0.0017265086,0.0015857201,0.0013214116,0.0025772045,0.0020210666
1004892,Generic,TreeSHAP,0.9964207410812378,0.9907460737264785,0.03238406258572775,0.04859935,0.008112035,1.3486838e-05,2.848442e-06,3.1680588e-06,2.1191333e-06,3.8515636e-06,4.4056746e-06,4.8096467e-06,5.982328e-07,5.995366e-07,1.2947714e-05,0.0016792708,0.004784494,0.011694374,0.011110336,0.037100594,0.036274526,0.04255756,0.17746681
1004892,Generic,Random,0.9964207410812378,0.6093408616517081,0.00040340045689225975,0.99642074,0.99641234,0.99423367,0.4535627,0.4291764,0.0004405211,0.0005109496,1.3826989e-05,1.3826989e-05,1.3826989e-05,1.0325342e-07,7.404597e-08,6.203233e-08,7.854905e-07,8.570359e-07,0.00011124121,0.00011265988,0.0012645943,0.0012645943,0.0012645943
1060185,Generic,LIME,0.9981677532196045,0.9865275187532461,0.0016489856862273592,0.11579501,0.0005342008,1.1073274e-05,8.635594e-06,8.635594e-06,1.0204855e-05,1.0855831e-05,9.633248e-06,7.692447e-06,6.404174e-06,1.5408054e-05,0.00024013108,0.0016792708,0.0016793228,0.0016793228,0.0018176561,0.0017924798,0.0012192304,0.0020511034,0.00428572
1060185,Generic,TreeSHAP,0.9981677532196045,0.9854106916762078,0.033087606759774416,0.111753225,0.015786184,1.1073274e-05,2.4432566e-06,1.9053273e-06,2.1191333e-06,3.8515636e-06,4.4056746e-06,4.8096467e-06,5.982328e-07,5.995366e-07,1.2947714e-05,0.0016792708,0.004784494,0.0047843996,0.011694188,0.039075207,0.038206663,0.042042818,0.18798922
1060185,Generic,Random,0.9981677532196045,0.010614961385726929,1.1138237216534626e-06,0.9983714,0.99418074,0.99418074,0.99101233,0.98857355,0.9886817,0.9796068,0.9796068,0.9795487,0.98176515,1.3427439e-07,5.5986004e-07,5.5986004e-07,1.1963081e-06,1.4832594e-06,1.5880669e-06,1.7537687e-06,1.7537687e-06,1.2576791e-06,8.309836e-07
1610138,Generic,LIME,0.8663303852081299,0.8659224155720494,0.0004698099187520451,0.003970155,1.6811531e-05,1.0753029e-05,1.1268849e-05,1.1268851e-05,1.1268861e-05,2.2371965e-05,1.2761747e-05,7.152317e-06,5.8841833e-06,1.5408054e-05,0.00024013108,0.0002454687,0.00026572065,0.0002657102,0.00027796812,0.0002808289,0.00029497407,0.0010827355,0.0011011611
1610138,Generic,TreeSHAP,0.8663303852081299,0.8503366870563468,0.0009197902855525142,0.15988185,1.6811531e-05,1.5702095e-05,6.615676e-06,4.351154e-06,4.680624e-06,2.0077039e-06,1.8111318e-06,1.5769567e-06,1.5795288e-06,1.1802348e-06,0.00024013108,0.00021443435,0.0003089037,0.00029889896,0.0013020722,0.001815365,0.0018556445,0.0012712571,0.00066053594
1610138,Generic,Random,0.8663303852081299,0.4825822293991223,2.1549349995723248e-07,0.91896373,0.86688083,0.8393036,0.59248406,0.28617784,0.28617784,0.017035328,0.018005088,0.008978771,0.0034744495,1.18559804e-07,1.1972203e-07,1.3566955e-07,1.9056172e-07,1.9424515e-07,1.9424515e-07,2.2193647e-07,2.1304398e-07,2.0444067e-07,2.7446123e-07
1002238,Generic,LIME,0.9977413415908813,0.9849127502364354,0.003437253956955365,0.12760481,0.00059750414,1.3487007e-05,8.635594e-06,8.635594e-06,1.0204855e-05,1.4692891e-05,1.0425207e-05,8.035297e-06,9.480574e-06,1.5408054e-05,0.00024013108,0.0016792708,0.0016429718,0.0016429718,0.001778316,0.0046625887,0.00616358,0.006654155,0.009815512
1002238,Generic,TreeSHAP,0.9977413415908813,0.9904663711696742,0.0340146318351484,0.06328459,0.009431088,1.3487007e-05,2.848443e-06,1.9053273e-06,2.1191333e-06,3.8515636e-06,4.4056746e-06,4.8096467e-06,5.982328e-07,5.995366e-07,1.2947714e-05,0.0016792708,0.004784494,0.004681619,0.011444332,0.03825063,0.037399717,0.04421807,0.19690639
1002238,Generic,Random,0.9977413415908813,0.2354355476796627,5.332759987251418e-07,0.99774134,0.9967079,0.9967079,0.97483927,0.90995926,0.90995926,0.9102989,0.796755,0.08964784,0.040441245,1.0325342e-07,8.837378e-08,8.837378e-08,6.367913e-08,1.907404e-07,1.907404e-07,1.6046816e-07,3.1894578e-07,2.326615e-06,1.7895254e-06
1041775,Generic,LIME,0.9977490305900574,0.9852180274303919,0.0015805805567488443,0.124665804,0.0005826126,1.34870415e-05,8.635594e-06,8.635594e-06,1.0204855e-05,7.1915056e-06,5.8658543e-06,3.6744523e-06,3.919907e-06,1.5408054e-05,0.00024013108,0.0016792708,0.0016020942,0.0016020942,0.001734076,0.0023703047,0.0024971364,0.0025626859,0.001467026
1041775,Generic,TreeSHAP,0.9977490305900574,0.9911838940220434,0.033219264478864925,0.056003444,0.009613897,1.34870415e-05,2.8484433e-06,1.9053273e-06,2.1191333e-06,3.8515636e-06,4.4056746e-06,4.8096467e-06,5.982328e-07,5.995366e-07,1.2947714e-05,0.0016792708,0.004784494,0.0045656343,0.011162578,0.037318546,0.03648762,0.043142226,0.19229098
1041775,Generic,Random,0.9977490305900574,0.16879531145095825,1.540469599134649e-06,0.9965454,0.9953909,0.9955766,0.97262347,0.963906,0.963906,0.963357,0.6375438,0.40034404,0.40034404,1.2922837e-07,1.1782266e-07,1.1782266e-07,7.9846086e-07,8.4877325e-07,8.4877325e-07,5.650968e-07,2.2265835e-06,5.4812226e-06,4.236236e-06
1501150,Generic,LIME,0.6199303269386292,0.6197116106415251,0.0003562817658003712,0.002065319,2.5943049e-05,2.1236834e-05,2.013481e-05,1.4207846e-05,1.4250117e-05,7.6181877e-06,6.877269e-06,6.8003465e-06,4.7754097e-06,1.5408054e-05,0.00026900193,0.0001904245,0.0001889125,0.00026082766,0.00032120125,0.00018259148,0.00022756077,0.0002556182,0.0002971525
1501150,Generic,TreeSHAP,0.6199303269386292,0.6024262410804567,0.001431018340523551,0.10677478,0.06821999,1.93797e-05,8.3980685e-06,7.0753917e-06,4.5879246e-06,2.01267e-06,1.9536444e-06,1.381292e-06,1.3031778e-06,1.3222509e-06,1.3812303e-06,0.00028107775,0.00025454926,0.00021892735,0.00022634843,0.0005220455,0.0007235267,0.003898979,0.0027431597
1501150,Generic,Random,0.6199303269386292,0.27821326851844785,2.70129034901569e-07,0.37318915,0.09690878,0.11630599,0.11630599,0.4235731,0.48332763,0.48332763,0.5308402,0.4784579,0.3149342,1.0632358e-07,1.6951549e-07,1.6597349e-07,1.19024314e-07,1.7926172e-07,1.9295832e-07,1.9295832e-07,1.7675234e-07,1.7675217e-07,1.950922e-07
1056025,Generic,LIME,0.9982510209083557,0.9303163530689289,0.006697853325911893,0.6788516,0.000416919,8.635632e-06,8.635594e-06,8.635594e-06,1.0204855e-05,1.4692891e-05,1.3699015e-05,9.477323e-06,4.174021e-06,1.1802348e-06,0.00024013108,0.0016792708,0.0016792654,0.0016792654,0.0018175944,0.0047656433,0.0053411857,0.006779448,0.04287841
1056025,Generic,TreeSHAP,0.9982510209083557,0.9764779401654607,0.03308898165755138,0.19381091,0.023891667,8.635632e-06,1.9053277e-06,1.9053273e-06,2.1191333e-06,3.8515636e-06,4.4056746e-06,4.8096467e-06,5.982328e-07,5.995366e-07,1.2947714e-05,0.0016792708,0.004784494,0.004784453,0.011694293,0.03907623,0.03820767,0.042044006,0.18802711
1056025,Generic,Random,0.9982510209083557,0.5355948016047478,4.372894398639323e-07,0.99824417,0.19381091,0.18462221,0.59052455,0.59052455,0.528547,0.4483317,0.42928967,0.40752923,0.2551382,7.404597e-08,4.299449e-07,4.299449e-07,3.990609e-07,3.990609e-07,3.6055965e-07,5.793173e-07,6.028959e-07,6.028959e-07,4.8751974e-07
1931378,Generic,LIME,0.6491301655769348,0.6488303818405257,0.0007192580812919393,0.0028701404,1.4103178e-05,1.3923749e-05,1.77913e-05,1.856718e-05,1.5319207e-05,1.48480885e-05,1.0925682e-05,1.3952222e-05,8.266394e-06,1.5408054e-05,0.00026900193,0.000268997,0.00033759914,0.00033228222,0.00043223784,0.00047440146,0.0009471899,0.00087470276,0.000717101
1931378,Generic,TreeSHAP,0.6491301655769348,0.6445002103186652,0.0015294056537947368,0.046218082,1.4103178e-05,6.63197e-06,1.3652628e-05,1.38362175e-05,9.40043e-06,1.5029968e-05,3.5422124e-06,2.8847408e-06,2.3889295e-06,1.3222509e-06,0.00026900193,0.0005639271,0.00078752683,0.00084212463,0.00073675025,0.00047395175,0.00063616195,0.0009419293,0.004675138
1931378,Generic,Random,0.6491301655769348,0.05937009751796722,1.4560457773908968e-07,0.64913017,0.6133993,0.6100588,0.76836586,0.7698695,0.7692542,0.7756412,0.30782926,0.30067077,0.3333816,7.404597e-08,8.195126e-08,9.550439e-08,7.693515e-08,6.407876e-08,6.273972e-08,7.105599e-08,8.172163e-08,8.380989e-08,2.5332045e-07
1931319,Generic,LIME,0.9028485417366028,0.9022733913478078,0.004133796966337532,0.0056893784,1.1338565e-05,8.950919e-06,8.793908e-06,5.773352e-06,7.2785288e-06,7.278534e-06,5.2033993e-06,4.9267433e-06,2.5815762e-06,1.5408054e-05,0.00026900193,0.0003716631,0.00040521903,0.004219105,0.004376602,0.00461156,0.008206001,0.006594401,0.008252966
1931319,Generic,TreeSHAP,0.9028485417366028,0.8891908334835137,0.0005937502398325839,0.13654219,1.1338565e-05,4.673561e-06,5.202437e-06,5.056233e-06,3.9106185e-06,1.4166543e-06,1.3029203e-06,1.0589004e-06,9.365006e-07,1.3222509e-06,0.00026900193,0.0005639271,0.00038645332,0.0005204982,0.000583177,0.00070415006,0.00055969245,0.0008347431,0.00093769963
1931319,Generic,Random,0.9028485417366028,0.09117425382137298,1.6756292426114112e-07,0.89101124,0.8907069,0.88941884,0.8785451,0.85094017,0.85094017,0.85572404,0.87139875,0.68608594,0.45197174,1.1048398e-07,1.1048398e-07,1.1437377e-07,1.5901624e-07,1.9155975e-07,1.9155975e-07,1.7456357e-07,1.516785e-07,1.6654272e-07,1.4257712e-07
1131975,Generic,LIME,0.6559773683547974,0.6557407896949371,0.00023067025536990728,0.002256041,1.3164886e-05,1.4379673e-05,1.356031e-05,1.5198555e-05,1.5105472e-05,1.3387873e-05,9.122099e-06,9.549961e-06,6.276842e-06,8.494411e-06,6.5776636e-05,7.2780946e-05,7.278136e-05,8.615982e-05,9.6845666e-05,9.942275e-05,0.000111884605,0.000121629404,0.0007773691
1131975,Generic,TreeSHAP,0.6559773683547974,0.650381624843817,0.0005584619239111146,0.055913743,1.3164886e-05,1.09985995e-05,4.8962293e-06,4.457797e-06,2.3726116e-06,2.0228802e-06,1.7806904e-06,2.0321686e-06,1.966616e-06,1.0884442e-06,6.5776636e-05,6.3239175e-05,0.00017278355,0.00017772947,0.00033542345,0.0004925699,0.00051803334,0.0008086431,0.0010280968
1131975,Generic,Random,0.6559773683547974,0.32880052242567215,6.287466165487852e-05,0.56383324,0.562814,0.5546988,0.50839925,0.3071764,0.44219473,0.31544393,0.017195981,6.5447653e-06,5.552356e-06,1.0325342e-07,1.1606393e-07,1.1606393e-07,1.5140243e-07,2.0470955e-07,1.611772e-07,1.611772e-07,1.8595465e-06,0.0001960333,0.00021353683
1007782,Generic,LIME,0.9954492449760437,0.9782537341547141,0.0021302809646050113,0.17058739,0.00089046493,0.00041687218,8.635594e-06,8.635594e-06,1.0204855e-05,1.0855831e-05,8.368575e-06,6.8399972e-06,6.8399972e-06,1.5408054e-05,0.00024013108,0.00026102707,0.0012682609,0.0012682609,0.0013727812,0.0013536934,0.0032086382,0.006108833,0.006108833
1007782,Generic,TreeSHAP,0.9954492449760437,0.9904375479284283,0.037387048528678184,0.04256352,0.0075177355,1.5159766e-05,2.982503e-06,1.9053273e-06,2.1191333e-06,3.8515636e-06,4.2884576e-06,4.8096467e-06,5.982328e-07,5.995366e-07,1.2947714e-05,0.0016792708,0.004784494,0.0036343364,0.009615579,0.04435655,0.043593418,0.04900886,0.21548305
1007782,Generic,Random,0.9954492449760437,0.16540015786886214,2.2674883820431362e-07,0.99281025,0.9883497,0.9894238,0.9893611,0.9893611,0.9897927,0.9897927,0.9932789,0.20254716,0.17577343,7.23118e-08,1.14619425e-07,1.2915376e-07,1.0104524e-07,1.0104524e-07,1.07371065e-07,1.07371065e-07,9.774682e-08,5.156346e-07,9.1087054e-07
1667269,Generic,LIME,0.4542555510997772,0.4541562164747234,0.016754996723916823,0.00095225044,1.02435215e-05,8.727804e-06,5.3966373e-06,4.671492e-06,3.1222655e-06,3.1283437e-06,2.5296558e-06,2.192093e-06,1.0839968e-06,1.5408054e-05,0.00026900193,0.0003716631,0.00052519894,0.0007202585,0.0075472235,0.007124712,0.014093537,0.015974073,0.029469425
1667269,Generic,TreeSHAP,0.4542555510997772,0.45166687517324816,0.0007395516176681689,0.025852881,1.02435215e-05,2.5840443e-06,3.1265492e-06,2.3991904e-06,1.873727e-06,2.2595734e-06,4.03367e-06,3.9524252e-06,3.4051923e-06,1.3222509e-06,0.00026900193,0.0005249796,0.00042304827,0.00018042536,0.0003182776,0.00047894914,0.0002957334,0.00034446892,0.00052324776
1667269,Generic,Random,0.4542555510997772,0.2852942556142807,3.1599054969678195e-07,0.45425555,0.47856903,0.106868245,0.106868245,0.15160218,0.14599423,0.08280646,0.08280646,0.03821588,0.041626673,1.0325342e-07,1.0482263e-07,1.5953873e-07,1.5953873e-07,1.6884395e-07,1.6884395e-07,1.4717564e-07,1.4717564e-07,1.4514949e-07,1.310625e-07
1002677,Generic,LIME,0.9973581433296204,0.985694370913734,0.0009357643607638559,0.11601831,0.00053620245,1.2103278e-05,8.635594e-06,8.635594e-06,1.0204855e-05,8.59246e-06,8.436538e-06,1.4602818e-05,1.2000379e-05,1.5408054e-05,0.00024013108,0.0016792708,0.0014313726,0.0014313726,0.0015493111,0.00078605243,0.00075858575,0.0005458673,0.0008955509
1002677,Generic,TreeSHAP,0.9973581433296204,0.9907541026812225,0.02574738010038073,0.0574946,0.008513458,1.2103278e-05,2.5561822e-06,1.9053273e-06,2.1191333e-06,3.8515636e-06,4.4056746e-06,4.8096467e-06,5.982328e-07,5.995366e-07,1.2947714e-05,0.0016792708,0.004784494,0.004081643,0.00970679,0.031854883,0.031141948,0.030097729,0.14343329
1002677,Generic,Random,0.9973581433296204,0.5257936418056488,2.6210402413367745e-06,0.9982316,0.6632399,0.6632399,0.5466671,0.53829104,0.24848723,0.24848723,0.33828875,0.2385805,0.23213178,1.0071373e-07,1.1512059e-06,1.1512059e-06,3.4647665e-06,2.7031092e-06,4.6437626e-06,4.6437626e-06,2.6565478e-06,2.7919696e-06,2.8341174e-06
1379809,Generic,LIME,0.7885047793388367,0.7884266917222703,0.32725956739460493,0.00063562515,7.793693e-05,9.763143e-06,1.1781221e-05,8.941567e-06,7.770242e-06,6.525233e-06,6.6340353e-06,6.96341e-06,8.935232e-06,0.00029742107,0.0009456144,0.009590746,0.02597497,0.35796925,0.4242189,0.3891655,0.37790453,0.43827578,0.55611473
1379809,Generic,TreeSHAP,0.7885047793388367,0.7884097237414835,0.002464475721837354,0.00063562515,0.00011830003,0.00014448639,1.1203295e-05,1.0386726e-05,8.704986e-06,7.1843892e-06,7.1843588e-06,5.2194646e-06,2.2611841e-06,0.00029742107,0.0001493455,0.00012545164,0.00026761222,0.00034598724,0.0008519028,0.0023289903,0.002603013,0.005810994,0.0066517913
1379809,Generic,Random,0.7885047793388367,0.33384360894560816,1.4306508608924354e-06,0.7565075,0.7565075,0.65406215,0.40799966,0.38605854,0.44047877,0.3302585,0.3302585,0.4173481,0.06713248,2.699478e-07,2.699478e-07,4.0760233e-07,1.3921601e-06,1.3921592e-06,1.3180706e-06,1.6073725e-06,1.6073725e-06,1.5950206e-06,1.4210963e-06
1060030,Generic,LIME,0.9969049096107483,0.9766586653346166,0.001645060909896684,0.20090652,0.0010851648,0.00041687218,8.635594e-06,8.635594e-06,1.0204855e-05,7.1915056e-06,5.8097457e-06,4.626637e-06,8.786689e-06,1.5408054e-05,0.00024013108,0.0002610803,0.001193182,0.001193182,0.0012915212,0.0017649262,0.0016205925,0.0017689838,0.0070506865
1060030,Generic,TreeSHAP,0.9969049096107483,0.9895562208888862,0.034903944709116834,0.062967055,0.010481898,1.5851007e-05,2.9825037e-06,3.3171698e-06,2.1191333e-06,3.8515636e-06,4.4056746e-06,4.8096467e-06,5.982328e-07,5.995366e-07,1.2947714e-05,0.0016792708,0.004784494,0.011694374,0.009054671,0.040781412,0.03987643,0.041094225,0.1989807
1060030,Generic,Random,0.9969049096107483,0.7096882386598736,2.6010411343476076e-05,0.9969049,0.48761684,0.48761684,0.3174581,0.3174581,0.25136146,0.00525886,0.0024821383,0.0025576511,0.0034518305,1.0325342e-07,1.1802348e-06,1.1802348e-06,3.4784885e-06,3.4784885e-06,3.392239e-06,3.8901082e-05,5.7779314e-05,6.279373e-05,8.7012e-05
1065155,Generic,LIME,0.36477988958358765,0.3647191500544068,0.031810833647467784,0.00047246888,8.0376754e-05,8.816459e-06,6.4900137e-06,6.4900137e-06,6.1706864e-06,6.1706864e-06,7.19172e-06,7.19172e-06,6.028361e-06,0.00029742107,0.0009456144,0.009165631,0.0113584,0.0113584,0.00995037,0.00995037,0.018959444,0.018959444,0.025094425
1065155,Generic,TreeSHAP,0.36477988958358765,0.3646787204947941,0.0067735744780915525,0.00047246888,0.00031518473,0.00019109275,8.800818e-06,8.800818e-06,5.471171e-06,3.1103732e-06,3.050517e-06,1.8554131e-06,1.8554131e-06,0.00029742107,0.0009245543,0.0008576815,0.0021504685,0.0021504685,0.0046012904,0.0036459747,0.0063111065,0.0021121548,0.0016575169
1065155,Generic,Random,0.36477988958358765,0.3141417668899521,3.672045204961418e-05,0.16745631,0.09898353,0.0954264,0.079732634,0.025574313,0.03553273,0.0008740289,0.0008740289,0.0010216995,0.00090553984,1.0938109e-06,2.4424614e-06,2.805013e-06,2.5709444e-06,8.367719e-06,8.667726e-06,2.6684329e-05,2.6684329e-05,2.7316248e-05,2.7316248e-05
1114370,Generic,LIME,0.19796551764011383,-0.8016341954469681,3.2089441207728187,0.9975574,0.99945945,0.9998658,0.9998332,0.9998332,0.9998729,0.9999056,0.99988985,0.99988985,0.99988985,0.99953055,0.9979804,0.9826645,0.98113704,0.98113704,0.27047223,0.2888225,0.23943052,0.30571404,0.30571404
1114370,Generic,TreeSHAP,0.19796551764011383,-0.8016807049512863,4.980625643147912,0.9975574,0.99945945,0.9998115,0.9998697,0.99987245,0.9999769,0.99997926,0.99997926,0.99997866,0.9999777,0.99953055,0.9979804,0.99791175,0.9746011,0.9778986,0.98061746,0.98523694,0.98523694,0.9831014,0.9778064
1114370,Generic,Random,0.19796551764011383,-0.17343854755163193,5.051366399751424,0.10196006,0.10295388,0.15031107,0.16182362,0.15270557,0.20163575,0.64629877,0.70184374,0.6924976,0.8020106,0.99999917,0.99999917,0.99999917,0.99999917,0.99999917,0.99999917,0.9999964,0.9999932,0.9999927,0.9999869
1012654,Generic,LIME,0.9982315897941589,0.9892436868814911,0.003559268215145179,0.08895846,0.00041687218,0.00041687218,8.635594e-06,8.635594e-06,1.0204855e-05,1.911217e-05,1.50998585e-05,1.1647933e-05,1.3491651e-05,1.5408054e-05,0.00024013108,0.00024013108,0.0016792708,0.0016792708,0.0018176,0.0020544478,0.007107852,0.009040424,0.011655208
1012654,Generic,TreeSHAP,0.9982315897941589,0.9776119841012871,0.03309283890948328,0.18462221,0.021545613,8.635594e-06,1.9053273e-06,1.9053273e-06,2.1191333e-06,3.8515636e-06,4.4056746e-06,4.8096467e-06,5.982328e-07,5.995366e-07,1.2947714e-05,0.0016792708,0.004784494,0.004784494,0.011694374,0.039077032,0.03820845,0.042044934,0.1880566
1012654,Generic,Random,0.9982315897941589,0.2562494494020939,8.996926578523417e-07,0.9971855,0.9900732,0.989351,0.989351,0.98493075,0.98493075,0.09377926,0.33689103,0.6008865,0.4524424,1.2922837e-07,1.9435932e-07,1.7072934e-07,1.7072934e-07,3.6637104e-07,3.6637104e-07,2.1273133e-06,2.0908078e-06,1.5197214e-06,1.8453851e-06
1745123,Generic,LIME,0.900260329246521,0.8880153767393495,9.493961438368379e-05,0.12236211,8.5195215e-06,8.15492e-06,9.622385e-06,1.0319965e-05,1.134951e-05,1.1349517e-05,1.1070963e-05,9.490582e-06,7.5406697e-06,1.0884442e-06,6.5776636e-05,7.6078155e-05,6.6343644e-05,6.635008e-05,7.4771226e-05,7.794518e-05,7.9974314e-05,9.885969e-05,0.00024751626
1745123,Generic,TreeSHAP,0.900260329246521,0.8880204183219689,0.0004942231801997065,0.12236211,8.5195215e-06,8.332243e-06,3.7756454e-06,4.4042954e-06,3.9321694e-06,4.077097e-06,1.2449951e-06,1.4354878e-06,1.2807525e-06,1.0884442e-06,6.5776636e-05,5.9912447e-05,0.0005030079,0.00065739034,0.00063496764,0.00042254463,0.00051887246,0.00057057705,0.0010151579
1745123,Generic,Random,0.900260329246521,0.8702553023584187,6.632205016986741e-07,0.22343922,0.011799531,0.010877826,0.0059568738,0.0059568738,0.006338203,0.006338203,0.008648217,0.010693404,0.010001921,1.3427439e-07,5.96172e-07,5.96172e-07,6.3602204e-07,6.3602204e-07,6.25611e-07,6.25611e-07,7.727374e-07,6.813617e-07,6.6672726e-07
1975467,Generic,LIME,0.21942974627017975,0.2193356356374352,0.00010789334486572302,0.00059869286,5.2208732e-05,3.984528e-05,5.213366e-05,5.654476e-05,3.228263e-05,3.2800774e-05,2.9842395e-05,2.9278894e-05,1.7476346e-05,6.866688e-06,1.0761719e-05,1.0761719e-05,1.7553393e-05,1.7552456e-05,2.2431452e-05,3.7924958e-05,3.917514e-05,2.4266845e-05,4.9455724e-05
1975467,Generic,TreeSHAP,0.21942974627017975,0.21935361393464065,8.682663292978607e-05,0.00059869286,5.2208732e-05,4.852904e-05,4.2258624e-05,4.0389627e-06,3.0670703e-06,3.0428384e-06,4.7486246e-06,2.8753373e-06,1.861267e-06,6.866688e-06,1.0761719e-05,9.259837e-06,6.767114e-06,9.3032995e-06,1.13502665e-05,1.840881e-05,1.941548e-05,4.9793616e-05,4.8596634e-05
1975467,Generic,Random,0.21942974627017975,0.11308512687683106,7.697979616171314e-07,0.19709957,0.17954265,0.20072353,0.20969626,0.06705891,0.054027047,0.054027047,0.040516168,0.029509246,0.031245768,8.2241876e-08,1.2260502e-07,1.2260502e-07,1.234234e-07,1.5193402e-07,1.4234396e-07,1.0456705e-07,1.3615302e-07,3.5509262e-07,3.4819968e-07
1007789,Generic,LIME,0.997960090637207,0.9373557349387738,0.001320518440640717,0.60498667,0.0005826129,0.00041687218,8.635594e-06,8.635594e-06,1.0204855e-05,7.476169e-06,7.2184234e-06,8.9652185e-06,6.268442e-06,1.1802348e-06,0.00024013108,0.00024000493,0.0016020942,0.0016020942,0.001734076,0.001464399,0.0025970407,0.0020355505,0.0016616763
1007789,Generic,TreeSHAP,0.997960090637207,0.9905514719771702,0.033307902046420375,0.06443858,0.00961358,1.34870415e-05,2.8484433e-06,1.9053273e-06,2.1191333e-06,3.8515636e-06,4.4056746e-06,4.8096467e-06,5.982328e-07,5.995366e-07,1.2947714e-05,0.0016792708,0.004784494,0.0045656343,0.011162578,0.037337363,0.03650599,0.043170482,0.19318022
1007789,Generic,Random,0.997960090637207,0.002865415811538696,1.2134538889394927e-07,0.9979601,0.9972792,0.9972792,0.9922585,0.9930387,0.993107,0.993107,0.995178,0.995178,0.996561,1.0325342e-07,8.6349004e-08,8.6349004e-08,1.3555949e-07,1.3004146e-07,1.1912979e-07,1.1912979e-07,1.4042608e-07,1.4042608e-07,1.5031449e-07
1854085,Generic,LIME,0.9318934082984924,0.931832534045111,0.00501549286398986,0.00057461386,6.852391e-06,5.4504562e-06,4.947951e-06,3.0886526e-06,3.257576e-06,3.4023537e-06,2.6382545e-06,2.2753175e-06,2.2157183e-06,1.5408054e-05,0.00026900193,0.0004021887,0.00055179466,0.006067642,0.0060860002,0.00751894,0.008471668,0.009235791,0.008120617
1854085,Generic,TreeSHAP,0.9318934082984924,0.9172566739092645,0.0004593169717671287,0.14631574,6.852391e-06,4.7395265e-06,6.7761416e-06,7.166944e-06,6.9037337e-06,5.611915e-06,5.2870764e-06,3.769109e-06,4.498496e-06,1.3222509e-06,0.00026900193,0.00027401166,0.00021412592,0.00021097602,0.00032347647,0.00036530077,0.00040617236,0.0010105399,0.0012054171
1854085,Generic,Random,0.9318934082984924,0.7596776106773178,1.1610886292374087e-05,0.86569065,0.85390735,0.00034133263,0.0003823088,0.00038252946,0.0002775324,0.00027249134,0.0003012621,0.0003012621,0.0003012621,9.6285e-08,9.01885e-08,1.4798267e-05,1.3213029e-05,1.1747324e-05,1.680768e-05,1.6317892e-05,1.171014e-05,1.171014e-05,1.171014e-05
1698295,Reconnaissance,LIME,0.4349362552165985,0.43483977551250064,0.0003492353886961999,0.00072169263,5.344867e-05,4.7690395e-05,3.6520672e-05,2.1083148e-05,1.9855454e-05,1.6263042e-05,1.7073082e-05,1.4028036e-05,1.7141909e-05,6.866688e-06,1.0761719e-05,1.12589905e-05,0.0001417969,0.00017344816,0.00017376595,0.00017002731,0.00017887952,0.00036821052,0.00028393551
1698295,Reconnaissance,TreeSHAP,0.4349362552165985,0.43478884963369635,3.210614618813716e-05,0.00072169263,0.0004594469,0.00022651014,2.2190043e-05,2.2703844e-05,1.8223618e-05,7.463e-07,8.0725334e-07,9.0331105e-07,8.318012e-07,6.866688e-06,1.0322252e-05,1.2484689e-05,2.0821093e-05,1.7952489e-05,1.710943e-05,2.0567184e-05,1.3439033e-05,1.0370006e-05,9.708418e-06
1698295,Reconnaissance,Random,0.4349362552165985,0.3595416519761329,0.0024983528270515107,0.43493626,0.31794205,0.00062402483,0.00018174473,0.00019290854,2.655129e-05,2.033273e-05,8.426949e-06,7.81811e-06,5.916921e-06,9.698171e-08,8.55921e-08,5.626767e-06,7.843434e-06,7.076828e-06,1.7941626e-05,0.0007073702,0.0032195575,0.0032409644,0.0036596789
1971205,Reconnaissance,LIME,0.9880291819572449,0.8961134752473299,1.921012627675016e-06,0.91899526,3.328109e-05,2.4754243e-05,1.8519995e-05,1.2641619e-05,1.4255186e-05,1.4300842e-05,1.4594059e-05,1.5489868e-05,1.39690055e-05,3.453761e-08,6.505591e-07,7.639503e-07,7.639408e-07,7.853079e-07,7.9210804e-07,7.444681e-07,4.3370937e-06,6.3059138e-06,3.8022843e-06
1971205,Reconnaissance,TreeSHAP,0.9880291819572449,0.9878255252226296,1.5835645044142732e-06,0.0018952591,0.00011524823,7.606988e-06,6.739357e-06,5.897715e-06,3.4005116e-06,9.136579e-07,5.230439e-07,5.4393894e-07,4.347701e-07,4.637873e-07,4.780201e-07,6.8112206e-07,9.004495e-07,9.614448e-07,6.6124653e-07,4.7210904e-07,1.3707923e-06,5.485556e-06,4.171552e-06
1971205,Reconnaissance,Random,0.9880291819572449,0.5588278697803617,3.983209378905153e-08,0.9557421,0.9557421,0.9532816,0.9611823,0.40103897,0.018802697,0.012311312,0.012307519,0.012307519,0.009296981,2.4825813e-08,2.4825813e-08,2.5541473e-08,2.9000244e-08,3.2963776e-08,4.9587854e-08,5.471366e-08,4.796256e-08,4.796256e-08,5.6168943e-08
1906012,Reconnaissance,LIME,0.9880291819572449,0.8961200305428122,5.429424506055141e-06,0.91899526,3.328109e-05,2.4754243e-05,1.8519995e-05,1.457679e-05,1.7826756e-06,1.3265753e-06,8.2317547e-07,7.047874e-07,4.8362153e-07,3.453761e-08,6.505591e-07,7.639503e-07,7.639408e-07,4.918164e-07,1.397979e-06,2.4734989e-06,7.293271e-06,2.207453e-05,1.7700215e-05
1906012,Reconnaissance,TreeSHAP,0.9880291819572449,0.9878255252226296,1.5835645044142732e-06,0.0018952591,0.00011524823,7.606988e-06,6.739357e-06,5.897715e-06,3.4005116e-06,9.136579e-07,5.230439e-07,5.4393894e-07,4.347701e-07,4.637873e-07,4.780201e-07,6.8112206e-07,9.004495e-07,9.614448e-07,6.6124653e-07,4.7210904e-07,1.3707923e-06,5.485556e-06,4.171552e-06
1906012,Reconnaissance,Random,0.9880291819572449,0.8955761820430894,8.017812205489423e-07,0.8672454,0.02218646,0.02086185,0.0056684706,0.0041095475,0.0044500995,2.121641e-06,2.6625992e-06,1.9430793e-06,1.4688975e-06,3.4061312e-08,3.8270386e-08,5.083684e-08,7.743795e-08,7.64332e-08,1.4664889e-07,2.0780576e-06,1.9579409e-06,1.8583407e-06,1.6038047e-06
1538156,Reconnaissance,LIME,0.9962759017944336,0.9958213411928227,1.2072203318452053e-05,0.0043695397,7.008656e-05,4.4644818e-05,2.5278048e-05,6.008253e-06,6.557056e-06,6.185597e-06,6.0169573e-06,5.6388535e-06,5.650202e-06,4.637873e-07,7.128433e-07,6.958132e-06,7.9877e-06,8.707312e-06,1.2359285e-05,9.603497e-06,1.9152672e-05,2.069056e-05,3.3636654e-05
1538156,Reconnaissance,TreeSHAP,0.9962759017944336,0.9958099523936681,1.909937030800843e-06,0.0043695397,0.00014971546,7.980208e-05,4.855865e-05,8.297903e-06,1.0462308e-06,7.365366e-07,7.08154e-07,6.636493e-07,4.256734e-07,4.637873e-07,4.898246e-07,1.1651804e-06,1.1104726e-06,1.8676565e-06,2.0589198e-06,2.3857654e-06,3.0828405e-06,3.0055428e-06,3.3982526e-06
1538156,Reconnaissance,Random,0.9962759017944336,0.27866813987493516,5.375145822862863e-08,0.9943269,0.994466,0.9957339,0.9893182,0.91430116,0.91430116,0.89057344,0.26527378,0.10889154,0.10889154,2.4818178e-08,2.895734e-08,2.895734e-08,2.2306702e-08,3.6590155e-08,3.6590155e-08,3.5831132e-08,7.365769e-08,1.2390204e-07,1.2390204e-07
1009520,Reconnaissance,LIME,0.5730923414230347,0.5729898979667724,0.03315441192071384,0.00087337167,9.080664e-05,1.0633203e-05,1.0655747e-05,1.0821753e-05,6.4778255e-06,5.391713e-06,5.0080866e-06,5.5861065e-06,5.6818176e-06,0.00029742107,0.0009456144,0.009590746,0.009563406,0.009799826,0.010401699,0.016534045,0.032954056,0.042084478,0.057834107
1009520,Reconnaissance,TreeSHAP,0.5730923414230347,0.5729661716108921,0.006021461176535072,0.00087337167,0.0001897394,0.00016528941,9.8797245e-06,8.3563e-06,6.4418505e-06,4.8614797e-06,1.5190008e-06,1.1810268e-06,1.0582621e-06,0.00029742107,0.0001493455,0.00029103694,0.0007649592,0.00157113,0.0019187422,0.005178363,0.004383905,0.009988753,0.009964877
1009520,Reconnaissance,Random,0.5730923414230347,0.14282502830028534,3.129160043731798e-06,0.33071226,0.33071226,0.35271734,0.48759976,0.48759976,0.4848486,0.485026,0.4503438,0.45456073,0.43855265,1.1244007e-06,1.1244007e-06,1.1009064e-06,1.1009064e-06,1.1009064e-06,1.1009064e-06,2.638267e-06,2.9120731e-06,2.8651052e-06,2.8651052e-06
1064928,Reconnaissance,LIME,0.5988376140594482,0.598731375733314,1.555349665228294e-05,0.0009826557,2.9129587e-05,2.9129795e-05,4.740483e-06,3.2250489e-06,3.057495e-06,2.632778e-06,2.508091e-06,2.6451505e-06,2.6591551e-06,4.637873e-07,7.128433e-07,7.114787e-07,1.7500972e-06,1.6792128e-05,1.1082141e-05,1.1413628e-05,9.68725e-06,1.8237028e-05,2.2289809e-05
1064928,Reconnaissance,TreeSHAP,0.5988376140594482,0.5987253732749622,3.9480746088097565e-06,0.0009826557,7.875421e-05,5.4713124e-05,3.7897898e-06,3.8981912e-07,3.7585792e-07,3.6117865e-07,4.5616622e-07,4.727228e-07,4.3929987e-07,4.637873e-07,1.1052919e-06,1.2937691e-06,2.052365e-06,1.9997765e-06,3.0203657e-06,5.0319754e-06,2.914489e-06,3.089401e-06,2.6713356e-06
1064928,Reconnaissance,Random,0.5988376140594482,0.40900798672810196,6.866108101605399e-08,0.59445655,0.527636,0.45314443,0.09544329,0.082764424,0.082764424,0.04229531,0.009397532,0.005197156,0.005197156,2.4441855e-08,2.176916e-08,2.3447335e-08,2.7320372e-08,2.6749516e-08,2.6749516e-08,3.278175e-08,5.263256e-08,8.763815e-08,8.763815e-08
1848598,Reconnaissance,LIME,0.9880291819572449,0.8961112279020653,1.8175698660864665e-06,0.91899526,3.328109e-05,2.4754243e-05,1.8519995e-05,2.7148328e-05,2.2347602e-05,1.9539175e-05,2.0016478e-05,1.1363618e-05,7.3088327e-06,3.453761e-08,6.505591e-07,7.639503e-07,7.639408e-07,1.1738339e-06,1.4741927e-06,1.4303798e-06,3.5912224e-06,2.8779202e-06,5.197583e-06
1848598,Reconnaissance,TreeSHAP,0.9880291819572449,0.9878255252226296,1.5835645044142732e-06,0.0018952591,0.00011524823,7.606988e-06,6.739357e-06,5.897715e-06,3.4005116e-06,9.136579e-07,5.230439e-07,5.4393894e-07,4.347701e-07,4.637873e-07,4.780201e-07,6.8112206e-07,9.004495e-07,9.614448e-07,6.6124653e-07,4.7210904e-07,1.3707923e-06,5.485556e-06,4.171552e-06
1848598,Reconnaissance,Random,0.9880291819572449,0.6475217629224062,3.883276436545837e-08,0.9880292,0.9477264,0.25239676,0.23254023,0.23373872,0.23373872,0.23373872,0.17810386,0.056684308,0.04837725,2.4441855e-08,2.492754e-08,3.7757466e-08,3.8845844e-08,3.1627867e-08,3.1627867e-08,3.1627867e-08,4.014758e-08,6.107445e-08,6.16007e-08
1917532,Reconnaissance,LIME,0.9880291819572449,0.8961167673086038,2.262736883693173e-06,0.91899526,3.328109e-05,2.4754243e-05,1.8519995e-05,1.565218e-05,1.1610576e-05,6.649128e-06,6.2131667e-06,6.3449397e-06,5.859977e-06,3.453761e-08,6.505591e-07,7.639503e-07,7.639408e-07,2.62126e-06,1.9330676e-06,2.4368512e-06,3.2925336e-06,5.232659e-06,4.6271407e-06
1917532,Reconnaissance,TreeSHAP,0.9880291819572449,0.9878255252226296,1.5835645044142732e-06,0.0018952591,0.00011524823,7.606988e-06,6.739357e-06,5.897715e-06,3.4005116e-06,9.136579e-07,5.230439e-07,5.4393894e-07,4.347701e-07,4.637873e-07,4.780201e-07,6.8112206e-07,9.004495e-07,9.614448e-07,6.6124653e-07,4.7210904e-07,1.3707923e-06,5.485556e-06,4.171552e-06
1917532,Reconnaissance,Random,0.9880291819572449,0.7742648059967905,4.8035908794476893e-08,0.9878576,0.91724175,0.19514261,0.011498293,0.006691952,0.006691952,0.006968095,0.004357979,0.0005967724,0.0005967724,2.8518306e-08,3.9770693e-08,4.277716e-08,6.609716e-08,5.4205934e-08,5.4205934e-08,5.6875955e-08,5.2210417e-08,4.6558675e-08,3.3388556e-08
1580943,Reconnaissance,LIME,0.9880291819572449,0.9878260770726683,3.241316224360438e-06,0.0018952591,3.328109e-05,2.4754243e-05,1.8519995e-05,1.565218e-05,1.1610576e-05,7.4386526e-06,9.8922e-06,9.993127e-06,4.6476493e-06,4.637873e-07,6.505591e-07,7.639503e-07,7.639408e-07,2.62126e-06,1.9330676e-06,2.6533517e-06,4.519685e-06,7.696502e-06,9.959048e-06
1580943,Reconnaissance,TreeSHAP,0.9880291819572449,0.9878255252226296,1.5835645044142732e-06,0.0018952591,0.00011524823,7.606988e-06,6.739357e-06,5.897715e-06,3.4005116e-06,9.136579e-07,5.230439e-07,5.4393894e-07,4.347701e-07,4.637873e-07,4.780201e-07,6.8112206e-07,9.004495e-07,9.614448e-07,6.6124653e-07,4.7210904e-07,1.3707923e-06,5.485556e-06,4.171552e-06
1580943,Reconnaissance,Random,0.9880291819572449,0.4739315535873175,1.7336910475930728e-07,0.9878576,0.9878576,0.987048,0.7962982,0.6356007,0.48678026,0.15908259,0.048880897,0.049116395,0.0024541207,2.8518306e-08,2.8518306e-08,2.8518306e-08,4.3896275e-08,7.4117395e-08,2.171038e-07,3.3573264e-07,3.3506709e-07,3.1841955e-07,3.0304557e-07
1358836,Reconnaissance,LIME,0.9880291819572449,0.9878289005183319,5.16429345905588e-06,0.0018952591,3.328109e-05,2.4754243e-05,1.8519995e-05,1.1083104e-05,1.1875023e-05,2.8775382e-06,1.6554126e-06,2.038274e-06,1.4705756e-06,4.637873e-07,6.505591e-07,7.639503e-07,7.639408e-07,1.5552631e-06,1.4895928e-06,5.760892e-06,6.276168e-06,5.5357973e-06,2.7764774e-05
1358836,Reconnaissance,TreeSHAP,0.9880291819572449,0.9878255252226296,1.5835645044142732e-06,0.0018952591,0.00011524823,7.606988e-06,6.739357e-06,5.897715e-06,3.4005116e-06,9.136579e-07,5.230439e-07,5.4393894e-07,4.347701e-07,4.637873e-07,4.780201e-07,6.8112206e-07,9.004495e-07,9.614448e-07,6.6124653e-07,4.7210904e-07,1.3707923e-06,5.485556e-06,4.171552e-06
1358836,Reconnaissance,Random,0.9880291819572449,0.8885961009385255,1.1691877598431653e-06,0.9903957,0.0018638729,0.0007878998,0.00038666694,0.00038666234,0.00039208768,9.4042596e-05,1.4345771e-05,7.2533235e-06,2.254122e-06,2.2886802e-08,6.996286e-07,9.2867725e-07,9.774717e-07,8.927357e-07,8.3928757e-07,7.7651464e-07,9.670941e-07,6.9487356e-07,4.7527465e-06
1183173,Reconnaissance,LIME,0.9962759017944336,0.9001686657659661,1.5825864463810555e-05,0.96092707,7.008656e-05,3.9683855e-05,9.432449e-06,6.008253e-06,6.008253e-06,6.7340693e-06,5.695429e-06,8.631622e-07,7.7907066e-07,3.784757e-08,7.128433e-07,8.1923184e-07,8.9546165e-07,8.707312e-06,8.707312e-06,1.4952065e-05,1.6967893e-05,3.3173677e-05,7.269564e-05
1183173,Reconnaissance,TreeSHAP,0.9962759017944336,0.9958099523936681,1.909937030800843e-06,0.0043695397,0.00014971546,7.980208e-05,4.855865e-05,8.297903e-06,1.0462308e-06,7.365366e-07,7.08154e-07,6.636493e-07,4.256734e-07,4.637873e-07,4.898246e-07,1.1651804e-06,1.1104726e-06,1.8676565e-06,2.0589198e-06,2.3857654e-06,3.0828405e-06,3.0055428e-06,3.3982526e-06
1183173,Reconnaissance,Random,0.9962759017944336,0.9700493271785262,1.7030611216961863e-06,0.074777655,0.05951865,0.063039534,0.021558661,0.021663524,0.021663524,1.5322785e-05,1.4461939e-05,1.2376674e-05,2.036055e-06,3.4061312e-08,2.6716176e-08,2.6716176e-08,2.712752e-08,6.327915e-08,6.327915e-08,2.3020236e-06,4.889055e-06,4.294753e-06,5.240176e-06
1267604,Reconnaissance,LIME,0.9962759017944336,0.9001595856985205,1.728414755572007e-05,0.96092707,7.008656e-05,4.4644818e-05,4.6674773e-05,1.959155e-05,2.2294449e-05,1.5658039e-05,6.5002896e-06,6.5002896e-06,4.1410062e-06,3.784757e-08,7.128433e-07,6.958132e-06,1.0403227e-05,1.077755e-05,1.4189033e-05,2.199524e-05,2.7392556e-05,2.695423e-05,5.2777148e-05
1267604,Reconnaissance,TreeSHAP,0.9962759017944336,0.9958099523936681,1.909937030800843e-06,0.0043695397,0.00014971546,7.980208e-05,4.855865e-05,8.297903e-06,1.0462308e-06,7.365366e-07,7.08154e-07,6.636493e-07,4.256734e-07,4.637873e-07,4.898246e-07,1.1651804e-06,1.1104726e-06,1.8676565e-06,2.0589198e-06,2.3857654e-06,3.0828405e-06,3.0055428e-06,3.3982526e-06
1267604,Reconnaissance,Random,0.9962759017944336,0.48103967402130365,2.332639029843549e-08,0.99273056,0.9927254,0.9927254,0.9871793,0.2980375,0.3051722,0.37135577,0.09769164,0.098195955,0.016548624,1.9782261e-08,2.1451456e-08,2.1451456e-08,1.7756667e-08,1.9428926e-08,2.1689583e-08,1.9455618e-08,1.686122e-08,1.8612333e-08,5.590569e-08
1380557,Reconnaissance,LIME,0.9880291819572449,0.8961189408356063,3.197311972747722e-06,0.91899526,3.328109e-05,2.4754243e-05,1.8519995e-05,1.457679e-05,1.1600722e-05,1.4947736e-06,1.0603485e-06,1.0603485e-06,8.0171446e-07,3.453761e-08,6.505591e-07,7.639503e-07,7.639408e-07,4.918164e-07,1.5860098e-06,5.051727e-06,5.8333885e-06,5.8333885e-06,1.0581056e-05
1380557,Reconnaissance,TreeSHAP,0.9880291819572449,0.9878255252226296,1.5835645044142732e-06,0.0018952591,0.00011524823,7.606988e-06,6.739357e-06,5.897715e-06,3.4005116e-06,9.136579e-07,5.230439e-07,5.4393894e-07,4.347701e-07,4.637873e-07,4.780201e-07,6.8112206e-07,9.004495e-07,9.614448e-07,6.6124653e-07,4.7210904e-07,1.3707923e-06,5.485556e-06,4.171552e-06
1380557,Reconnaissance,Random,0.9880291819572449,0.7148458246141672,1.6011120040439577e-07,0.92142683,0.92142683,0.34384385,0.25687134,0.18081106,0.046108063,0.015336398,0.015336398,0.015336398,0.015336398,3.7797268e-08,3.7797268e-08,5.509051e-08,1.1463863e-07,1.5235238e-07,1.4844227e-07,2.5895676e-07,2.5895676e-07,2.5895676e-07,2.5895676e-07
1732218,Reconnaissance,LIME,0.9962759017944336,0.9958268586643271,2.0876272035192293e-05,0.0043695397,7.008656e-05,1.4553309e-05,9.270164e-06,7.168658e-06,5.4916723e-06,3.4836812e-06,3.4836812e-06,4.0984382e-06,3.2554665e-06,4.637873e-07,7.128433e-07,7.5271913e-07,7.3289957e-06,1.1484091e-05,2.893733e-05,3.4782675e-05,3.4782675e-05,4.835029e-05,4.038986e-05
1732218,Reconnaissance,TreeSHAP,0.9962759017944336,0.9958099523936681,1.909937030800843e-06,0.0043695397,0.00014971546,7.980208e-05,4.855865e-05,8.297903e-06,1.0462308e-06,7.365366e-07,7.08154e-07,6.636493e-07,4.256734e-07,4.637873e-07,4.898246e-07,1.1651804e-06,1.1104726e-06,1.8676565e-06,2.0589198e-06,2.3857654e-06,3.0828405e-06,3.0055428e-06,3.3982526e-06
1732218,Reconnaissance,Random,0.9962759017944336,0.5266113315941766,8.799984027757665e-08,0.9922085,0.9831686,0.9812805,0.9519838,0.73149484,0.047524817,0.0034924638,0.002501163,0.001495508,0.001495508,6.014452e-08,6.422568e-08,6.521446e-08,5.493028e-08,1.0539365e-07,1.276895e-07,8.912994e-08,9.435156e-08,1.0782083e-07,1.0782083e-07
1729193,Reconnaissance,LIME,0.9880291819572449,0.8961193992187872,1.8168504843896348e-06,0.91899526,3.328109e-05,2.4754243e-05,1.8519995e-05,7.424154e-06,6.4114665e-06,5.345957e-06,3.4165982e-06,1.8728591e-06,1.5398306e-06,3.453761e-08,6.505591e-07,7.639503e-07,7.639408e-07,2.3599518e-06,1.4722531e-06,3.2540693e-06,2.5064141e-06,3.692569e-06,2.4527699e-06
1729193,Reconnaissance,TreeSHAP,0.9880291819572449,0.9878255252226296,1.5835645044142732e-06,0.0018952591,0.00011524823,7.606988e-06,6.739357e-06,5.897715e-06,3.4005116e-06,9.136579e-07,5.230439e-07,5.4393894e-07,4.347701e-07,4.637873e-07,4.780201e-07,6.8112206e-07,9.004495e-07,9.614448e-07,6.6124653e-07,4.7210904e-07,1.3707923e-06,5.485556e-06,4.171552e-06
1729193,Reconnaissance,Random,0.9880291819572449,0.388671602262184,7.518097512658843e-08,0.96246994,0.91798806,0.91798806,0.9108078,0.76116365,0.76116365,0.65544844,0.09577913,0.0064019733,0.004365107,3.2497567e-08,5.685477e-08,5.685477e-08,5.685477e-08,6.050531e-08,6.050531e-08,7.318305e-08,8.38897e-08,1.2760994e-07,1.340548e-07
1260296,Reconnaissance,LIME,0.9880291819572449,0.8961183589448865,2.2147092954823417e-06,0.91899526,3.328109e-05,2.4754243e-05,1.8519995e-05,1.183922e-05,8.644215e-06,7.519582e-06,6.663278e-06,1.1166804e-06,6.3062896e-07,3.453761e-08,6.505591e-07,7.639503e-07,7.639408e-07,1.1231705e-06,1.0746608e-06,1.7089208e-06,2.0337618e-06,6.5158792e-06,7.2125927e-06
1260296,Reconnaissance,TreeSHAP,0.9880291819572449,0.9878255252226296,1.5835645044142732e-06,0.0018952591,0.00011524823,7.606988e-06,6.739357e-06,5.897715e-06,3.4005116e-06,9.136579e-07,5.230439e-07,5.4393894e-07,4.347701e-07,4.637873e-07,4.780201e-07,6.8112206e-07,9.004495e-07,9.614448e-07,6.6124653e-07,4.7210904e-07,1.3707923e-06,5.485556e-06,4.171552e-06
1260296,Reconnaissance,Random,0.9880291819572449,0.6128164187073708,8.032198113462291e-08,0.9903957,0.70281476,0.29967365,0.29967365,0.29967365,0.29967365,0.2996801,0.19006859,0.19006859,0.18040527,2.2886802e-08,2.7900855e-08,2.8455325e-08,2.8455325e-08,2.8455325e-08,2.8455325e-08,8.424417e-08,1.8047874e-07,1.8047874e-07,1.8379401e-07
1592540,Reconnaissance,LIME,0.9880291819572449,0.8961181104048421,2.3247360335092634e-06,0.91899526,3.328109e-05,2.4754243e-05,1.8519995e-05,1.457679e-05,9.416631e-06,9.313852e-06,4.0288837e-06,7.4616815e-07,8.1668e-07,3.453761e-08,6.505591e-07,7.639503e-07,7.639408e-07,4.918164e-07,7.7701236e-07,8.328171e-07,2.9776763e-06,8.136805e-06,7.539955e-06
1592540,Reconnaissance,TreeSHAP,0.9880291819572449,0.9878255252226296,1.5835645044142732e-06,0.0018952591,0.00011524823,7.606988e-06,6.739357e-06,5.897715e-06,3.4005116e-06,9.136579e-07,5.230439e-07,5.4393894e-07,4.347701e-07,4.637873e-07,4.780201e-07,6.8112206e-07,9.004495e-07,9.614448e-07,6.6124653e-07,4.7210904e-07,1.3707923e-06,5.485556e-06,4.171552e-06
1592540,Reconnaissance,Random,0.9880291819572449,0.7296954277902842,3.4789007458560834e-08,0.9477264,0.86462784,0.17081255,0.17822146,0.10835791,0.097655915,0.08427779,0.060052224,0.060052224,0.011553209,2.492754e-08,2.492754e-08,3.7757466e-08,3.074173e-08,3.0535727e-08,2.9322155e-08,3.2765747e-08,4.1516355e-08,4.1516355e-08,4.971491e-08
1899432,Reconnaissance,LIME,0.9880291819572449,0.9878293075120155,2.525148962442893e-06,0.0018952591,3.328109e-05,2.4754243e-05,1.8519995e-05,1.6790074e-05,2.7523329e-06,2.405184e-06,2.2546685e-06,1.40699e-06,1.3207413e-06,4.637873e-07,6.505591e-07,7.639503e-07,7.639408e-07,6.525975e-07,1.6180479e-06,1.9741592e-06,2.1405228e-06,5.0503463e-06,1.0871295e-05
1899432,Reconnaissance,TreeSHAP,0.9880291819572449,0.9878255252226296,1.5835645044142732e-06,0.0018952591,0.00011524823,7.606988e-06,6.739357e-06,5.897715e-06,3.4005116e-06,9.136579e-07,5.230439e-07,5.4393894e-07,4.347701e-07,4.637873e-07,4.780201e-07,6.8112206e-07,9.004495e-07,9.614448e-07,6.6124653e-07,4.7210904e-07,1.3707923e-06,5.485556e-06,4.171552e-06
1899432,Reconnaissance,Random,0.9880291819572449,0.611666947323829,5.311561432282695e-08,0.92142683,0.91667634,0.7301979,0.61026096,0.14918244,0.14918244,0.14918244,0.12135177,0.01149646,0.0046647536,3.7797268e-08,3.8886785e-08,3.8886785e-08,3.4972704e-08,5.000385e-08,5.000385e-08,5.000385e-08,5.251985e-08,7.283236e-08,9.889048e-08
1524875,Reconnaissance,LIME,0.9962759017944336,0.9958264975471736,2.2350439489839423e-05,0.0043695397,7.008656e-05,4.4644818e-05,4.755506e-06,1.6912597e-06,1.0656478e-06,7.571361e-07,5.3520915e-07,4.0757217e-07,5.590932e-07,4.637873e-07,7.128433e-07,6.958132e-06,1.1070224e-05,1.2226401e-05,1.3530542e-05,2.498686e-05,2.3926217e-05,5.0012568e-05,7.878447e-05
1524875,Reconnaissance,TreeSHAP,0.9962759017944336,0.9958099523936681,1.909937030800843e-06,0.0043695397,0.00014971546,7.980208e-05,4.855865e-05,8.297903e-06,1.0462308e-06,7.365366e-07,7.08154e-07,6.636493e-07,4.256734e-07,4.637873e-07,4.898246e-07,1.1651804e-06,1.1104726e-06,1.8676565e-06,2.0589198e-06,2.3857654e-06,3.0828405e-06,3.0055428e-06,3.3982526e-06
1524875,Reconnaissance,Random,0.9962759017944336,0.8838019189688111,1.5246344257676444e-06,0.99390453,0.06116852,0.054234806,0.0043659424,0.006626664,0.0022128562,0.0022128562,4.673888e-06,4.3504087e-06,4.625835e-06,3.5738307e-08,4.701879e-08,4.377646e-08,4.6236796e-08,4.383562e-08,7.803313e-08,7.803313e-08,4.386666e-06,4.374419e-06,6.055809e-06
1502737,Reconnaissance,LIME,0.9962759017944336,0.9958268131423325,2.9473232397088675e-05,0.0043695397,7.008656e-05,3.9683855e-05,4.3197388e-06,2.7515277e-06,1.0656478e-06,1.0656478e-06,8.755079e-07,9.0843605e-07,5.8992896e-07,4.637873e-07,7.128433e-07,8.1923184e-07,1.2030915e-06,1.125829e-05,1.3530542e-05,1.3530542e-05,3.7673304e-05,6.0089744e-05,0.00015435336
1502737,Reconnaissance,TreeSHAP,0.9962759017944336,0.9958099523936681,1.909937030800843e-06,0.0043695397,0.00014971546,7.980208e-05,4.855865e-05,8.297903e-06,1.0462308e-06,7.365366e-07,7.08154e-07,6.636493e-07,4.256734e-07,4.637873e-07,4.898246e-07,1.1651804e-06,1.1104726e-06,1.8676565e-06,2.0589198e-06,2.3857654e-06,3.0828405e-06,3.0055428e-06,3.3982526e-06
1502737,Reconnaissance,Random,0.9962759017944336,0.5067778987169731,4.551142366252724e-08,0.99617356,0.9916642,0.99438715,0.99438715,0.86562365,0.051340435,0.00032004138,0.00032004138,0.00032004138,0.00044378755,2.4441855e-08,2.610038e-08,2.7559969e-08,2.7559969e-08,4.33532e-08,5.343632e-08,6.1074516e-08,6.1074516e-08,6.1074516e-08,6.774414e-08
1832170,Reconnaissance,LIME,0.9962759017944336,0.995822719697992,2.8972131874803842e-05,0.0043695397,7.008656e-05,4.4644818e-05,2.5278048e-05,6.008253e-06,4.8594484e-06,4.5047827e-06,3.1671873e-06,2.0307432e-06,1.701453e-06,4.637873e-07,7.128433e-07,6.958132e-06,7.9877e-06,8.707312e-06,7.761115e-06,1.0913563e-05,1.7013126e-05,4.4074994e-05,0.0001840498
1832170,Reconnaissance,TreeSHAP,0.9962759017944336,0.9958099523936681,1.909937030800843e-06,0.0043695397,0.00014971546,7.980208e-05,4.855865e-05,8.297903e-06,1.0462308e-06,7.365366e-07,7.08154e-07,6.636493e-07,4.256734e-07,4.637873e-07,4.898246e-07,1.1651804e-06,1.1104726e-06,1.8676565e-06,2.0589198e-06,2.3857654e-06,3.0828405e-06,3.0055428e-06,3.3982526e-06
1832170,Reconnaissance,Random,0.9962759017944336,0.6018083812548867,8.087395482640101e-07,0.9962759,0.98296875,0.9823768,0.9823768,0.00026797445,9.112297e-05,8.862813e-05,8.862813e-05,8.273848e-05,5.7836052e-05,1.752795e-08,4.4110383e-08,4.4582023e-08,4.4582023e-08,2.821311e-07,1.0438084e-06,8.007207e-07,8.312485e-07,1.3207463e-06,3.6278198e-06
1451451,Reconnaissance,LIME,0.9880291819572449,0.8961203375599212,6.3678411301913305e-06,0.91899526,3.328109e-05,2.4754243e-05,1.8519995e-05,2.912512e-06,3.375446e-06,3.2006087e-06,3.1203958e-06,1.6798905e-06,2.338601e-06,3.453761e-08,6.505591e-07,7.639503e-07,7.639408e-07,1.3272786e-06,1.5239715e-06,6.046739e-06,2.0568452e-05,1.908941e-05,1.2147294e-05
1451451,Reconnaissance,TreeSHAP,0.9880291819572449,0.9878255252226296,1.5835645044142732e-06,0.0018952591,0.00011524823,7.606988e-06,6.739357e-06,5.897715e-06,3.4005116e-06,9.136579e-07,5.230439e-07,5.4393894e-07,4.347701e-07,4.637873e-07,4.780201e-07,6.8112206e-07,9.004495e-07,9.614448e-07,6.6124653e-07,4.7210904e-07,1.3707923e-06,5.485556e-06,4.171552e-06
1451451,Reconnaissance,Random,0.9880291819572449,0.013523828983306885,1.954349581818931e-08,0.98307043,0.98307043,0.98307043,0.98307043,0.98593605,0.9857298,0.98541254,0.9778852,0.9389041,0.9389041,1.9378003e-08,1.9378003e-08,1.9378003e-08,1.9378003e-08,2.036989e-08,2.3782995e-08,2.2163071e-08,1.5593047e-08,1.6837218e-08,1.6837218e-08
1457411,Reconnaissance,LIME,0.9962759017944336,0.9958118589229343,2.2848273675924532e-05,0.0043695397,7.008656e-05,4.4644818e-05,4.6674773e-05,3.8059006e-05,3.8059006e-05,2.3215916e-05,4.870679e-06,3.6486335e-06,1.6296517e-06,4.637873e-07,7.128433e-07,6.958132e-06,1.0403227e-05,8.843645e-06,8.843645e-06,1.3669187e-05,2.6952317e-05,5.8745838e-05,9.203922e-05
1457411,Reconnaissance,TreeSHAP,0.9962759017944336,0.9958099523936681,1.909937030800843e-06,0.0043695397,0.00014971546,7.980208e-05,4.855865e-05,8.297903e-06,1.0462308e-06,7.365366e-07,7.08154e-07,6.636493e-07,4.256734e-07,4.637873e-07,4.898246e-07,1.1651804e-06,1.1104726e-06,1.8676565e-06,2.0589198e-06,2.3857654e-06,3.0828405e-06,3.0055428e-06,3.3982526e-06
1457411,Reconnaissance,Random,0.9962759017944336,0.5860743490979076,5.443189976764973e-08,0.9962759,0.99390453,0.9908009,0.99135274,0.013871151,0.013871151,0.026370546,0.02576076,0.024096968,0.025710864,2.4441855e-08,3.5738307e-08,3.6288537e-08,4.318743e-08,5.2068152e-08,3.733957e-08,3.7339568e-08,8.9156586e-08,8.915657e-08,9.757534e-08
1179262,Reconnaissance,LIME,0.711851179599762,0.7117587737743634,0.028156384020740055,0.0007254179,7.964015e-05,7.9806516e-05,1.0187162e-05,8.614396e-06,8.01617e-06,2.5876643e-06,3.7223347e-06,3.0641945e-06,3.0017438e-06,0.00029742107,0.0009456144,0.0009443517,0.009563406,0.015392105,0.020292317,0.02648598,0.043387137,0.042332236,0.040790986
1179262,Reconnaissance,TreeSHAP,0.711851179599762,0.7117475395746624,0.003351054254622482,0.0007254179,0.00015278453,0.00012831265,8.421718e-06,8.344716e-06,6.4131154e-06,1.8912353e-06,1.5298734e-06,1.613096e-06,1.671397e-06,0.00029742107,0.0001493455,0.00029103694,0.0007649592,0.00157113,0.0019187422,0.0012753448,0.0014873622,0.0051637967,0.010935379
1179262,Reconnaissance,Random,0.711851179599762,0.5375302467495203,5.003478239939632e-07,0.7192405,0.4775724,0.084812574,0.059198815,0.06924385,0.06924385,0.057164572,0.06458383,0.07107447,0.07107447,2.520848e-07,2.950417e-07,3.7184174e-07,3.914091e-07,4.2661551e-07,4.2661551e-07,3.6380277e-07,3.663566e-07,3.8900055e-07,2.7896343e-07
1649062,Reconnaissance,LIME,0.9962759017944336,0.995813435267064,7.0073300222461635e-06,0.0043695397,7.008656e-05,3.9683855e-05,3.4016513e-05,3.7852955e-05,2.5438965e-05,1.7553002e-05,1.0695798e-05,1.0695798e-05,9.102157e-06,4.637873e-07,7.128433e-07,8.1923184e-07,8.8571784e-07,1.2036894e-06,1.3152982e-06,2.6801465e-06,1.1906835e-05,1.1906835e-05,3.7917955e-05
1649062,Reconnaissance,TreeSHAP,0.9962759017944336,0.9958099523936681,1.909937030800843e-06,0.0043695397,0.00014971546,7.980208e-05,4.855865e-05,8.297903e-06,1.0462308e-06,7.365366e-07,7.08154e-07,6.636493e-07,4.256734e-07,4.637873e-07,4.898246e-07,1.1651804e-06,1.1104726e-06,1.8676565e-06,2.0589198e-06,2.3857654e-06,3.0828405e-06,3.0055428e-06,3.3982526e-06
1649062,Reconnaissance,Random,0.9962759017944336,0.6005071934312582,4.8356615995666775e-08,0.971914,0.9476409,0.9435463,0.7855683,0.15720688,0.073702544,0.0200585,0.0200585,0.0200585,0.017932681,4.4525528e-08,3.406262e-08,3.1819393e-08,3.3319925e-08,4.1526114e-08,5.340302e-08,6.111962e-08,6.111962e-08,6.111962e-08,5.9749816e-08
1868897,Reconnaissance,LIME,0.9962759017944336,0.9958230855528427,6.130165568938316e-05,0.0043695397,7.008656e-05,4.4644818e-05,2.5278048e-05,6.008253e-06,3.7601453e-06,4.5534844e-06,1.6599118e-06,1.4994714e-06,1.1320532e-06,4.637873e-07,7.128433e-07,6.958132e-06,7.9877e-06,8.707312e-06,1.9942356e-05,2.1743186e-05,8.999416e-05,0.00025449428,0.00019972987
1868897,Reconnaissance,TreeSHAP,0.9962759017944336,0.9958099523936681,1.909937030800843e-06,0.0043695397,0.00014971546,7.980208e-05,4.855865e-05,8.297903e-06,1.0462308e-06,7.365366e-07,7.08154e-07,6.636493e-07,4.256734e-07,4.637873e-07,4.898246e-07,1.1651804e-06,1.1104726e-06,1.8676565e-06,2.0589198e-06,2.3857654e-06,3.0828405e-06,3.0055428e-06,3.3982526e-06
1868897,Reconnaissance,Random,0.9962759017944336,0.5547112060117797,1.0290841873850724e-07,0.9971717,0.99704343,0.9121459,0.9136867,0.2134401,0.21346664,0.1677981,0.0007216859,0.00013886481,3.3819462e-05,2.7243777e-08,2.667452e-08,4.0231214e-08,4.6271943e-08,5.528949e-08,5.528949e-08,5.7901463e-08,7.6045595e-08,2.9438235e-07,3.459219e-07
1945039,Reconnaissance,LIME,0.7851406335830688,0.7850026193441408,0.012250508142965398,0.0011839747,0.00012210786,1.4567945e-05,1.4707836e-05,9.896945e-06,1.0254388e-05,9.337838e-06,8.735129e-06,3.2977118e-06,3.262067e-06,0.00029742107,0.0009456144,0.009590746,0.009563406,0.004515816,0.005144644,0.0073168087,0.011007334,0.014584537,0.033217397
1945039,Reconnaissance,TreeSHAP,0.7851406335830688,0.7849739904174499,0.00237743088233653,0.0011839747,0.00023422293,0.0002058647,1.26868135e-05,9.383338e-06,7.651452e-06,6.759656e-06,1.7933748e-06,2.3597454e-06,1.7349834e-06,0.00029742107,0.0001493455,0.00029103694,0.0007649592,0.00157113,0.0017597728,0.0014566516,0.0010624734,0.0027702593,0.008543126
1945039,Reconnaissance,Random,0.7851406335830688,0.4776795022218721,0.0005323056417923087,0.77830464,0.77830464,0.75118107,0.7643008,0.00076762965,0.00048308124,0.00048308124,0.00043495736,0.00017570096,0.00017570096,2.405772e-07,2.405772e-07,2.6869802e-07,2.9877532e-07,0.0005583146,0.00049427873,0.00049427873,0.00061936054,0.0010060333,0.0010060333
1409046,Reconnaissance,LIME,0.9962759017944336,0.9958198429004483,4.6686362245061035e-05,0.0043695397,7.008656e-05,3.9683855e-05,2.5278048e-05,1.8174613e-05,1.9579462e-05,1.19006845e-05,2.8282104e-06,2.5197037e-06,9.981324e-07,4.637873e-07,7.128433e-07,8.1923184e-07,7.9877e-06,2.272861e-05,3.4027715e-05,4.840437e-05,5.0591807e-05,7.972296e-05,0.00021966592
1409046,Reconnaissance,TreeSHAP,0.9962759017944336,0.9958099523936681,1.909937030800843e-06,0.0043695397,0.00014971546,7.980208e-05,4.855865e-05,8.297903e-06,1.0462308e-06,7.365366e-07,7.08154e-07,6.636493e-07,4.256734e-07,4.637873e-07,4.898246e-07,1.1651804e-06,1.1104726e-06,1.8676565e-06,2.0589198e-06,2.3857654e-06,3.0828405e-06,3.0055428e-06,3.3982526e-06
1409046,Reconnaissance,Random,0.9962759017944336,0.02823318839073181,2.8632380447131937e-08,0.9961358,0.9961358,0.9973883,0.9950749,0.99495125,0.9898684,0.9674279,0.9375075,0.9375075,0.8684298,2.3931145e-08,2.3931145e-08,2.526938e-08,2.408009e-08,2.4080087e-08,2.5714064e-08,3.344598e-08,3.3392684e-08,3.3392684e-08,3.8020236e-08
1524528,Reconnaissance,LIME,0.9962759017944336,0.9958281173264367,5.1744034630159205e-05,0.0043695397,7.008656e-05,1.4553309e-05,7.5690773e-06,5.7331868e-06,3.794505e-06,1.7736907e-06,1.5884839e-06,1.3897709e-06,1.816426e-06,4.637873e-07,7.128433e-07,7.5271913e-07,1.2116819e-06,2.6547823e-06,4.3758617e-05,4.792443e-05,7.2011455e-05,0.0001376719,0.00020835112
1524528,Reconnaissance,TreeSHAP,0.9962759017944336,0.9958099523936681,1.909937030800843e-06,0.0043695397,0.00014971546,7.980208e-05,4.855865e-05,8.297903e-06,1.0462308e-06,7.365366e-07,7.08154e-07,6.636493e-07,4.256734e-07,4.637873e-07,4.898246e-07,1.1651804e-06,1.1104726e-06,1.8676565e-06,2.0589198e-06,2.3857654e-06,3.0828405e-06,3.0055428e-06,3.3982526e-06
1524528,Reconnaissance,Random,0.9962759017944336,0.3287584845442325,2.248248966627599e-07,0.9922085,0.9914596,0.9914596,0.9888032,0.9877182,0.9876994,0.6441396,0.08700748,0.0024678388,0.002210749,6.014452e-08,4.9326562e-08,4.9326562e-08,5.4870533e-08,5.4870533e-08,6.9835785e-08,1.0100976e-07,2.1119604e-07,6.96546e-07,8.927501e-07
1799840,Reconnaissance,LIME,0.9962759017944336,0.9958171786725074,1.4180378679671768e-05,0.0043695397,7.008656e-05,4.4644818e-05,3.2841286e-05,1.8594816e-05,1.8594816e-05,1.4921576e-05,1.491272e-05,1.6009515e-06,1.4940061e-06,4.637873e-07,7.128433e-07,6.958132e-06,6.431702e-06,6.711081e-06,6.711081e-06,1.0338008e-05,1.7526027e-05,2.4227607e-05,6.1195424e-05
1799840,Reconnaissance,TreeSHAP,0.9962759017944336,0.9958099523936681,1.909937030800843e-06,0.0043695397,0.00014971546,7.980208e-05,4.855865e-05,8.297903e-06,1.0462308e-06,7.365366e-07,7.08154e-07,6.636493e-07,4.256734e-07,4.637873e-07,4.898246e-07,1.1651804e-06,1.1104726e-06,1.8676565e-06,2.0589198e-06,2.3857654e-06,3.0828405e-06,3.0055428e-06,3.3982526e-06
1799840,Reconnaissance,Random,0.9962759017944336,0.3220317751169205,7.65726916297874e-08,0.9961358,0.9962924,0.9872988,0.9872988,0.8736256,0.6850943,0.67341024,0.19367151,0.19367151,0.15594238,2.3931145e-08,2.3931145e-08,3.354578e-08,3.354578e-08,5.0229893e-08,6.151629e-08,5.588382e-08,1.5424374e-07,1.5424374e-07,1.7180402e-07
994104,Reconnaissance,LIME,0.9917502999305725,0.991602020523078,3.427974136934123e-06,0.0012729515,3.4064087e-05,2.5750864e-05,3.271065e-05,3.3639993e-05,2.2375225e-05,2.2375225e-05,1.4472906e-05,1.0646382e-05,1.3807257e-05,4.637873e-07,7.128433e-07,7.295022e-07,9.450182e-07,8.173751e-07,8.966281e-07,9.2048947e-07,8.915974e-06,8.104139e-06,1.149119e-05
994104,Reconnaissance,TreeSHAP,0.9917502999305725,0.9915336904083404,1.7862228666131567e-06,0.0012729515,0.00083615625,3.223582e-05,1.6965952e-05,4.4357535e-06,8.1336765e-07,8.367374e-07,6.136977e-07,5.559374e-07,5.3021927e-07,4.637873e-07,9.874583e-07,1.1651804e-06,1.1104726e-06,1.8676565e-06,2.0589198e-06,2.2753327e-06,3.0828405e-06,3.0055428e-06,1.6976791e-06
994104,Reconnaissance,Random,0.9917502999305725,0.3025397419929504,8.362969763483841e-08,0.9777869,0.7880196,0.81652087,0.6034376,0.61127543,0.6187916,0.6187916,0.6256925,0.6196085,0.612181,3.7797268e-08,5.6084392e-08,7.59111e-08,8.787284e-08,9.0406e-08,8.710044e-08,8.710044e-08,9.949308e-08,9.9616884e-08,1.0801537e-07
1372627,Reconnaissance,LIME,0.9880291819572449,0.987822426477635,4.997426822096191e-06,0.0018952591,3.328109e-05,2.4754243e-05,1.8519995e-05,2.7148328e-05,2.0021493e-05,1.7096247e-05,1.776132e-05,1.20663e-05,1.6466478e-06,4.637873e-07,6.505591e-07,7.639503e-07,7.639408e-07,1.1738339e-06,3.971962e-06,4.0685914e-06,6.9331077e-06,1.7411427e-05,1.3174879e-05
1372627,Reconnaissance,TreeSHAP,0.9880291819572449,0.9878255252226296,1.5835645044142732e-06,0.0018952591,0.00011524823,7.606988e-06,6.739357e-06,5.897715e-06,3.4005116e-06,9.136579e-07,5.230439e-07,5.4393894e-07,4.347701e-07,4.637873e-07,4.780201e-07,6.8112206e-07,9.004495e-07,9.614448e-07,6.6124653e-07,4.7210904e-07,1.3707923e-06,5.485556e-06,4.171552e-06
1372627,Reconnaissance,Random,0.9880291819572449,0.4377577595412731,4.721502244953339e-08,0.9880292,0.9873147,0.9904151,0.9904151,0.802458,0.18585747,0.19167905,0.19167905,0.08787494,0.08699165,2.4441855e-08,2.5146399e-08,2.8062576e-08,2.8062576e-08,4.2951456e-08,5.709703e-08,5.37067e-08,5.37067e-08,6.924598e-08,8.407692e-08
1939880,Reconnaissance,LIME,0.9962759017944336,0.9001676699308063,1.6044090046781925e-05,0.96092707,7.008656e-05,4.4644818e-05,9.270164e-06,9.270164e-06,6.008253e-06,6.557056e-06,4.5534844e-06,2.8282104e-06,2.0307432e-06,3.784757e-08,7.128433e-07,6.958132e-06,7.3289957e-06,7.3289957e-06,8.707312e-06,1.2359285e-05,2.1743186e-05,5.0591807e-05,4.4074994e-05
1939880,Reconnaissance,TreeSHAP,0.9962759017944336,0.9958099523936681,1.909937030800843e-06,0.0043695397,0.00014971546,7.980208e-05,4.855865e-05,8.297903e-06,1.0462308e-06,7.365366e-07,7.08154e-07,6.636493e-07,4.256734e-07,4.637873e-07,4.898246e-07,1.1651804e-06,1.1104726e-06,1.8676565e-06,2.0589198e-06,2.3857654e-06,3.0828405e-06,3.0055428e-06,3.3982526e-06
1939880,Reconnaissance,Random,0.9962759017944336,0.8659569162875413,9.670446677859803e-08,0.57902944,0.5597315,0.04542325,0.054007314,0.03482889,0.0066196276,0.006621086,0.006621086,0.006621086,0.0036865901,2.7628555e-08,3.5417543e-08,5.9857484e-08,6.0092674e-08,6.6922716e-08,1.6154068e-07,1.4343948e-07,1.4343948e-07,1.4343948e-07,1.216653e-07
1635669,Reconnaissance,LIME,0.9880291819572449,0.8961204397151278,3.2112922792360517e-06,0.91899526,3.328109e-05,2.4754243e-05,1.8519995e-05,2.912512e-06,2.7523329e-06,2.8775382e-06,2.8775382e-06,2.3967903e-06,1.7891905e-06,3.453761e-08,6.505591e-07,7.639503e-07,7.639408e-07,1.3272786e-06,1.6180479e-06,5.760892e-06,5.760892e-06,6.5467298e-06,8.501675e-06
1635669,Reconnaissance,TreeSHAP,0.9880291819572449,0.9878255252226296,1.5835645044142732e-06,0.0018952591,0.00011524823,7.606988e-06,6.739357e-06,5.897715e-06,3.4005116e-06,9.136579e-07,5.230439e-07,5.4393894e-07,4.347701e-07,4.637873e-07,4.780201e-07,6.8112206e-07,9.004495e-07,9.614448e-07,6.6124653e-07,4.7210904e-07,1.3707923e-06,5.485556e-06,4.171552e-06
1635669,Reconnaissance,Random,0.9880291819572449,0.7563124428779702,8.66927938566267e-08,0.92142683,0.7224082,0.51946676,0.14400212,0.0071201627,0.0010595163,0.0013113237,0.00023787275,6.589845e-05,6.8726236e-05,3.7797268e-08,3.9910972e-08,5.552144e-08,6.70711e-08,7.2055535e-08,8.553361e-08,9.082196e-08,1.4497603e-07,1.4075378e-07,1.2210843e-07
1412976,Reconnaissance,LIME,0.9880291819572449,0.8961196645154189,4.402876490073522e-06,0.91899526,3.328109e-05,2.4754243e-05,1.8519995e-05,1.4862871e-05,2.3411528e-06,2.0445125e-06,1.923969e-06,1.2474891e-06,9.379052e-07,3.453761e-08,6.505591e-07,7.639503e-07,7.639408e-07,1.2848637e-06,2.5523916e-06,2.2738627e-06,4.1778644e-06,1.4819644e-05,1.618009e-05
1412976,Reconnaissance,TreeSHAP,0.9880291819572449,0.9878255252226296,1.5835645044142732e-06,0.0018952591,0.00011524823,7.606988e-06,6.739357e-06,5.897715e-06,3.4005116e-06,9.136579e-07,5.230439e-07,5.4393894e-07,4.347701e-07,4.637873e-07,4.780201e-07,6.8112206e-07,9.004495e-07,9.614448e-07,6.6124653e-07,4.7210904e-07,1.3707923e-06,5.485556e-06,4.171552e-06
1412976,Reconnaissance,Random,0.9880291819572449,0.13264292776584624,3.171944562794333e-08,0.9477264,0.9477264,0.9477264,0.9477264,0.95298624,0.95298624,0.95387536,0.7835282,0.71986955,0.39971122,2.492754e-08,2.492754e-08,2.492754e-08,2.492754e-08,2.3341586e-08,2.3341586e-08,2.351407e-08,3.2755118e-08,3.400963e-08,7.6725236e-08
1517400,Reconnaissance,LIME,0.9962759017944336,0.9001629553051543,4.813103590710317e-05,0.96092707,7.008656e-05,4.4644818e-05,3.826894e-05,2.5323629e-05,5.5101164e-06,5.5101164e-06,5.737092e-06,4.284566e-06,3.0298727e-06,3.784757e-08,7.128433e-07,6.958132e-06,6.887894e-06,1.5638752e-05,5.2391057e-05,5.2391057e-05,9.0643705e-05,0.00011081609,0.00014304052
1517400,Reconnaissance,TreeSHAP,0.9962759017944336,0.9958099523936681,1.909937030800843e-06,0.0043695397,0.00014971546,7.980208e-05,4.855865e-05,8.297903e-06,1.0462308e-06,7.365366e-07,7.08154e-07,6.636493e-07,4.256734e-07,4.637873e-07,4.898246e-07,1.1651804e-06,1.1104726e-06,1.8676565e-06,2.0589198e-06,2.3857654e-06,3.0828405e-06,3.0055428e-06,3.3982526e-06
1517400,Reconnaissance,Random,0.9962759017944336,0.813576463132631,2.737182089877779e-07,0.98761785,0.2565327,0.2565327,0.10450594,0.09981162,0.09981162,0.01670889,0.004758444,0.00044030487,0.0002743163,3.3563246e-08,4.6269104e-08,4.6269104e-08,7.5267366e-08,8.047747e-08,8.047747e-08,1.377617e-07,3.6312593e-07,9.0286954e-07,9.609076e-07
1014651,Reconnaissance,LIME,0.6787450909614563,0.6786235469461189,0.01875681726194611,0.0010502026,0.000106535554,1.21521725e-05,1.2177549e-05,7.1665013e-06,5.830948e-06,6.2273853e-06,6.2884906e-06,4.4294557e-06,4.4294557e-06,0.00029742107,0.0009456144,0.009590746,0.009563406,0.011950887,0.01554144,0.017988179,0.03084601,0.015100806,0.015486464
1014651,Reconnaissance,TreeSHAP,0.6787450909614563,0.678594885695486,0.0033154013072545724,0.0010502026,0.00022129263,0.00019355814,1.1466048e-05,8.676371e-06,7.034262e-06,5.3626195e-06,1.5490025e-06,1.7307582e-06,1.1801843e-06,0.00029742107,0.0001493455,0.00029103694,0.0007649592,0.00157113,0.0019187422,0.0018616135,0.001481319,0.0034129529,0.010754605
1014651,Reconnaissance,Random,0.6787450909614563,-0.11672703325748443,5.987171551316584e-07,0.91549116,0.9221115,0.92160237,0.89538723,0.8778746,0.86405134,0.79851794,0.6875845,0.6705096,0.40159097,2.4733941e-07,2.9997435e-07,2.9997435e-07,2.5580536e-07,2.7927632e-07,2.4723752e-07,2.220444e-07,4.6904754e-07,5.332465e-07,1.2098171e-06
1067671,Reconnaissance,LIME,0.9962759017944336,0.9001613167235973,1.070791183501754e-05,0.96092707,7.008656e-05,7.008656e-05,4.4644818e-05,9.270164e-06,6.008253e-06,6.648421e-06,4.9131127e-06,3.3413041e-06,3.7823359e-06,3.784757e-08,7.128433e-07,7.318247e-07,6.958132e-06,7.3289957e-06,8.707312e-06,1.878711e-05,2.6470228e-05,1.646568e-05,2.0480375e-05
1067671,Reconnaissance,TreeSHAP,0.9962759017944336,0.9958099523936681,1.909937030800843e-06,0.0043695397,0.00014971546,7.980208e-05,4.855865e-05,8.297903e-06,1.0462308e-06,7.365366e-07,7.08154e-07,6.636493e-07,4.256734e-07,4.637873e-07,4.898246e-07,1.1651804e-06,1.1104726e-06,1.8676565e-06,2.0589198e-06,2.3857654e-06,3.0828405e-06,3.0055428e-06,3.3982526e-06
1067671,Reconnaissance,Random,0.9962759017944336,0.55315823815763,3.4337068314502195e-08,0.99641764,0.9833965,0.57451373,0.5590366,0.5590366,0.5629996,0.10260274,0.032706127,0.030233545,0.030233545,2.4441855e-08,2.492754e-08,2.543811e-08,2.9680715e-08,2.9680715e-08,2.9680715e-08,4.4103093e-08,4.654875e-08,5.1009835e-08,3.6580612e-08
1640445,Reconnaissance,LIME,0.9962759017944336,0.9958214281155279,1.2102733246212634e-05,0.0043695397,7.008656e-05,4.4644818e-05,2.8929144e-05,1.5819856e-05,3.7601453e-06,2.9885216e-06,2.9885216e-06,2.941313e-06,3.038239e-06,4.637873e-07,7.128433e-07,6.958132e-06,1.4315179e-05,1.6419172e-05,1.9942356e-05,1.5053804e-05,1.5053804e-05,1.6295486e-05,1.536206e-05
1640445,Reconnaissance,TreeSHAP,0.9962759017944336,0.9958099523936681,1.909937030800843e-06,0.0043695397,0.00014971546,7.980208e-05,4.855865e-05,8.297903e-06,1.0462308e-06,7.365366e-07,7.08154e-07,6.636493e-07,4.256734e-07,4.637873e-07,4.898246e-07,1.1651804e-06,1.1104726e-06,1.8676565e-06,2.0589198e-06,2.3857654e-06,3.0828405e-06,3.0055428e-06,3.3982526e-06
1640445,Reconnaissance,Random,0.9962759017944336,0.902092663384974,2.8298139849207007e-08,0.074777655,0.074777655,0.024211539,0.0983318,0.29820606,0.08786623,0.08787009,0.08943401,0.059320793,0.047036543,3.4061312e-08,2.4426338e-08,2.4802382e-08,3.3691776e-08,3.3108368e-08,2.5425146e-08,2.5425146e-08,2.5495561e-08,2.9617869e-08,2.5873657e-08
998917,Reconnaissance,LIME,0.9880291819572449,0.9878284484503524,2.144270643117337e-06,0.0018952591,3.328109e-05,2.4754243e-05,1.8519995e-05,1.2641619e-05,9.413358e-06,9.062964e-06,1.236478e-06,1.6198387e-06,1.5463498e-06,4.637873e-07,6.505591e-07,7.639503e-07,7.639408e-07,7.853079e-07,3.322219e-06,2.5363775e-06,4.760656e-06,3.3486124e-06,3.790608e-06
998917,Reconnaissance,TreeSHAP,0.9880291819572449,0.9878255252226296,1.5835645044142732e-06,0.0018952591,0.00011524823,7.606988e-06,6.739357e-06,5.897715e-06,3.4005116e-06,9.136579e-07,5.230439e-07,5.4393894e-07,4.347701e-07,4.637873e-07,4.780201e-07,6.8112206e-07,9.004495e-07,9.614448e-07,6.6124653e-07,4.7210904e-07,1.3707923e-06,5.485556e-06,4.171552e-06
998917,Reconnaissance,Random,0.9880291819572449,0.37091556028462946,2.6351919461037433e-08,0.98307043,0.98307043,0.9529976,0.9529976,0.9529976,0.77610993,0.26304552,0.26304552,0.037543237,0.0062582656,1.9378003e-08,1.9378003e-08,2.5350879e-08,1.834949e-08,1.834949e-08,1.9801215e-08,2.2853392e-08,2.2853392e-08,4.026155e-08,5.3789226e-08
1792043,Reconnaissance,LIME,0.5438835620880127,0.5437971712422041,0.055994788326429845,0.00067547534,7.2028575e-05,7.2178984e-05,8.614661e-06,8.614661e-06,7.878872e-06,5.340448e-06,4.9651426e-06,4.4579865e-06,4.353787e-06,0.00029742107,0.0009456144,0.0009443517,0.009563406,0.008178232,0.020575704,0.044394657,0.062291134,0.06817334,0.08918258
1792043,Reconnaissance,TreeSHAP,0.5438835620880127,0.5437863458901347,0.0022260926122418204,0.00067547534,0.0001465751,0.00012453969,7.170666e-06,6.237287e-06,4.995039e-06,1.7998804e-06,1.6493761e-06,1.751694e-06,1.9679126e-06,0.00029742107,0.0001493455,0.00029103694,0.0007649592,0.0017139625,0.0019325967,0.0012845567,0.00086067204,0.0011962715,0.0036165295
1792043,Reconnaissance,Random,0.5438835620880127,0.28261221284046767,1.2489281035345619e-06,0.5877347,0.5877347,0.5148625,0.5148625,0.1344569,0.1344569,0.10839079,0.010004071,0.009702127,0.010508342,2.3304938e-07,2.3304938e-07,2.2209328e-07,2.2209328e-07,2.7990467e-07,2.7990467e-07,3.2141725e-07,1.6291098e-06,1.6257165e-06,1.7463764e-06
1505997,Reconnaissance,LIME,0.9880291819572449,0.8961165213715958,4.913689964122386e-06,0.91899526,3.328109e-05,2.4754243e-05,1.8519995e-05,1.6790074e-05,8.024669e-06,6.9591715e-06,8.68965e-06,7.4976847e-06,6.828088e-06,3.453761e-08,6.505591e-07,7.639503e-07,7.639408e-07,6.525975e-07,9.395661e-07,2.0149805e-06,3.4317598e-06,5.088733e-06,3.4208068e-05
1505997,Reconnaissance,TreeSHAP,0.9880291819572449,0.9878255252226296,1.5835645044142732e-06,0.0018952591,0.00011524823,7.606988e-06,6.739357e-06,5.897715e-06,3.4005116e-06,9.136579e-07,5.230439e-07,5.4393894e-07,4.347701e-07,4.637873e-07,4.780201e-07,6.8112206e-07,9.004495e-07,9.614448e-07,6.6124653e-07,4.7210904e-07,1.3707923e-06,5.485556e-06,4.171552e-06
1505997,Reconnaissance,Random,0.9880291819572449,0.6268859883770347,6.008266841861724e-08,0.9557421,0.57651675,0.5447522,0.5310395,0.3695645,0.3695645,0.19901662,0.029344697,0.01793954,0.017951552,2.4825813e-08,3.90862e-08,3.5662737e-08,3.5662737e-08,7.027961e-08,7.027961e-08,6.636891e-08,8.2454996e-08,8.450685e-08,8.450684e-08
1140057,Reconnaissance,LIME,0.9880291819572449,0.9878253314851009,1.1686739979627505e-06,0.0018952591,3.328109e-05,2.4754243e-05,1.8519995e-05,2.1049827e-05,1.2674134e-05,1.22076e-05,7.5285902e-06,6.5327786e-06,6.69733e-06,4.637873e-07,6.505591e-07,7.639503e-07,7.639408e-07,1.0038051e-06,1.4762916e-06,1.912063e-06,1.1655206e-06,1.6457374e-06,1.7011853e-06
1140057,Reconnaissance,TreeSHAP,0.9880291819572449,0.9878255252226296,1.5835645044142732e-06,0.0018952591,0.00011524823,7.606988e-06,6.739357e-06,5.897715e-06,3.4005116e-06,9.136579e-07,5.230439e-07,5.4393894e-07,4.347701e-07,4.637873e-07,4.780201e-07,6.8112206e-07,9.004495e-07,9.614448e-07,6.6124653e-07,4.7210904e-07,1.3707923e-06,5.485556e-06,4.171552e-06
1140057,Reconnaissance,Random,0.9880291819572449,0.4731115698814392,3.382364356353988e-08,0.80660164,0.6607395,0.6607395,0.6607395,0.6548775,0.44504046,0.36489448,0.33477506,0.28212583,0.2786427,3.4886995e-08,4.0551303e-08,4.0551303e-08,2.935188e-08,2.962698e-08,3.5790027e-08,2.9825316e-08,2.3020819e-08,3.4789963e-08,3.579287e-08
1640880,Reconnaissance,LIME,0.9880291819572449,0.9878295643712249,3.4311736191705e-06,0.0018952591,3.328109e-05,2.4754243e-05,1.8519995e-05,1.565218e-05,2.6243997e-06,1.8135836e-06,2.0438135e-06,1.0736995e-06,1.1537225e-06,4.637873e-07,6.505591e-07,7.639503e-07,7.639408e-07,2.62126e-06,3.7017112e-06,4.932177e-06,3.9404626e-06,7.237926e-06,8.8252245e-06
1640880,Reconnaissance,TreeSHAP,0.9880291819572449,0.9878255252226296,1.5835645044142732e-06,0.0018952591,0.00011524823,7.606988e-06,6.739357e-06,5.897715e-06,3.4005116e-06,9.136579e-07,5.230439e-07,5.4393894e-07,4.347701e-07,4.637873e-07,4.780201e-07,6.8112206e-07,9.004495e-07,9.614448e-07,6.6124653e-07,4.7210904e-07,1.3707923e-06,5.485556e-06,4.171552e-06
1640880,Reconnaissance,Random,0.9880291819572449,0.43495076317340137,7.921184124162367e-08,0.92142683,0.92142683,0.8827801,0.8490644,0.6490203,0.6490203,0.3959002,0.251758,0.0054417904,0.0049454197,3.7797268e-08,3.7797268e-08,3.1741077e-08,3.295674e-08,6.8268065e-08,6.8268065e-08,6.8268065e-08,6.486115e-08,9.010553e-08,2.825729e-07
1131924,Reconnaissance,LIME,0.9880291819572449,0.9878247090685364,2.904948439351703e-06,0.0018952591,3.328109e-05,2.4754243e-05,1.8519995e-05,1.6790074e-05,1.4651389e-05,1.4651389e-05,1.9925663e-05,3.3115646e-06,3.5843452e-06,4.637873e-07,6.505591e-07,7.639503e-07,7.639408e-07,6.525975e-07,2.8414354e-06,2.8414354e-06,5.1926445e-06,5.387701e-06,9.143687e-06
1131924,Reconnaissance,TreeSHAP,0.9880291819572449,0.9878255252226296,1.5835645044142732e-06,0.0018952591,0.00011524823,7.606988e-06,6.739357e-06,5.897715e-06,3.4005116e-06,9.136579e-07,5.230439e-07,5.4393894e-07,4.347701e-07,4.637873e-07,4.780201e-07,6.8112206e-07,9.004495e-07,9.614448e-07,6.6124653e-07,4.7210904e-07,1.3707923e-06,5.485556e-06,4.171552e-06
1131924,Reconnaissance,Random,0.9880291819572449,0.4863535552969552,7.560558378707735e-08,0.98029596,0.98180735,0.9660254,0.9660254,0.5528919,0.44573903,0.09865777,0.02242854,0.0026478712,0.00023701067,2.5808696e-08,2.8220372e-08,5.2665968e-08,5.2665968e-08,6.114568e-08,7.0342786e-08,1.1256548e-07,1.03022565e-07,1.2028387e-07,1.2028386e-07
1449685,Reconnaissance,LIME,0.9962759017944336,0.9958260205600936,2.7318264807084936e-05,0.0043695397,7.008656e-05,1.4553309e-05,9.270164e-06,1.091375e-05,8.826989e-06,5.4464876e-06,4.2183256e-06,3.0975175e-06,2.8595703e-06,4.637873e-07,7.128433e-07,7.5271913e-07,7.3289957e-06,1.2483904e-05,1.2952995e-05,1.530946e-05,3.9186296e-05,0.000104576146,7.839815e-05
1449685,Reconnaissance,TreeSHAP,0.9962759017944336,0.9958099523936681,1.909937030800843e-06,0.0043695397,0.00014971546,7.980208e-05,4.855865e-05,8.297903e-06,1.0462308e-06,7.365366e-07,7.08154e-07,6.636493e-07,4.256734e-07,4.637873e-07,4.898246e-07,1.1651804e-06,1.1104726e-06,1.8676565e-06,2.0589198e-06,2.3857654e-06,3.0828405e-06,3.0055428e-06,3.3982526e-06
1449685,Reconnaissance,Random,0.9962759017944336,0.6663352428207873,1.1316414555831031e-07,0.9875513,0.8381838,0.54490715,0.42047074,0.49738932,0.009926097,0.0006065493,0.0001674538,0.00010897965,9.5204676e-05,2.5804216e-08,4.6502944e-08,1.00617214e-07,1.0262755e-07,1.04973964e-07,1.18858935e-07,1.2265001e-07,1.6904144e-07,1.6025272e-07,1.7609813e-07
1343503,Reconnaissance,LIME,0.9880291819572449,0.9878272962167329,4.495615054526298e-06,0.0018952591,3.328109e-05,2.4754243e-05,1.8519995e-05,1.5218123e-05,2.2198841e-05,2.4691774e-06,1.6964129e-06,2.0148714e-06,3.4455181e-06,4.637873e-07,6.505591e-07,7.639503e-07,7.639408e-07,2.5976894e-06,2.9401258e-06,5.1604084e-06,9.6359945e-06,5.3823987e-06,1.6059137e-05
1343503,Reconnaissance,TreeSHAP,0.9880291819572449,0.9878255252226296,1.5835645044142732e-06,0.0018952591,0.00011524823,7.606988e-06,6.739357e-06,5.897715e-06,3.4005116e-06,9.136579e-07,5.230439e-07,5.4393894e-07,4.347701e-07,4.637873e-07,4.780201e-07,6.8112206e-07,9.004495e-07,9.614448e-07,6.6124653e-07,4.7210904e-07,1.3707923e-06,5.485556e-06,4.171552e-06
1343503,Reconnaissance,Random,0.9880291819572449,0.81384420664981,1.0741832494798011e-07,0.9167918,0.38993806,0.33907664,0.043284077,0.015446088,0.015446088,0.005899305,0.0048071225,0.0048071225,0.006353458,3.408581e-08,3.755163e-08,3.0841164e-08,4.9328484e-08,7.972926e-08,7.972926e-08,1.3003203e-07,2.44208e-07,2.44208e-07,1.3161076e-07
1347747,Reconnaissance,LIME,0.9962759017944336,0.9958266916503475,3.4094323985237865e-05,0.0043695397,7.008656e-05,1.4553309e-05,1.4553309e-05,9.270164e-06,6.006855e-06,3.7588889e-06,2.2853806e-06,8.79559e-07,1.1677453e-06,4.637873e-07,7.128433e-07,7.5271913e-07,7.7275655e-07,7.3289957e-06,1.6794123e-05,3.337455e-05,3.739446e-05,0.000103440485,0.00013863882
1347747,Reconnaissance,TreeSHAP,0.9962759017944336,0.9958099523936681,1.909937030800843e-06,0.0043695397,0.00014971546,7.980208e-05,4.855865e-05,8.297903e-06,1.0462308e-06,7.365366e-07,7.08154e-07,6.636493e-07,4.256734e-07,4.637873e-07,4.898246e-07,1.1651804e-06,1.1104726e-06,1.8676565e-06,2.0589198e-06,2.3857654e-06,3.0828405e-06,3.0055428e-06,3.3982526e-06
1347747,Reconnaissance,Random,0.9962759017944336,0.4308351144225071,3.7693027922948053e-07,0.9964181,0.9965346,0.96247846,0.8724594,0.8724594,0.8753715,0.047358107,0.031310666,1.1143222e-05,6.455019e-06,2.4441855e-08,2.4441855e-08,3.784757e-08,3.8578975e-08,3.8578975e-08,4.159684e-08,6.422982e-08,7.235076e-08,1.4440034e-06,1.9691956e-06
1242397,Reconnaissance,LIME,0.5026543140411377,0.4881535450271969,5.416721566756459e-05,0.14498217,9.596118e-06,6.112278e-06,2.6368552e-06,2.2031534e-06,1.5976533e-06,8.191075e-07,8.191075e-07,1.4245531e-06,3.0727492e-07,3.784757e-08,7.128433e-07,6.958132e-06,7.3289957e-06,6.5485e-06,7.374384e-06,3.4412362e-05,3.38418e-05,7.148335e-05,0.000103575614
1242397,Reconnaissance,TreeSHAP,0.5026543140411377,0.5026311337456448,7.354896494801684e-06,0.00017821733,3.9067534e-05,4.1398084e-06,3.3391595e-06,3.9863567e-06,1.2883445e-06,1.2923186e-06,1.7258732e-07,1.5135228e-07,1.4815856e-07,4.637873e-07,4.898246e-07,7.5271913e-07,7.7500755e-07,5.458717e-07,3.098569e-06,3.1072088e-06,3.9613224e-06,9.532056e-06,1.4243337e-05
1242397,Reconnaissance,Random,0.5026543140411377,0.3930515883126645,2.36704597646574e-07,0.473261,0.45626673,0.16314432,0.0022616803,0.00018949545,9.308207e-05,9.308207e-05,0.00018229605,0.00025858099,0.00027699035,2.3931145e-08,2.3931145e-08,3.583335e-08,1.04723775e-07,1.5601097e-07,1.6877827e-07,1.6877827e-07,1.6774132e-07,1.6539356e-07,1.74684e-07
1238760,Reconnaissance,LIME,0.6261582970619202,0.6260699706871037,0.016489164870650164,0.0007300198,8.881937e-05,1.0170017e-05,1.0191237e-05,7.788254e-06,8.679627e-06,9.121412e-06,8.55866e-06,5.8271366e-06,4.088216e-06,0.00029742107,0.0009456144,0.009590746,0.009563406,0.009015327,0.013529379,0.009611742,0.012970921,0.014132787,0.023590932
1238760,Reconnaissance,TreeSHAP,0.6261582970619202,0.6260527450383051,0.001658823566473267,0.0007300198,0.00015376128,0.00013288265,8.729665e-06,9.290317e-06,7.90204e-06,2.4935844e-06,3.3352342e-06,3.8408425e-06,3.2648015e-06,0.00029742107,0.0001493455,0.00029103694,0.0007649592,0.0017139625,0.0019325967,0.0012845567,0.0009084804,0.0010445327,0.0019999708
1238760,Reconnaissance,Random,0.6261582970619202,-0.053820007294416425,2.9484905712018115e-06,0.8778629,0.8796027,0.8371227,0.88168395,0.8816654,0.6699681,0.62645924,0.5797663,0.5464322,0.01921963,4.5534156e-07,4.4582723e-07,4.2486843e-07,5.074259e-07,4.915478e-07,1.7845243e-06,1.7845243e-06,1.6029699e-06,2.7845697e-06,8.18062e-06
1733959,Shellcode,LIME,0.7856546640396118,0.7856229973627705,3.7615385477799303e-07,0.0002429553,1.6235317e-05,1.5608484e-05,1.4093396e-05,9.025701e-06,4.728031e-06,3.924406e-06,3.596148e-06,3.0714814e-06,3.428505e-06,2.3268927e-07,2.948069e-07,2.9633028e-07,2.9576393e-07,2.6342204e-07,3.6795956e-07,3.6801575e-07,3.0917897e-07,2.7552713e-07,2.515764e-07
1733959,Shellcode,TreeSHAP,0.7856546640396118,0.7856274103711627,4.1254832408698934e-06,0.0002429553,1.6235317e-05,8.262538e-06,1.2539576e-06,8.093372e-07,8.2164445e-07,9.47254e-07,6.336601e-07,4.282385e-07,1.8943831e-07,2.3268927e-07,2.948069e-07,4.1180772e-07,3.6854976e-07,3.2825344e-07,3.3094693e-07,1.157926e-06,4.0149384e-06,1.5353111e-05,9.919023e-06
1733959,Shellcode,Random,0.7856546640396118,0.6339513073129638,2.792372963260699e-08,0.6838637,0.42192617,0.40945825,0.00058740395,0.0002536269,0.00022164964,0.00020942374,0.00020942374,0.00020942374,9.449572e-05,1.79966e-08,1.8699767e-08,1.8665379e-08,2.303904e-08,2.7400686e-08,2.590087e-08,2.2278005e-08,2.2278005e-08,2.2278005e-08,2.0847725e-08
1603572,Shellcode,LIME,0.6062782406806946,0.6062008362747292,0.0001599643628984858,0.0005148579,4.60184e-05,2.9313034e-05,2.8833274e-05,3.0786934e-05,3.829916e-05,2.7867281e-05,2.3942228e-05,2.3942228e-05,1.0183643e-05,6.866688e-06,1.0761719e-05,0.0001357142,0.00014553015,0.00014548685,0.00012121248,0.00010524359,8.4901076e-05,8.4901076e-05,0.00012921143
1603572,Shellcode,TreeSHAP,0.6062782406806946,0.606214805399236,1.1140080819676508e-05,0.0005148579,4.60184e-05,3.1060055e-05,3.619938e-05,1.2864277e-06,1.0898204e-06,1.1516348e-06,9.1832675e-07,1.108443e-06,6.6244905e-07,6.866688e-06,1.0761719e-05,5.7071957e-06,4.7039325e-06,7.229736e-06,5.9599415e-06,6.721776e-06,7.2396697e-06,3.9576316e-06,8.391597e-06
1603572,Shellcode,Random,0.6062782406806946,0.5643265742092467,9.551034691871951e-06,0.4176718,0.00037218802,0.0002786387,0.0003343393,0.00035154185,0.00015924792,0.00018452726,0.0001523175,1.1038096e-05,1.0263906e-06,7.624331e-08,5.6422723e-06,3.9889105e-06,3.981225e-06,3.901097e-06,5.7299317e-06,5.134958e-06,5.250459e-06,8.258329e-06,1.5942422e-05
1019006,Shellcode,LIME,0.6263039112091064,0.6262413098093589,7.643271935294749e-07,0.0005310141,4.470901e-05,3.2764747e-05,7.1863046e-06,2.2540692e-06,2.7451001e-06,2.7381602e-06,9.350446e-07,1.1465052e-06,5.2094396e-07,2.3268927e-07,2.948069e-07,2.963458e-07,2.6394113e-07,4.6674313e-07,5.911107e-07,4.391483e-07,7.277554e-07,4.962985e-07,9.781722e-07
1019006,Shellcode,TreeSHAP,0.6263039112091064,0.626243584416352,5.214719329694495e-06,0.0005310141,5.1298222e-05,5.9779727e-06,1.0482519e-05,1.8121696e-06,8.0510904e-07,8.199251e-07,4.4623593e-07,2.7929468e-07,3.323655e-07,2.3268927e-07,2.0724804e-07,2.6257032e-07,1.8201185e-07,1.8378137e-07,2.7788568e-07,2.8037644e-07,9.06051e-07,6.968208e-06,2.3159171e-05
1019006,Shellcode,Random,0.6263039112091064,0.5369331633322872,6.171093192454331e-08,0.6263039,0.11781694,0.06542761,0.069252335,0.009955047,0.001415083,0.0012043476,0.0012043476,0.0005523323,0.00057552714,1.8481165e-08,2.9700571e-08,3.08708e-08,2.461461e-08,3.7436557e-08,3.4097297e-08,4.1088242e-08,4.1088242e-08,5.8653576e-08,7.04669e-08
1241937,Shellcode,LIME,0.7856546640396118,0.7856234549394117,5.076542623592807e-07,0.0002429553,1.6235317e-05,1.5608484e-05,1.4093396e-05,9.025701e-06,4.728031e-06,3.924406e-06,2.693161e-06,1.944652e-06,8.825549e-07,2.3268927e-07,2.948069e-07,2.9633028e-07,2.9576393e-07,2.6342204e-07,3.6795956e-07,3.6801575e-07,3.1243204e-07,6.487333e-07,9.0825637e-07
1241937,Shellcode,TreeSHAP,0.7856546640396118,0.7856274103711627,4.1254832408698934e-06,0.0002429553,1.6235317e-05,8.262538e-06,1.2539576e-06,8.093372e-07,8.2164445e-07,9.47254e-07,6.336601e-07,4.282385e-07,1.8943831e-07,2.3268927e-07,2.948069e-07,4.1180772e-07,3.6854976e-07,3.2825344e-07,3.3094693e-07,1.157926e-06,4.0149384e-06,1.5353111e-05,9.919023e-06
1241937,Shellcode,Random,0.7856546640396118,0.5175312921548766,1.2649922210529444e-06,0.76144356,0.76144356,0.5790925,0.5790925,4.3933138e-05,3.6423477e-05,3.6423477e-05,3.5781304e-05,5.8988485e-06,3.1427055e-06,3.1532338e-08,3.1532338e-08,8.919903e-08,6.3967235e-08,1.4590818e-06,7.9772957e-07,7.9772957e-07,1.3484865e-06,2.1517703e-06,3.1674415e-06
1838825,Shellcode,LIME,0.7037034034729004,0.7036186701916449,2.366989290018212e-05,0.0005659601,5.3562468e-05,4.213532e-05,3.571514e-05,3.571514e-05,3.3752687e-05,4.3172808e-05,1.5290014e-05,9.56517e-06,1.2463992e-05,6.866688e-06,1.0761719e-05,9.6730855e-06,1.0545938e-05,1.0826803e-05,1.1127706e-05,1.3495803e-05,3.6107882e-05,3.9453327e-05,1.7706894e-05
1838825,Shellcode,TreeSHAP,0.7037034034729004,0.7036266468110852,1.1532865649996037e-05,0.0005659601,5.3562468e-05,5.4284104e-05,2.7303522e-05,2.9313118e-05,3.2648528e-05,1.1410804e-06,1.1867448e-06,1.1084444e-06,1.0585367e-06,6.866688e-06,1.0761719e-05,5.9557224e-06,8.227975e-06,6.97449e-06,6.085275e-06,8.186077e-06,8.428953e-06,8.251747e-06,1.1418528e-05
1838825,Shellcode,Random,0.7037034034729004,0.3475429263956357,6.586018389522138e-06,0.656805,0.832617,0.8381126,0.61646974,0.61646974,0.00062696985,0.00046923538,1.9970183e-05,7.2786165e-06,7.2786165e-06,1.03294e-07,6.6109905e-08,6.214635e-08,9.3784685e-08,9.3784685e-08,3.1651732e-06,4.9086743e-06,6.340478e-06,1.5756294e-05,1.5756294e-05
1926306,Shellcode,LIME,0.435809463262558,0.40406766780706677,1.2313821045584192e-06,0.31727162,4.7942158e-05,4.258369e-05,1.08600925e-05,1.2774617e-05,1.3489112e-05,1.1782775e-05,4.0347163e-06,1.6193079e-06,1.2480501e-06,2.5698538e-08,3.2303157e-07,3.2298655e-07,3.595333e-07,5.0259155e-07,3.8999306e-07,4.7112235e-07,8.2584614e-07,1.1857412e-06,9.599356e-07
1926306,Shellcode,TreeSHAP,0.435809463262558,0.43575579828548994,3.0179104437252243e-05,0.00039395943,6.903056e-05,6.1470164e-05,7.916425e-06,1.533699e-06,8.815512e-07,6.135009e-07,4.2484496e-07,5.124893e-07,3.0710447e-07,2.3268927e-07,3.0673604e-07,3.5716013e-07,3.9651047e-07,5.34383e-07,7.7570434e-07,1.2299568e-06,2.7447202e-06,1.3946334e-05,0.00011099921
1926306,Shellcode,Random,0.435809463262558,0.43519827705677017,8.822279098956989e-08,0.0010143626,0.0010143626,0.000993304,0.0016478711,0.00063513767,0.0004364741,0.000109546396,9.138202e-05,8.471085e-05,8.471085e-05,2.3371609e-08,2.3371609e-08,2.3371609e-08,2.5559741e-08,4.893596e-08,4.135727e-08,5.0915833e-08,4.9199883e-08,4.9199883e-08,4.9199883e-08
1578161,Shellcode,LIME,0.7037034034729004,0.7036175279947201,0.00021454963357947623,0.0005659601,5.3562468e-05,5.6639015e-05,3.6637302e-05,3.6926725e-05,2.8104265e-05,2.2539323e-05,2.0859818e-05,1.7115763e-05,2.041003e-05,6.866688e-06,1.0761719e-05,1.3626642e-05,0.00012425234,0.00012376384,0.00024127758,0.00030570457,0.00017075163,0.00027006966,0.00024271838
1578161,Shellcode,TreeSHAP,0.7037034034729004,0.7036266468110852,1.1532865649996037e-05,0.0005659601,5.3562468e-05,5.4284104e-05,2.7303522e-05,2.9313118e-05,3.2648528e-05,1.1410804e-06,1.1867448e-06,1.1084444e-06,1.0585367e-06,6.866688e-06,1.0761719e-05,5.9557224e-06,8.227975e-06,6.97449e-06,6.085275e-06,8.186077e-06,8.428953e-06,8.251747e-06,1.1418528e-05
1578161,Shellcode,Random,0.7037034034729004,0.6281885171774775,1.2968865876612451e-07,0.7037034,0.01769397,0.016248515,0.013257718,0.0010803365,0.0010803365,0.0010422907,0.0005660458,0.0002381235,0.0002381235,6.954834e-08,8.42611e-08,8.729641e-08,7.6114844e-08,9.4716334e-08,9.4716334e-08,9.520246e-08,8.480816e-08,1.1297977e-07,1.1297977e-07
1895274,Shellcode,LIME,0.9014918804168701,0.9014263251549665,3.1102457845794357e-07,0.000502443,3.5478388e-05,3.1157764e-05,3.0293626e-05,1.9710305e-05,1.4454068e-05,1.062162e-05,3.7436614e-06,4.5894085e-06,3.060778e-06,2.3268927e-07,2.948069e-07,2.9633028e-07,2.9576393e-07,2.6342204e-07,2.0337465e-07,2.0461982e-07,2.7079616e-07,2.9488854e-07,4.4716958e-07
1895274,Shellcode,TreeSHAP,0.9014918804168701,0.9014288068892171,4.465962878841055e-06,0.000502443,0.00011490337,8.109597e-06,1.2307569e-06,7.9436114e-07,8.447577e-07,9.739007e-07,6.413053e-07,4.5247714e-07,3.4175102e-07,2.3268927e-07,3.2985272e-07,4.1783423e-07,3.7395856e-07,3.3307225e-07,3.3580548e-07,1.1626221e-06,4.386105e-06,4.919904e-06,2.7768448e-05
1895274,Shellcode,Random,0.9014918804168701,0.7884333878599591,1.4469983584171845e-07,0.4856258,0.47437346,0.07355764,0.07342821,0.011967967,0.008452015,0.0023319952,0.00042223278,0.00042223278,3.3680512e-06,3.0407588e-08,3.0407588e-08,6.494e-08,6.494e-08,6.912985e-08,7.68493e-08,7.269607e-08,8.390342e-08,8.390342e-08,7.2727994e-07
1915879,Shellcode,LIME,0.7043779492378235,0.7042917805227262,0.00015603576075763078,0.00058868545,5.571445e-05,3.603915e-05,3.632383e-05,3.4561843e-05,2.8379402e-05,2.1972322e-05,1.8731509e-05,2.2753318e-05,1.8525881e-05,6.866688e-06,1.0761719e-05,0.0001357142,0.00012980113,0.00014567055,0.00010642476,9.878262e-05,8.927002e-05,0.00018104808,0.00019474175
1915879,Shellcode,TreeSHAP,0.7043779492378235,0.7043015473850346,1.2089525607573992e-05,0.00058868545,5.571445e-05,5.6465124e-05,2.7780763e-05,2.9825482e-05,1.0524559e-06,1.1410804e-06,1.1867448e-06,1.1084444e-06,1.0585367e-06,6.866688e-06,1.0761719e-05,5.9557224e-06,8.227975e-06,6.97449e-06,9.361885e-06,8.254996e-06,8.499907e-06,8.321211e-06,1.19313545e-05
1915879,Shellcode,Random,0.7043779492378235,0.4645952149294317,1.1847292271004478e-06,0.70222265,0.5632287,0.16315079,0.16315079,0.17073266,0.17705144,0.17705144,0.17796288,0.09001365,0.0132623175,9.6913105e-08,1.4345682e-07,7.6645495e-07,7.6645495e-07,9.842112e-07,9.1432537e-07,9.1432537e-07,9.1432537e-07,9.790652e-07,1.8654391e-06
1561587,Shellcode,LIME,0.46235567331314087,0.43454989760864465,9.118582115529782e-06,0.27798554,1.6015421e-05,1.681176e-05,1.5726595e-05,9.561035e-06,5.455691e-06,4.6760515e-06,1.1971562e-06,1.2915934e-06,1.4787289e-06,3.453761e-08,6.505591e-07,6.5053746e-07,6.5052916e-07,1.2134831e-06,4.1921176e-06,2.5407885e-06,1.51845825e-05,1.0540461e-05,6.502686e-06
1561587,Shellcode,TreeSHAP,0.46235567331314087,0.46229895964985135,3.6453075542129595e-06,0.0003563879,0.00018634865,1.681176e-05,2.340522e-06,1.6130783e-06,9.436815e-07,9.101595e-07,7.994596e-07,7.47869e-07,2.3354843e-07,4.637873e-07,4.6378491e-07,6.5053746e-07,5.014912e-07,1.807837e-06,2.0966045e-06,2.3097427e-06,1.5941791e-06,1.593958e-06,5.372366e-06
1561587,Shellcode,Random,0.46235567331314087,0.4048092489289047,8.188712525157575e-07,0.28759995,0.28759995,5.1535157e-05,5.1535157e-05,4.49011e-05,4.408994e-05,2.3107159e-05,1.8606099e-05,1.8606099e-05,1.1961078e-05,4.411038e-08,4.411038e-08,3.609521e-07,3.609521e-07,3.5766487e-07,3.918199e-07,5.449217e-07,6.0073233e-07,6.0073233e-07,4.8010156e-07
1768431,Shellcode,LIME,0.9608303308486938,0.8711180292171037,3.6656866631163916e-07,0.897026,4.650008e-05,3.4480905e-05,7.3488477e-06,3.072553e-06,2.408368e-06,1.760656e-06,6.4691017e-07,5.533195e-07,2.422683e-07,2.3451072e-08,2.948069e-07,2.963458e-07,2.6394113e-07,3.2959903e-07,2.8262045e-07,2.23927e-07,3.8409888e-07,3.176169e-07,1.1056957e-06
1768431,Shellcode,TreeSHAP,0.9608303308486938,0.9606894320293833,2.550963838224166e-06,0.001226538,0.00016344323,7.133715e-06,7.2081098e-06,1.2406701e-06,8.837108e-07,1.0257384e-06,5.455683e-07,4.686855e-07,5.007915e-07,2.3268927e-07,2.7981568e-07,3.5443492e-07,3.0456337e-07,2.874026e-07,2.561805e-07,1.8053943e-06,6.5711724e-06,6.7201354e-06,7.698646e-06
1768431,Shellcode,Random,0.9608303308486938,0.5366660475730896,3.7420674480905156e-08,0.8818116,0.8779985,0.3822152,0.24982798,0.25532645,0.38241318,0.39666617,0.33275947,0.33275947,0.14986482,2.4865125e-08,2.1464258e-08,2.228599e-08,1.7415875e-08,1.7415875e-08,4.9753798e-08,5.444776e-08,5.444776e-08,5.444776e-08,4.3005e-08
1775238,Shellcode,LIME,0.7614426016807556,0.7613304127355149,8.405871427057437e-05,0.000763686,6.0862363e-05,5.0627565e-05,3.224901e-05,3.2248936e-05,3.6886966e-05,4.1463485e-05,3.9339575e-05,3.8491802e-05,2.6033727e-05,6.866688e-06,1.0761719e-05,1.0351641e-05,0.000119420096,0.0001311079,0.00011166815,4.4531917e-05,4.321294e-05,5.7553414e-05,0.00010458446
1775238,Shellcode,TreeSHAP,0.7614426016807556,0.7613557201182516,8.869382475689903e-06,0.000763686,6.0862363e-05,3.5101184e-05,1.2660489e-06,1.2190217e-06,1.2678051e-06,1.1848095e-06,1.2409724e-06,1.5895962e-06,1.3977993e-06,6.866688e-06,1.0761719e-05,5.707218e-06,9.19446e-06,5.341722e-06,5.5044993e-06,5.2584983e-06,4.7474173e-06,4.8162615e-06,9.336769e-06
1775238,Shellcode,Random,0.7614426016807556,0.39447945207357404,2.06170496703902e-07,0.6700591,0.62214804,0.62214804,0.5668439,0.3324646,0.3444107,0.14149922,0.13661629,0.13661629,0.09682532,1.0086537e-07,1.05412845e-07,1.05412845e-07,7.849234e-08,1.1317623e-07,1.5680143e-07,1.5906136e-07,1.5210983e-07,1.5210983e-07,4.46428e-07
72046,Shellcode,LIME,0.8091747164726257,0.8091137158461492,4.344114086614298e-07,0.00048758287,3.093168e-05,2.9685376e-05,2.6986865e-05,2.0926447e-05,6.5722475e-06,2.354853e-06,2.4208232e-06,1.91946e-06,6.2564015e-07,2.3268927e-07,2.948069e-07,2.9476976e-07,2.962921e-07,2.6389134e-07,3.2958337e-07,4.527793e-07,3.7657006e-07,3.9211926e-07,5.816459e-07
72046,Shellcode,TreeSHAP,0.8091747164726257,0.8091214332816719,4.86226091917935e-06,0.00048758287,3.093168e-05,5.5026403e-06,2.830086e-06,1.3338097e-06,9.924237e-07,1.1950592e-06,9.725486e-07,9.4458e-07,5.462092e-07,2.3268927e-07,2.948069e-07,2.9649243e-07,2.8965556e-07,4.2811442e-07,7.9199793e-07,4.833742e-06,4.0764576e-06,5.567165e-06,2.2533068e-05
72046,Shellcode,Random,0.8091747164726257,0.38013968616724014,5.451115777135831e-08,0.764666,0.66819465,0.44741252,0.44741252,0.41439587,0.41439587,0.41439587,0.30096418,0.25635582,0.16215698,1.79966e-08,3.9030414e-08,5.4863285e-08,5.4863285e-08,5.4988142e-08,5.4988142e-08,3.9433523e-08,3.885736e-08,4.245752e-08,4.361224e-08
1466470,Shellcode,LIME,0.5711031556129456,0.53300860909319,5.739221155514612e-07,0.38085178,1.8877843e-05,1.7716533e-05,1.7716528e-05,1.3949503e-05,6.9085972e-06,4.9085575e-06,5.8590967e-06,4.121596e-06,3.6315357e-06,2.3451072e-08,2.948069e-07,2.9633028e-07,2.962921e-07,2.6389134e-07,2.9387218e-07,2.4414632e-07,2.8467423e-07,6.404994e-07,6.3972334e-07
1466470,Shellcode,TreeSHAP,0.5711031556129456,0.5710774158319026,9.270646765527151e-06,0.00022658617,1.8877843e-05,3.277508e-06,1.8240081e-06,2.367148e-06,1.7989713e-06,1.1275678e-06,6.615162e-07,6.424857e-07,2.345927e-07,2.3268927e-07,2.948069e-07,2.9649243e-07,3.4289832e-07,1.3777483e-06,1.16189e-06,3.5586922e-06,1.6425038e-05,1.7485223e-05,1.1769476e-05
1466470,Shellcode,Random,0.5711031556129456,0.4566048234511982,1.1757482634002633e-07,0.4793279,0.47568613,0.035654087,0.035654087,0.035654087,0.027137583,0.027137583,0.028688481,2.1254653e-05,2.213958e-05,2.2959114e-08,2.2959114e-08,2.465856e-08,2.465856e-08,2.465856e-08,2.2727061e-08,2.2727061e-08,2.2895003e-08,2.455797e-07,2.3765084e-07
1650389,Shellcode,LIME,0.6961061358451843,0.6960118927292569,1.356802836003961e-05,0.0006379524,4.9454888e-05,6.3123945e-05,5.8532154e-05,2.8953133e-05,2.0097435e-05,2.5875413e-05,2.5875413e-05,2.278932e-05,9.777044e-06,6.866688e-06,1.0761719e-05,1.0903936e-05,9.906312e-06,1.0066482e-05,1.0314523e-05,8.225165e-06,8.443173e-06,8.081734e-06,1.0878154e-05
1650389,Shellcode,TreeSHAP,0.6961061358451843,0.6960316933299111,1.3365730613470646e-05,0.0006379524,4.9454888e-05,2.8211665e-05,2.2801752e-05,8.992683e-07,9.659349e-07,1.0499208e-06,9.811888e-07,1.0190839e-06,1.0890377e-06,6.866688e-06,1.0761719e-05,5.5944442e-06,8.426223e-06,1.4159675e-05,6.3369125e-06,6.1074165e-06,8.360938e-06,1.0936137e-05,1.5489522e-05
1650389,Shellcode,Random,0.6961061358451843,0.36474801235453924,1.7226030254856115e-06,0.69610614,0.75867444,0.75867444,0.5708429,0.26378253,0.09077212,0.08688461,0.08757423,0.00014657617,0.00012322345,9.698171e-08,1.2118552e-07,8.690567e-08,9.0385626e-08,8.889087e-08,8.5329305e-08,8.519399e-08,8.552875e-08,4.827265e-06,6.4234787e-06
1946653,Shellcode,LIME,0.9880291819572449,0.9878310254489862,3.1622100121011708e-06,0.0018952591,3.328109e-05,2.4754243e-05,1.8519995e-05,2.912512e-06,2.6243997e-06,1.3897217e-06,9.2482804e-07,1.2159887e-06,6.831712e-07,4.637873e-07,6.505591e-07,7.639503e-07,7.639408e-07,1.3272786e-06,3.7017112e-06,3.80545e-06,6.751478e-06,6.906541e-06,6.108864e-06
1946653,Shellcode,TreeSHAP,0.9880291819572449,0.9878255252226296,1.5835645044142732e-06,0.0018952591,0.00011524823,7.606988e-06,6.739357e-06,5.897715e-06,3.4005116e-06,9.136579e-07,5.230439e-07,5.4393894e-07,4.347701e-07,4.637873e-07,4.780201e-07,6.8112206e-07,9.004495e-07,9.614448e-07,6.6124653e-07,4.7210904e-07,1.3707923e-06,5.485556e-06,4.171552e-06
1946653,Shellcode,Random,0.9880291819572449,0.2579828530550003,6.523066457989589e-08,0.9903957,0.9903957,0.98868704,0.9888939,0.9713,0.69503075,0.60544974,0.42887697,0.42880303,0.21263039,2.2886802e-08,2.2886802e-08,6.192152e-08,5.7732194e-08,6.563282e-08,7.067828e-08,7.067833e-08,1.1116038e-07,8.046041e-08,8.046044e-08
1305230,Shellcode,LIME,0.46763861179351807,0.45052941631163324,1.1131788040757597e-05,0.17097278,3.0061467e-05,2.8621242e-05,1.894138e-05,1.6336466e-05,5.6654903e-06,6.2376885e-06,7.5018247e-06,2.7467302e-06,3.0631377e-06,2.5698538e-08,3.2303157e-07,3.2298655e-07,3.1486131e-06,3.1532459e-06,5.1733e-06,5.445091e-06,6.717575e-06,1.3957658e-05,1.378934e-05
1305230,Shellcode,TreeSHAP,0.46763861179351807,0.4676084526895501,1.1582444742324122e-05,0.00022985724,5.59145e-05,8.340872e-06,3.3667952e-06,1.0770823e-06,1.4736066e-06,8.5065057e-07,4.6835677e-07,1.2368655e-07,1.1825217e-07,2.3268927e-07,5.134656e-07,7.5484627e-07,9.128839e-07,1.1286079e-06,4.0086966e-06,1.33054955e-05,1.32526275e-05,9.415792e-06,1.063888e-05
1305230,Shellcode,Random,0.46763861179351807,0.44390167398378255,7.808535187965251e-08,0.06333487,0.06689982,0.023395855,0.023395855,0.008481764,0.00995022,0.009559348,0.008425791,0.012011339,0.011914518,1.9461822e-08,1.6331208e-08,1.995027e-08,1.995027e-08,2.771422e-08,4.3051767e-08,4.305176e-08,4.305176e-08,6.629709e-08,6.629708e-08
1500724,Shellcode,LIME,0.7856546640396118,0.7856236714958129,4.662071800146067e-07,0.0002429553,1.6235317e-05,1.5608484e-05,9.995985e-06,9.025701e-06,8.542403e-06,4.3325667e-06,1.7500225e-06,8.454087e-07,6.3425114e-07,2.3268927e-07,2.948069e-07,2.9633028e-07,2.6392738e-07,2.6342204e-07,2.253916e-07,2.968824e-07,3.9650936e-07,6.823792e-07,7.1044e-07
1500724,Shellcode,TreeSHAP,0.7856546640396118,0.7856274103711627,4.1254832408698934e-06,0.0002429553,1.6235317e-05,8.262538e-06,1.2539576e-06,8.093372e-07,8.2164445e-07,9.47254e-07,6.336601e-07,4.282385e-07,1.8943831e-07,2.3268927e-07,2.948069e-07,4.1180772e-07,3.6854976e-07,3.2825344e-07,3.3094693e-07,1.157926e-06,4.0149384e-06,1.5353111e-05,9.919023e-06
1500724,Shellcode,Random,0.7856546640396118,0.7074289181681251,8.245337667321764e-07,0.7818427,0.00024293564,5.030326e-05,4.6611454e-05,4.6611454e-05,7.877567e-06,5.096711e-06,5.0967096e-06,5.0967096e-06,5.120621e-06,1.8481165e-08,2.1086991e-07,8.3663406e-07,6.276899e-07,6.276899e-07,9.696155e-07,9.042302e-07,7.4890886e-07,7.4890886e-07,7.849594e-07
1331263,Shellcode,LIME,0.6711668968200684,0.6255178296526651,5.7391620995381834e-06,0.45633405,5.6233963e-05,5.401868e-05,2.464932e-05,1.0472305e-05,3.8628564e-06,2.5209952e-06,2.1048488e-06,1.3506676e-06,1.4035671e-06,2.5698538e-08,3.2303157e-07,3.2298655e-07,4.479925e-07,5.2538945e-07,7.389556e-07,7.167174e-06,7.1336044e-06,1.1292606e-05,1.0541917e-05
1331263,Shellcode,TreeSHAP,0.6711668968200684,0.6710758266342225,3.6992621688818438e-06,0.00073531497,0.00014422253,1.1881012e-05,1.1142458e-05,2.4961212e-06,2.2264203e-06,1.0436305e-06,1.1638369e-06,6.3475557e-07,5.761206e-07,2.3268927e-07,2.9822627e-07,4.1407168e-07,3.760391e-07,3.9197627e-07,4.3755773e-07,6.1519955e-07,3.5488065e-06,9.268231e-06,9.245424e-06
1331263,Shellcode,Random,0.6711668968200684,0.6705248821759596,4.345108230247228e-08,0.0012746407,0.0010741277,0.0010741277,0.00090613833,0.0003237522,0.0003237522,0.00030107834,0.00030351168,0.0004289884,0.00041002914,2.3371609e-08,2.3989324e-08,2.3989324e-08,2.39893e-08,3.317178e-08,3.317178e-08,3.2278205e-08,3.3945092e-08,3.6270777e-08,2.7452101e-08
1975277,Shellcode,LIME,0.4206833243370056,0.4206271405593725,0.0002997033333880888,0.00036709427,3.8634276e-05,2.4609357e-05,2.4609357e-05,2.4609357e-05,2.4609357e-05,2.6666497e-05,1.0326926e-05,1.0303343e-05,1.0375039e-05,6.866688e-06,1.0761719e-05,0.0001357142,0.0001357142,0.0001357142,0.0001357142,0.00012425234,0.00019784232,0.00021556258,0.00016265943
1975277,Shellcode,TreeSHAP,0.4206833243370056,0.4206341380737797,3.465170131576169e-05,0.00036709427,3.8634276e-05,3.8634276e-05,4.2116022e-05,1.4290813e-06,1.0938053e-06,8.259572e-07,6.7778916e-07,6.9330855e-07,6.6384825e-07,6.866688e-06,1.0761719e-05,1.0761719e-05,1.1224338e-05,1.6801068e-05,1.5232649e-05,2.7635579e-05,1.8977065e-05,1.3834897e-05,1.36782055e-05
1975277,Shellcode,Random,0.4206833243370056,0.11948251734138467,7.393393784915742e-07,0.62227756,0.61797184,0.47870663,0.47870663,0.54059696,0.1414264,0.12972282,0.0010917214,0.001080541,0.00042697595,1.0952761e-07,1.0748253e-07,2.8890466e-07,2.8890466e-07,3.4321027e-07,2.1744827e-07,2.1737488e-07,2.739106e-07,1.940471e-07,1.0694669e-06
1780062,Shellcode,LIME,0.7285244464874268,0.7284293923586119,8.375694971995092e-05,0.0007364409,7.41689e-05,2.664632e-05,1.745986e-05,2.8646029e-05,2.4456229e-05,1.3164369e-05,1.1183038e-05,9.8945075e-06,8.4811545e-06,6.866688e-06,1.0761719e-05,9.229444e-06,0.000114474264,0.00010163887,8.7371445e-05,5.3607906e-05,5.6857163e-05,5.3185857e-05,0.000116196534
1780062,Shellcode,TreeSHAP,0.7285244464874268,0.7284298235021709,2.251002376751334e-05,0.0007364409,7.41689e-05,6.036777e-05,4.2900356e-05,2.8705586e-05,1.1294329e-06,6.707622e-07,6.7372224e-07,5.775109e-07,5.94932e-07,6.866688e-06,1.0761719e-05,1.1269316e-05,8.292174e-06,1.7556058e-05,2.2484202e-05,2.5799489e-05,2.1388285e-05,2.2189612e-05,1.7383467e-05
1780062,Shellcode,Random,0.7285244464874268,0.443428055800905,1.2287223145066726e-05,0.72852445,0.73370844,0.74145496,0.6454151,0.00033568245,0.00033568245,0.00033568245,0.0003446832,0.00028971097,0.00021949141,9.698171e-08,1.15137816e-07,1.12732025e-07,1.6843603e-07,1.5902771e-05,1.6508358e-05,1.6508358e-05,1.6502896e-05,1.6525655e-05,7.0740953e-06
1510232,Shellcode,LIME,0.9544791579246521,0.954398670450962,3.546030642371748e-07,0.0007265438,3.099432e-05,2.5917818e-05,7.807964e-06,6.2298177e-06,2.4404817e-06,2.4903056e-06,1.0502163e-06,7.5401175e-07,6.460272e-07,2.3268927e-07,2.948069e-07,2.9633028e-07,2.6392738e-07,2.529874e-07,3.1622835e-07,3.6551663e-07,4.797867e-07,4.5442792e-07,4.2791166e-07
1510232,Shellcode,TreeSHAP,0.9544791579246521,0.9543997396301052,1.3359532560357764e-06,0.0007265438,3.099432e-05,2.3086512e-05,8.709923e-06,1.452219e-06,8.647797e-07,9.1964705e-07,5.253671e-07,5.8582975e-07,5.0057287e-07,2.3268927e-07,2.948069e-07,2.0435576e-07,3.2187629e-07,3.0705252e-07,2.6968573e-07,2.9029138e-07,6.190786e-07,4.843967e-06,5.3675917e-06
1510232,Shellcode,Random,0.9544791579246521,0.5914718277839711,2.0215160779404967e-08,0.9536213,0.95382243,0.8868413,0.83072805,0.0012077965,0.0012077965,0.0011630136,0.0007866486,0.00042933336,0.00026559978,1.6069436e-08,1.6069436e-08,1.7412024e-08,1.770796e-08,2.0554918e-08,2.0554918e-08,2.0706807e-08,2.2322105e-08,1.960795e-08,2.1943947e-08
1083385,Shellcode,LIME,0.5749592185020447,0.5237016495908392,5.645055171449786e-07,0.51240075,3.7323494e-05,3.5027693e-05,2.7318483e-05,2.7318505e-05,1.9052071e-05,1.975917e-05,4.1278818e-06,3.6442786e-06,1.3711881e-06,2.3451072e-08,2.948069e-07,2.9633028e-07,2.6392738e-07,2.6067423e-07,2.2596193e-07,1.9950238e-07,3.7780637e-07,5.8058464e-07,7.2263117e-07
1083385,Shellcode,TreeSHAP,0.5749592185020447,0.5748986647817389,1.727959393634252e-05,0.0004626535,0.00012625149,1.0312433e-05,2.7015776e-06,7.8868675e-07,7.394089e-07,6.141624e-07,7.2151e-07,4.1510066e-07,3.393448e-07,2.3268927e-07,2.827935e-07,4.8859783e-07,6.1827416e-07,6.9950005e-07,6.216923e-07,5.537164e-07,8.113261e-06,4.212758e-05,4.5612513e-05
1083385,Shellcode,Random,0.5749592185020447,0.4545685908640735,5.2086421118786206e-08,0.5882615,0.5957298,0.00779366,0.0049364674,0.0049364674,0.00044182735,0.00044182735,0.00044182735,0.0004438305,0.00047905627,1.8617698e-08,1.782402e-08,2.6300615e-08,2.625135e-08,2.625135e-08,3.4485037e-08,3.4485037e-08,3.4485037e-08,3.5506822e-08,4.526875e-08
1935743,Shellcode,LIME,0.8524757027626038,0.7722804121026684,6.699068822849281e-07,0.8018161,6.643831e-05,4.8815302e-05,7.6449005e-06,5.4161856e-06,5.2225423e-06,1.6624588e-06,7.0524516e-07,4.269473e-07,4.6886382e-07,2.3451072e-08,2.948069e-07,2.963458e-07,2.6394113e-07,2.2879014e-07,2.3208115e-07,6.365586e-07,1.2572922e-06,1.5691548e-06,9.083719e-07
1935743,Shellcode,TreeSHAP,0.8524757027626038,0.8523303907837743,3.702461887159962e-06,0.0011554573,0.00015338675,4.4766606e-05,9.2126495e-05,5.045724e-06,8.8025604e-07,5.064689e-07,4.2031385e-07,2.649169e-07,2.64918e-07,2.3268927e-07,3.265744e-07,3.0085388e-07,2.323025e-07,2.9421193e-07,2.7785924e-07,1.3770159e-06,1.3768228e-06,1.3387089e-05,1.3757171e-05
1935743,Shellcode,Random,0.8524757027626038,0.6961463086947333,1.1281312243556554e-07,0.32020673,0.27412295,0.2910208,0.2101887,0.19101524,0.21431006,0.059711296,0.0015716271,0.00064833596,0.00049817574,1.9461822e-08,1.968766e-08,3.30492e-08,3.4345618e-08,3.4345618e-08,8.158433e-08,1.244385e-07,1.7462034e-07,2.0767729e-07,2.3249419e-07
1801992,Shellcode,LIME,0.7856546640396118,0.7856235474302252,4.180645665577514e-07,0.0002429553,1.6235317e-05,1.5608484e-05,1.4093396e-05,9.025701e-06,4.728031e-06,3.244665e-06,2.5108193e-06,1.4219341e-06,1.3424471e-06,2.3268927e-07,2.948069e-07,2.9633028e-07,2.9576393e-07,2.6342204e-07,3.6795956e-07,3.124204e-07,2.4208035e-07,4.707893e-07,5.082819e-07
1801992,Shellcode,TreeSHAP,0.7856546640396118,0.7856274103711627,4.1254832408698934e-06,0.0002429553,1.6235317e-05,8.262538e-06,1.2539576e-06,8.093372e-07,8.2164445e-07,9.47254e-07,6.336601e-07,4.282385e-07,1.8943831e-07,2.3268927e-07,2.948069e-07,4.1180772e-07,3.6854976e-07,3.2825344e-07,3.3094693e-07,1.157926e-06,4.0149384e-06,1.5353111e-05,9.919023e-06
1801992,Shellcode,Random,0.7856546640396118,0.5395729176903842,4.376781156994977e-08,0.68266785,0.68266785,0.5328212,0.5595041,0.0010671264,0.0006970229,0.00036463735,0.0003626811,0.00034326917,0.0003217535,1.902876e-08,1.902876e-08,1.8529835e-08,2.8623518e-08,3.5729645e-08,4.2934822e-08,4.5923287e-08,4.4270354e-08,4.4270354e-08,4.5524487e-08
1181215,Shellcode,LIME,0.5874902009963989,0.587413270270099,0.00019475105916921787,0.00054416055,5.164616e-05,3.3407752e-05,2.4864206e-05,2.243547e-05,2.0935979e-05,2.2528024e-05,2.1253178e-05,2.0698315e-05,7.3776346e-06,6.866688e-06,1.0761719e-05,0.0001357142,0.00010613532,8.623503e-05,9.5439194e-05,0.000110859226,9.611264e-05,7.277508e-05,0.0004232443
1181215,Shellcode,TreeSHAP,0.5874902009963989,0.5874219442581989,1.1656158536900726e-05,0.00054416055,5.164616e-05,4.0521103e-05,3.9267827e-05,1.2976135e-06,1.2817801e-06,1.3330756e-06,1.2883838e-06,1.1084442e-06,6.6245013e-07,6.866688e-06,1.0761719e-05,5.9557224e-06,5.1209554e-06,8.020131e-06,5.4690117e-06,6.2966787e-06,4.903409e-06,4.8348825e-06,1.024959e-05
1181215,Shellcode,Random,0.5874902009963989,0.36152985543012617,3.707046854789839e-07,0.5874902,0.5745296,0.5027699,0.12561119,0.20672373,0.15707056,0.034192815,0.027448472,0.027448472,0.016318537,9.698171e-08,7.900922e-08,6.6104384e-08,8.66805e-08,9.2527856e-08,9.62331e-08,3.956611e-07,3.9589324e-07,3.9589324e-07,4.7286937e-07
1659391,Shellcode,LIME,0.7683514952659607,0.7125036071417185,4.1257658798561433e-07,0.5583595,2.5672383e-05,2.4637988e-05,2.2398253e-05,1.7368311e-05,1.462143e-05,5.48035e-06,5.521145e-06,2.103919e-06,1.5737172e-06,2.3451072e-08,2.948069e-07,2.9476976e-07,2.962921e-07,2.6389134e-07,2.6392843e-07,4.151039e-07,3.4815648e-07,5.5478546e-07,4.1485276e-07
1659391,Shellcode,TreeSHAP,0.7683514952659607,0.7683073029643424,4.433974240318618e-06,0.00040471883,2.5672383e-05,4.2171823e-06,1.2968944e-06,1.3411918e-06,9.97912e-07,1.201667e-06,9.779259e-07,9.498028e-07,5.4922975e-07,2.3268927e-07,2.948069e-07,2.9649243e-07,4.1502477e-07,4.063093e-07,6.89122e-07,4.3040354e-06,3.6297351e-06,4.7140816e-06,1.908621e-05
1659391,Shellcode,Random,0.7683514952659607,0.7085143459495157,3.053306749185684e-08,0.11248808,0.11248808,0.11248808,0.10908346,0.1054523,0.01199588,0.012664059,0.012664059,0.005116729,0.0039307573,1.9461822e-08,1.9461822e-08,1.9461822e-08,1.946182e-08,1.6515774e-08,2.7173868e-08,2.7173867e-08,2.7173867e-08,2.8827385e-08,2.9889243e-08
1051271,Shellcode,LIME,0.6961061358451843,0.6391779808904176,0.0003244498697545956,0.56906646,4.9454888e-05,3.150248e-05,3.1883428e-05,1.15951425e-05,1.47963365e-05,1.9134579e-05,1.7533228e-05,2.026286e-05,1.8921704e-05,1.536109e-07,1.0761719e-05,0.0001357142,0.000191337,0.0001734054,0.00016216506,0.00016523733,0.00030404545,0.0005605954,0.00055510015
1051271,Shellcode,TreeSHAP,0.6961061358451843,0.6960316933299111,1.3365730613470646e-05,0.0006379524,4.9454888e-05,2.8211665e-05,2.2801752e-05,8.992683e-07,9.659349e-07,1.0499208e-06,9.811888e-07,1.0190839e-06,1.0890377e-06,6.866688e-06,1.0761719e-05,5.5944442e-06,8.426223e-06,1.4159675e-05,6.3369125e-06,6.1074165e-06,8.360938e-06,1.0936137e-05,1.5489522e-05
1051271,Shellcode,Random,0.6961061358451843,0.6897935242799577,1.6924835875364977e-07,0.030595405,0.017770745,0.006163892,0.001498351,0.001256089,0.0012564525,0.001282971,0.001282971,0.0010531661,0.0009660733,1.17498004e-07,1.4524753e-07,9.760163e-08,8.167717e-08,9.698294e-08,9.88801e-08,1.04643554e-07,1.04643554e-07,1.5409562e-07,1.7687803e-07
1482471,Shellcode,LIME,0.7856546640396118,0.7305699980346503,5.212111545875778e-07,0.5507833,1.6235317e-05,1.5608484e-05,9.995985e-06,9.025701e-06,4.728031e-06,3.924406e-06,1.4643196e-06,1.4113623e-06,9.898854e-07,2.3451072e-08,2.948069e-07,2.9633028e-07,2.6392738e-07,2.6342204e-07,3.6795956e-07,3.6801575e-07,7.565969e-07,7.889402e-07,6.7147016e-07
1482471,Shellcode,TreeSHAP,0.7856546640396118,0.7856274103711627,4.1254832408698934e-06,0.0002429553,1.6235317e-05,8.262538e-06,1.2539576e-06,8.093372e-07,8.2164445e-07,9.47254e-07,6.336601e-07,4.282385e-07,1.8943831e-07,2.3268927e-07,2.948069e-07,4.1180772e-07,3.6854976e-07,3.2825344e-07,3.3094693e-07,1.157926e-06,4.0149384e-06,1.5353111e-05,9.919023e-06
1482471,Shellcode,Random,0.7856546640396118,0.6204999445593785,1.1864230576987638e-07,0.6838637,0.60283774,0.3412133,0.023091808,0.00012871061,0.000115581905,0.000115581905,0.00012107204,4.326943e-05,1.6444219e-05,1.79966e-08,3.9030414e-08,4.8093796e-08,7.865483e-08,1.0651984e-07,1.065199e-07,1.065199e-07,9.1235066e-08,1.1161712e-07,2.2593134e-07
1460171,Shellcode,LIME,0.8019654154777527,0.8019271306600103,3.119289898283633e-07,0.00029320442,1.9596066e-05,1.8839472e-05,1.7010741e-05,1.0894014e-05,8.816717e-06,6.0657367e-06,3.0965618e-06,2.7142173e-06,2.6102366e-06,2.3268927e-07,2.948069e-07,2.9633028e-07,2.9576393e-07,2.6342204e-07,2.0337465e-07,1.8507839e-07,2.4208035e-07,2.4301124e-07,2.4500562e-07
1460171,Shellcode,TreeSHAP,0.8019654154777527,0.8019326401458869,4.022925247591054e-06,0.00029320442,1.9596066e-05,9.972906e-06,1.5135488e-06,9.768836e-07,5.970558e-07,5.7987927e-07,6.6466515e-07,4.491916e-07,1.9870757e-07,2.3268927e-07,2.948069e-07,4.1180772e-07,3.6854976e-07,3.2825344e-07,6.123041e-07,8.906903e-07,4.0146965e-06,1.5350306e-05,9.758366e-06
1460171,Shellcode,Random,0.8019654154777527,0.23833278082311155,2.452442344455903e-08,0.8019654,0.80983996,0.80983996,0.74328244,0.74328244,0.7510916,0.59866256,0.344595,0.016177747,0.017589241,1.8481165e-08,1.6069436e-08,1.6069436e-08,2.291531e-08,2.291531e-08,2.3130085e-08,2.2569207e-08,1.8865164e-08,2.0427184e-08,1.5235106e-08
1577520,Shellcode,LIME,0.5530758500099182,0.530810695851369,5.395028008347543e-07,0.22233333,7.273882e-05,3.345232e-05,3.5679925e-05,3.6381956e-05,4.339819e-05,4.3655502e-05,2.6858825e-05,2.3338454e-05,2.7106576e-06,2.3451072e-08,2.948069e-07,2.6257032e-07,2.6836605e-07,2.8811422e-07,2.2023575e-07,2.2898388e-07,2.4966985e-07,3.432099e-07,8.0445164e-07
1577520,Shellcode,TreeSHAP,0.5530758500099182,0.5529340623244934,8.309745513317137e-06,0.0009903939,0.0003896,3.1262247e-05,3.4420632e-06,1.2060887e-06,9.215508e-07,2.7325964e-07,1.7964973e-07,2.63712e-07,3.343645e-07,2.3268927e-07,2.0724804e-07,7.084626e-07,8.5985636e-07,1.0535928e-06,1.0057393e-06,1.2392377e-06,4.837904e-06,6.7711276e-06,2.9043342e-05
1577520,Shellcode,Random,0.5530758500099182,0.35349903246387837,8.949795362163854e-08,0.5330037,0.44793966,0.4368208,0.45000422,0.02877222,0.02877222,0.029495478,0.01288038,0.012238648,0.015840853,1.7693276e-08,1.7898593e-08,1.7714683e-08,2.2729878e-08,8.5333845e-08,6.1195585e-08,6.2420035e-08,6.759356e-08,6.75934e-08,7.481871e-08
1973029,Shellcode,LIME,0.485377699136734,0.48536451597497604,1.339197759874758e-05,8.697405e-05,1.0483812e-05,1.0193042e-05,8.564681e-06,5.8084825e-06,2.1098472e-06,2.7290814e-06,2.506671e-06,1.7502147e-06,7.1173946e-07,2.3268927e-07,3.2303157e-07,3.2241354e-07,3.0925807e-07,6.2539966e-06,7.889705e-06,1.0041748e-05,1.0089889e-05,1.2158239e-05,1.7380706e-05
1973029,Shellcode,TreeSHAP,0.485377699136734,0.4853657636798978,1.6252423948396018e-05,8.697405e-05,2.5652522e-05,3.8327835e-06,1.103723e-06,4.9881874e-07,2.7409322e-07,3.1982847e-07,3.4505177e-07,2.7282601e-07,8.087488e-08,2.3268927e-07,3.250912e-07,4.5120902e-07,4.1684658e-07,1.0109158e-06,1.8914209e-06,8.796471e-06,6.5212844e-06,3.48561e-05,2.4383608e-05
1973029,Shellcode,Random,0.485377699136734,0.28541872203350066,3.850394119321891e-08,0.4853777,0.48884872,0.2125486,0.23775084,0.23361312,0.081809595,0.06504362,0.06502763,0.06502763,0.064542316,1.8481165e-08,1.844718e-08,1.5116692e-08,1.3908577e-08,1.5109743e-08,2.1535197e-08,2.3707837e-08,2.019438e-08,2.019438e-08,2.0194376e-08
49460,Shellcode,LIME,0.8232235908508301,0.8231822811612801,2.036625036990361e-06,0.00027020005,3.2576623e-05,3.1673186e-05,2.705723e-05,2.0404861e-05,7.1395084e-06,7.725899e-06,6.4434985e-06,4.3699342e-06,5.506105e-06,2.3268927e-07,3.2303157e-07,3.2241354e-07,3.224463e-07,3.0926026e-07,3.7395623e-07,4.205874e-07,3.186382e-07,6.4239475e-06,7.719007e-06
49460,Shellcode,TreeSHAP,0.8232235908508301,0.8231906752056346,0.00010481648156708408,0.00027020005,4.275641e-05,1.1237713e-05,1.5123089e-06,4.520752e-07,6.9904036e-07,8.9526e-07,5.6280925e-07,4.4091888e-07,3.9986898e-07,2.3268927e-07,4.6478982e-07,6.5360655e-07,9.2276514e-07,9.085502e-07,1.1967901e-06,6.4285086e-06,3.04605e-05,0.00044977732,0.0003718284
49460,Shellcode,Random,0.8232235908508301,0.7922826526511926,1.77655554992286e-07,0.303092,0.003229227,0.0009691439,0.0009691439,0.0006798385,0.00014297027,0.00014297027,7.6707096e-05,3.6834215e-05,7.054414e-05,1.8994607e-08,2.584392e-08,4.357347e-08,4.357347e-08,3.9748855e-08,9.5095146e-08,9.5095146e-08,1.0985161e-07,3.6898157e-07,6.2174473e-07
1543429,Shellcode,LIME,0.736108124256134,0.7359945429677281,3.791800300395265e-07,0.0007816246,8.381862e-05,8.381862e-05,3.2359058e-05,3.061942e-05,2.7536998e-05,2.8371258e-05,1.4152637e-05,2.7151054e-05,2.6360647e-05,2.3268927e-07,2.948069e-07,2.948069e-07,2.6257032e-07,2.2424234e-07,2.167961e-07,3.3537185e-07,4.5293385e-07,2.7203157e-07,2.0492595e-07
1543429,Shellcode,TreeSHAP,0.736108124256134,0.7360201991637261,3.3645863740589648e-06,0.0007816246,4.140394e-05,3.3021694e-05,1.900449e-05,2.3264395e-06,7.7141766e-07,4.4362625e-07,2.7770054e-07,2.637198e-07,1.1331998e-07,2.3268927e-07,7.7785546e-07,4.5870922e-07,4.1778964e-07,5.0687174e-07,5.820957e-07,1.0896686e-06,1.09892335e-05,6.109567e-06,3.6025144e-06
1543429,Shellcode,Random,0.736108124256134,0.5223294310306301,2.9906561360524073e-07,0.7361081,0.6283871,0.3797149,0.39289534,0.00031304662,0.00028431433,2.5066878e-05,2.5908628e-05,2.681449e-05,6.3163716e-06,1.8481165e-08,1.3406606e-08,2.2691069e-08,2.4158293e-08,3.207475e-07,2.7942528e-07,2.813672e-07,2.4923986e-07,2.4084386e-07,7.5108545e-07
1033886,Shellcode,LIME,0.6551269292831421,0.6135392804108619,4.0458729233948024e-07,0.4158155,1.3083219e-05,1.2578102e-05,1.1357159e-05,7.620402e-06,6.0114794e-06,3.8907833e-06,3.6099716e-06,1.3918212e-06,1.4433813e-06,2.3451072e-08,2.948069e-07,2.9633028e-07,2.9576393e-07,2.6342204e-07,2.0337465e-07,1.8507839e-07,1.858014e-07,4.2898688e-07,4.7354465e-07
1033886,Shellcode,TreeSHAP,0.6551269292831421,0.6551074838919902,6.142479714027315e-06,0.00017475401,1.3083219e-05,2.5927388e-06,1.0273635e-06,6.947264e-07,4.6472096e-07,5.3266604e-07,5.173443e-07,3.700932e-07,4.170315e-07,2.3268927e-07,2.948069e-07,2.9649243e-07,3.6854976e-07,3.2825344e-07,6.1233465e-07,3.2011606e-06,4.0149384e-06,1.5353111e-05,1.5538699e-05
1033886,Shellcode,Random,0.6551269292831421,0.3209779098629951,7.166709509707533e-08,0.6551269,0.5481932,0.47712556,0.46305904,0.46305904,0.3113723,0.29891706,0.055041686,0.04286402,0.026731346,1.8481165e-08,4.2053763e-08,3.1305902e-08,3.832123e-08,3.832123e-08,6.3981595e-08,4.48313e-08,6.560979e-08,5.7098504e-08,6.950595e-08
1533391,Shellcode,LIME,0.660511314868927,0.613208413433506,5.14999867739787e-07,0.47292808,2.1076605e-05,1.9780035e-05,1.9780042e-05,1.5429834e-05,1.29895225e-05,4.405075e-06,4.0988507e-06,1.4852912e-06,1.8921172e-06,2.3451072e-08,2.948069e-07,2.9633028e-07,2.962921e-07,2.6389134e-07,2.6389378e-07,3.5212688e-07,3.0766017e-07,6.027174e-07,7.004623e-07
1533391,Shellcode,TreeSHAP,0.660511314868927,0.6604839948650578,1.6466558402981426e-06,0.00023841973,2.1076605e-05,7.1475497e-06,1.0518825e-06,1.4016465e-06,1.0553495e-06,1.0713984e-06,5.839397e-07,6.4826094e-07,7.436781e-07,2.3268927e-07,2.948069e-07,3.9342063e-07,3.5203408e-07,1.4145055e-06,1.1928851e-06,1.1060937e-06,2.3134924e-06,1.5315206e-06,2.0448997e-06
1533391,Shellcode,Random,0.660511314868927,0.6343771311223463,5.929073656770213e-08,0.0899496,0.08271128,0.022476155,0.01462071,0.014888812,0.014924842,0.016169714,0.0027868855,0.0027868855,2.6953638e-05,2.0126075e-08,2.0126075e-08,1.7075667e-08,2.7327792e-08,2.6406799e-08,2.6406795e-08,2.6654297e-08,6.855581e-08,6.855581e-08,9.03869e-08
1522523,Shellcode,LIME,0.7005586624145508,0.7005327623537824,6.929417966705965e-07,0.00019799899,1.4529995e-05,1.4070024e-05,1.0703107e-05,9.529817e-06,3.697419e-06,4.4402436e-06,1.9240767e-06,1.448051e-06,6.588838e-07,2.3268927e-07,2.948069e-07,2.9633028e-07,2.6392738e-07,2.6342204e-07,3.2894997e-07,5.018351e-07,7.002711e-07,6.216002e-07,1.3506319e-06
1522523,Shellcode,TreeSHAP,0.7005586624145508,0.7005365078313901,4.950244580286608e-06,0.00019799899,1.4529995e-05,2.794527e-06,1.2313129e-06,1.3220924e-06,9.262232e-07,7.147744e-07,7.970292e-07,7.7410607e-07,4.5678155e-07,2.3268927e-07,2.948069e-07,2.9649243e-07,4.1502477e-07,3.4147192e-07,5.9061875e-07,5.260293e-07,3.1639624e-06,5.0413764e-06,2.3776896e-05
1522523,Shellcode,Random,0.7005586624145508,0.5583839235651794,2.509869210732126e-07,0.70055866,0.720578,0.00012352232,0.00012352232,0.00012352201,0.00011629785,8.06381e-05,1.5143879e-05,1.4032376e-05,1.4032376e-05,1.8481165e-08,1.6069436e-08,1.9964926e-07,1.9964926e-07,1.431937e-07,1.4394365e-07,1.1276403e-07,3.581343e-07,2.8321287e-07,2.8321287e-07
1752472,Shellcode,LIME,0.44587695598602295,0.42971160878000775,1.400179589653335e-05,0.16154012,2.8259714e-05,2.6905802e-05,1.7806098e-05,1.4324468e-05,1.2354494e-05,4.6611626e-06,5.4198094e-06,1.809836e-06,1.809836e-06,2.5698538e-08,3.2303157e-07,3.2298655e-07,3.1486131e-06,5.105697e-06,5.1474585e-06,8.14592e-06,9.824362e-06,1.5296755e-05,1.5090253e-05
1752472,Shellcode,TreeSHAP,0.44587695598602295,0.4458480976158654,7.611904874424315e-06,0.00021608218,5.59145e-05,8.340872e-06,3.3667952e-06,1.0770823e-06,1.4736066e-06,8.5065057e-07,8.3424425e-07,5.1114733e-07,1.3262704e-07,2.3268927e-07,3.8805192e-07,5.705089e-07,6.37924e-07,7.400606e-07,2.628506e-06,8.7243125e-06,4.9014593e-06,8.924833e-06,6.191387e-06
1752472,Shellcode,Random,0.44587695598602295,0.3970329838528414,3.139836926729489e-07,0.16154012,0.25118417,0.07249154,0.0010813619,0.0009416087,0.00023207982,0.00024370682,0.00023206085,0.00024860847,0.00024446697,2.5698538e-08,2.4330891e-08,4.7453963e-08,1.3868504e-07,1.5087807e-07,2.2942639e-07,1.9982483e-07,1.9982463e-07,1.9982451e-07,1.8403406e-07
1342434,Shellcode,LIME,0.6025217771530151,0.6024829598133238,7.908648371041523e-06,0.00023170731,3.2615142e-05,3.2615844e-05,3.2615844e-05,2.1433729e-05,8.831165e-06,9.738908e-06,7.987053e-06,6.0315583e-06,4.5968436e-06,2.3268927e-07,3.2303157e-07,3.2241354e-07,3.3099772e-07,3.1429329e-06,5.0757762e-06,5.344688e-06,5.3471435e-06,1.3330256e-05,1.4201401e-05
1342434,Shellcode,TreeSHAP,0.6025217771530151,0.6024928094022215,1.1042311183804355e-05,0.00023170731,3.4084078e-05,1.612901e-05,3.088449e-06,1.2976576e-06,1.0280439e-06,1.3041124e-06,3.8269357e-07,3.2407337e-07,3.320817e-07,2.3268927e-07,4.8428825e-07,6.623454e-07,9.180579e-07,8.563689e-07,2.1878475e-06,2.4040792e-05,1.4128936e-05,1.5799595e-05,7.221413e-06
1342434,Shellcode,Random,0.6025217771530151,0.45156964050402165,8.792530619664815e-08,0.58027864,0.39318427,0.4094968,0.1221461,0.00091224734,0.0014552851,0.0014366725,0.00018780785,0.00024462314,0.00017890724,1.8800833e-08,2.1718225e-08,2.079237e-08,2.9746163e-08,3.7742293e-08,2.8382898e-08,2.8382898e-08,7.699873e-08,1.2486784e-07,1.4233687e-07
1439384,Shellcode,LIME,0.5011688470840454,0.47587918734130313,2.4729620158934463e-05,0.25282568,2.3912411e-05,2.3249218e-05,1.5767453e-05,2.8802544e-06,2.517499e-06,8.348674e-07,3.995011e-07,4.3545154e-07,9.2337643e-07,2.5698538e-08,3.2303157e-07,3.2241354e-07,3.1429329e-06,5.126057e-06,1.08194145e-05,1.9247182e-05,2.3717812e-05,2.4064298e-05,3.714831e-05
1439384,Shellcode,TreeSHAP,0.5011688470840454,0.5011441369543093,6.41271731376189e-06,0.000198345,4.0717197e-05,4.4213e-06,1.5442344e-06,4.7163908e-07,2.824208e-07,3.0469462e-07,3.5553472e-07,3.5383025e-07,3.0544027e-07,2.3268927e-07,3.7449874e-07,5.28935e-07,7.349078e-07,7.236394e-07,1.8914209e-06,1.6797902e-06,6.5212844e-06,6.370282e-06,1.3081096e-05
1439384,Shellcode,Random,0.5011688470840454,0.39392192038940266,4.24450627404825e-08,0.49885038,0.5074744,0.021482982,0.009636861,0.00897609,0.009380386,0.0077728597,0.0077728597,0.0005675631,0.00055486767,1.9357127e-08,1.9357127e-08,2.3452115e-08,1.950083e-08,2.012603e-08,2.0126029e-08,1.7935804e-08,1.7935804e-08,2.7465283e-08,2.7465283e-08
1261880,Shellcode,LIME,0.6538876295089722,0.6538306487486807,0.00022512303283119033,0.0003453047,3.9674946e-05,3.6597514e-05,3.5067624e-05,3.6749294e-05,2.4623296e-05,2.1941596e-05,1.1151894e-05,9.348372e-06,9.348372e-06,6.866688e-06,1.0761719e-05,1.12589905e-05,1.1260136e-05,1.23340915e-05,0.00013252998,0.00022853873,0.0004062766,0.0003261124,0.0003261124
1261880,Shellcode,TreeSHAP,0.6538876295089722,0.6538452252146953,1.8409337477042086e-05,0.0003453047,3.9674946e-05,1.5099396e-05,1.2260232e-05,9.3325125e-06,6.1379063e-07,4.2052667e-07,3.716506e-07,4.447328e-07,5.2046045e-07,6.866688e-06,1.0761719e-05,1.0098489e-05,1.0080977e-05,5.1879283e-06,1.007216e-05,1.663993e-05,1.6165504e-05,1.9945788e-05,1.4557205e-05
1261880,Shellcode,Random,0.6538876295089722,0.6079014081209607,9.643392441369038e-06,0.13936888,0.16005541,0.16005541,7.9720376e-05,7.738122e-05,6.709427e-05,3.957838e-05,3.957838e-05,3.957838e-05,3.957838e-05,1.2068278e-07,1.1816113e-07,1.1816113e-07,1.3112194e-05,1.3112658e-05,6.801924e-06,7.4182917e-06,7.4182917e-06,7.4182917e-06,7.4182917e-06
1865461,Shellcode,LIME,0.9139344692230225,0.9138782898028467,4.182985438940629e-07,0.000509636,2.0441401e-05,1.6893122e-05,5.7152497e-06,4.049102e-06,1.5634437e-06,1.4041153e-06,6.1036747e-07,6.438176e-07,8.375724e-07,2.3268927e-07,2.948069e-07,2.963458e-07,2.6394113e-07,2.2879014e-07,3.3046067e-07,3.1255178e-07,7.9355993e-07,6.0806e-07,4.6176868e-07
1865461,Shellcode,TreeSHAP,0.9139344692230225,0.9138802871510052,2.41074501514623e-06,0.000509636,2.0441401e-05,6.571789e-06,7.348184e-07,1.1922942e-06,7.8802464e-07,9.146739e-07,4.9451415e-07,5.1758167e-07,5.2961224e-07,2.3268927e-07,2.948069e-07,3.6846694e-07,3.2976757e-07,3.0705252e-07,2.6968573e-07,1.9006304e-06,4.931023e-06,6.510037e-06,6.8884697e-06
1865461,Shellcode,Random,0.9139344692230225,0.8529510501772165,4.248575101770906e-08,0.30165797,0.24936673,0.010326825,0.0102296155,0.0102296155,0.0064664735,0.0064664735,0.004568107,0.005837237,0.0046851384,3.1179066e-08,2.7554348e-08,2.7998462e-08,3.0991238e-08,3.0991238e-08,4.4528658e-08,4.4528658e-08,4.7630525e-08,4.939743e-08,5.3492297e-08
1052485,Shellcode,LIME,0.5356498956680298,0.5356040712926188,0.00010614460806826194,0.00024029544,2.9957668e-05,2.8196593e-05,3.0071606e-05,2.346563e-05,2.7448437e-05,1.8484312e-05,1.9784315e-05,2.0045329e-05,2.0494423e-05,6.866688e-06,1.0761719e-05,1.12589905e-05,1.1260136e-05,1.0091979e-05,9.13494e-06,9.1735026e-05,0.00010830236,0.00012442103,0.00018473057
1052485,Shellcode,TreeSHAP,0.5356498956680298,0.5356189388623136,2.1442352461923233e-05,0.00024029544,2.9957668e-05,3.154666e-05,1.4300608e-06,9.806793e-07,1.2106241e-06,1.0657616e-06,8.242267e-07,1.1198985e-06,1.1370366e-06,6.866688e-06,1.0761719e-05,5.9557224e-06,9.595226e-06,1.477197e-05,1.5131567e-05,1.43597645e-05,1.778627e-05,1.0372693e-05,9.25432e-06
1052485,Shellcode,Random,0.5356498956680298,0.3652154655490449,2.4003327634197125e-06,0.66753817,0.66753817,0.17262457,0.17262457,0.023423899,0.0004259279,4.7986094e-05,4.3605498e-05,4.37459e-05,3.3658525e-05,1.076596e-07,1.076596e-07,2.7373784e-07,2.7373784e-07,4.136766e-07,1.4395655e-06,2.1728836e-06,2.4065478e-06,2.500638e-06,3.1612733e-06
1461496,Shellcode,LIME,0.6961061358451843,0.696012677251565,0.0002508458191782291,0.0006379524,4.9454888e-05,3.150248e-05,3.9066646e-05,3.9066657e-05,3.055452e-05,3.699285e-05,2.8235978e-05,2.3927767e-05,1.7831735e-05,6.866688e-06,1.0761719e-05,0.0001357142,0.000119462966,0.0001308232,0.000108751876,0.000112248235,0.00022005939,0.00044644557,0.00045501927
1461496,Shellcode,TreeSHAP,0.6961061358451843,0.6960316933299111,1.3365730613470646e-05,0.0006379524,4.9454888e-05,2.8211665e-05,2.2801752e-05,8.992683e-07,9.659349e-07,1.0499208e-06,9.811888e-07,1.0190839e-06,1.0890377e-06,6.866688e-06,1.0761719e-05,5.5944442e-06,8.426223e-06,1.4159675e-05,6.3369125e-06,6.1074165e-06,8.360938e-06,1.0936137e-05,1.5489522e-05
1461496,Shellcode,Random,0.6961061358451843,0.3505025314778322,1.309228114702469e-06,0.69610614,0.69610614,0.6933391,0.48029375,0.28413883,0.45340395,0.14808512,0.002101886,0.002028433,0.0004326972,9.698171e-08,9.698171e-08,1.1776278e-07,1.1044165e-07,1.0467599e-07,1.1303373e-07,5.8854846e-07,7.2695826e-07,1.2553768e-06,5.902856e-06
1631812,Shellcode,LIME,0.35370510816574097,-0.6462558090686799,2.7446253378938006,0.99977106,0.9999547,0.9999883,0.99998176,0.9999862,0.99998736,0.99998474,0.99998486,0.9999851,0.9999851,0.99953055,0.9956262,0.9811226,0.9838309,0.980974,0.9719443,0.973458,0.9741683,0.9236121,0.9236121
1631812,Shellcode,TreeSHAP,0.35370510816574097,-0.646240872144699,2.7120180068474418,0.99977106,0.99995244,0.9999305,0.99995375,0.99995375,0.9999472,0.9999882,0.9999889,0.99998856,0.99998546,0.99953055,0.9978916,0.99832565,0.96895707,0.96895707,0.9619985,0.9746865,0.92481536,0.9196761,0.8777089
1631812,Shellcode,Random,0.35370510816574097,-0.08402993083000183,2.827211208544658,0.44004092,0.3101155,0.3064982,0.466997,0.466997,0.61466205,0.6710621,0.70466536,0.19815613,0.19815613,0.9999993,0.9999993,0.9999993,0.9999989,0.9999989,0.9999989,0.9999989,0.9999989,0.9999989,0.9999989
1521418,Shellcode,LIME,0.5230507850646973,0.5230162729015546,6.873504803457009e-06,0.00019715067,3.3369317e-05,3.3370205e-05,2.2847136e-05,2.1201293e-05,1.0355676e-05,8.64173e-06,7.9638985e-06,7.9638985e-06,2.2578058e-06,2.3268927e-07,3.2303157e-07,3.2241354e-07,3.1429329e-06,2.851695e-06,4.569844e-06,4.5769243e-06,4.8073557e-06,4.72795e-06,1.0397087e-05
1521418,Shellcode,TreeSHAP,0.5230507850646973,0.5230229119556412,2.96276396340586e-05,0.00019715067,6.191659e-05,1.0801311e-05,4.3198233e-06,1.6885409e-06,1.02874e-06,6.280955e-07,7.8343015e-07,1.9983163e-07,2.1405869e-07,2.3268927e-07,3.84561e-07,5.3331706e-07,5.574601e-07,7.722533e-07,1.9023454e-06,6.7997557e-06,6.609297e-05,5.2896143e-05,2.4796112e-05
1521418,Shellcode,Random,0.5230507850646973,0.37444825768470763,1.298843138125879e-07,0.6082493,0.6082493,0.24903738,0.007817465,0.007817465,0.0028608697,0.00040807642,0.00040581476,0.000550714,0.0006288708,1.8095005e-08,1.8095005e-08,3.8774793e-08,4.0947626e-08,4.0947626e-08,5.7778845e-08,1.10530365e-07,1.2038946e-07,1.300533e-07,1.03748924e-07
1959362,Shellcode,LIME,0.6551269292831421,0.6135392988828471,4.0583864646669895e-07,0.4158155,1.3083219e-05,1.2578102e-05,8.439606e-06,7.620402e-06,3.991874e-06,3.5072967e-06,4.018892e-06,4.078502e-06,3.4837046e-06,2.3451072e-08,2.948069e-07,2.9633028e-07,2.6392738e-07,2.6342204e-07,3.6795956e-07,3.6801575e-07,3.1015546e-07,2.3541195e-07,2.3527808e-07
1959362,Shellcode,TreeSHAP,0.6551269292831421,0.6551074838919902,6.142479714027315e-06,0.00017475401,1.3083219e-05,2.5927388e-06,1.0273635e-06,6.947264e-07,4.6472096e-07,5.3266604e-07,5.173443e-07,3.700932e-07,4.170315e-07,2.3268927e-07,2.948069e-07,2.9649243e-07,3.6854976e-07,3.2825344e-07,6.1233465e-07,3.2011606e-06,4.0149384e-06,1.5353111e-05,1.5538699e-05
1959362,Shellcode,Random,0.6551269292831421,0.5564632630412234,6.253094967724736e-08,0.6368062,0.11581301,0.11581301,0.11581301,0.0009162709,0.00058957824,0.0003303911,0.0002989704,0.0001858944,7.033904e-05,1.8463478e-08,2.4578581e-08,2.4578581e-08,2.4578581e-08,3.32592e-08,4.7510607e-08,4.8259086e-08,4.8259086e-08,4.9688992e-08,9.048092e-08
1733532,Shellcode,LIME,0.6551269292831421,0.6135402684981386,6.220501149287322e-07,0.4158155,1.3083219e-05,1.2578102e-05,8.439606e-06,7.620402e-06,3.991874e-06,1.733051e-06,1.4375642e-06,1.1143238e-06,1.1073035e-06,2.3451072e-08,2.948069e-07,2.9633028e-07,2.6392738e-07,2.6342204e-07,3.6795956e-07,7.5645835e-07,5.26878e-07,5.4859976e-07,7.3338504e-07
1733532,Shellcode,TreeSHAP,0.6551269292831421,0.6551074838919902,6.142479714027315e-06,0.00017475401,1.3083219e-05,2.5927388e-06,1.0273635e-06,6.947264e-07,4.6472096e-07,5.3266604e-07,5.173443e-07,3.700932e-07,4.170315e-07,2.3268927e-07,2.948069e-07,2.9649243e-07,3.6854976e-07,3.2825344e-07,6.1233465e-07,3.2011606e-06,4.0149384e-06,1.5353111e-05,1.5538699e-05
1733532,Shellcode,Random,0.6551269292831421,0.5600368330255151,5.0170378681463536e-08,0.665832,0.04250929,0.059759386,0.06141852,0.06141852,0.04668481,0.0064447587,0.0050612325,0.001115652,0.00065681315,1.8481165e-08,3.320742e-08,2.7737961e-08,2.7737961e-08,2.7737961e-08,3.00189e-08,2.9271149e-08,3.7620605e-08,5.4842374e-08,4.202416e-08
1308393,Shellcode,LIME,0.9544791579246521,0.8686921857822199,2.076290218193292e-07,0.8577627,3.099432e-05,2.5917818e-05,7.807964e-06,1.43611915e-05,7.19306e-06,5.199802e-06,4.6275454e-06,4.885205e-06,6.0401594e-06,2.3451072e-08,2.948069e-07,2.9633028e-07,2.6392738e-07,2.1708581e-07,1.7920276e-07,1.8892882e-07,1.6408704e-07,1.6595358e-07,1.8800212e-07
1308393,Shellcode,TreeSHAP,0.9544791579246521,0.9543997396301052,1.3359532560357764e-06,0.0007265438,3.099432e-05,2.3086512e-05,8.709923e-06,1.452219e-06,8.647797e-07,9.1964705e-07,5.253671e-07,5.8582975e-07,5.0057287e-07,2.3268927e-07,2.948069e-07,2.0435576e-07,3.2187629e-07,3.0705252e-07,2.6968573e-07,2.9029138e-07,6.190786e-07,4.843967e-06,5.3675917e-06
1308393,Shellcode,Random,0.9544791579246521,0.8163115093484521,3.140764618492168e-08,0.34929612,0.31570554,0.28299862,0.14241134,0.11855147,0.08018229,0.0286146,0.025669646,0.018210499,0.020036362,3.3207417e-08,3.2208824e-08,2.8464449e-08,2.8627682e-08,2.6696505e-08,2.7331046e-08,3.545942e-08,3.0487115e-08,2.8648495e-08,2.8648499e-08
1395109,Shellcode,LIME,0.9880291819572449,0.9878257780656327,7.991898010215601e-07,0.0018952591,3.328109e-05,2.4754243e-05,1.8519995e-05,1.457679e-05,1.6562708e-05,1.5101425e-05,1.3501391e-05,1.4701036e-06,1.0120381e-06,4.637873e-07,6.505591e-07,7.639503e-07,7.639408e-07,4.918164e-07,5.829675e-07,4.9032735e-07,7.963718e-07,1.239586e-06,1.6529224e-06
1395109,Shellcode,TreeSHAP,0.9880291819572449,0.9878255252226296,1.5835645044142732e-06,0.0018952591,0.00011524823,7.606988e-06,6.739357e-06,5.897715e-06,3.4005116e-06,9.136579e-07,5.230439e-07,5.4393894e-07,4.347701e-07,4.637873e-07,4.780201e-07,6.8112206e-07,9.004495e-07,9.614448e-07,6.6124653e-07,4.7210904e-07,1.3707923e-06,5.485556e-06,4.171552e-06
1395109,Shellcode,Random,0.9880291819572449,0.7266953255515546,5.9060487953940404e-08,0.9880292,0.79741424,0.76250166,0.050782368,0.0069926083,0.0022821925,0.0022821925,0.0017976655,0.00038196117,0.0008744944,2.4441855e-08,2.778238e-08,2.89015e-08,3.9883993e-08,4.597812e-08,5.888602e-08,5.888602e-08,5.744562e-08,1.4584059e-07,9.548875e-08
1044387,Worms,LIME,0.692783772945404,0.6926482776425814,0.018216222440487092,0.0011975991,0.00011444049,1.251837e-05,1.2147608e-05,4.6548435e-06,4.1915746e-06,3.21062e-06,3.22114e-06,1.4021308e-06,1.5671458e-06,0.00029742107,0.0009456144,0.009590746,0.009563406,0.0057754987,0.011801342,0.0137316715,0.02185545,0.02829696,0.02434093
1044387,Worms,TreeSHAP,0.692783772945404,0.692616836296429,0.0025594108054059787,0.0011975991,0.0002304977,0.00019850116,1.1329969e-05,9.9620365e-06,8.045555e-06,7.277808e-06,1.8305465e-06,2.5445188e-06,1.7780911e-06,0.00029742107,0.0001493455,0.00029103694,0.0007649592,0.00157113,0.0016558156,0.0013704951,0.0009996089,0.0026072268,0.008024143
1044387,Worms,Random,0.692783772945404,0.12926035672426223,4.618413194335634e-07,0.6927838,0.7129249,0.67427987,0.6392437,0.63893634,0.63893634,0.6588836,0.4302289,0.3322833,0.21673347,1.7252479e-07,1.7252479e-07,3.0082802e-07,2.7573589e-07,2.7573589e-07,2.7573589e-07,2.3281284e-07,3.664593e-07,4.2523536e-07,7.01969e-07
1776045,Worms,LIME,0.692783772945404,0.6926466806187364,0.02338391207317433,0.0011975991,0.00011444049,1.251837e-05,1.2147608e-05,1.416436e-05,7.474015e-06,5.7372977e-06,2.280673e-06,2.280673e-06,2.280674e-06,0.00029742107,0.0009456144,0.009590746,0.009563406,0.009799826,0.010401699,0.026128769,0.03156647,0.03156647,0.032139514
1776045,Worms,TreeSHAP,0.692783772945404,0.692616836296429,0.0025594108054059787,0.0011975991,0.0002304977,0.00019850116,1.1329969e-05,9.9620365e-06,8.045555e-06,7.277808e-06,1.8305465e-06,2.5445188e-06,1.7780911e-06,0.00029742107,0.0001493455,0.00029103694,0.0007649592,0.00157113,0.0016558156,0.0013704951,0.0009996089,0.0026072268,0.008024143
1776045,Worms,Random,0.692783772945404,0.6924871900333528,0.01305705310332124,0.0011975991,0.0011065535,0.00011297511,0.00010224887,0.00010771591,8.8860514e-05,8.384035e-05,6.462286e-05,6.4321204e-05,3.7091715e-05,0.00029742107,0.0002974268,0.0009887756,0.0011042594,0.0010561835,0.00095575384,0.0011607439,0.012666127,0.018880486,0.053049974
1048789,Worms,LIME,0.8044196367263794,0.8012253353930646,0.0002724054383856194,0.031337738,0.00021108314,7.671261e-05,9.064896e-05,5.478212e-05,3.6599566e-05,3.3189564e-05,4.39887e-05,3.236932e-05,2.5901316e-05,1.5408054e-05,0.00024013108,0.00014301945,0.0001617417,7.25503e-05,0.00038092863,0.0003464025,0.00026522233,0.00033576344,0.00023011536
1048789,Worms,TreeSHAP,0.8044196367263794,0.7768297117964608,0.0004170792223268444,0.16226926,0.09080269,0.02278894,1.2301415e-05,2.5198833e-06,1.405345e-06,3.609866e-06,7.539921e-06,7.6045603e-06,3.3719741e-06,1.1802348e-06,7.3922797e-07,3.25678e-06,0.00029656838,0.00040452668,0.00026372282,0.0005342622,0.0006396057,0.00064129924,0.00056990597
1048789,Worms,Random,0.8044196367263794,0.5259912887588143,3.2203372009511e-05,0.8040385,0.82647085,0.82647085,0.15308762,0.14861129,0.0060788533,0.008922778,0.005983644,0.0021684146,0.002450653,1.9182285e-07,4.032775e-07,4.032775e-07,1.275794e-05,1.027076e-05,2.7420785e-05,2.411008e-05,5.0983006e-05,6.1474166e-05,7.103514e-05
1362439,Worms,LIME,0.4841547906398773,0.4840975368842237,0.0430916681188602,0.00040997463,7.0812064e-05,6.4223e-05,7.781351e-06,5.436238e-06,4.687208e-06,2.3505688e-06,1.9953766e-06,2.5650006e-06,2.7121193e-06,0.00029742107,0.0009456144,0.00054048514,0.0049901176,0.008531172,0.014049784,0.02888873,0.05717133,0.03693673,0.056279004
1362439,Worms,TreeSHAP,0.4841547906398773,0.4840969397011577,0.0013824031794589886,0.00040997463,7.251602e-05,5.531587e-05,6.7076367e-06,5.896502e-06,6.5600134e-06,8.636668e-06,6.891917e-06,2.7000942e-06,3.3100341e-06,0.00029742107,0.0001493455,0.00029103694,0.0007649592,0.00055811397,0.001319905,0.0009014438,0.0007281249,0.00080954866,0.0008730722
1362439,Worms,Random,0.4841547906398773,0.23368697371333838,7.299833233873297e-07,0.52508515,0.440931,0.40801877,0.3224235,0.3224235,0.39148,0.032287277,0.033133067,0.013851183,0.015044756,2.1297807e-07,2.3247445e-07,2.3181913e-07,2.5905845e-07,2.5905845e-07,2.5905845e-07,3.1669686e-07,3.5467787e-07,6.9023775e-07,7.181897e-07
1145206,Worms,LIME,0.8044196367263794,0.8012157633647803,0.00018654937111512278,0.031337738,0.00021108314,0.00019535003,9.064896e-05,6.0177877e-05,3.9551804e-05,4.390941e-05,1.9803985e-05,2.0590156e-05,1.9880214e-05,1.5408054e-05,0.00024013108,0.0002599427,0.0001617417,9.970845e-05,0.00022753108,9.257754e-05,9.2435315e-05,0.00017056687,0.00014059697
1145206,Worms,TreeSHAP,0.8044196367263794,0.7768297117964608,0.0004170792223268444,0.16226926,0.09080269,0.02278894,1.2301415e-05,2.5198833e-06,1.405345e-06,3.609866e-06,7.539921e-06,7.6045603e-06,3.3719741e-06,1.1802348e-06,7.3922797e-07,3.25678e-06,0.00029656838,0.00040452668,0.00026372282,0.0005342622,0.0006396057,0.00064129924,0.00056990597
1145206,Worms,Random,0.8044196367263794,0.6472965500957798,6.309246806791201e-05,0.7964307,0.72528183,0.016013324,0.015763655,0.014771733,0.0007755172,0.00066166767,0.0006824778,0.00042497454,0.00042497454,1.3427439e-07,1.3444044e-07,2.5192645e-05,2.6255491e-05,2.9850773e-05,5.778761e-05,4.9104514e-05,5.0757968e-05,0.00013415523,0.00013415523
1342709,Worms,LIME,0.692783772945404,0.6926462351227656,0.030487545129335557,0.0011975991,0.00011444049,1.251837e-05,1.2147608e-05,7.344509e-06,9.122499e-06,7.3947294e-06,6.487378e-06,4.434985e-06,3.8885523e-06,0.00029742107,0.0009456144,0.009590746,0.009563406,0.024034532,0.026715813,0.022588389,0.02781682,0.048939202,0.040720817
1342709,Worms,TreeSHAP,0.692783772945404,0.692616836296429,0.0025594108054059787,0.0011975991,0.0002304977,0.00019850116,1.1329969e-05,9.9620365e-06,8.045555e-06,7.277808e-06,1.8305465e-06,2.5445188e-06,1.7780911e-06,0.00029742107,0.0001493455,0.00029103694,0.0007649592,0.00157113,0.0016558156,0.0013704951,0.0009996089,0.0026072268,0.008024143
1342709,Worms,Random,0.692783772945404,-0.1870519995689392,1.163772037630351e-06,0.8629288,0.8629288,0.9003454,0.889726,0.88887286,0.89133257,0.8823586,0.87548333,0.8735311,0.87085027,2.6378203e-07,2.6378203e-07,4.2726134e-07,4.2726134e-07,4.2726134e-07,9.4007976e-07,1.0239124e-06,1.7450129e-06,1.385538e-06,1.1585331e-06
1213172,Worms,LIME,0.8984088897705078,0.8584114020104294,5.443165835146755e-05,0.3999192,3.4224126e-05,1.780859e-05,9.2538176e-07,6.6427333e-07,4.5506076e-07,4.5183114e-07,3.8323597e-07,3.8323597e-07,3.7000163e-07,2.3140787e-08,4.1259588e-07,3.9197008e-07,1.238213e-06,1.188586e-05,5.274723e-05,5.2747277e-05,6.0157556e-05,6.0157556e-05,0.0002492575
1213172,Worms,TreeSHAP,0.8984088897705078,0.8978227256985519,0.0018180924672671966,0.0053125955,0.00035808378,0.00017753497,1.15622015e-05,8.4838575e-07,3.6653256e-07,1.9281602e-07,1.6656921e-07,1.5537428e-07,1.3457714e-07,2.658779e-07,4.2947596e-07,5.343264e-07,2.407017e-06,6.263371e-06,1.0685163e-05,0.00011182187,0.0007234095,0.0063107125,0.009167376
1213172,Worms,Random,0.8984088897705078,0.5504470285028219,2.287679398479333e-08,0.9101133,0.8377081,0.8315316,0.24023287,0.24023287,0.18355966,0.11438128,0.11438128,0.0037388373,0.0037388373,1.609157e-08,1.9762416e-08,1.9762416e-08,2.1631656e-08,1.551268e-08,1.6006753e-08,1.6006746e-08,1.6006746e-08,3.2373084e-08,3.2373084e-08
1774381,Worms,LIME,0.8906587362289429,0.8153404992614582,4.834943434265661e-06,0.75307703,9.408067e-05,1.5966223e-06,1.7785186e-06,1.9408558e-06,1.9408542e-06,1.9562224e-06,7.7430025e-07,7.461444e-07,5.2530385e-07,2.3140787e-08,4.1259588e-07,1.2692819e-06,1.6384561e-06,1.4443457e-06,1.4053006e-06,1.405405e-06,2.837075e-06,2.8372663e-06,2.978998e-05
1774381,Worms,TreeSHAP,0.8906587362289429,0.8853032828593996,0.00015527063932477497,0.053192623,0.0003508348,5.829343e-06,1.4157738e-06,1.4157434e-06,1.4380158e-06,2.5430307e-07,2.3670522e-07,2.342125e-07,2.518371e-07,1.9217408e-08,8.316428e-07,4.9864816e-06,1.5522692e-05,1.4762248e-05,1.6001988e-05,5.370407e-05,0.0002953486,0.00042250764,0.00055924687
1774381,Worms,Random,0.8906587362289429,0.13959382167086004,3.696397883078701e-08,0.87054676,0.87054676,0.8708352,0.8708352,0.7699901,0.83782226,0.88685,0.82205397,0.7030245,0.008144439,1.4632052e-08,1.0493062e-08,1.048302e-08,1.048302e-08,1.0483019e-08,2.3456511e-08,4.439046e-08,4.5354014e-08,4.804436e-08,1.1140339e-07
1949772,Worms,LIME,0.9075846672058105,0.8276143983435759,3.464595214481261e-05,0.7995723,0.00011365923,3.4949176e-06,3.0263864e-06,2.3962195e-06,2.377122e-06,2.4524654e-06,1.0187929e-06,1.0389933e-06,9.355025e-07,2.1143125e-08,3.770113e-07,3.014759e-06,3.1341121e-06,4.6817063e-06,5.69438e-06,5.734413e-06,7.5138065e-05,8.915558e-05,0.00012749016
1949772,Worms,TreeSHAP,0.9075846672058105,0.8148651104107302,0.00015359493352103872,0.9254991,0.0016130372,4.9678e-05,2.4187833e-05,4.614955e-06,1.8065255e-06,1.7125953e-06,3.680826e-07,5.40576e-07,5.405753e-07,1.4873335e-08,2.558208e-07,2.0457956e-06,3.1598524e-06,1.2716464e-05,4.6739133e-05,0.00010988894,0.00040683613,0.00028339057,0.00052895653
1949772,Worms,Random,0.9075846672058105,0.6061179374344647,1.8695420161897312e-07,0.9006919,0.8892578,0.8892578,0.13010027,0.042317845,0.046484996,0.0626297,0.027971353,0.0158517,0.010103934,1.8882552e-08,1.888255e-08,1.888255e-08,1.5376757e-07,1.8192283e-07,1.7473738e-07,1.7457015e-07,2.466118e-07,3.5425512e-07,3.5425518e-07
1127556,Worms,LIME,0.6869587898254395,0.6867744312555175,0.00022424990799824751,0.001817212,1.3827443e-05,8.239375e-06,7.1711764e-07,7.76489e-07,5.5429854e-07,7.857022e-07,6.956688e-07,5.6261797e-07,2.1501265e-07,2.658779e-07,4.1259588e-07,3.9197008e-07,1.238213e-06,4.8494576e-06,5.274723e-05,8.103613e-05,0.00027881018,0.00033114164,0.00078961113
1127556,Worms,TreeSHAP,0.6869587898254395,0.6867035128372578,0.0001455965151121155,0.001817212,0.00059050723,0.00013265226,1.041847e-05,7.9550074e-07,3.3260332e-07,3.4128433e-07,1.9441796e-07,1.5980629e-07,1.5633103e-07,2.658779e-07,2.738336e-07,5.2664245e-07,2.2479476e-06,5.8482347e-06,6.6076377e-06,9.048371e-06,6.651568e-05,8.908292e-05,0.00081977085
1127556,Worms,Random,0.6869587898254395,0.44213848784565923,5.230254238593581e-08,0.73006684,0.67509186,0.5559194,0.0877012,0.06615819,0.06615819,0.06660409,0.06697764,0.0667628,0.0667628,1.926246e-08,2.5077211e-08,2.4043306e-08,4.2165958e-08,4.6088957e-08,4.6088957e-08,3.9142513e-08,3.9142513e-08,3.9142513e-08,3.9142513e-08
1724721,Worms,LIME,0.6278215646743774,0.6277124315667919,3.2338741767186514e-05,0.0010312852,1.25392235e-05,1.214296e-05,8.412383e-06,1.5976439e-05,8.764469e-06,8.1135755e-07,5.862438e-07,4.5896445e-07,3.5388345e-07,2.658779e-07,4.1259588e-07,4.1258494e-07,4.1258494e-07,5.543249e-07,5.583627e-07,1.7631834e-06,1.9384017e-05,2.7563776e-05,0.00015170229
1724721,Worms,TreeSHAP,0.6278215646743774,0.6276796729549574,0.00013296767232560638,0.0010312852,0.00035369844,2.5343545e-05,5.9778554e-06,6.389545e-07,6.8482285e-07,3.7808113e-07,2.8154963e-07,3.2835064e-07,3.0043955e-07,2.658779e-07,2.738336e-07,7.214501e-07,2.0949058e-06,5.4500592e-06,5.722925e-06,5.183508e-05,6.9392234e-05,7.79484e-05,0.00062109495
1724721,Worms,Random,0.6278215646743774,0.5551756983811629,1.4523526586735353e-07,0.62782156,0.03762192,0.031908788,0.027898168,0.0011190801,6.633432e-05,6.8976783e-06,6.9157304e-06,4.984167e-06,4.0111986e-06,1.4887583e-08,2.9180232e-08,5.9545496e-08,6.5577154e-08,1.498579e-07,1.0433437e-07,1.14151035e-07,1.1415105e-07,1.1415105e-07,1.4598248e-07
1904842,Worms,LIME,0.9714540839195251,0.9269115958542671,4.3872287717753794e-06,0.44532573,1.8358143e-05,1.831675e-05,1.713648e-05,2.0541365e-05,2.054135e-05,1.2713589e-06,9.797209e-07,1.0271312e-06,9.761198e-07,2.3140787e-08,4.1259588e-07,4.2008725e-07,4.2007835e-07,4.918459e-07,4.9089596e-07,1.4764487e-06,1.4417247e-05,8.080071e-06,1.6387501e-05
1904842,Worms,TreeSHAP,0.9714540839195251,0.9710806366180009,0.0007979869764559728,0.0034159434,0.00029615348,1.608881e-05,4.4146914e-06,4.979989e-07,4.2125916e-07,3.1302832e-07,2.3403778e-07,2.3403767e-07,1.7231812e-07,2.658779e-07,3.1580348e-07,9.3573914e-07,1.5929834e-06,7.650564e-06,0.00023428808,0.0011396537,0.0017509653,0.0017509325,0.0028654765
1904842,Worms,Random,0.9714540839195251,0.17409172058105468,1.9024315031933403e-08,0.970043,0.9157208,0.9127288,0.9127288,0.9121512,0.77684957,0.77684957,0.6029264,0.62482923,0.5687963,1.4887583e-08,1.4887577e-08,1.6083622e-08,1.6083622e-08,1.815577e-08,2.7607895e-08,1.9798412e-08,1.990276e-08,1.8702618e-08,1.8702618e-08
1377858,Worms,LIME,0.9235439896583557,0.9233975089827254,0.0031803831708767313,0.00076120964,0.00011639985,0.000111844936,0.000119907265,0.00010812818,0.00010969041,9.7902426e-05,1.4046185e-05,1.2555358e-05,1.3122505e-05,0.00012865497,0.00052065076,0.0005206533,0.000486217,0.0006049692,0.00060367526,0.0007093148,0.008314882,0.008797679,0.008685541
1377858,Worms,TreeSHAP,0.9235439896583557,0.923452234187289,0.0007376847219330515,0.00076120964,0.00010206511,9.336619e-06,6.777069e-06,7.527333e-06,5.8613145e-06,6.908918e-06,6.2090203e-06,5.633117e-06,6.026572e-06,0.00012865497,0.00013723648,0.00028107353,0.0003830374,0.0004352516,0.000361673,0.0002906187,0.00042712822,0.002546281,0.001821888
1377858,Worms,Random,0.9235439896583557,0.6622343868017196,2.665048609492218e-07,0.92574584,0.17841238,0.17841238,0.17841238,0.18602571,0.18602571,0.23418684,0.21126343,0.16417378,0.17043757,2.6559036e-07,3.1624478e-07,3.1624478e-07,2.2678817e-07,2.3267097e-07,2.3267097e-07,2.2784825e-07,2.2784825e-07,2.2784825e-07,1.875348e-07
1906418,Worms,LIME,0.8044196367263794,0.788134470836576,0.00019799115926925928,0.16226926,0.00021108314,0.00019535003,9.064896e-05,1.4682018e-05,1.5127452e-05,9.928121e-06,1.5981957e-05,1.71005e-05,1.2492259e-05,1.1802348e-06,0.00024013108,0.0002599427,0.0001617417,0.00032427325,9.3723436e-05,6.944275e-05,7.290946e-05,0.00018107278,0.00018826246
1906418,Worms,TreeSHAP,0.8044196367263794,0.7768297117964608,0.0004170792223268444,0.16226926,0.09080269,0.02278894,1.2301415e-05,2.5198833e-06,1.405345e-06,3.609866e-06,7.539921e-06,7.6045603e-06,3.3719741e-06,1.1802348e-06,7.3922797e-07,3.25678e-06,0.00029656838,0.00040452668,0.00026372282,0.0005342622,0.0006396057,0.00064129924,0.00056990597
1906418,Worms,Random,0.8044196367263794,0.3832217957125977,8.168817776144713e-06,0.8444938,0.88167393,0.88167393,0.77931577,0.7636866,0.02006264,0.021327041,0.015487344,0.0022183547,0.0020389925,1.03253385e-07,7.231177e-08,7.231177e-08,6.860969e-08,7.642202e-08,1.0166223e-05,7.33882e-06,1.1602053e-05,1.1105332e-05,2.5106234e-05
1313152,Worms,LIME,0.9838738441467285,0.9831245328185844,6.605714253592518e-05,0.007281116,4.236532e-05,4.3720047e-05,4.061204e-05,4.0612034e-05,4.0612005e-05,1.5635369e-06,1.0932519e-06,8.3505347e-07,5.837829e-07,2.658779e-07,4.1259588e-07,4.1258494e-07,6.548694e-07,5.543249e-07,5.5324983e-07,1.7012542e-06,1.8694045e-05,0.00012355305,0.0005031171
1313152,Worms,TreeSHAP,0.9838738441467285,0.9830875422453659,0.0006304428206995672,0.007281116,0.0005386133,3.2692118e-05,8.269025e-06,6.818242e-07,4.7089736e-07,3.958311e-07,2.8393177e-07,2.528737e-07,2.4300462e-07,2.658779e-07,3.1580348e-07,9.3573914e-07,1.4401386e-06,6.3709667e-06,2.8924758e-05,0.0009402778,0.0014454537,0.0015674286,0.0022113484
1313152,Worms,Random,0.9838738441467285,0.4022789808114794,3.2844259887550897e-07,0.9835032,0.96337366,0.9600518,0.8959641,0.89386374,0.8970597,0.2221005,1.700709e-05,7.938436e-06,7.0303777e-06,1.4576509e-08,2.3760542e-08,2.3760542e-08,3.520157e-08,3.5201563e-08,3.51369e-08,5.6285536e-08,8.784441e-07,9.910021e-07,1.1380914e-06
1410778,Worms,LIME,0.8249039053916931,0.7986582857798936,5.902932033111564e-05,0.26241747,2.2561326e-05,1.2449194e-05,7.134456e-07,5.121376e-07,5.270781e-07,5.6253543e-07,4.9790975e-07,4.7358088e-07,4.3346208e-07,2.3140787e-08,4.1259588e-07,3.9197008e-07,1.238213e-06,1.188586e-05,5.274723e-05,4.968497e-05,0.00012786474,0.00012661767,0.000116068775
1410778,Worms,TreeSHAP,0.8249039053916931,0.8244367685718899,0.0008911714401233028,0.003516357,0.00096406095,0.00017753497,1.15622015e-05,8.4838575e-07,3.6653256e-07,1.9281602e-07,1.6656921e-07,1.4427332e-07,1.3457714e-07,2.658779e-07,2.738336e-07,5.2664245e-07,2.2479476e-06,5.8482347e-06,6.6076377e-06,7.393917e-05,0.0005260633,0.00072669785,0.0060088374
1410778,Worms,Random,0.8249039053916931,0.8243997603834486,2.418012633298596e-06,0.003516357,0.00044816267,0.00048094377,0.00048094377,0.00010274147,2.65759e-06,2.65759e-06,2.65759e-06,2.1866465e-06,2.1420694e-06,2.658779e-07,5.031752e-07,3.5242581e-07,3.5242581e-07,1.3901016e-06,1.9304348e-06,1.9304348e-06,1.6531388e-06,5.9082286e-06,5.660037e-06
1041957,Worms,LIME,0.5676918625831604,0.5675643184833546,1.4451531653947476e-05,0.0012450716,1.7310253e-05,9.880552e-06,6.38186e-07,5.3769264e-07,3.8850771e-07,3.747482e-07,4.0878965e-07,4.0878965e-07,4.2183362e-07,2.658779e-07,4.1259588e-07,3.9197008e-07,1.238213e-06,1.6134959e-06,1.5544385e-05,1.5540745e-05,1.5570286e-05,1.5570286e-05,1.5892312e-05
1041957,Worms,TreeSHAP,0.5676918625831604,0.5667378604176321,0.0002104793606919766,0.009350381,0.00011083873,7.062034e-05,6.1882984e-06,5.874751e-07,3.724914e-07,3.248952e-07,3.115254e-07,2.0796212e-07,1.890751e-07,2.5741937e-08,3.8470628e-07,4.7321154e-07,2.135983e-06,5.4016036e-06,2.7485006e-05,4.1581723e-05,0.00031854954,0.00039953258,0.00039930406
1041957,Worms,Random,0.5676918625831604,0.49931876933333114,8.643417557866926e-08,0.41045392,0.033514395,0.04735294,0.036332835,0.027976071,0.01143164,0.042903237,0.042903237,0.03080106,6.1601946e-05,1.828377e-08,1.9237543e-08,2.4890705e-08,2.4890692e-08,2.5540517e-08,3.3081754e-08,3.1776985e-08,3.1776985e-08,3.229007e-08,2.4891077e-07
1259108,Worms,LIME,0.6869587898254395,0.6867728528698563,1.9706381684710517e-05,0.001817212,1.3827443e-05,8.239375e-06,6.730589e-06,6.845653e-06,5.1267502e-06,4.6459797e-07,2.8431174e-07,2.8431188e-07,3.545495e-07,2.658779e-07,4.1259588e-07,3.9197008e-07,3.821095e-06,3.725212e-06,4.249992e-06,1.5583284e-05,3.3918677e-05,3.4367855e-05,3.8638165e-05
1259108,Worms,TreeSHAP,0.6869587898254395,0.6867035128372578,0.0001455965151121155,0.001817212,0.00059050723,0.00013265226,1.041847e-05,7.9550074e-07,3.3260332e-07,3.4128433e-07,1.9441796e-07,1.5980629e-07,1.5633103e-07,2.658779e-07,2.738336e-07,5.2664245e-07,2.2479476e-06,5.8482347e-06,6.6076377e-06,9.048371e-06,6.651568e-05,8.908292e-05,0.00081977085
1259108,Worms,Random,0.6869587898254395,0.6727991267795005,2.11315884482509e-05,0.13827778,0.00081747177,0.00081747177,0.0006827332,0.0005773812,0.00014580612,0.00014187618,4.5368757e-05,4.5368757e-05,4.5368757e-05,1.6399657e-08,3.1257852e-07,2.2419033e-07,2.241917e-07,2.2451073e-07,8.2358525e-07,8.236033e-07,4.750542e-05,4.750542e-05,4.750542e-05
1430270,Worms,LIME,0.6010849475860596,0.5845458568119455,3.9644530783048795e-05,0.16534974,2.2798187e-05,1.2915803e-05,9.800683e-07,9.96789e-07,9.96789e-07,7.155304e-07,6.06224e-07,6.302229e-07,5.313171e-07,2.3140787e-08,4.1259588e-07,3.9197008e-07,1.238213e-06,1.1341526e-06,1.1643532e-06,1.1641272e-05,9.616732e-06,4.7210062e-05,0.00016546481
1430270,Worms,TreeSHAP,0.6010849475860596,0.6008018286987934,0.0010482833775156844,0.002068771,0.0006033001,0.00014738359,9.867218e-06,8.621378e-07,3.6653256e-07,1.9281602e-07,1.6656921e-07,1.4427332e-07,1.3457714e-07,2.658779e-07,2.738336e-07,8.138982e-07,3.9031434e-06,1.0262005e-05,1.4671936e-05,6.953749e-05,0.00043217558,0.00059946894,0.005169701
1430270,Worms,Random,0.6010849475860596,0.39846256233622623,8.519732099251421e-06,0.63247,0.5174478,0.55955416,0.13483962,0.15507336,0.013112672,0.013668159,2.5709156e-05,2.2494953e-05,9.833319e-06,1.4873335e-08,1.4515638e-08,1.2795402e-08,1.32984646e-08,2.4566695e-08,4.125808e-08,4.125808e-08,1.2766559e-06,1.4954746e-06,4.827613e-05
1853130,Worms,LIME,0.7379346489906311,0.7196789622657718,4.556843803976059e-05,0.18252066,1.5556376e-05,9.267742e-06,7.5212533e-06,5.5336864e-07,5.938919e-07,6.040229e-07,5.767461e-07,7.6803514e-07,7.6803514e-07,2.3140787e-08,4.1259588e-07,3.9197008e-07,3.821095e-06,1.188586e-05,5.274723e-05,4.9697723e-05,5.806125e-05,7.961222e-05,7.961222e-05
1853130,Worms,TreeSHAP,0.7379346489906311,0.7376295610306116,0.0006705470353644755,0.0023145233,0.00068448024,3.8460676e-05,1.15622015e-05,8.4838575e-07,3.6653256e-07,1.9281602e-07,1.6656921e-07,1.4427332e-07,1.3457714e-07,2.658779e-07,2.738336e-07,7.214501e-07,2.0949058e-06,5.4500592e-06,5.722925e-06,6.539556e-05,0.00040611133,0.0005610136,0.0039011494
1853130,Worms,Random,0.7379346489906311,0.630634374821966,5.071404262881871e-07,0.16098072,0.25366762,0.25210482,0.19399482,0.19399482,0.010290752,0.003404589,0.0041523026,0.00018014568,0.0002321541,1.6399657e-08,4.231637e-08,3.8627366e-08,3.9936452e-08,3.9936452e-08,6.8238194e-08,2.8016643e-07,4.5979232e-07,1.5248824e-06,1.2320695e-06
996702,Worms,LIME,0.7471552491188049,0.7469126076388093,3.371326308675091e-05,0.002392463,2.0916325e-05,1.0256584e-05,6.483671e-07,6.0823635e-07,4.366137e-07,3.6484906e-07,3.0162744e-07,2.0561497e-07,2.1366276e-07,2.658779e-07,4.1259588e-07,3.9197008e-07,1.238213e-06,1.238195e-06,1.1884524e-05,1.5540745e-05,7.2852985e-05,6.911037e-05,7.895493e-05
996702,Worms,TreeSHAP,0.7471552491188049,0.7460694575586316,0.0006628251391732551,0.010619649,0.00014809961,8.1788545e-05,6.6261423e-06,5.608424e-07,2.9529357e-07,2.604511e-07,2.255898e-07,2.0484096e-07,2.0555028e-07,2.5905807e-08,3.8715427e-07,4.8445e-07,2.2356478e-06,5.6535246e-06,3.4326316e-05,0.00017494343,0.0002343111,0.0018918908,0.0026080748
996702,Worms,Random,0.7471552491188049,0.6174007665598765,1.5740101500577425e-05,0.3973424,0.23937431,0.23937431,0.25675184,0.086900644,0.07750858,8.440373e-05,6.149036e-05,6.149036e-05,8.53449e-05,1.8037042e-08,1.7788862e-08,1.2756902e-08,2.4528273e-08,6.447668e-08,7.5980196e-08,4.8107562e-05,2.0395448e-05,2.0395448e-05,2.8490967e-05
1638436,Worms,LIME,0.8906587362289429,0.8903313453014163,5.086442879096612e-05,0.0031726784,9.408067e-05,1.5966223e-06,1.7785186e-06,1.7926018e-06,9.3372466e-07,2.5631536e-07,2.7081938e-07,3.4290298e-07,1.7869169e-07,2.658779e-07,4.1259588e-07,1.2692819e-06,1.6384561e-06,1.6384485e-06,1.3177988e-05,5.6467994e-05,7.010407e-05,0.0001113236,0.00019673015
1638436,Worms,TreeSHAP,0.8906587362289429,0.8853032828593996,0.00015527063932477497,0.053192623,0.0003508348,5.829343e-06,1.4157738e-06,1.4157434e-06,1.4380158e-06,2.5430307e-07,2.3670522e-07,2.342125e-07,2.518371e-07,1.9217408e-08,8.316428e-07,4.9864816e-06,1.5522692e-05,1.4762248e-05,1.6001988e-05,5.370407e-05,0.0002953486,0.00042250764,0.00055924687
1638436,Worms,Random,0.8906587362289429,0.26359840724690003,5.652323548246346e-07,0.8906128,0.8704672,0.92493397,0.92493397,0.93917185,0.8596374,0.8596374,0.000918331,0.00022709813,6.334377e-05,1.4887583e-08,1.4632052e-08,1.318426e-08,1.318426e-08,1.7491237e-08,1.8314653e-08,1.8314653e-08,4.1814673e-07,4.870286e-07,4.019107e-06
1189420,Worms,LIME,0.8249039053916931,0.8245484168101654,3.356920561653407e-05,0.003516357,2.2561326e-05,1.2449194e-05,7.134456e-07,6.850084e-07,4.917242e-07,4.1631577e-07,4.6274184e-07,5.029983e-07,2.4613456e-07,2.658779e-07,4.1259588e-07,3.9197008e-07,1.238213e-06,1.238195e-06,1.1884524e-05,1.5540745e-05,1.7934926e-05,0.00010687047,0.00012113616
1189420,Worms,TreeSHAP,0.8249039053916931,0.8244367685718899,0.0008911714401233028,0.003516357,0.00096406095,0.00017753497,1.15622015e-05,8.4838575e-07,3.6653256e-07,1.9281602e-07,1.6656921e-07,1.4427332e-07,1.3457714e-07,2.658779e-07,2.738336e-07,5.2664245e-07,2.2479476e-06,5.8482347e-06,6.6076377e-06,7.393917e-05,0.0005260633,0.00072669785,0.0060088374
1189420,Worms,Random,0.8249039053916931,0.04516344666481018,5.586471747569367e-08,0.76390755,0.79795706,0.8574473,0.8537715,0.8075959,0.820871,0.7633628,0.7464277,0.74240637,0.6436573,1.4529542e-08,1.8799172e-08,4.1589217e-08,4.1589214e-08,4.715208e-08,4.7152074e-08,6.169906e-08,6.169896e-08,5.6378614e-08,7.0242265e-08
1780608,Worms,LIME,0.6529842019081116,0.6528269333446047,2.664534905283515e-05,0.001543321,1.7090908e-05,9.462844e-06,6.343483e-07,4.5834494e-07,3.843105e-07,3.7070004e-07,4.043734e-07,2.995066e-07,2.593511e-07,2.658779e-07,4.1259588e-07,3.9197008e-07,1.238213e-06,1.188586e-05,1.5544385e-05,1.5540745e-05,1.5570286e-05,1.37375455e-05,9.940243e-05
1780608,Worms,TreeSHAP,0.6529842019081116,0.652030213403728,0.0003077757510546649,0.009350381,0.00011083873,7.062034e-05,6.1882984e-06,5.874751e-07,3.724914e-07,3.248952e-07,1.9800653e-07,2.0796212e-07,1.6598253e-07,2.5905807e-08,3.8715427e-07,4.8445e-07,2.2356478e-06,5.6535246e-06,2.7961518e-05,4.0912393e-05,5.169796e-05,0.00042218287,0.0014581855
1780608,Worms,Random,0.6529842019081116,0.6450810381793417,5.6223364298649103e-08,0.03635544,0.030523147,0.0022919704,0.0022999216,0.0022999216,0.0018978284,0.0018974976,0.0004886369,0.0004886369,0.0004886369,2.9180232e-08,2.8734082e-08,3.1804873e-08,3.1140317e-08,2.233161e-08,2.1773937e-08,2.1773936e-08,6.013023e-08,6.013023e-08,6.013023e-08
1250248,Worms,LIME,0.6584705114364624,0.6583992727932468,1.1024335324781463e-05,0.00062312157,1.4316502e-05,1.421414e-05,1.5901052e-05,2.0964762e-05,2.0383295e-05,1.0987529e-06,7.856502e-07,8.8006897e-07,7.2064216e-07,2.658779e-07,4.1259588e-07,4.1259588e-07,4.1258494e-07,5.543249e-07,5.5324983e-07,1.7012542e-06,1.8694045e-05,1.9957806e-05,2.9627663e-05
1250248,Worms,TreeSHAP,0.6584705114364624,0.6583973777955577,0.001148227717444042,0.00062312157,9.220971e-05,1.3891164e-05,8.330213e-07,3.536289e-07,2.8156228e-07,1.7890524e-07,1.5947067e-07,1.5947067e-07,1.4790997e-07,2.658779e-07,3.1580348e-07,9.3573914e-07,3.0375957e-06,8.139231e-06,0.00026672258,0.001297314,0.0015794497,0.0015794602,0.0028251002
1250248,Worms,Random,0.6584705114364624,0.6582173102810884,3.135154822076057e-06,0.00062312157,0.00030299305,0.0003144418,0.00023107236,0.0002164819,0.00021733678,0.00020358586,0.00032048344,8.928693e-05,1.3207858e-05,2.658779e-07,5.084137e-07,4.9463046e-07,6.160393e-07,6.1608074e-07,5.8915447e-07,8.3205e-07,1.1594138e-06,7.112774e-06,8.449638e-06
42842,Worms,LIME,0.5425958037376404,0.5346597972675908,2.27895179087932e-06,0.079281576,1.1286571e-05,1.3029951e-05,1.3527611e-05,1.7238426e-05,1.9219036e-05,1.098755e-06,1.0041621e-06,1.0421047e-06,1.0421047e-06,2.3140787e-08,4.1259588e-07,4.1258494e-07,4.1258494e-07,5.543249e-07,5.397861e-07,1.658515e-06,2.8101488e-06,2.7346316e-06,2.8071838e-06
42842,Worms,TreeSHAP,0.5425958037376404,0.5425568711571558,0.0013076478971596618,0.0003143104,6.191924e-05,1.0951304e-05,7.260951e-07,4.0347533e-07,2.386593e-07,2.1595804e-07,1.9151905e-07,1.9151905e-07,1.7763496e-07,2.658779e-07,3.1580348e-07,9.3573914e-07,3.0375957e-06,7.874752e-06,3.767675e-05,0.0012552037,0.0015281949,0.001528205,0.0027335326
42842,Worms,Random,0.5425958037376404,0.35647512698196804,8.548309027249865e-08,0.5425958,0.5425958,0.6366031,0.03456665,0.037857417,0.03218669,0.030191854,0.0022219762,0.0021049595,0.0002824978,1.06763105e-08,1.06763105e-08,1.1471258e-08,2.2484105e-08,2.2628232e-08,2.1107727e-08,3.3362973e-08,8.4906084e-08,9.349794e-08,1.5301671e-07
1556064,Worms,LIME,0.7936592102050781,0.7678986938956882,2.807569770332422e-06,0.25745463,2.3594937e-05,2.5477233e-05,2.9893912e-05,3.3051056e-05,3.2106007e-05,1.5194984e-06,1.7056504e-06,1.8564257e-06,1.3246614e-06,2.3140787e-08,4.1259588e-07,4.1258832e-07,4.2007835e-07,4.918459e-07,4.789789e-07,1.4396617e-06,1.5879986e-06,1.587425e-06,1.5428222e-05
1556064,Worms,TreeSHAP,0.7936592102050781,0.7935528830940441,0.0010219657821564697,0.00088222994,0.00015447446,1.7798067e-05,6.8749373e-06,4.584756e-07,3.8620774e-07,2.9732428e-07,2.7577005e-07,2.7577005e-07,2.0015649e-07,2.658779e-07,3.1580348e-07,9.3573914e-07,1.5928381e-06,7.650228e-06,0.00025072633,0.0012196902,0.0021824145,0.0021826355,0.0022646987
1556064,Worms,Random,0.7936592102050781,0.6902541406881937,8.412748058816324e-08,0.8092608,0.21797104,0.0031985133,0.0030047847,0.00028368863,7.48867e-05,6.7606765e-05,6.707869e-05,6.707869e-05,5.5230325e-05,1.5500342e-08,1.896582e-08,3.5955665e-08,3.3539628e-08,7.697796e-08,8.5836966e-08,8.848271e-08,8.848271e-08,8.848271e-08,1.3546098e-07
1649686,Worms,LIME,0.7471552491188049,0.7469126101715744,0.00029206284291601,0.002392463,2.0916325e-05,1.0256584e-05,6.483671e-07,4.6542067e-07,3.9410656e-07,3.50861e-07,3.2422426e-07,2.7126038e-07,2.9940375e-07,2.658779e-07,4.1259588e-07,3.9197008e-07,1.238213e-06,1.188586e-05,3.3332206e-05,6.523388e-05,0.0005317008,0.0007015716,0.0008361298
1649686,Worms,TreeSHAP,0.7471552491188049,0.7460694575586316,0.0006628251391732551,0.010619649,0.00014809961,8.1788545e-05,6.6261423e-06,5.608424e-07,2.9529357e-07,2.604511e-07,2.255898e-07,2.0484096e-07,2.0555028e-07,2.5905807e-08,3.8715427e-07,4.8445e-07,2.2356478e-06,5.6535246e-06,3.4326316e-05,0.00017494343,0.0002343111,0.0018918908,0.0026080748
1649686,Worms,Random,0.7471552491188049,0.27127433912828564,2.9360137103932634e-08,0.7862328,0.77387834,0.72938854,0.72938854,0.66018486,0.6865182,0.18068893,0.18096493,0.019220795,0.012343152,1.3021418e-08,1.3021416e-08,1.8127162e-08,1.8127162e-08,1.668975e-08,1.9452386e-08,2.139485e-08,2.0947848e-08,3.6326163e-08,4.2257646e-08
1059089,Worms,LIME,0.7471552491188049,0.7469126005282873,1.5051195905483994e-05,0.002392463,2.0916325e-05,1.0256584e-05,6.483671e-07,5.405898e-07,3.8805535e-07,3.6403722e-07,3.0633376e-07,3.013467e-07,3.013467e-07,2.658779e-07,4.1259588e-07,3.9197008e-07,1.238213e-06,1.8814497e-06,1.7673025e-05,1.7664874e-05,2.3125775e-05,2.4901012e-05,2.4901012e-05
1059089,Worms,TreeSHAP,0.7471552491188049,0.7460694575586316,0.0006628251391732551,0.010619649,0.00014809961,8.1788545e-05,6.6261423e-06,5.608424e-07,2.9529357e-07,2.604511e-07,2.255898e-07,2.0484096e-07,2.0555028e-07,2.5905807e-08,3.8715427e-07,4.8445e-07,2.2356478e-06,5.6535246e-06,3.4326316e-05,0.00017494343,0.0002343111,0.0018918908,0.0026080748
1059089,Worms,Random,0.7471552491188049,0.3216248581171385,1.3163997310935584e-06,0.6026535,0.69683725,0.6856878,0.5515899,0.55861014,0.57925445,0.58022773,0.00017163735,0.00012668046,0.00014483342,1.828377e-08,4.4991218e-08,4.4991218e-08,5.7046716e-08,5.5854734e-08,5.5854734e-08,5.5854727e-08,3.2922026e-06,3.2929463e-06,2.9175233e-06
1418648,Worms,LIME,0.682178258895874,0.6613982228544643,8.11679310331006e-05,0.20776317,2.2585687e-05,1.2486302e-05,6.3490705e-07,4.5575976e-07,3.0513309e-07,2.6725687e-07,1.7596757e-07,1.4606749e-07,1.3809749e-07,2.3140787e-08,4.1259588e-07,3.9197008e-07,1.238213e-06,1.188586e-05,1.5544385e-05,4.022789e-05,0.00017043058,0.00015663114,0.00015692419
1418648,Worms,TreeSHAP,0.682178258895874,0.6817905324750854,0.000654466901054163,0.0037816803,8.38964e-05,6.2828685e-06,4.1027856e-06,4.4732744e-07,2.2606918e-07,1.8308995e-07,1.6656921e-07,1.4427332e-07,1.3457714e-07,2.4076046e-08,3.542956e-07,1.3066732e-06,1.6036973e-06,4.0888003e-06,2.5982234e-05,0.000100324905,0.0001802601,0.0002980489,0.0038526375
1418648,Worms,Random,0.682178258895874,0.4856856820173562,2.5982033549557992e-08,0.6176345,0.6474613,0.23653452,0.19193555,0.19193555,0.024943558,0.024926754,0.009976093,0.010748587,0.008829378,1.5677555e-08,1.5231072e-08,1.6025597e-08,1.4749851e-08,1.4749851e-08,1.9789239e-08,1.9789239e-08,2.0984771e-08,2.0984768e-08,1.9261812e-08
1852439,Worms,LIME,0.8583529591560364,0.8382120193389,6.964799635072106e-05,0.20138717,9.357729e-06,9.357722e-06,6.7849584e-07,5.0100226e-07,5.295119e-07,4.6511028e-07,4.7447418e-07,5.7848564e-07,2.8866333e-07,2.3140787e-08,4.1259588e-07,4.1180647e-07,1.2668024e-06,1.2154928e-05,1.1720705e-05,9.827761e-06,3.555098e-05,0.00011566236,0.00041079454
1852439,Worms,TreeSHAP,0.8583529591560364,0.8582452565315009,3.361216781421863e-05,0.00096014753,0.00010465235,7.752796e-06,2.4164294e-06,3.630931e-07,4.909174e-07,3.6688505e-07,2.6153572e-07,3.0137744e-07,2.7333274e-07,2.658779e-07,3.1580348e-07,9.3573914e-07,1.4402508e-06,6.625334e-06,1.39770655e-05,4.1890507e-05,6.6561566e-05,7.2274546e-05,8.422433e-05
1852439,Worms,Random,0.8583529591560364,0.6150188032905362,1.8863764735703933e-07,0.84427905,0.84347206,0.19808169,0.15925618,0.13197796,0.13197796,0.06308988,0.061199885,4.1811977e-06,2.7176723e-06,1.5981826e-08,1.5981826e-08,2.4567681e-08,2.3260219e-08,2.341446e-08,2.341446e-08,2.8863848e-08,2.8863834e-08,4.995878e-07,9.3524085e-07
1388846,Worms,LIME,0.8249039053916931,0.7986583410438655,1.9774045589146428e-05,0.26241747,2.2561326e-05,1.2449194e-05,7.134456e-07,6.040343e-07,4.3359873e-07,4.3359873e-07,4.729904e-07,2.7640564e-07,2.3343632e-07,2.3140787e-08,4.1259588e-07,3.9197008e-07,1.238213e-06,1.6134959e-06,1.5544385e-05,1.5544385e-05,1.5583284e-05,4.6603862e-05,6.616154e-05
1388846,Worms,TreeSHAP,0.8249039053916931,0.8244367685718899,0.0008911714401233028,0.003516357,0.00096406095,0.00017753497,1.15622015e-05,8.4838575e-07,3.6653256e-07,1.9281602e-07,1.6656921e-07,1.4427332e-07,1.3457714e-07,2.658779e-07,2.738336e-07,5.2664245e-07,2.2479476e-06,5.8482347e-06,6.6076377e-06,7.393917e-05,0.0005260633,0.00072669785,0.0060088374
1388846,Worms,Random,0.8249039053916931,0.6669208256527781,8.997923819167721e-08,0.67595667,0.74783057,0.11084264,0.009424772,0.009424772,0.008559792,0.0059523317,0.0039464184,0.0039464184,0.0039464184,1.4887583e-08,3.6634148e-08,3.8545156e-08,8.446147e-08,8.446147e-08,8.4461455e-08,9.969793e-08,9.969768e-08,9.969768e-08,9.969768e-08
65670,Worms,LIME,0.6235224604606628,0.6233711156955678,7.576453927588169e-06,0.0014758648,2.110605e-05,1.27552685e-05,7.72817e-07,6.3832834e-07,6.089901e-07,4.88858e-07,5.243239e-07,3.8701225e-07,3.0121382e-07,2.658779e-07,4.1259588e-07,3.9197008e-07,1.238213e-06,1.6134959e-06,1.6134552e-06,7.853308e-06,6.0753155e-06,1.013976e-05,1.7636901e-05
65670,Worms,TreeSHAP,0.6235224604606628,0.6225684853537501,0.00026758992910708287,0.009350381,0.00011083873,7.062034e-05,6.1882984e-06,5.874751e-07,3.724914e-07,2.2701381e-07,1.9800653e-07,1.718688e-07,1.6598253e-07,2.573634e-08,3.846227e-07,4.8041693e-07,2.1227165e-06,5.425662e-06,2.812854e-05,3.5526667e-05,5.4857315e-05,0.0001837473,0.0013577843
65670,Worms,Random,0.6235224604606628,0.21126023446704495,4.204118876671588e-05,0.56627846,0.56627846,0.56627846,0.5274715,0.5490963,0.5296829,0.43184882,0.34460276,0.041011807,7.284903e-05,1.9381726e-08,1.9381726e-08,1.9381726e-08,1.7425775e-08,1.7425775e-08,4.1762785e-08,4.1762693e-08,5.3454333e-08,6.118716e-08,0.0002618451
